[
    {
        "start_node": "COF",
        "relationship": "improve",
        "end_node": "photocatalytic performance"
    },
    {
        "start_node": "COFs",
        "relationship": "used for",
        "end_node": "organic pollutant degradation"
    },
    {
        "start_node": "COFs",
        "relationship": "characteristics",
        "end_node": "large surface area"
    },
    {
        "start_node": "COFs",
        "relationship": "features",
        "end_node": "thermal stability"
    },
    {
        "start_node": "COFs",
        "relationship": "features",
        "end_node": "solvent stability"
    },
    {
        "start_node": "design strategies",
        "relationship": "aim at",
        "end_node": "enhanced photocatalytic activity"
    },
    {
        "start_node": "ligands",
        "relationship": "impact on",
        "end_node": "COF photocatalysis"
    },
    {
        "start_node": "structures",
        "relationship": "influence on",
        "end_node": "COF photocatalysis"
    },
    {
        "start_node": "COF composites",
        "relationship": "include",
        "end_node": "COF/MOF"
    },
    {
        "start_node": "COF composites",
        "relationship": "include",
        "end_node": "COF/g-C3N4"
    },
    {
        "start_node": "COF composites",
        "relationship": "include",
        "end_node": "COF/metal semiconductor"
    },
    {
        "start_node": "photocatalytic mechanism",
        "relationship": "discussed in",
        "end_node": "review"
    },
    {
        "start_node": "COFs",
        "relationship": "prospect for",
        "end_node": "photocatalytic degradation"
    }
]