[
    {
        "start_node": "COF",
        "relationship": "application_in",
        "end_node": "chemical_sensors"
    },
    {
        "start_node": "COFs",
        "relationship": "property",
        "end_node": "crystalline_porous_polymer"
    },
    {
        "start_node": "COFs",
        "relationship": "element_composition",
        "end_node": "light_elements"
    },
    {
        "start_node": "COFs",
        "relationship": "bond_type",
        "end_node": "strong_covalent_bonds"
    },
    {
        "start_node": "COFs",
        "relationship": "potential",
        "end_node": "gas_storage_pollutant_removal_catalysis_adsorption_optoelectronics"
    },
    {
        "start_node": "COF-based_sensors",
        "relationship": "discussed_in",
        "end_node": "review"
    },
    {
        "start_node": "COF-based_sensors",
        "relationship": "principles",
        "end_node": "fundamental_principles"
    },
    {
        "start_node": "COF-based_sensors",
        "relationship": "application_areas",
        "end_node": "gas_ions_organic_compounds_biomolecules"
    },
    {
        "start_node": "COFs",
        "relationship": "advantage",
        "end_node": "high_surface_area_polygonal_porosity"
    },
    {
        "start_node": "COFs",
        "relationship": "advantage",
        "end_node": "predictable_stable_structure"
    },
    {
        "start_node": "COFs",
        "relationship": "advantage",
        "end_node": "precise_chemical_control"
    },
    {
        "start_node": "COF-based_sensors",
        "relationship": "future_trends",
        "end_node": "challenges_prospects"
    }
]