[
    {
        "start_node": "COF",
        "relationship": "contain",
        "end_node": "photoresponsive COF"
    },
    {
        "start_node": "photoresponsive COF",
        "relationship": "property",
        "end_node": "order-columnar structure"
    },
    {
        "start_node": "COF",
        "relationship": "structural_transformation",
        "end_node": "concavo-convex polygon skeleton"
    },
    {
        "start_node": "photoresponsive COF",
        "relationship": "triggered_by",
        "end_node": "photoirradiation"
    },
    {
        "start_node": "anthracene units",
        "relationship": "component_of",
        "end_node": "photoresponsive COF"
    },
    {
        "start_node": "cycloaddition",
        "relationship": "involved_in",
        "end_node": "photo-induced transformation"
    },
    {
        "start_node": "thermally reversible",
        "relationship": "property",
        "end_node": "heating reaction"
    },
    {
        "start_node": "COF",
        "relationship": "property_change",
        "end_node": "gas adsorption"
    },
    {
        "start_node": "COF",
        "relationship": "property_change",
        "end_node": "-electronic function"
    },
    {
        "start_node": "COF",
        "relationship": "property_change",
        "end_node": "luminescence"
    },
    {
        "start_node": "COFs",
        "relationship": "application",
        "end_node": "smart porous materials"
    }
]