[
    {
        "start_node": "COF",
        "relationship": "study",
        "end_node": "KOH6-PR"
    },
    {
        "start_node": "KOH6-PR",
        "relationship": "improves",
        "end_node": "CO2 adsorption"
    },
    {
        "start_node": "KOH6-PR",
        "relationship": "activated_by",
        "end_node": "potassium hydroxide (KOH)"
    },
    {
        "start_node": "KOH6-PR",
        "relationship": "adsorption_tested_at",
        "end_node": "20-70 degrees C"
    },
    {
        "start_node": "KOH6-PR",
        "relationship": "pressure_range",
        "end_node": "up to 7 MPa"
    },
    {
        "start_node": "KOH6-PR",
        "relationship": "excess_adsorption",
        "end_node": "1.69 g g⁻¹"
    },
    {
        "start_node": "KOH6-PR",
        "relationship": "adsorption_model",
        "end_node": "modified Dubinin-Astakhov (D-A) model"
    },
    {
        "start_node": "KOH6-PR",
        "relationship": "adsorption_capacity",
        "end_node": "2.36 cm³ g⁻¹"
    },
    {
        "start_node": "KOH6-PR",
        "relationship": "enhances",
        "end_node": "Maxsorb III (50%+)"
    },
    {
        "start_node": "KOH6-PR",
        "relationship": "application",
        "end_node": "adsorption heat pumps, gas storage"
    },
    {
        "start_node": "KOH6-PR",
        "relationship": "cooling_performance",
        "end_node": "predicted"
    }
]