[
    {
        "start_node": "COF",
        "relationship": "contain",
        "end_node": "graphite carbon nitride"
    },
    {
        "start_node": "graphite carbon nitride",
        "relationship": "heterojunction",
        "end_node": "Co3O4 2D-1D Z-scheme"
    },
    {
        "start_node": "Co3O4",
        "relationship": "component",
        "end_node": "Z-scheme heterostructure"
    },
    {
        "start_node": "Z-scheme heterostructure",
        "relationship": "enhance",
        "end_node": "photocatalytic activity"
    },
    {
        "start_node": "cobalt ion redox",
        "relationship": "boost",
        "end_node": "carrier separation"
    },
    {
        "start_node": "conductive polymers",
        "relationship": "increase",
        "end_node": "transport efficiency"
    },
    {
        "start_node": "polyaniline (PANI)",
        "relationship": "type_of",
        "end_node": "conductive polymer"
    },
    {
        "start_node": "cobalt ions",
        "relationship": "electron_transfer",
        "end_node": "g-C3N4-Co3O4"
    },
    {
        "start_node": "g-C3N4",
        "relationship": "heterostructure_with",
        "end_node": "PANI"
    },
    {
        "start_node": "g-C3N4",
        "relationship": "heterostructure_with",
        "end_node": "Co3O4 nanobelt"
    },
    {
        "start_node": "g-C3N4-PANi-Co3O4",
        "relationship": "optimal_heterostructure",
        "end_node": "photocatalytic HER performance"
    },
    {
        "start_node": "photocatalytic H-2-evolution rate",
        "relationship": "increase",
        "end_node": "9.95 mu mol h^(-1)"
    },
    {
        "start_node": "Co2+ solution",
        "relationship": "facilitate",
        "end_node": "carrier transport"
    },
    {
        "start_node": "Z-scheme system",
        "relationship": "photoactivity",
        "end_node": "3.35 mu mol h^(-1)"
    }
]