[
    {
        "start_node": "Review",
        "relationship": "discusses",
        "end_node": "Planar Hypercoordinate Compounds"
    },
    {
        "start_node": "Challenges",
        "relationship": "includes",
        "end_node": "Fabrication"
    },
    {
        "start_node": "Insights",
        "relationship": "requirement_for",
        "end_node": "Hypercoordinate Compounds Formation"
    },
    {
        "start_node": "Mathematical Relations",
        "relationship": "applied_in",
        "end_node": "Regular Polygons (AL(CN))"
    },
    {
        "start_node": "Examples",
        "relationship": "contains",
        "end_node": "TMBCN"
    },
    {
        "start_node": "Design Strategies",
        "relationship": "proposed_for",
        "end_node": "2D Hypercoordinate Crystals AL(x)"
    },
    {
        "start_node": "Design Flow Chart",
        "relationship": "suggested_for",
        "end_node": "2D-HyperMaters"
    },
    {
        "start_node": "Potential Applications",
        "relationship": "discussed",
        "end_node": "2D-HyperMaters"
    },
    {
        "start_node": "Blueprint",
        "relationship": "drawn",
        "end_node": "Planar Hypercoordinate Chemistry"
    },
    {
        "start_node": "Future Prospects",
        "relationship": "outlooked",
        "end_node": "2D-HyperChem"
    },
    {
        "start_node": "Categories",
        "relationship": "applies_to",
        "end_node": "Molecular Structures"
    }
]