[
    {
        "start_node": "Psammomatoid",
        "relationship": "type_of",
        "end_node": "Juvenile Cemento-Ossifying Fibroma"
    },
    {
        "start_node": "Juvenile COF",
        "relationship": "age_predilection",
        "end_node": "Childhood"
    },
    {
        "start_node": "Psammomatoid Juvenile COF",
        "relationship": "pattern",
        "end_node": "Histologic"
    },
    {
        "start_node": "Site",
        "relationship": "involvement",
        "end_node": "Maxilla"
    },
    {
        "start_node": "Large-size",
        "relationship": "size",
        "end_node": "Juvenile COF"
    },
    {
        "start_node": "Clinicoradiographic",
        "relationship": "assessment",
        "end_node": "Findings"
    },
    {
        "start_node": "Treatment",
        "relationship": "strategy",
        "end_node": "Presentation and Discussion"
    },
    {
        "start_node": "COF",
        "relationship": "contain",
        "end_node": "Psammomatoid Juvenile"
    }
]