[
    {
        "start_node": "COF",
        "relationship": "contain",
        "end_node": "Direct Synthesis"
    },
    {
        "start_node": "Direct Synthesis",
        "relationship": "catalyzed_by",
        "end_node": "ruthenium pincer complex"
    },
    {
        "start_node": "ruthenium pincer complex",
        "relationship": "catalyzes",
        "end_node": "dehydration"
    },
    {
        "start_node": "dehydration",
        "relationship": "product_of",
        "end_node": "azines"
    },
    {
        "start_node": "azines",
        "relationship": "subclass_of",
        "end_node": "2,3-diazabuta-1,3-dienes"
    },
    {
        "start_node": "alcohols",
        "relationship": "reactant_in",
        "end_node": "direct synthesis"
    },
    {
        "start_node": "hydrazine hydrate",
        "relationship": "reactant_in",
        "end_node": "direct synthesis"
    },
    {
        "start_node": "benzylic alcohols",
        "relationship": "type_of",
        "end_node": "alcohols"
    },
    {
        "start_node": "aliphatic alcohols",
        "relationship": "type_of",
        "end_node": "alcohols"
    },
    {
        "start_node": "dehydration",
        "relationship": "results_in",
        "end_node": "dihydrogen"
    },
    {
        "start_node": "ruthenium pincer complex",
        "relationship": "spectroscopic_evidence",
        "end_node": "hydrazine-coordinated dearomatized"
    },
    {
        "start_node": "supramolecular crystalline compound",
        "relationship": "isolated_under",
        "end_node": "hydrogen bonding networks"
    },
    {
        "start_node": "hydrogen bonding networks",
        "relationship": "present_in",
        "end_node": "reaction conditions"
    }
]