[
    {
        "start_node": "COF",
        "relationship": "fabricate",
        "end_node": "Composite Membrane"
    },
    {
        "start_node": "Composite Membrane",
        "relationship": "based_on",
        "end_node": "Conjugated Microporous Polymer (CMPs)"
    },
    {
        "start_node": "Rapid Fabrication",
        "relationship": "method",
        "end_node": "Unidirectional Diffusion Synthesis"
    },
    {
        "start_node": "Diffusion Cells",
        "relationship": "used_for",
        "end_node": "Rapid Fabrication"
    },
    {
        "start_node": "TpMa-H",
        "relationship": "variant_of",
        "end_node": "TpMa"
    },
    {
        "start_node": "TpMa-CH3",
        "relationship": "variant_of",
        "end_node": "TpMa"
    },
    {
        "start_node": "TpMa-Cl",
        "relationship": "variant_of",
        "end_node": "TpMa"
    },
    {
        "start_node": "TpMa-CH3",
        "relationship": "microstructural_design",
        "end_node": "TpMa-H"
    },
    {
        "start_node": "TpMa-Cl",
        "relationship": "microstructural_design",
        "end_node": "TpMa-H"
    },
    {
        "start_node": "Rejection Rates",
        "relationship": "enhanced_by",
        "end_node": "Microstructural Design"
    },
    {
        "start_node": "Properties",
        "relationship": "exhibited_by",
        "end_node": [
            "Hydrolytic Resistance",
            "Thermal Stability",
            "Acid-Base Resistance"
        ]
    },
    {
        "start_node": "TpMa-CH3",
        "relationship": "better_rejection_to",
        "end_node": "Methyl Violet"
    },
    {
        "start_node": "Electrostatic Adsorption",
        "relationship": "factor_in",
        "end_node": "Rejection Variance"
    },
    {
        "start_node": "Separation Performance",
        "relationship": "optimized_by",
        "end_node": "Microstructural Design"
    }
]