[
    {
        "start_node": "COF",
        "relationship": "study",
        "end_node": "Hierarchical Dehydrogenation"
    },
    {
        "start_node": "Hierarchical Dehydrogenation",
        "relationship": "on",
        "end_node": "Cu(111) surface"
    },
    {
        "start_node": "Cu(111) surface",
        "relationship": "facilitate",
        "end_node": "Scission of X-H bonds"
    },
    {
        "start_node": "X-H bonds",
        "relationship": "bond",
        "end_node": "Aromatic amines"
    },
    {
        "start_node": "Aromatic amines",
        "relationship": "dehydrogenation",
        "end_node": "Metal-organic supramolecular structures"
    },
    {
        "start_node": "Metal-organic supramolecular structures",
        "relationship": "formed_by",
        "end_node": "Dehydrogenation reactions"
    },
    {
        "start_node": "Dehydrogenation reactions",
        "relationship": "monitored_by",
        "end_node": "STM and AFM"
    },
    {
        "start_node": "STM and AFM",
        "relationship": "method",
        "end_node": "Single-bond resolution"
    },
    {
        "start_node": "X-ray photoelectron spectroscopy",
        "relationship": "analysis",
        "end_node": "Reaction pathways"
    },
    {
        "start_node": "Density Functional Theory",
        "relationship": "calculation",
        "end_node": "Reaction pathways"
    },
    {
        "start_node": "Density Functional Theory calculations",
        "relationship": "elucidate",
        "end_node": "Reaction pathways"
    },
    {
        "start_node": "Reaction pathways",
        "relationship": "pave_way_for",
        "end_node": "Connecting molecules into complex structures"
    },
    {
        "start_node": "Carefully tuned stepwise on-surface synthesis",
        "relationship": "strategy",
        "end_node": "Predictable synthesis"
    }
]