[
    {
        "start_node": "COF",
        "relationship": "study",
        "end_node": "phenylboronic acid"
    },
    {
        "start_node": "COF",
        "relationship": "motif",
        "end_node": "monomeric structure"
    },
    {
        "start_node": "COF",
        "relationship": "design",
        "end_node": "novel boronic acid"
    },
    {
        "start_node": "COF",
        "relationship": "crystal engineering",
        "end_node": "building block"
    },
    {
        "start_node": "COF",
        "relationship": "hydrogen bonds",
        "end_node": "intramolecular"
    },
    {
        "start_node": "COF",
        "relationship": "structure",
        "end_node": "dimers"
    },
    {
        "start_node": "COF",
        "relationship": "polymorphism",
        "end_node": "2,6-dimethoxyphenylboronic acid"
    },
    {
        "start_node": "COF",
        "relationship": "polymorphism",
        "end_node": "2,6-diethoxyphenylboronic acid"
    },
    {
        "start_node": "COF",
        "relationship": "packaging",
        "end_node": "2-isobutoxy-6-methoxyphenylboronic acid"
    },
    {
        "start_node": "COF",
        "relationship": "Hirshfeld surfaces",
        "end_node": "fingerprint 2-D plots"
    },
    {
        "start_node": "COF",
        "relationship": "interaction energies",
        "end_node": "MP2/6-31+G* and B3LYP/6-311+G**"
    }
]