[
    {
        "start_node": "COF",
        "relationship": "contain",
        "end_node": "Porous Polymer"
    },
    {
        "start_node": "Porous Polymer",
        "relationship": "type",
        "end_node": "Conjugated"
    },
    {
        "start_node": "Porous Polymer",
        "relationship": "component",
        "end_node": "Im-PCPP-1"
    },
    {
        "start_node": "Porous Polymer",
        "relationship": "component",
        "end_node": "Im-PCPP-2"
    },
    {
        "start_node": "Im-PCPP-1",
        "relationship": "synthesis",
        "end_node": "Suzuki-Miyaura coupling"
    },
    {
        "start_node": "Im-PCPP-2",
        "relationship": "synthesis",
        "end_node": "Suzuki-Miyaura coupling"
    },
    {
        "start_node": "Im-PCPP-2",
        "relationship": "property",
        "end_node": "cationic imidazolium"
    },
    {
        "start_node": "Im-PCPP-2",
        "relationship": "catalytic_activity",
        "end_node": "N-formylation"
    },
    {
        "start_node": "Im-PCPP-2",
        "relationship": "catalyst",
        "end_node": "NHC"
    },
    {
        "start_node": "NHC",
        "relationship": "role",
        "end_node": "photoredox"
    },
    {
        "start_node": "Acetaldehyde",
        "relationship": "reactant",
        "end_node": "formylation"
    },
    {
        "start_node": "Photoredox",
        "relationship": "process",
        "end_node": "hydrogen atom transfer"
    },
    {
        "start_node": "Hydroxyl radical",
        "relationship": "role",
        "end_node": "aza-Breslow-derived radicals"
    },
    {
        "start_node": "Singlet oxygen",
        "relationship": "role",
        "end_node": "oxidant"
    },
    {
        "start_node": "Conversion",
        "relationship": "result",
        "end_node": "high-value-added N-formamides"
    }
]