[
    {
        "start_node": "Research",
        "relationship": "focus_on",
        "end_node": "Metal-Organic Frameworks (MOFs) and Covalent Organic Frameworks (COFs)"
    },
    {
        "start_node": "MOFs",
        "relationship": "property",
        "end_node": "intricate pore structure"
    },
    {
        "start_node": "MOFs",
        "relationship": "property",
        "end_node": "high specific surface area"
    },
    {
        "start_node": "MOFs",
        "relationship": "property",
        "end_node": "customizable structural design"
    },
    {
        "start_node": "MOFs",
        "relationship": "application",
        "end_node": "photocatalysis"
    },
    {
        "start_node": "COFs",
        "relationship": "comparison",
        "end_node": "MOFs"
    },
    {
        "start_node": "COFs",
        "relationship": "application",
        "end_node": "photocatalysis"
    },
    {
        "start_node": "Research Progress",
        "relationship": "includes",
        "end_node": "synthesis techniques for MOFs and COFs"
    },
    {
        "start_node": "Research Progress",
        "relationship": "includes",
        "end_node": "modification techniques for MOFs and COFs"
    },
    {
        "start_node": "Research Status",
        "relationship": "discusses",
        "end_node": "MOF- and COF-based materials for photocatalytic algae inhibition"
    },
    {
        "start_node": "Future Exploration",
        "relationship": "aimed_at",
        "end_node": "modified materials for photocatalysis and environmental interactions"
    },
    {
        "start_node": "Theoretical Support",
        "relationship": "provides",
        "end_node": "mitigation of HABs using MOFs and COFs"
    }
]