[
    {
        "start_node": "Bioinspired",
        "relationship": "focus_on",
        "end_node": "Artificial Photosynthesis"
    },
    {
        "start_node": "Artificial Photosynthesis",
        "relationship": "aim",
        "end_node": "Fuel Production"
    },
    {
        "start_node": "Artificial Photosynthesis",
        "relationship": "requirement",
        "end_node": "Understanding Mechanisms"
    },
    {
        "start_node": "Bioinspired Artificial Vesicles",
        "relationship": "utilize",
        "end_node": "Compartmentalized Photocatalytic Systems"
    },
    {
        "start_node": "Scaffolds",
        "relationship": "employed_in",
        "end_node": "Artificial Vesicles"
    },
    {
        "start_node": "Pivotal Processes",
        "relationship": "studied_in",
        "end_node": "Artificial Photosynthesis"
    },
    {
        "start_node": "Processes",
        "relationship": "include",
        "end_node": "Light Harvesting"
    },
    {
        "start_node": "Processes",
        "relationship": "include",
        "end_node": "Charge Transfer"
    },
    {
        "start_node": "Processes",
        "relationship": "include",
        "end_node": "Fuel Production"
    },
    {
        "start_node": "Membrane Scaffolds",
        "relationship": "impact",
        "end_node": "Photocatalytic Activity"
    },
    {
        "start_node": "Local Environment",
        "relationship": "generated_by",
        "end_node": "Membrane"
    },
    {
        "start_node": "Electron Transfer Rates",
        "relationship": "increased_by",
        "end_node": "Proximity between Molecules"
    },
    {
        "start_node": "Bioinspired Photocatalytic Systems",
        "relationship": "pave_way_for",
        "end_node": "Further Development"
    },
    {
        "start_node": "Artificial Photosynthesis",
        "relationship": "mimic",
        "end_node": "Natural Reaction System"
    }
]