[
    {
        "start_node": "SASCs",
        "relationship": "are characterized by",
        "end_node": "atomically dispersed isolated metal active sites"
    },
    {
        "start_node": "SASCs",
        "relationship": "have theoretical",
        "end_node": "100% metal dispersion"
    },
    {
        "start_node": "high specific surface area supports",
        "relationship": "are crucial for",
        "end_node": "efficient SASCs fabrication"
    },
    {
        "start_node": "high specific surface area supports",
        "relationship": "provide",
        "end_node": "anchoring sites for metal atoms"
    },
    {
        "start_node": "metal atoms",
        "relationship": "constitute",
        "end_node": "single-atom sites"
    },
    {
        "start_node": "suitable supports",
        "relationship": "determine",
        "end_node": "SASC structures and properties"
    },
    {
        "start_node": "SASCs",
        "relationship": "based on",
        "end_node": "0-dimension to 3-dimension supports"
    },
    {
        "start_node": "representative high specific surface supports",
        "relationship": "feature in",
        "end_node": "each dimension"
    },
    {
        "start_node": "active sites",
        "relationship": "various types of",
        "end_node": "SASCs"
    },
    {
        "start_node": "coordination environments",
        "relationship": "cooperate with",
        "end_node": "single metal atoms"
    },
    {
        "start_node": "SASCs",
        "relationship": "summarize",
        "end_node": "current developments"
    },
    {
        "start_node": "future opportunities",
        "relationship": "present",
        "end_node": "SASCs"
    },
    {
        "start_node": "challenges",
        "relationship": "also present",
        "end_node": "SASCs"
    },
    {
        "start_node": "perspective",
        "relationship": "aim to provide",
        "end_node": "SASCs based on high specific surface area"
    }
]