[
    {
        "start_node": "Surfactant",
        "relationship": "catalyzes",
        "end_node": "Synthesis"
    },
    {
        "start_node": "Green Methodology",
        "relationship": "describes",
        "end_node": "Reaction"
    },
    {
        "start_node": "6-Aminouracil Derivatives",
        "relationship": "reacts with",
        "end_node": "Aldehydes"
    },
    {
        "start_node": "Anionic Surfactant (SDS)",
        "relationship": "important for",
        "end_node": "Reaction"
    },
    {
        "start_node": "Hydrophilic-Hydrophobic Compounds",
        "relationship": "combined in",
        "end_node": "Aqueous Medium"
    },
    {
        "start_node": "Synthesized Compounds",
        "relationship": "characterized by",
        "end_node": "FTIR, NMR, HRMS, SC-XRD"
    },
    {
        "start_node": "Graphene Oxide (GO)",
        "relationship": "used for",
        "end_node": "Surfactant Remediation"
    },
    {
        "start_node": "SDS Adsorption onto GO",
        "relationship": "efficiency",
        "end_node": "84.9%"
    },
    {
        "start_node": "Synthesized Compounds",
        "relationship": "screened for",
        "end_node": "Anti-SARS-CoV2 Activity"
    },
    {
        "start_node": "Highest Inhibitory Activity",
        "relationship": "towards",
        "end_node": "RdRp (-9.55 kcal/mol)"
    },
    {
        "start_node": "Remdesivir",
        "relationship": "comparison",
        "end_node": "Binding Energy (-6.45 kcal/mol)"
    },
    {
        "start_node": "Compound 4bf",
        "relationship": "antimicrobial activity",
        "end_node": "IC50: 205.48 μM (fungal), 124.97 μM (leishmanial)"
    }
]