[
    {
        "start_node": "COF",
        "relationship": "synthesis",
        "end_node": "CMP-P1"
    },
    {
        "start_node": "CMP-P1",
        "relationship": "synthesized_from",
        "end_node": "9,9' -bifluorenylidene"
    },
    {
        "start_node": "CMP-P1",
        "relationship": "via",
        "end_node": "Yamamoto and Suzuki polymerization"
    },
    {
        "start_node": "CMP-P2",
        "relationship": "synthesis",
        "end_node": "CMP-P1"
    },
    {
        "start_node": "CMP-P2",
        "relationship": "synthesized_from",
        "end_node": "9,9' -bifluorenylidene"
    },
    {
        "start_node": "CMP-P1",
        "relationship": "property",
        "end_node": "fully unsaturated pi-conjugated backbone"
    },
    {
        "start_node": "CMP-P1",
        "relationship": "property",
        "end_node": "strong visible-light absorption"
    },
    {
        "start_node": "CMP-P1",
        "relationship": "property",
        "end_node": "semiconducting nature"
    },
    {
        "start_node": "CMP-P1",
        "relationship": "property",
        "end_node": "high porosity"
    },
    {
        "start_node": "CMP-P1",
        "relationship": "catalyzes",
        "end_node": "methylene blue degradation"
    },
    {
        "start_node": "CMP-P2",
        "relationship": "catalyzes",
        "end_node": "methylene blue degradation"
    },
    {
        "start_node": "CMP-P1",
        "relationship": "better_than",
        "end_node": "most reported polymer photocatalysts"
    },
    {
        "start_node": "CMP-P1",
        "relationship": "comparison",
        "end_node": "CMP-P2"
    },
    {
        "start_node": "CMP-P1",
        "relationship": "property",
        "end_node": "higher surface area (1257 m²/g)"
    },
    {
        "start_node": "CMP-P1",
        "relationship": "property",
        "end_node": "narrower bandgap (1.74 eV)"
    },
    {
        "start_node": "CMP-P1",
        "relationship": "selectively_degrades",
        "end_node": "MB (MB + RhB, MB + MO)"
    },
    {
        "start_node": "CMP-P1",
        "relationship": "mechanism",
        "end_node": "oxygen and electrons involvement"
    },
    {
        "start_node": "CMP-P1",
        "relationship": "application",
        "end_node": "water purification"
    }
]