[
    {
        "start_node": "COF",
        "relationship": "contain",
        "end_node": "Azo-bridged Porphyrin-Phthalocyanine Network"
    },
    {
        "start_node": "Azo-bridged Porphyrin-Phthalocyanine Network",
        "relationship": "property",
        "end_node": "porous"
    },
    {
        "start_node": "Azo-bridged Porphyrin-Phthalocyanine Network",
        "relationship": "synthesized_by",
        "end_node": "catalyst-free coupling reaction"
    },
    {
        "start_node": "catalyst-free coupling reaction",
        "relationship": "components",
        "end_node": "free-base 5,10,15,20-tetrakis(4-nitrophenyl)-porphyrin"
    },
    {
        "start_node": "catalyst-free coupling reaction",
        "relationship": "components",
        "end_node": "nickel tetraaminophthalocyanine"
    },
    {
        "start_node": "AzoPPN",
        "relationship": "adsorption_capability",
        "end_node": "iodine vapor (290 wt%)"
    },
    {
        "start_node": "AzoPPN",
        "relationship": "application",
        "end_node": "iodine adsorbent (solution)"
    },
    {
        "start_node": "strategy",
        "relationship": "paves_way_for",
        "end_node": "new materials for iodine capture"
    }
]