[
    {
        "start_node": "Toxicity",
        "relationship": "review",
        "end_node": "Polychlorinated Biphenyls (PCBs)"
    },
    {
        "start_node": "PCBs",
        "relationship": "property",
        "end_node": "synthetic"
    },
    {
        "start_node": "PCBs",
        "relationship": "use",
        "end_node": "industrial and commercial applications"
    },
    {
        "start_node": "PCBs",
        "relationship": "impact",
        "end_node": "organism health"
    },
    {
        "start_node": "PCBs",
        "relationship": "risks",
        "end_node": "neurotoxicity, carcinogenicity"
    },
    {
        "start_node": "PCBs",
        "relationship": "risks",
        "end_node": "reproductive, immunotoxicity, hepatotoxicity, cardiovascular toxicity"
    },
    {
        "start_node": "PCBs",
        "relationship": "effect",
        "end_node": "long-range transport"
    },
    {
        "start_node": "PCBs",
        "relationship": "effect",
        "end_node": "bio-enrichment"
    },
    {
        "start_node": "Review",
        "relationship": "focus",
        "end_node": "toxicity, detection techniques"
    },
    {
        "start_node": "Classification",
        "relationship": "progress",
        "end_node": "PCBs"
    },
    {
        "start_node": "Source",
        "relationship": "classification",
        "end_node": "PCBs"
    },
    {
        "start_node": "Distribution",
        "relationship": "classification",
        "end_node": "PCBs"
    },
    {
        "start_node": "Detection Techniques",
        "relationship": "review",
        "end_node": "environment and foodstuffs"
    },
    {
        "start_node": "Sample Preparation",
        "relationship": "techniques",
        "end_node": "SPE, DSPE, SPME, SBSE"
    },
    {
        "start_node": "Analytical Determination",
        "relationship": "techniques",
        "end_node": "GC-ECD, GC-MS, GC-HRMS, HPLC-MS/MS, sensing technologies"
    },
    {
        "start_node": "Pretreatment Methods",
        "relationship": "shortcomings",
        "end_node": "discussed"
    },
    {
        "start_node": "Future Opportunities",
        "relationship": "prospects",
        "end_node": "tentatively discussed"
    },
    {
        "start_node": "Challenges",
        "relationship": "future",
        "end_node": "opportunities and"
    }
]