[
    {
        "start_node": "COF",
        "relationship": "incorporate",
        "end_node": "Mn-TTA-COF"
    },
    {
        "start_node": "Mn-TTA-COF",
        "relationship": "used_for",
        "end_node": "photocatalyst"
    },
    {
        "start_node": "Mn-TTA-COF",
        "relationship": "catalyzes",
        "end_node": "CO2 reduction"
    },
    {
        "start_node": "CO2",
        "relationship": "reduced_to",
        "end_node": "CO"
    },
    {
        "start_node": "Mn-TTA-COF",
        "relationship": "problematic",
        "end_node": "elimination of CO ligand"
    },
    {
        "start_node": "Mn-TTA-COF",
        "relationship": "enhances",
        "end_node": "stability and efficiency"
    },
    {
        "start_node": "COFs",
        "relationship": "function_as",
        "end_node": "heterogeneous platform"
    },
    {
        "start_node": "COFs",
        "relationship": "facilitates",
        "end_node": "charge separation (CS)"
    },
    {
        "start_node": "parent COF",
        "relationship": "comparison",
        "end_node": "Mn-incorporated COF"
    },
    {
        "start_node": "next-generation photocatalysts",
        "relationship": "potential",
        "end_node": "COFs with built-in photosensitizer and MC"
    }
]