[
    {
        "start_node": "COF",
        "relationship": "contain",
        "end_node": "Tandem Catalysts"
    },
    {
        "start_node": "Tandem Catalysts",
        "relationship": "based on",
        "end_node": "Bimetallic Single Atoms"
    },
    {
        "start_node": "Bimetallic Single Atoms",
        "relationship": "embedded in",
        "end_node": "2D CCFs"
    },
    {
        "start_node": "2D CCFs",
        "relationship": "for",
        "end_node": "Nitrogen Reduction Reaction"
    },
    {
        "start_node": "single-atom catalysts",
        "relationship": "disadvantages",
        "end_node": "limited active sites"
    },
    {
        "start_node": "single-atom catalysts",
        "relationship": "disadvantages",
        "end_node": "high limiting potential"
    },
    {
        "start_node": "single-atom catalysts",
        "relationship": "disadvantages",
        "end_node": "low yield"
    },
    {
        "start_node": "single-atom catalysts",
        "relationship": "disadvantages",
        "end_node": "low Faraday efficiency"
    },
    {
        "start_node": "FePc-MPc-CCFs",
        "relationship": "proposed",
        "end_node": "tandem catalyst"
    },
    {
        "start_node": "FePc-TiPc-CCFs",
        "relationship": "screened",
        "end_node": "five types"
    },
    {
        "start_node": "FePc-GaPc-CCFs",
        "relationship": "screened",
        "end_node": "five types"
    },
    {
        "start_node": "FePc-GePc-CCFs",
        "relationship": "screened",
        "end_node": "five types"
    },
    {
        "start_node": "FePc-MnPc-CCFs",
        "relationship": "best catalytic performance",
        "end_node": "selected"
    },
    {
        "start_node": "FePc-TcPc-CCFs",
        "relationship": "compared",
        "end_node": "FePc-MnPc-CCFs"
    },
    {
        "start_node": "NH3",
        "relationship": "desorption improved by",
        "end_node": "FePc-MnPc-CCFs"
    },
    {
        "start_node": "NRR",
        "relationship": "selectivity",
        "end_node": "high"
    },
    {
        "start_node": "FePc-MnPc-CCFs",
        "relationship": "thermal stability",
        "end_node": "good"
    },
    {
        "start_node": "FePc-MnPc-CCFs",
        "relationship": "feasibility",
        "end_node": "experimental"
    }
]