[
    {
        "start_node": "PEC",
        "relationship": "focus_on",
        "end_node": "photoelectrochemical energy conversion"
    },
    {
        "start_node": "Solar-driven PEC",
        "relationship": "method",
        "end_node": "energy conversion"
    },
    {
        "start_node": "Conjugated polymers",
        "relationship": "emerging_material",
        "end_node": "PEC water splitting"
    },
    {
        "start_node": "Properties",
        "relationship": "features_of",
        "end_node": "conjugated polymers"
    },
    {
        "start_node": "Tunable electronic structures",
        "relationship": "property",
        "end_node": "conjugated polymers"
    },
    {
        "start_node": "Light harvesting",
        "relationship": "ability_of",
        "end_node": "conjugated polymers"
    },
    {
        "start_node": "High absorption coefficients",
        "relationship": "characteristic",
        "end_node": "conjugated polymers"
    },
    {
        "start_node": "Solution processing",
        "relationship": "fabrication_method",
        "end_node": "thin films"
    },
    {
        "start_node": "Hybrid photoelectrodes",
        "relationship": "strategy_for",
        "end_node": "efficient PEC water splitting"
    },
    {
        "start_node": "Integrating conjugated polymers",
        "relationship": "approach_in",
        "end_node": "inorganic semiconductors"
    },
    {
        "start_node": "Improving stability",
        "relationship": "aim_of",
        "end_node": "hybrid photoelectrodes"
    },
    {
        "start_node": "Enhancing charge separation efficiency",
        "relationship": "benefit_of",
        "end_node": "hybrid photoelectrodes"
    },
    {
        "start_node": "Key challenges",
        "relationship": "discussed_in",
        "end_node": "review"
    },
    {
        "start_node": "Future research opportunities",
        "relationship": "presented_in",
        "end_node": "review"
    },
    {
        "start_node": "Stable and high-efficiency PEC devices",
        "relationship": "goal_of",
        "end_node": "integration"
    },
    {
        "start_node": "State-of-the-art semiconductors",
        "relationship": "combined_with",
        "end_node": "conjugated polymers"
    },
    {
        "start_node": "Solar-to-chemical energy conversion",
        "relationship": "application",
        "end_node": "review"
    }
]