[
    {
        "start_node": "COF",
        "relationship": "contain",
        "end_node": "nanocarrier"
    },
    {
        "start_node": "nanocarrier",
        "relationship": "based_on",
        "end_node": "chloromethylated_graphene"
    },
    {
        "start_node": "strategy",
        "relationship": "type_of",
        "end_node": "facile_and_simple"
    },
    {
        "start_node": "functionalization",
        "relationship": "involve",
        "end_node": "graphene"
    },
    {
        "start_node": "functional_group",
        "relationship": "used",
        "end_node": "chloromethyl(CH2Cl)"
    },
    {
        "start_node": "hydrochloric_acid",
        "relationship": "optimization",
        "end_node": "loading_capacity"
    },
    {
        "start_node": "paraformaldehyde",
        "relationship": "quantity_used",
        "end_node": "700 mg"
    },
    {
        "start_node": "ultrasonic_treatment",
        "relationship": "optimized",
        "end_node": "35 min"
    },
    {
        "start_node": "stirring_duration",
        "relationship": "optimized",
        "end_node": "2 h"
    },
    {
        "start_node": "5-fluorouracil(5-FU)",
        "relationship": "loaded_on",
        "end_node": "CH2Cl-functionalized_graphene"
    },
    {
        "start_node": "loading_mechanism",
        "relationship": "via",
        "end_node": [
            "hydrogen_bonding",
            "pi-pi_interactions"
        ]
    },
    {
        "start_node": "material_analysis",
        "relationship": "confirmed_by",
        "end_node": [
            "FTIR",
            "scanning_electron_microscopy",
            "X-ray_photoelectron_spectroscopy"
        ]
    },
    {
        "start_node": "loading_capacity",
        "relationship": "achieved",
        "end_node": "52.3%"
    },
    {
        "start_node": "comparison",
        "relationship": "higher_than",
        "end_node": "pure_graphene (36.54%)"
    }
]