[
    {
        "start_node": "Review",
        "relationship": "discusses",
        "end_node": "Lithium-sulfur batteries"
    },
    {
        "start_node": "Lithium-sulfur batteries",
        "relationship": "feature",
        "end_node": "high theoretical energy density"
    },
    {
        "start_node": "Lithium-sulfur batteries",
        "relationship": "feature",
        "end_node": "low-cost raw materials"
    },
    {
        "start_node": "Lithium-sulfur batteries",
        "relationship": "faces",
        "end_node": "shuttle effect"
    },
    {
        "start_node": "shuttle effect",
        "relationship": "caused by",
        "end_node": "Li polysulfide species (LiPSs)"
    },
    {
        "start_node": "Lithium-sulfur batteries",
        "relationship": "issue",
        "end_node": "low utilization efficiency"
    },
    {
        "start_node": "Lithium-sulfur batteries",
        "relationship": "issue",
        "end_node": "dendrite growth"
    },
    {
        "start_node": "electrolytes",
        "relationship": "key to",
        "end_node": "kinetics improvement"
    },
    {
        "start_node": "review",
        "relationship": "covers",
        "end_node": "in-situ characterization techniques"
    },
    {
        "start_node": "in-situ characterization techniques",
        "relationship": "facilitates",
        "end_node": "underlying mechanism"
    },
    {
        "start_node": "review",
        "relationship": "focuses on",
        "end_node": "suppression of shuttle effect"
    },
    {
        "start_node": "review",
        "relationship": "provides",
        "end_node": "overview of LiPSs role"
    },
    {
        "start_node": "electrolyte engineering",
        "relationship": "strategy for",
        "end_node": "dissolution suppression"
    },
    {
        "start_node": "electrolyte engineering",
        "relationship": "strategy for",
        "end_node": "dendrite inhibition"
    },
    {
        "start_node": "LiPSs",
        "relationship": "controversy over",
        "end_node": "dissolution vs promotion"
    },
    {
        "start_node": "review",
        "relationship": "presents",
        "end_node": "solvation structure characterization"
    },
    {
        "start_node": "electrolyte engineering",
        "relationship": "future direction",
        "end_node": "prospects for Li-S batteries"
    }
]