[
    {
        "start_node": "COF",
        "relationship": "synthesis",
        "end_node": "PI-1"
    },
    {
        "start_node": "PI-1",
        "relationship": "property",
        "end_node": "crystalline"
    },
    {
        "start_node": "PI-1",
        "relationship": "property",
        "end_node": "polyimide spheres"
    },
    {
        "start_node": "PI-1",
        "relationship": "feature",
        "end_node": "radiate branches"
    },
    {
        "start_node": "PI-1",
        "relationship": "BET Surface area",
        "end_node": "350 m²/g"
    },
    {
        "start_node": "PI-1",
        "relationship": "formation",
        "end_node": "mesopores"
    },
    {
        "start_node": "mesopores",
        "relationship": "formed by",
        "end_node": "oriented nanowhiskers"
    },
    {
        "start_node": "PI-1",
        "relationship": "comparison",
        "end_node": "microporous polymers"
    },
    {
        "start_node": "PI-1",
        "relationship": "pore mechanism",
        "end_node": "unique"
    }
]