[
    {
        "start_node": "COF",
        "relationship": "contain",
        "end_node": "TpPa-1"
    },
    {
        "start_node": "COF",
        "relationship": "transform_to",
        "end_node": "self-standing membrane"
    },
    {
        "start_node": "self-standing membrane",
        "relationship": "use_for",
        "end_node": "membrane separation"
    },
    {
        "start_node": "TPPa-1",
        "relationship": "property",
        "end_node": "high crystallinity"
    },
    {
        "start_node": "TPPa-1",
        "relationship": "property",
        "end_node": "good flexibility"
    },
    {
        "start_node": "TPPa-1",
        "relationship": "property",
        "end_node": "excellent mechanical properties"
    },
    {
        "start_node": "TPPa-1",
        "relationship": "prepare_with",
        "end_node": "electrospinning process"
    },
    {
        "start_node": "TPPa-1",
        "relationship": "strategy",
        "end_node": "polymer sacrificial template"
    },
    {
        "start_node": "COF",
        "relationship": "composite_with",
        "end_node": "ZIF-8"
    },
    {
        "start_node": "ZIF-8",
        "relationship": "growth_on",
        "end_node": "COF membrane"
    },
    {
        "start_node": "ZIF-8",
        "relationship": "growth_in",
        "end_node": "COF nanofiber gaps"
    },
    {
        "start_node": "COF-MOF composite membrane",
        "relationship": "property",
        "end_node": "excellent permeability"
    },
    {
        "start_node": "COF-MOF composite membrane",
        "relationship": "enhance",
        "end_node": "selectivity"
    },
    {
        "start_node": "COF-MOF composite membrane",
        "relationship": "application",
        "end_node": "organic dye separation"
    },
    {
        "start_node": "COF-MOF",
        "relationship": "structure",
        "end_node": "interpenetrating network"
    },
    {
        "start_node": "COF-MOF",
        "relationship": "improve",
        "end_node": "interfacial stability"
    },
    {
        "start_node": "composite CPM membrane",
        "relationship": "performance",
        "end_node": "synergistic effect"
    },
    {
        "start_node": "composite CPM membrane",
        "relationship": "use_in",
        "end_node": "energy and environment separation processes"
    }
]