[
    {
        "start_node": "COF",
        "relationship": "mention",
        "end_node": "graphene"
    },
    {
        "start_node": "COF",
        "relationship": "mention",
        "end_node": "hexagonal boron-nitride"
    },
    {
        "start_node": "COF",
        "relationship": "mention",
        "end_node": "molybdenum disulfide"
    },
    {
        "start_node": "membrane",
        "relationship": "type",
        "end_node": "2D nanomaterial-based"
    },
    {
        "start_node": "tradeoff",
        "relationship": "challenge",
        "end_node": "selectivity-permeability"
    },
    {
        "start_node": "2D nanomaterial-based membrane",
        "relationship": "strategy",
        "end_node": "rational design"
    },
    {
        "start_node": "interlayer channels",
        "relationship": "part_of",
        "end_node": "2D nanomaterial-based membrane"
    },
    {
        "start_node": "membrane nanopores",
        "relationship": "part_of",
        "end_node": "2D nanomaterial-based membrane"
    },
    {
        "start_node": "functionalization",
        "relationship": "strategy",
        "end_node": "2D nanomaterial-based membrane"
    },
    {
        "start_node": "dynamic liquid-liquid/liquid-gas interfaces",
        "relationship": "interface_design",
        "end_node": "membrane"
    },
    {
        "start_node": "separation mechanisms",
        "relationship": "topic",
        "end_node": "2D nanomaterial-based membranes"
    },
    {
        "start_node": "separation applications",
        "relationship": "based_on",
        "end_node": "2D nanomaterial-based membranes"
    }
]