[
    {
        "start_node": "COF",
        "relationship": "study",
        "end_node": "MoS2 membranes"
    },
    {
        "start_node": "MoS2 membranes",
        "relationship": "use_for",
        "end_node": "2D laminates"
    },
    {
        "start_node": "MoS2 membranes",
        "relationship": "issue",
        "end_node": "narrow interlayer width"
    },
    {
        "start_node": "approach",
        "relationship": "proposed",
        "end_node": "cation intercalation"
    },
    {
        "start_node": "cations",
        "relationship": "used",
        "end_node": [
            "K+",
            "Na+",
            "Li+",
            "Mg2+"
        ]
    },
    {
        "start_node": "cation intercalation",
        "relationship": "effect",
        "end_node": "increased interlayer width"
    },
    {
        "start_node": "interlayer widths",
        "relationship": "values",
        "end_node": [
            6.25,
            6.63,
            7.25,
            8.48
        ]
    },
    {
        "start_node": "insertion",
        "relationship": "retains",
        "end_node": "2D gallery regularity"
    },
    {
        "start_node": "water purification",
        "relationship": "performance",
        "end_node": "nanofiltration"
    },
    {
        "start_node": "nanofiltration",
        "relationship": "improvement",
        "end_node": "2-3 times"
    },
    {
        "start_node": "water purification",
        "relationship": "performance",
        "end_node": "forward osmosis"
    },
    {
        "start_node": "forward osmosis",
        "relationship": "improvement",
        "end_node": "10-24.4 to 36.4 L m^(-2) h^(-1) bar^(-1)"
    },
    {
        "start_node": "approach",
        "relationship": "application",
        "end_node": "design & regulation of 2D membranes"
    },
    {
        "start_node": "2D channels",
        "relationship": "broadened",
        "end_node": "applications"
    }
]