[
    {
        "start_node": "COF",
        "relationship": "contains",
        "end_node": "conjugated microporous polymers"
    },
    {
        "start_node": "CMPs",
        "relationship": "category",
        "end_node": "conjugated microporous polymers"
    },
    {
        "start_node": "CMPs",
        "relationship": "challenge",
        "end_node": "uranium photo-reduction"
    },
    {
        "start_node": "D-A-A CMPs",
        "relationship": "type",
        "end_node": "photocatalysts"
    },
    {
        "start_node": "statistical copolymerization",
        "relationship": "method",
        "end_node": "synthesis"
    },
    {
        "start_node": "electron donor",
        "relationship": "component",
        "end_node": "benzene"
    },
    {
        "start_node": "electron acceptors",
        "relationship": "components",
        "end_node": "dibenzothiophene-S,S-dioxide (SO), benzothiadiazole (TH)"
    },
    {
        "start_node": "TH",
        "relationship": "stronger_electron_absorption",
        "end_node": "benzothiadiazole"
    },
    {
        "start_node": "PBSOTH-2",
        "relationship": "polymer",
        "end_node": "D-A-A"
    },
    {
        "start_node": "PBSOTH-2",
        "relationship": "performance",
        "end_node": "99.2% uranium removal"
    },
    {
        "start_node": "methanol",
        "relationship": "sacrificial_agent",
        "end_node": ""
    },
    {
        "start_node": "database",
        "relationship": "established",
        "end_node": "photocatalytic reduction of uranium"
    },
    {
        "start_node": "ideas",
        "relationship": "provides",
        "end_node": "efficient uranium reduction catalyst design"
    }
]