[
    {
        "start_node": "COF",
        "relationship": "contain",
        "end_node": "Zn-II-porphyrin monomer"
    },
    {
        "start_node": "COF",
        "relationship": "contain",
        "end_node": "Co-II-porphyrin monomer"
    },
    {
        "start_node": "polythiophene",
        "relationship": "part_of",
        "end_node": "Zn-II-porphyrin polymer"
    },
    {
        "start_node": "polythiophene",
        "relationship": "part_of",
        "end_node": "Co-II-porphyrin polymer"
    },
    {
        "start_node": "Zn-II-porphyrin polymer",
        "relationship": "catalyzes",
        "end_node": "water splitting"
    },
    {
        "start_node": "Co-II-porphyrin polymer",
        "relationship": "catalyzes",
        "end_node": "CO2 reduction"
    },
    {
        "start_node": "Co-II-porphyrin polymer",
        "relationship": "product",
        "end_node": "CO"
    },
    {
        "start_node": "reduction potential",
        "relationship": "value_at",
        "end_node": "-0.66 V vs. RHE"
    },
    {
        "start_node": "overpotential",
        "relationship": "corresponds_to",
        "end_node": "-0.54 V"
    },
    {
        "start_node": "Co-II-porphyrin polymer",
        "relationship": "efficiency",
        "end_node": "66% Faradaic efficiency"
    },
    {
        "start_node": "Co-II-porphyrin polymer",
        "relationship": "performance指标",
        "end_node": "5.7 x 10^2 TON"
    },
    {
        "start_node": "Co-II-porphyrin polymer",
        "relationship": "performance指标",
        "end_node": "1.6 s^-1 TOF"
    }
]