[
    {
        "start_node": "COF",
        "relationship": "contain",
        "end_node": "nitrogen-rich mesoporous polymer"
    },
    {
        "start_node": "mesoporous polymer",
        "relationship": "property",
        "end_node": "photocatalytic activity"
    },
    {
        "start_node": "mesoporous polymer",
        "relationship": "used_for",
        "end_node": "hydrogen evolution from water"
    },
    {
        "start_node": "synthesis",
        "relationship": "method",
        "end_node": "catalyst-free Schiff-base condensation"
    },
    {
        "start_node": "variables",
        "relationship": "impact",
        "end_node": [
            "reaction time",
            "terephthaldehyde concentration",
            "amine group mole ratio"
        ]
    },
    {
        "start_node": "surface area",
        "relationship": "range",
        "end_node": "216.83-569.04 m²/g"
    },
    {
        "start_node": "polymer",
        "relationship": "characteristic",
        "end_node": "391.76 m²/g, 4.27 nm"
    },
    {
        "start_node": "polymer",
        "relationship": "performance",
        "end_node": "highest H2 evolution rate: 18.56 μmol.h⁻¹"
    },
    {
        "start_node": "Palladium loading",
        "relationship": "enhances",
        "end_node": "H2 evolution rate"
    },
    {
        "start_node": "application",
        "relationship": "scope",
        "end_node": "porous polymers in photocatalysis"
    },
    {
        "start_node": "advantages",
        "relationship": "include",
        "end_node": [
            "low price",
            "commercially available starting compounds",
            "easy synthesis"
        ]
    }
]