[
    {
        "start_node": "COF",
        "relationship": "contain",
        "end_node": "Copper(II)-Based Coordination Polymer"
    },
    {
        "start_node": "Copper(II)-Based Coordination Polymer",
        "relationship": "have",
        "end_node": "perfect Kagome structure"
    },
    {
        "start_node": "perfect Kagome structure",
        "relationship": "belong to",
        "end_node": "two-dimensional structure"
    },
    {
        "start_node": "two-dimensional structure",
        "relationship": "display",
        "end_node": "superconductivity"
    },
    {
        "start_node": "superconductivity",
        "relationship": "occur at",
        "end_node": "0.25K"
    },
    {
        "start_node": "0.25K",
        "relationship": "be associated with",
        "end_node": "zero resistivity"
    },
    {
        "start_node": "zero resistivity",
        "relationship": "indicate",
        "end_node": "bulk superconductivity"
    },
    {
        "start_node": "bulk superconductivity",
        "relationship": "measured by",
        "end_node": "AC magnetic susceptibility"
    },
    {
        "start_node": "AC magnetic susceptibility",
        "relationship": "confirm",
        "end_node": "superconductivity"
    },
    {
        "start_node": "superconductivity",
        "relationship": "also measured by",
        "end_node": "specific heat"
    },
    {
        "start_node": "specific heat",
        "relationship": "show",
        "end_node": "another diamagnetic transition"
    },
    {
        "start_node": "another diamagnetic transition",
        "relationship": "occur at",
        "end_node": "3K"
    },
    {
        "start_node": "3K",
        "relationship": "suggest",
        "end_node": "second superconducting phase"
    },
    {
        "start_node": "second superconducting phase",
        "relationship": "believed to be",
        "end_node": "single layer or few layers of Cu-BHT"
    }
]