[
    {
        "start_node": "CMPs",
        "relationship": "study",
        "end_node": "Conjugated Microporous Polymers"
    },
    {
        "start_node": "Triphenylamine",
        "relationship": "derivative",
        "end_node": "TPA-3Bor"
    },
    {
        "start_node": "TPA-3Bor",
        "relationship": "synthesis",
        "end_node": "TPA-Bz CMP"
    },
    {
        "start_node": "TPA-3Bor",
        "relationship": "synthesis",
        "end_node": "TPA-Py CMP"
    },
    {
        "start_node": "TPA-Bz CMP",
        "relationship": "feature",
        "end_node": "adsorptive properties"
    },
    {
        "start_node": "TPA-Bz CMP",
        "relationship": "dye adsorbent",
        "end_node": "rhodamine B (RhB)"
    },
    {
        "start_node": "TPA-Py CMP",
        "relationship": "feature",
        "end_node": "adsorptive properties"
    },
    {
        "start_node": "TPA-Py CMP",
        "relationship": "supercapacitor electrode",
        "end_node": "supercapacitor"
    },
    {
        "start_node": "TPA-based CMPs",
        "relationship": "application",
        "end_node": "supercapacitors"
    },
    {
        "start_node": "conjugation",
        "relationship": "importance",
        "end_node": "future design"
    }
]