[
    {
        "start_node": "ZFBs",
        "relationship": "promising_for",
        "end_node": "large_scale_energy_storage"
    },
    {
        "start_node": "ZFBs",
        "relationship": "challenge_from",
        "end_node": "zinc_dendrites"
    },
    {
        "start_node": "ZFBs",
        "relationship": "challenge_from",
        "end_node": "limited_areal_capacity"
    },
    {
        "start_node": "LDH-G",
        "relationship": "constructed_for",
        "end_node": "long-life_ZFBs"
    },
    {
        "start_node": "LDH_G",
        "relationship": "property",
        "end_node": "high_hydroxide_ion_conductivity"
    },
    {
        "start_node": "LDH_G",
        "relationship": "property",
        "end_node": "ion_selectivity"
    },
    {
        "start_node": "LDH_G",
        "relationship": "function",
        "end_node": "directional_ion_transport"
    },
    {
        "start_node": "defect_free_LDHs",
        "relationship": "as",
        "end_node": "buffer_layer"
    },
    {
        "start_node": "defect_free_LDHs",
        "relationship": "enhances",
        "end_node": "uniform_Zn_deposition"
    },
    {
        "start_node": "Zn-iron_flow_battery",
        "relationship": "improvement_by",
        "end_node": "LDHs_layer"
    },
    {
        "start_node": "Zn-iron_flow_battery",
        "relationship": "performance",
        "end_node": "excellent_rate_performance"
    },
    {
        "start_node": "Zn-iron_flow_battery",
        "relationship": "cycling_stability",
        "end_node": "800_cycles"
    },
    {
        "start_node": "battery",
        "relationship": "stability",
        "end_node": "1200_h_long_cycle"
    },
    {
        "start_node": "LDHs_arrays",
        "relationship": "growth_on",
        "end_node": "polymer_substrate"
    },
    {
        "start_node": "strategy",
        "relationship": "toward",
        "end_node": "high_areal_capacity"
    },
    {
        "start_node": "strategy",
        "relationship": "toward",
        "end_node": "dendrite_free_Zn_deposition"
    }
]