[
    {
        "start_node": "Electropolymerized",
        "relationship": "method",
        "end_node": "Polymer Film"
    },
    {
        "start_node": "Flexible Indium Tin Oxide",
        "relationship": "substrate",
        "end_node": "Working Electrode"
    },
    {
        "start_node": "Trifunctional Conjugated Monomer",
        "relationship": "used",
        "end_node": "1,3,5-tri(furan-2-yl)benzene (TFB)"
    },
    {
        "start_node": "Parameters",
        "relationship": "influence",
        "end_node": "Porous Polymer Film Formation"
    },
    {
        "start_node": "Substrate Conductivity",
        "relationship": "affects",
        "end_node": "Porosity"
    },
    {
        "start_node": "Roughness",
        "relationship": "affects",
        "end_node": "Porosity"
    },
    {
        "start_node": "Electropolymerization Method",
        "relationship": "affects",
        "end_node": "Morphology"
    },
    {
        "start_node": "Electrolyte Choice",
        "relationship": "affects",
        "end_node": "Morphology"
    },
    {
        "start_node": "Chronoamperometry",
        "relationship": "preferred_for",
        "end_node": "DNA/RNA Trapping"
    },
    {
        "start_node": "Scanning Electron Microscopy (SEM)",
        "relationship": "used_to_characterize",
        "end_node": "Film Morphology"
    },
    {
        "start_node": "Biosensing Applications",
        "relationship": "potential_use",
        "end_node": "Electropolymerized Polymer Films"
    }
]