[
    {
        "start_node": "PET-RAFT",
        "relationship": "technique",
        "end_node": "photopolymerization"
    },
    {
        "start_node": "PET-RAFT",
        "relationship": "enhance",
        "end_node": "monomer family"
    },
    {
        "start_node": "monomer family",
        "relationship": "compatible with",
        "end_node": "PET-RAFT polymerization"
    },
    {
        "start_node": "PET-RAFT",
        "relationship": "impact on",
        "end_node": "porphyrin-based photocatalysts"
    },
    {
        "start_node": "PET-RAFT",
        "relationship": "enable",
        "end_node": "light radiation harnessing"
    },
    {
        "start_node": "PET-RAFT",
        "relationship": "extend",
        "end_node": "versatility"
    },
    {
        "start_node": "PET-RAFT",
        "relationship": "integration with",
        "end_node": "combinatorial technologies"
    },
    {
        "start_node": "PET-RAFT",
        "relationship": "application in",
        "end_node": "bioapplications"
    },
    {
        "start_node": "PET-RAFT polymerization",
        "relationship": "advancement of",
        "end_node": "biomaterials"
    },
    {
        "start_node": "PET-RAFT",
        "relationship": "future prospects",
        "end_node": "innovations and applications"
    }
]