[
    {
        "start_node": "Selective Adsorbents",
        "relationship": "Progress",
        "end_node": "Recent Years"
    },
    {
        "start_node": "Preparation",
        "relationship": "Involves",
        "end_node": "Selective Adsorbents"
    },
    {
        "start_node": "Complex Sample Pretreatment",
        "relationship": "Importance",
        "end_node": "Qualitative Analysis"
    },
    {
        "start_node": "Complex Sample Pretreatment",
        "relationship": "Importance",
        "end_node": "Quantitative Analysis"
    },
    {
        "start_node": "Adsorbents (Material Science)",
        "relationship": "Role in",
        "end_node": "Sample Pretreatment"
    },
    {
        "start_node": "Molecularly Imprinted Polymers",
        "relationship": "Challenges",
        "end_node": "Template Leakage"
    },
    {
        "start_node": "Molecularly Imprinted Polymers",
        "relationship": "Challenges",
        "end_node": "Low Adsorption Capacity"
    },
    {
        "start_node": "Molecularly Imprinted Polymers",
        "relationship": "Challenges",
        "end_node": "Macromolecular Interference"
    },
    {
        "start_node": "Molecularly Imprinted Polymers",
        "relationship": "Challenges",
        "end_node": "Aqueous Recognition"
    },
    {
        "start_node": "Non-Imprinted Selective Adsorbents",
        "relationship": "Discussion",
        "end_node": "Representative Types"
    },
    {
        "start_node": "Selectivity",
        "relationship": "Focus on",
        "end_node": "Selective Adsorbents"
    },
    {
        "start_node": "Application",
        "relationship": "Focus on",
        "end_node": "Complex Sample Pretreatment"
    },
    {
        "start_node": "Conclusion",
        "relationship": "Presented in",
        "end_node": "Review"
    },
    {
        "start_node": "Future Developments",
        "relationship": "Assessment",
        "end_node": "Area"
    }
]