[
    {
        "start_node": "COF",
        "relationship": "study",
        "end_node": "Li12F12"
    },
    {
        "start_node": "Li12F12",
        "relationship": "hydrogen_storage",
        "end_node": "nano-cage"
    },
    {
        "start_node": "nano-cage",
        "relationship": "property",
        "end_node": "hydrogen_gravimetric_density"
    },
    {
        "start_node": "hydrogen_gravimetric_density",
        "relationship": "value",
        "end_node": "7.14 wt%"
    },
    {
        "start_node": "hydrogen_gravimetric_density",
        "relationship": "target",
        "end_node": "DOE_2017"
    },
    {
        "start_node": "DOE_2017",
        "relationship": "year",
        "end_node": "2017"
    },
    {
        "start_node": "Li12F12",
        "relationship": "adsorption_energy",
        "end_node": "-0.161 eV/H-2"
    },
    {
        "start_node": "-0.161 eV/H-2",
        "relationship": "desirable_for",
        "end_node": "ambient_conditions"
    },
    {
        "start_node": "hydrogen_storage_materials",
        "relationship": "future_implication",
        "end_node": "design"
    }
]