[
    {
        "start_node": "COF",
        "relationship": "contain",
        "end_node": "porous molecular crystal (TSCl)"
    },
    {
        "start_node": "TSCl",
        "relationship": "synthesis",
        "end_node": "tetrakis(4-sulfophenylmethane)"
    },
    {
        "start_node": "TSCl",
        "relationship": "crystal structure prediction",
        "end_node": "CSP"
    },
    {
        "start_node": "CSP",
        "relationship": "explains",
        "end_node": "driving force"
    },
    {
        "start_node": "CSP",
        "relationship": "predicts",
        "end_node": "porous phase formation"
    },
    {
        "start_node": "TSCl",
        "relationship": "property",
        "end_node": "permanently porous"
    },
    {
        "start_node": "TSCl",
        "relationship": "adsorption",
        "end_node": "CO2"
    },
    {
        "start_node": "TSCl",
        "relationship": "adsorption comparison",
        "end_node": "N-2, H-2, CH4"
    },
    {
        "start_node": "TSCl",
        "relationship": "gas sorption",
        "end_node": "74 cm(3) g(-1) @ 195 K"
    },
    {
        "start_node": "CSP",
        "relationship": "reveals",
        "end_node": "weak hydrogen bonds, strong dispersion interactions"
    },
    {
        "start_node": "CSP",
        "relationship": "applies to",
        "end_node": "crystal engineering (non-directional interactions)"
    }
]