[
    {
        "start_node": "Harmony",
        "relationship": "discusses",
        "end_node": "Charge transport"
    },
    {
        "start_node": "Charge transport",
        "relationship": "critical",
        "end_node": "Battery materials"
    },
    {
        "start_node": "Materials",
        "relationship": "balance",
        "end_node": "Structure, ion, electron transport"
    },
    {
        "start_node": "Polymeric materials",
        "relationship": "new type",
        "end_node": "Highly soluble redox-active polymers"
    },
    {
        "start_node": "Redox-active polymers",
        "relationship": "determine",
        "end_node": "Reaction mechanisms"
    },
    {
        "start_node": "Polymeric materials",
        "relationship": "includes",
        "end_node": "2D materials"
    },
    {
        "start_node": "Enhancing",
        "relationship": "strategies for",
        "end_node": "Electrochemical performance"
    },
    {
        "start_node": "Ion transfer mechanisms",
        "relationship": "important",
        "end_node": "Determining ion transfer"
    },
    {
        "start_node": "Ionically sensitive methods",
        "relationship": "exploring",
        "end_node": "Ion-redox reactivity"
    },
    {
        "start_node": "Ultrathin anodes",
        "relationship": "examples of",
        "end_node": "Ion batteries"
    },
    {
        "start_node": "Interfaces",
        "relationship": "focus on",
        "end_node": "Ion batteries"
    },
    {
        "start_node": "Reactivity",
        "relationship": "control of",
        "end_node": "Energy storage materials"
    },
    {
        "start_node": "Perspective",
        "relationship": "provides",
        "end_node": "New approaches, understanding"
    }
]