[
    {
        "start_node": "COF",
        "relationship": "mechanochemically_synthesized",
        "end_node": "Polyimides"
    },
    {
        "start_node": "Polyimides",
        "relationship": "yield",
        "end_node": "99%"
    },
    {
        "start_node": "Polyimides",
        "relationship": "synthesis_time",
        "end_node": "1 hour"
    },
    {
        "start_node": "Solvent-free_vibrational_ball_milling",
        "relationship": "method",
        "end_node": "preparation"
    },
    {
        "start_node": "Thermal_treatment_step",
        "relationship": "follows",
        "end_node": "ball_milling"
    },
    {
        "start_node": "Additives",
        "relationship": "explored",
        "end_node": "Lewis_acids, Lewis_bases, dehydrating_agents"
    },
    {
        "start_node": "Polyamic_acid_intermediate",
        "relationship": "identified",
        "end_node": "reaction_pathway"
    },
    {
        "start_node": "Substrates",
        "relationship": "adopted_to",
        "end_node": "perylene_tetracarboxylic_acid_dianhydride, melamine"
    },
    {
        "start_node": "Solution-based_processes",
        "relationship": "compared_to",
        "end_node": "presented_method"
    },
    {
        "start_node": "Water_removal",
        "relationship": "crucial_step",
        "end_node": "reaction_mechanism"
    },
    {
        "start_node": "Presented_method",
        "relationship": "advantages",
        "end_node": "faster, more_versatile"
    }
]