[
    {
        "start_node": "COF",
        "relationship": "contain",
        "end_node": "2D polymer"
    },
    {
        "start_node": "COF",
        "relationship": "contain",
        "end_node": "semiconducting 2DP/2D TMDC heterostructure"
    },
    {
        "start_node": "2D polymer",
        "relationship": "form",
        "end_node": "heterostructure"
    },
    {
        "start_node": "heterostructure",
        "relationship": "consist_of",
        "end_node": "2DP"
    },
    {
        "start_node": "heterostructure",
        "relationship": "consist_of",
        "end_node": "MoS2"
    },
    {
        "start_node": "2DP",
        "relationship": "couple_with",
        "end_node": "MoS2"
    },
    {
        "start_node": "2DP",
        "relationship": "photoluminescence",
        "end_node": "enhanced"
    },
    {
        "start_node": "2DP",
        "relationship": "thickness_dependent",
        "end_node": "dynamics"
    },
    {
        "start_node": "2DP/MoS2",
        "relationship": "modulate",
        "end_node": "excited state dynamics"
    },
    {
        "start_node": "2DP/MoS2",
        "relationship": "emergent quantum phenomena",
        "end_node": "tunable"
    }
]