[
    {
        "start_node": "COF",
        "relationship": "mention",
        "end_node": "carbon capture and utilization"
    },
    {
        "start_node": "CO2",
        "relationship": "conversion",
        "end_node": "fuel"
    },
    {
        "start_node": "CO2",
        "relationship": "conversion",
        "end_node": "fine chemicals"
    },
    {
        "start_node": "Ni",
        "relationship": "catalyst",
        "end_node": "photo-mediated CO2 conversion"
    },
    {
        "start_node": "Ni",
        "relationship": "yield and selectivity",
        "end_node": "good"
    },
    {
        "start_node": "CO2",
        "relationship": "reduction",
        "end_node": "formic acid"
    },
    {
        "start_node": "formic acid",
        "relationship": "green fuel",
        "end_node": "prospective"
    },
    {
        "start_node": "formic acid",
        "relationship": "industrial use",
        "end_node": "starting material"
    },
    {
        "start_node": "carboxylic acids",
        "relationship": "widespread use",
        "end_node": "pharmaceuticals"
    },
    {
        "start_node": "carboxylic acids",
        "relationship": "widespread use",
        "end_node": "pesticides"
    },
    {
        "start_node": "carboxylic acids",
        "relationship": "widespread use",
        "end_node": "dyes"
    },
    {
        "start_node": "nickel catalysis",
        "relationship": "photo-assisted",
        "end_node": "green synthesis"
    },
    {
        "start_node": "nickel",
        "relationship": "oxidation states",
        "end_node": "single electron transfer"
    },
    {
        "start_node": "chelating ligand",
        "relationship": "role",
        "end_node": "promoting SET"
    }
]