[
    {
        "start_node": "COF",
        "relationship": "synthesized_from",
        "end_node": "intrinsically microporous network polymer"
    },
    {
        "start_node": "polymer",
        "relationship": "contains",
        "end_node": "quaternary carbon center"
    },
    {
        "start_node": "polymer",
        "relationship": "contains",
        "end_node": "trifluorovinyl ether groups"
    },
    {
        "start_node": "polymer",
        "relationship": "has_property",
        "end_node": "micropores (avg size: 8 Å)"
    },
    {
        "start_node": "micropores",
        "relationship": "result_from",
        "end_node": "thermo-cross-linking"
    },
    {
        "start_node": "polymer",
        "relationship": "exhibits",
        "end_node": "good dielectric properties (D-k: 2.36, D-f: 1.29e-3 @ 5 GHz)"
    },
    {
        "start_node": "polymer",
        "relationship": "water_uptake",
        "end_node": "<0.08% (99°C, 72h)"
    },
    {
        "start_node": "polymer",
        "relationship": "high_transparency",
        "end_node": "93% (400-1100 nm)"
    },
    {
        "start_node": "polymer",
        "relationship": "loss_temperature",
        "end_node": "492°C (5 wt%, N-2)"
    },
    {
        "start_node": "polymer",
        "relationship": "Youngs_modulus",
        "end_node": "4.95 GPa"
    },
    {
        "start_node": "polymer",
        "relationship": "suitable_for",
        "end_node": "HF-PCB matrix resin"
    },
    {
        "start_node": "strategy",
        "relationship": "employs",
        "end_node": "spontaneously forming pores"
    },
    {
        "start_node": "work",
        "relationship": "first_example_of",
        "end_node": "low D-k and D-f polymer"
    },
    {
        "start_node": "application",
        "relationship": "importance_in",
        "end_node": "industrial"
    }
]