[
    {
        "start_node": "COF",
        "relationship": "contain",
        "end_node": "Novel Bismaleimide Porous Polymer"
    },
    {
        "start_node": "PBMs",
        "relationship": "fabricate",
        "end_node": "microsphere"
    },
    {
        "start_node": "self-stabilized precipitation polymerization",
        "relationship": "method",
        "end_node": "PBMs"
    },
    {
        "start_node": "monomers",
        "relationship": "feed",
        "end_node": "bismaleimide, divinylbenzene"
    },
    {
        "start_node": "dispersants",
        "relationship": "absence",
        "end_node": ""
    },
    {
        "start_node": "particle size",
        "relationship": "tailored",
        "end_node": "1.37 μm"
    },
    {
        "start_node": "surface area",
        "relationship": "max",
        "end_node": "556.25 m²/g"
    },
    {
        "start_node": "pore volume",
        "relationship": "max",
        "end_node": "0.48 cm³/g"
    },
    {
        "start_node": "PBMs@Pd",
        "relationship": "synthesis",
        "end_node": "PBM with Pd nanoparticles"
    },
    {
        "start_node": "catalytic microreactor",
        "relationship": "application",
        "end_node": "PBMs@Pd"
    },
    {
        "start_node": "catalyst",
        "relationship": "use",
        "end_node": "4-nitrophenol reduction"
    },
    {
        "start_node": "Pd",
        "relationship": "catalyst_material",
        "end_node": "PBMs@Pd"
    },
    {
        "start_node": "turnover frequency",
        "relationship": "value",
        "end_node": "967.92 h⁻¹"
    },
    {
        "start_node": "recyclability",
        "relationship": "property",
        "end_node": "excellent"
    },
    {
        "start_node": "PBMs@Pd",
        "relationship": "field_applications",
        "end_node": "catalysis, adsorption, energy storage"
    }
]