[
    {
        "start_node": "COF",
        "relationship": "type_of",
        "end_node": "Ionic COF"
    },
    {
        "start_node": "Ionic COF",
        "relationship": "feature",
        "end_node": "crystallinity"
    },
    {
        "start_node": "Ionic COF",
        "relationship": "feature",
        "end_node": "charged sites"
    },
    {
        "start_node": "charged sites",
        "relationship": "facilitate",
        "end_node": "separation"
    },
    {
        "start_node": "charged sites",
        "relationship": "facilitate",
        "end_node": "ion conduction"
    },
    {
        "start_node": "charged sites",
        "relationship": "facilitate",
        "end_node": "sensing"
    },
    {
        "start_node": "charged sites",
        "relationship": "facilitate",
        "end_node": "catalysis"
    },
    {
        "start_node": "charged sites",
        "relationship": "facilitate",
        "end_node": "energy storage"
    },
    {
        "start_node": "design",
        "relationship": "involve",
        "end_node": "Ionic COF"
    },
    {
        "start_node": "construction",
        "relationship": "involve",
        "end_node": "Ionic COF"
    },
    {
        "start_node": "Ionic COFs",
        "relationship": "classified_by",
        "end_node": "charged site types"
    },
    {
        "start_node": "structure-function relationship",
        "relationship": "explored_in",
        "end_node": "review"
    },
    {
        "start_node": "opportunities",
        "relationship": "summarized",
        "end_node": "Ionic COFs"
    },
    {
        "start_node": "challenges",
        "relationship": "summarized",
        "end_node": "Ionic COFs"
    }
]