[
    {
        "start_node": "COF",
        "relationship": "contain",
        "end_node": "2,2'-biimidazole-based HCPs"
    },
    {
        "start_node": "BIMM-3",
        "relationship": "is",
        "end_node": "2,2'-biimidazole-based HCPs"
    },
    {
        "start_node": "BIMM-4",
        "relationship": "is",
        "end_node": "2,2'-biimidazole-based HCPs"
    },
    {
        "start_node": "synthetic strategy",
        "relationship": "used_for",
        "end_node": "BIMM-3, BIMM-4 preparation"
    },
    {
        "start_node": "nitrogen-rich 2,2'-biimidazole",
        "relationship": "component",
        "end_node": "BIMM-3, BIMM-4"
    },
    {
        "start_node": "triiodomethane",
        "relationship": "reactant",
        "end_node": "BIMM-3 preparation"
    },
    {
        "start_node": "tetra-iodine methane",
        "relationship": "reactant",
        "end_node": "BIMM-4 preparation"
    },
    {
        "start_node": "BIMM-3",
        "relationship": "property",
        "end_node": "high iodine uptake capacity"
    },
    {
        "start_node": "BIMM-4",
        "relationship": "property",
        "end_node": "high iodine uptake capacity"
    },
    {
        "start_node": "BIMM-3",
        "relationship": "application",
        "end_node": "adsorbent for environmental applications"
    },
    {
        "start_node": "BIMM-4",
        "relationship": "application",
        "end_node": "adsorbent for environmental applications"
    },
    {
        "start_node": "BIMM-3",
        "relationship": "detects",
        "end_node": "2,4-dinitrophenol (DNP)"
    },
    {
        "start_node": "BIMM-4",
        "relationship": "detects",
        "end_node": "2,4-dinitrophenol (DNP)"
    },
    {
        "start_node": "BIMM-3",
        "relationship": "quenching constant",
        "end_node": "5.69 x 10^4 L mol^-1"
    },
    {
        "start_node": "BIMM-4",
        "relationship": "quenching constant",
        "end_node": "4.71 x 10^4 L mol^-1"
    },
    {
        "start_node": "BIMM-3",
        "relationship": "limit of detection",
        "end_node": "5.27 x 10^-9 mol L^-1"
    },
    {
        "start_node": "BIMM-4",
        "relationship": "limit of detection",
        "end_node": "6.37 x 10^-9 mol L^-1"
    }
]