[
    {
        "start_node": "Drug Delivery",
        "relationship": "focus_on",
        "end_node": "NCTP"
    },
    {
        "start_node": "NCTP",
        "relationship": "is_a",
        "end_node": "Nano-polymer Composite"
    },
    {
        "start_node": "NCTP",
        "relationship": "has_structure",
        "end_node": "Triazine Skeleton"
    },
    {
        "start_node": "Triazine Skeleton",
        "relationship": "characteristic_of",
        "end_node": "CTP"
    },
    {
        "start_node": "CTP",
        "relationship": "property",
        "end_node": "high surface area"
    },
    {
        "start_node": "CTP",
        "relationship": "property",
        "end_node": "porous structure"
    },
    {
        "start_node": "NCTP",
        "relationship": "synthesized_by",
        "end_node": "Friedel-Crafts reaction"
    },
    {
        "start_node": "NCTP",
        "relationship": "used_for",
        "end_node": "controlled release"
    },
    {
        "start_node": "NCTP",
        "relationship": "displays",
        "end_node": "excellent dispersibility"
    },
    {
        "start_node": "NCTP",
        "relationship": "contains",
        "end_node": "doxorubicin (DOX)"
    },
    {
        "start_node": "DOX",
        "relationship": "is",
        "end_node": "anticancer drug"
    },
    {
        "start_node": "NCTP",
        "relationship": "loading_method",
        "end_node": "- interactions and hydrophobic nature"
    },
    {
        "start_node": "NCTP",
        "relationship": "tested_against",
        "end_node": "CaSki cells"
    },
    {
        "start_node": "NCTP",
        "relationship": "tested_against",
        "end_node": "HeLa cells"
    },
    {
        "start_node": "NCTP",
        "relationship": "toxicity_test_result",
        "end_node": "high efficacy"
    }
]