[
    {
        "start_node": "COF",
        "relationship": "calculate",
        "end_node": "directional COFs"
    },
    {
        "start_node": "pavement texture",
        "relationship": "consider",
        "end_node": "directionality"
    },
    {
        "start_node": "pavement texture",
        "relationship": "characteristics",
        "end_node": "directional"
    },
    {
        "start_node": "topographic prominence",
        "relationship": "employ",
        "end_node": "contact peaks"
    },
    {
        "start_node": "peaks",
        "relationship": "contact with",
        "end_node": "tire rubber"
    },
    {
        "start_node": "tire rubber",
        "relationship": "sliding friction",
        "end_node": "directional COFs"
    },
    {
        "start_node": "calculated directional COFs",
        "relationship": "validate",
        "end_node": "experimentally measured values"
    }
]