[
    {
        "start_node": "COPY",
        "relationship": "is_analog_of",
        "end_node": "graphdiyne"
    },
    {
        "start_node": "COPY",
        "relationship": "synthesized_from",
        "end_node": "1,3,6,8-tetraethynylpyrene"
    },
    {
        "start_node": "COPY",
        "relationship": "characterized_by",
        "end_node": "HR-SEM, TEM, AFM, FT-IR, Raman, XRD, XPS"
    },
    {
        "start_node": "COPY",
        "relationship": "has_electron_delocalization",
        "end_node": "pi electrons"
    },
    {
        "start_node": "COPY",
        "relationship": "has_bandgap",
        "end_node": "tunable"
    },
    {
        "start_node": "COPY",
        "relationship": "has_conductivity",
        "end_node": "1.16 x 10^(-3) S m^(-1)"
    },
    {
        "start_node": "COPY",
        "relationship": "used_for",
        "end_node": "oil-water separation"
    },
    {
        "start_node": "COPY",
        "relationship": "incorporated_in",
        "end_node": "cotton fabric"
    },
    {
        "start_node": "COPY",
        "relationship": "has_superhydrophobicity",
        "end_node": "contact angle: 154.4 degrees"
    },
    {
        "start_node": "COPY",
        "relationship": "application",
        "end_node": "water repellency, anti-corrosion, biosensing"
    }
]