[
    {
        "start_node": "COF",
        "relationship": "contain",
        "end_node": "COF material (1,3,5-triformylphloroglucinol-P-phenylenediamine)"
    },
    {
        "start_node": "QDs-grafted COFs",
        "relationship": "contain",
        "end_node": "CdSe/ZnS QDs"
    },
    {
        "start_node": "QDs-grafted COFs",
        "relationship": "used_for",
        "end_node": "MIPs synthesis"
    },
    {
        "start_node": "MIPs",
        "relationship": "detect",
        "end_node": "quinoxaline-2-carboxylic acid (QCA)"
    },
    {
        "start_node": "MIPs",
        "relationship": "property",
        "end_node": "chemical selectivity"
    },
    {
        "start_node": "MIPs",
        "relationship": "property",
        "end_node": "thermal stability"
    },
    {
        "start_node": "MIPs",
        "relationship": "application",
        "end_node": "food safety"
    },
    {
        "start_node": "MIPs",
        "relationship": "application",
        "end_node": "environmental control"
    }
]