[
    {
        "start_node": "COF",
        "relationship": "synthetic_protocol",
        "end_node": "Ullmann"
    },
    {
        "start_node": "Melamine-based COF",
        "relationship": "prepared_by",
        "end_node": "Ullmann synthetic protocol"
    },
    {
        "start_node": "Ullmann synthetic protocol",
        "relationship": "catalyst",
        "end_node": "soluble copper(I) complex"
    },
    {
        "start_node": "Melamine",
        "relationship": "reactant",
        "end_node": "Melamine-based COF"
    },
    {
        "start_node": "Aryl halides",
        "relationship": "reactant",
        "end_node": "Melamine-based COF"
    },
    {
        "start_node": "Melamine-based COF",
        "relationship": "property",
        "end_node": "porous"
    },
    {
        "start_node": "Melamine-based COF",
        "relationship": "surface_area",
        "end_node": "19.8 m²/g"
    },
    {
        "start_node": "Melamine-based COF",
        "relationship": "measurement",
        "end_node": "N-2 adsorption"
    },
    {
        "start_node": "N-2 adsorption",
        "relationship": "temperature",
        "end_node": "77 K"
    },
    {
        "start_node": "Melamine-based COF",
        "relationship": "storage_capacity",
        "end_node": "1.17 wt.%"
    },
    {
        "start_node": "Storage capacity",
        "relationship": "pressure",
        "end_node": "20 bar"
    },
    {
        "start_node": "Melamine-based COF",
        "relationship": "storage_condition",
        "end_node": "77 K"
    }
]