[
    {
        "start_node": "Review",
        "relationship": "discusses",
        "end_node": "Removal of Iodine/Iodide"
    },
    {
        "start_node": "Removal Techniques",
        "relationship": "consists_of",
        "end_node": "Metal-organic frameworks"
    },
    {
        "start_node": "Removal Techniques",
        "relationship": "consists_of",
        "end_node": "Layered double hydroxides"
    },
    {
        "start_node": "Removal Techniques",
        "relationship": "consists_of",
        "end_node": "Ion-exchange resins"
    },
    {
        "start_node": "Removal Techniques",
        "relationship": "consists_of",
        "end_node": "Silver"
    },
    {
        "start_node": "Removal Techniques",
        "relationship": "consists_of",
        "end_node": "Polymers"
    },
    {
        "start_node": "Removal Techniques",
        "relationship": "consists_of",
        "end_node": "Bismuth"
    },
    {
        "start_node": "Removal Techniques",
        "relationship": "consists_of",
        "end_node": "Carbon"
    },
    {
        "start_node": "Removal Techniques",
        "relationship": "consists_of",
        "end_node": "Soil"
    },
    {
        "start_node": "Removal Techniques",
        "relationship": "consists_of",
        "end_node": "MXenes"
    },
    {
        "start_node": "Removal Techniques",
        "relationship": "consists_of",
        "end_node": "Magnetic-based materials"
    },
    {
        "start_node": "Removal Techniques",
        "relationship": "focuses_on",
        "end_node": "Absorption"
    },
    {
        "start_node": "Iodine",
        "relationship": "element_in",
        "end_node": "VIIA group"
    },
    {
        "start_node": "Iodine",
        "relationship": "contamination_source",
        "end_node": "Environment"
    },
    {
        "start_node": "Iodide",
        "relationship": "form_of",
        "end_node": "Iodine"
    },
    {
        "start_node": "Iodide",
        "relationship": "impact",
        "end_node": "Food chain"
    },
    {
        "start_node": "Human Health",
        "relationship": "affected_by",
        "end_node": "Iodine/Iodide contamination"
    }
]