[
    {
        "start_node": "COF",
        "relationship": "contain",
        "end_node": "CTF-1"
    },
    {
        "start_node": "COF",
        "relationship": "contain",
        "end_node": "TzTz-TA"
    },
    {
        "start_node": "TzTz-TA",
        "relationship": "type",
        "end_node": "CMPs"
    },
    {
        "start_node": "TzTz-TA",
        "relationship": "assemble_from",
        "end_node": "2,4,6-tris(4-formylphenyl)-1,3,5-triazine"
    },
    {
        "start_node": "TzTz-TA",
        "relationship": "assemble_from",
        "end_node": "dithiooxamide"
    },
    {
        "start_node": "TzTz-TA",
        "relationship": "property",
        "end_node": "energy gap (Eg)"
    },
    {
        "start_node": "TzTz-TA",
        "relationship": "property",
        "end_node": "photocurrent"
    },
    {
        "start_node": "TzTz-TA",
        "relationship": "property",
        "end_node": "charge carrier lifetime"
    },
    {
        "start_node": "TzTz-TA",
        "relationship": "property",
        "end_node": "reduction potential"
    },
    {
        "start_node": "TzTz-TA",
        "relationship": "catalyzes",
        "end_node": "blue light-mediated oxidation of sulfides to sulfoxides"
    },
    {
        "start_node": "TzTz-TA",
        "relationship": "stability",
        "end_node": "recycling stability"
    },
    {
        "start_node": "TzTz-TA",
        "relationship": "feature",
        "end_node": "induction period"
    },
    {
        "start_node": "TzTz-TA",
        "relationship": "application",
        "end_node": "oxidative transformation of organic molecules with O-2"
    }
]