[
    {
        "start_node": "COF",
        "relationship": "contain",
        "end_node": "CPTF@FACC"
    },
    {
        "start_node": "CPTF@FACC",
        "relationship": "used_for",
        "end_node": "oxygenation_reactions"
    },
    {
        "start_node": "CPTF@FACC",
        "relationship": "used_for",
        "end_node": "coenzyme_regeneration"
    },
    {
        "start_node": "CPTF@FACC",
        "relationship": "property",
        "end_node": "solar_light_harvesting"
    },
    {
        "start_node": "CPTF@FACC",
        "relationship": "property",
        "end_node": "photocatalytic_centers"
    },
    {
        "start_node": "CPTF@FACC",
        "relationship": "property",
        "end_node": "high_molar_extinction_coefficient"
    },
    {
        "start_node": "CPTF@FACC",
        "relationship": "property",
        "end_node": "charge_transport_ability"
    },
    {
        "start_node": "CPTF@FACC",
        "relationship": "property",
        "end_node": "optical_band_gap"
    },
    {
        "start_node": "CPTF@FACC",
        "relationship": "catalyzes",
        "end_node": "sulfoxidation"
    },
    {
        "start_node": "CPTF@FACC",
        "relationship": "catalyzes",
        "end_node": "epoxidation"
    },
    {
        "start_node": "CPTF@FACC",
        "relationship": "catalyzes",
        "end_node": "H2O2_production"
    },
    {
        "start_node": "CPTF@FACC",
        "relationship": "yield",
        "end_node": "97%-98%",
        "context": "isopropyl_alcohol"
    },
    {
        "start_node": "CPTF@FACC",
        "relationship": "catalyzes",
        "end_node": "NADH_regeneration",
        "yield": "81.1%"
    },
    {
        "start_node": "CPTF@FACC",
        "relationship": "catalyzes",
        "end_node": "NADPH_regeneration",
        "yield": "73.1%"
    }
]