[
    {
        "start_node": "COF",
        "relationship": "contain",
        "end_node": "NOP-1-6"
    },
    {
        "start_node": "NOP-1-6",
        "relationship": "synthesized_from",
        "end_node": "2,4,6-trichloro-1,3,5-triazine"
    },
    {
        "start_node": "NOP-1-6",
        "relationship": "synthesized_from",
        "end_node": "tetrahedral building blocks"
    },
    {
        "start_node": "NOP-3",
        "relationship": "part_of",
        "end_node": "NOP-1-6"
    },
    {
        "start_node": "NOP-3",
        "relationship": "property",
        "end_node": "high BET surface area (894 m²/g)"
    },
    {
        "start_node": "NOP-3",
        "relationship": "property",
        "end_node": "total volume (0.41 m³/g)"
    },
    {
        "start_node": "NOP-3",
        "relationship": "gas_adsorption",
        "end_node": "hydrogen (1.14 wt% @ 77 K/1.0 bar)"
    },
    {
        "start_node": "NOP-3",
        "relationship": "gas_uptake",
        "end_node": "CO2 (11.03 wt% @ 273 K/1.0 bar)"
    },
    {
        "start_node": "NOP-3",
        "relationship": "selectivity",
        "end_node": "CO2/N-2 (38.7 @ 273 K/1.0 bar)"
    },
    {
        "start_node": "NOP-3",
        "relationship": "application",
        "end_node": "gas adsorption and separation"
    }
]