[
    {
        "start_node": "COF",
        "relationship": "contain",
        "end_node": "Porous aromatic frameworks (PAFs)"
    },
    {
        "start_node": "PAFs",
        "relationship": "property",
        "end_node": "high porosity"
    },
    {
        "start_node": "PAFs",
        "relationship": "property",
        "end_node": "high surface area"
    },
    {
        "start_node": "PAFs",
        "relationship": "property",
        "end_node": "high physicochemical stability"
    },
    {
        "start_node": "PAFs",
        "relationship": "application",
        "end_node": "heterogeneous catalysts"
    },
    {
        "start_node": "Suzuki-Miyaura cross-coupling",
        "relationship": "method",
        "end_node": "synthesis of PAFs"
    },
    {
        "start_node": "PAF(Ad)",
        "relationship": "derivative",
        "end_node": "tetra-phenyladamantane"
    },
    {
        "start_node": "PAF(C)",
        "relationship": "derivative",
        "end_node": "tetraphenylmethane"
    },
    {
        "start_node": "PAF(spf)",
        "relationship": "derivative",
        "end_node": "9,9'-spirobisfluorene"
    },
    {
        "start_node": "PAF-Im",
        "relationship": "functionalization",
        "end_node": "imidazolium chloride derivative"
    },
    {
        "start_node": "NHC",
        "relationship": "formed with",
        "end_node": "PAF-(NHC)Ir, PAF-(NHC)Ru"
    },
    {
        "start_node": "PAF-(NHC)Ir",
        "relationship": "catalyst",
        "end_node": "N-alkylation of amines"
    },
    {
        "start_node": "PAF-(NHC)Ru",
        "relationship": "catalyst",
        "end_node": "transfer hydrogenation of ketones"
    },
    {
        "start_node": "catalytic cycles",
        "relationship": "used in",
        "end_node": "multiple"
    }
]