[
    {
        "start_node": "TI",
        "relationship": "discusses",
        "end_node": "exfoliation"
    },
    {
        "start_node": "exfoliation",
        "relationship": "applies_to",
        "end_node": "Cd-II-Purine Framework"
    },
    {
        "start_node": "Cd-II-Purine Framework",
        "relationship": "converts_to",
        "end_node": "nanosheets"
    },
    {
        "start_node": "nanosheets",
        "relationship": "converts_to",
        "end_node": "nanofibers"
    },
    {
        "start_node": "process",
        "relationship": "uses",
        "end_node": "sonication-assisted liquid exfoliation"
    },
    {
        "start_node": "sonication-assisted liquid exfoliation",
        "relationship": "studied_at",
        "end_node": "low temperatures"
    },
    {
        "start_node": "1",
        "relationship": "is_conformational_polymorph_of",
        "end_node": "3"
    },
    {
        "start_node": "3",
        "relationship": "single_crystal_to_single_crystal_transformation_from",
        "end_node": "2"
    },
    {
        "start_node": "properties",
        "relationship": "measures",
        "end_node": "Young's modulus"
    },
    {
        "start_node": "nanostructures",
        "relationship": "measures",
        "end_node": "surface potential"
    },
    {
        "start_node": "nanostructures",
        "relationship": "possesses",
        "end_node": "elastic properties"
    },
    {
        "start_node": "nanostructures",
        "relationship": "possesses",
        "end_node": "capacitive properties"
    },
    {
        "start_node": "electronics",
        "relationship": "application_for",
        "end_node": "elasticity"
    },
    {
        "start_node": "energy devices",
        "relationship": "application_for",
        "end_node": "capacitance"
    },
    {
        "start_node": "Cd-II-framework",
        "relationship": "has_higher_capacitance_than",
        "end_node": "ligand"
    },
    {
        "start_node": "impedance spectroscopy",
        "relationship": "performs",
        "end_node": "measurements"
    }
]