[
    {
        "start_node": "COF",
        "relationship": "contain",
        "end_node": "indenone azine"
    },
    {
        "start_node": "indenone azine",
        "relationship": "synthesized as",
        "end_node": "electron-accepting pi-conjugated system"
    },
    {
        "start_node": "indenone azine",
        "relationship": "structural modification",
        "end_node": "E,E/Z,Z diastereomers"
    },
    {
        "start_node": "indenone azine",
        "relationship": "X-ray analysis",
        "end_node": "high coplanarity"
    },
    {
        "start_node": "indenone azine",
        "relationship": "comparison",
        "end_node": "isoindigo dyes (electron acceptor)"
    },
    {
        "start_node": "7,7'-dihydroxy-substituted indenone azine",
        "relationship": "property",
        "end_node": "enhanced electron acceptor, red-shifted photoabsorption"
    },
    {
        "start_node": "indenone azine",
        "relationship": "application",
        "end_node": "optoelectronic materials"
    }
]