[
    {
        "start_node": "COF",
        "relationship": "contain",
        "end_node": "PCT-1"
    },
    {
        "start_node": "strategy",
        "relationship": "describe",
        "end_node": "design"
    },
    {
        "start_node": "design",
        "relationship": "aim",
        "end_node": "high-performance organic cathode"
    },
    {
        "start_node": "organic cathode",
        "relationship": "part_of",
        "end_node": "lithium-ion battery"
    },
    {
        "start_node": "redox-active",
        "relationship": "property",
        "end_node": "molecular assemblies"
    },
    {
        "start_node": "mixed-stacked charge-transfer (CT) complexes",
        "relationship": "method",
        "end_node": "assembly"
    },
    {
        "start_node": "hexahydroxytriphenylene",
        "relationship": "used_as",
        "end_node": "donor molecule"
    },
    {
        "start_node": "acceptor molecule",
        "relationship": "used_with",
        "end_node": "1,4,5,8,9,12-hexaazatriphenylene-2,3,6,7,10,11-hexacarbonitrile"
    },
    {
        "start_node": "PCT-1",
        "relationship": "structure",
        "end_node": "pseudo-hexagonal mixed columnar"
    },
    {
        "start_node": "X-ray diffraction",
        "relationship": "measurement",
        "end_node": "PCT-1"
    },
    {
        "start_node": "sorption experiments",
        "relationship": "demonstrated",
        "end_node": "intercolumnar spaces"
    },
    {
        "start_node": "capacity",
        "relationship": "showed",
        "end_node": "288 mA h g^(-1)"
    },
    {
        "start_node": "performance",
        "relationship": "attributed_to",
        "end_node": "redox-active units and porous structure"
    },
    {
        "start_node": "battery",
        "relationship": "contains",
        "end_node": "PCT-1"
    }
]