[
    {
        "start_node": "Photoswitchable",
        "relationship": "describe",
        "end_node": "dynamic conjugate addition-elimination reactions"
    },
    {
        "start_node": "Phototriggered click and clip reactions",
        "relationship": "belong_to",
        "end_node": "light-mediated reactions"
    },
    {
        "start_node": "Limited scope",
        "relationship": "challenge",
        "end_node": "previous methods"
    },
    {
        "start_node": "COF",
        "relationship": "contain",
        "end_node": "photoswitchable conjugate addition-elimination system"
    },
    {
        "start_node": "Photochromic dithienylethene switch",
        "relationship": "component_of",
        "end_node": "dynamic Michael reactions"
    },
    {
        "start_node": "Reactivity tuning",
        "relationship": "controlled_by",
        "end_node": "ring forms of dithienylethene"
    },
    {
        "start_node": "Thiol and amine nucleophiles",
        "relationship": "react_with",
        "end_node": "Michael acceptors"
    },
    {
        "start_node": "Antiaromaticity breaking",
        "relationship": "driving_force",
        "end_node": "photoinduced reaction changes"
    },
    {
        "start_node": "Light-mediated applications",
        "relationship": "include",
        "end_node": [
            "surface modification",
            "amphiphilic assembly regulation",
            "covalent polymer creation/degradation"
        ]
    },
    {
        "start_node": "Intelligent materials",
        "relationship": "future_application",
        "end_node": "responsive assemblies, biological delivery"
    },
    {
        "start_node": "Advantage",
        "relationship": "feature",
        "end_node": "light-mediated bond making/breaking"
    }
]