[
    {
        "start_node": "COF",
        "relationship": "contain",
        "end_node": "p-tert-butylcalix[4]arene"
    },
    {
        "start_node": "COF",
        "relationship": "inclusion",
        "end_node": "cresol"
    },
    {
        "start_node": "COF",
        "relationship": "inclusion",
        "end_node": "fluorophenol"
    },
    {
        "start_node": "COF",
        "relationship": "inclusion",
        "end_node": "bromophenol"
    },
    {
        "start_node": "COF",
        "relationship": "inclusion",
        "end_node": "chlorophenol"
    },
    {
        "start_node": "chlorophenol",
        "relationship": "selectivity",
        "end_node": "type-A (p-isomer)"
    },
    {
        "start_node": "chlorophenol",
        "relationship": "selectivity",
        "end_node": "type-B (o-isomer)"
    },
    {
        "start_node": "chlorophenol",
        "relationship": "selectivity",
        "end_node": "type-C (m-isomer + methanol)"
    },
    {
        "start_node": "decane",
        "relationship": "inclusion condition",
        "end_node": "type-A crystals"
    },
    {
        "start_node": "aqueous solution",
        "relationship": "inclusion condition",
        "end_node": "type-B crystals"
    },
    {
        "start_node": "methanol",
        "relationship": "co-inclusion additive",
        "end_node": "type-C crystals"
    }
]