[
    {
        "start_node": "Bioinspired",
        "relationship": "create",
        "end_node": "Membrane"
    },
    {
        "start_node": "Membrane",
        "relationship": "feature",
        "end_node": "2D"
    },
    {
        "start_node": "2D",
        "relationship": "part_of",
        "end_node": "Crown-Ether-Based"
    },
    {
        "start_node": "Crown-Ether-Based",
        "relationship": "contain",
        "end_node": "14C4 units"
    },
    {
        "start_node": "14C4 units",
        "relationship": "interact_with",
        "end_node": "water"
    },
    {
        "start_node": "water",
        "relationship": "form",
        "end_node": "hydrogen bond-networks"
    },
    {
        "start_node": "hydrogen bond-networks",
        "relationship": "aid",
        "end_node": "proton transport"
    },
    {
        "start_node": "proton transport",
        "relationship": "property",
        "end_node": "selective"
    },
    {
        "start_node": "Polyimine films",
        "relationship": "material",
        "end_node": "Membrane"
    },
    {
        "start_node": "Polyimine films",
        "relationship": "process",
        "end_node": "Schiff base reaction"
    },
    {
        "start_node": "Young's modulus",
        "relationship": "attribute",
        "end_node": "8.2 GPa"
    },
    {
        "start_node": "14C4 moieties",
        "relationship": "bind",
        "end_node": "alkali ions"
    },
    {
        "start_node": "Ion conductance",
        "relationship": "order",
        "end_node": "H+>> K+>Na+>Li+"
    },
    {
        "start_node": "Ion selectivity",
        "relationship": "measure",
        "end_node": "H+/Li+ (215)"
    }
]