[
    {
        "start_node": "COF",
        "relationship": "contains",
        "end_node": "heptazine-based polymeric frameworks"
    },
    {
        "start_node": "heptazine-based polymeric frameworks",
        "relationship": "used_for",
        "end_node": "photocatalyst"
    },
    {
        "start_node": "heptazine-based polymeric frameworks",
        "relationship": "used_for",
        "end_node": "solid base material"
    },
    {
        "start_node": "material design",
        "relationship": "focus_on",
        "end_node": "heptazine-based polymeric frameworks"
    },
    {
        "start_node": "precursor",
        "relationship": "used_to_synthesize",
        "end_node": "trichloroheptazine"
    },
    {
        "start_node": "soft linker",
        "relationship": "employed_in",
        "end_node": "polymeric networks"
    },
    {
        "start_node": "nitrogen rich",
        "relationship": "example_of",
        "end_node": "soft linker"
    },
    {
        "start_node": "tris(2-aminoethylamine)",
        "relationship": "example_of",
        "end_node": "nitrogen rich"
    },
    {
        "start_node": "hydrazine",
        "relationship": "example_of",
        "end_node": "nitrogen rich"
    },
    {
        "start_node": "polymeric networks",
        "relationship": "impact_on",
        "end_node": "band structure"
    },
    {
        "start_node": "polymeric networks",
        "relationship": "explored_for",
        "end_node": "photophysical properties"
    },
    {
        "start_node": "framework (aminoalkyl linker)",
        "relationship": "outperforms_in",
        "end_node": "photocatalysis"
    },
    {
        "start_node": "framework (aminoalkyl linker)",
        "relationship": "outperforms_in",
        "end_node": "heterogeneous base catalysis"
    },
    {
        "start_node": "N-atoms",
        "relationship": "active_sites_in",
        "end_node": "model catalysts"
    }
]