[
    {
        "start_node": "COF",
        "relationship": "contain",
        "end_node": "NH2-MIL-68(In)"
    },
    {
        "start_node": "NH2-MIL-68(In)",
        "relationship": "hybrid",
        "end_node": "MOF-In2S3"
    },
    {
        "start_node": "MOF-In2S3",
        "relationship": "coating",
        "end_node": "FcDc-TAPT COFs"
    },
    {
        "start_node": "FcDc-TAPT COFs",
        "relationship": "doping",
        "end_node": "La3+"
    },
    {
        "start_node": "FcDc-TAPT COFs",
        "relationship": "doping",
        "end_node": "Sb3+"
    },
    {
        "start_node": "La3+-doped MOF-In2S3@FcDc-TAPT COFs",
        "relationship": "enhanced",
        "end_node": "photocatalytic activity"
    },
    {
        "start_node": "Sb3+-doped MOF-In2S3@FcDc-TAPT COFs",
        "relationship": "removal",
        "end_node": "Cr(VI)"
    },
    {
        "start_node": "Sb3+-doped MOF-In2S3@FcDc-TAPT COFs",
        "relationship": "rate",
        "end_node": "99% (20 min)"
    },
    {
        "start_node": "Sb3+-doped MOF-In2S3@FcDc-TAPT COFs",
        "relationship": "kinetics",
        "end_node": "0.4307 min^(-1)"
    },
    {
        "start_node": "La3+ or Sb3+",
        "relationship": "inhibit",
        "end_node": "photogeneration electron"
    },
    {
        "start_node": "La3+ or Sb3+",
        "relationship": "promote",
        "end_node": "electron-hole pair separation"
    },
    {
        "start_node": "Sb3+-doped MOF-In2S3@FcDc-TAPT COFs",
        "relationship": "stability",
        "end_node": "95.39% (5x use)"
    },
    {
        "start_node": "Sb3+-doped MOF-In2S3@FcDc-TAPT COFs",
        "relationship": "unchanged",
        "end_node": "150 d"
    }
]