[
    {
        "start_node": "Supramolecular Framework",
        "relationship": "used_for",
        "end_node": "Membrane"
    },
    {
        "start_node": "Synthetic Framework Materials",
        "relationship": "application",
        "end_node": "Separation Membranes"
    },
    {
        "start_node": "2D Processible SF",
        "relationship": "derives_from",
        "end_node": "Supramolecular Framework"
    },
    {
        "start_node": "Organic Host-Guest Motifs",
        "relationship": "component_of",
        "end_node": "2D Processible SF"
    },
    {
        "start_node": "Inorganic Functional Polyanionic Clusters",
        "relationship": "component_of",
        "end_node": "2D Processible SF"
    },
    {
        "start_node": "2D SFs",
        "relationship": "property",
        "end_node": "Thickness and Flexibility"
    },
    {
        "start_node": "Solvent Modulation",
        "relationship": "controls",
        "end_node": "Interlayer Interactions"
    },
    {
        "start_node": "Optimized SFs",
        "relationship": "size",
        "end_node": "Micron-sized Areas"
    },
    {
        "start_node": "Layered SF Membrane",
        "relationship": "property",
        "end_node": "Uniform Nanopores"
    },
    {
        "start_node": "Size Retention",
        "relationship": "exhibits",
        "end_node": "3.8 nm"
    },
    {
        "start_node": "Separation Accuracy",
        "relationship": "value",
        "end_node": "5 kDa"
    },
    {
        "start_node": "Charge Selectivity",
        "relationship": "feature",
        "end_node": "Organics, Nanoparticles, Proteins"
    },
    {
        "start_node": "Polyanionic Clusters",
        "relationship": "insertion_in",
        "end_node": "Framework Skeletons"
    },
    {
        "start_node": "Self-Assembled Framework Membranes",
        "relationship": "extension",
        "end_node": "Separation Potentials"
    },
    {
        "start_node": "Small-Molecule Based",
        "relationship": "composition",
        "end_node": "Self-Assembled Framework Membranes"
    },
    {
        "start_node": "Convenient Ionic Exchange",
        "relationship": "enabled_by",
        "end_node": "Polyanionic Cluster Counterions"
    }
]