[
    {
        "start_node": "COF",
        "relationship": "contains",
        "end_node": "Conjugated polymer framework"
    },
    {
        "start_node": "CPFs",
        "relationship": "used_in",
        "end_node": "Electrocatalytic oxygen evolution reaction"
    },
    {
        "start_node": "Triazine-based donor-acceptor CPF",
        "relationship": "is_type_of",
        "end_node": "CPFs"
    },
    {
        "start_node": "3-substituted thiophene",
        "relationship": "component",
        "end_node": "Triazine-based donor-acceptor CPF"
    },
    {
        "start_node": "Side chains",
        "relationship": "modification",
        "end_node": "CPF1 and CPF2"
    },
    {
        "start_node": "Alkyl side chain",
        "relationship": "side_chain",
        "end_node": "CPF1"
    },
    {
        "start_node": "Oligoethylene glycol side chain",
        "relationship": "side_chain",
        "end_node": "CPF2"
    },
    {
        "start_node": "CPF2",
        "relationship": "electrocatalytic_performance",
        "end_node": "10 mA/cm² at 328 mV overpotential"
    },
    {
        "start_node": "CPF1",
        "relationship": "electrocatalytic_performance",
        "end_node": "10 mA/cm² at 488 mV overpotential"
    },
    {
        "start_node": "Porous structure",
        "relationship": "contributes_to",
        "end_node": "Electrocatalytic activity"
    },
    {
        "start_node": "Ethylene glycol side chain",
        "relationship": "enhances",
        "end_node": "Hydrophilicity, ion/charge and mass transfer"
    },
    {
        "start_node": "DFT study",
        "relationship": "supports",
        "end_node": "Better performance of CPF2"
    },
    {
        "start_node": "Metal-free CPF electrocatalysts",
        "relationship": "promising_for",
        "end_node": "Oxygen evolution reaction"
    }
]