[
    {
        "start_node": "COF",
        "relationship": "review",
        "end_node": "polycrystalline membranes"
    },
    {
        "start_node": "Membrane separation",
        "relationship": "popularity",
        "end_node": "growth"
    },
    {
        "start_node": "Polycrystalline materials",
        "relationship": "promising",
        "end_node": "high porosity, flexible micropores, tunability"
    },
    {
        "start_node": "Efficiency",
        "relationship": "lack",
        "end_node": "predicted potential (simulation)"
    },
    {
        "start_node": "Defects",
        "relationship": "cause",
        "end_node": "low separation efficiency, reproducibility, feasibility"
    },
    {
        "start_node": "Bulk film cracks",
        "relationship": "type",
        "end_node": "defect"
    },
    {
        "start_node": "Intercrystalline defects",
        "relationship": "impact",
        "end_node": "total performance"
    },
    {
        "start_node": "Research focus",
        "relationship": "devoted to",
        "end_node": "structured polycrystalline materials"
    },
    {
        "start_node": "Review",
        "relationship": "scope",
        "end_node": "defect formation, mitigation strategies"
    },
    {
        "start_node": "Opportunities",
        "relationship": "emphasizes",
        "end_node": "poly-crystalline membrane fabrication"
    },
    {
        "start_node": "Challenges",
        "relationship": "includes",
        "end_node": "unfavorable defect formation"
    },
    {
        "start_node": "Solutions",
        "relationship": "reviewed",
        "end_node": "state-of-the-art"
    },
    {
        "start_node": "Research directions",
        "relationship": "outlined",
        "end_node": "characterization, defect evaluation, membrane remediation"
    },
    {
        "start_node": "Insights",
        "relationship": "offer",
        "end_node": "compact, high efficiency membranes"
    },
    {
        "start_node": "Separation systems",
        "relationship": "application for",
        "end_node": "polycrystalline membranes"
    }
]