[
    {
        "start_node": "COF",
        "relationship": "mention",
        "end_node": "Silicon-Based Materials"
    },
    {
        "start_node": "COF",
        "relationship": "used_for",
        "end_node": "catalyst_synthesis"
    },
    {
        "start_node": "Silicon-Based Materials",
        "relationship": "modified_with",
        "end_node": "Zinc(II) 2-Bromoacetic"
    },
    {
        "start_node": "Zinc(II) 2-Bromoacetic",
        "relationship": "as",
        "end_node": "heterogeneous_catalyst"
    },
    {
        "start_node": "catalyst",
        "relationship": "cycloaddition_reaction",
        "end_node": "CO2"
    },
    {
        "start_node": "CO2",
        "relationship": "converted_to",
        "end_node": "cyclic_carbonates"
    },
    {
        "start_node": "epoxides",
        "relationship": "reactant",
        "end_node": "cycloaddition"
    },
    {
        "start_node": "potassium_iodide",
        "relationship": "used_with",
        "end_node": "catalyst"
    },
    {
        "start_node": "Si-ZnBA-n",
        "relationship": "series",
        "end_node": "catalysts"
    },
    {
        "start_node": "characterization_techniques",
        "relationship": "used_for",
        "end_node": "Si-ZnBA-n"
    },
    {
        "start_node": "Si-ZnBA-1",
        "relationship": "best_catalytic_activity",
        "end_node": "catalysts"
    },
    {
        "start_node": "temperature",
        "relationship": "reaction_condition",
        "end_node": "PC_yield"
    },
    {
        "start_node": "pressure",
        "relationship": "reaction_condition",
        "end_node": "PC_yield"
    },
    {
        "start_node": "time",
        "relationship": "reaction_condition",
        "end_node": "PC_yield"
    },
    {
        "start_node": "catalyst_loadings",
        "relationship": "reaction_condition",
        "end_node": "PC_yield"
    },
    {
        "start_node": "propylene_carbonate",
        "relationship": "product",
        "end_node": "yield"
    },
    {
        "start_node": "selectivity",
        "relationship": "value",
        "end_node": "99%"
    },
    {
        "start_node": "Si-ZnBA-1",
        "relationship": "recyclable",
        "end_node": "catalyst"
    },
    {
        "start_node": "epoxides",
        "relationship": "CO2_application",
        "end_node": "versatility"
    },
    {
        "start_node": "synergistic_reaction_mechanism",
        "relationship": "proposed",
        "end_node": "reaction"
    },
    {
        "start_node": "dynamic_model",
        "relationship": "discussed",
        "end_node": "activation_energy"
    },
    {
        "start_node": "Si-ZnBA-1",
        "relationship": "catalyst",
        "end_node": "model"
    }
]