[
    {
        "start_node": "MIW",
        "relationship": "development",
        "end_node": "SPE process"
    },
    {
        "start_node": "wax spheres",
        "relationship": "potential_in",
        "end_node": "sample pretreatment"
    },
    {
        "start_node": "conventional_wax",
        "relationship": "low_affinity",
        "end_node": "target_analytes"
    },
    {
        "start_node": "octadecanoic_acid",
        "relationship": "functional_monomer",
        "end_node": "MIW"
    },
    {
        "start_node": "wax",
        "relationship": "matrix",
        "end_node": "MIW"
    },
    {
        "start_node": "MIW_spheres",
        "relationship": "molecular_recognition",
        "end_node": "template"
    },
    {
        "start_node": "MIW",
        "relationship": "dissolves_in",
        "end_node": "n-hexane"
    },
    {
        "start_node": "MIW",
        "relationship": "melts_by",
        "end_node": "heating"
    },
    {
        "start_node": "melted_MIW",
        "relationship": "suitable_for",
        "end_node": "fluorescence_analysis"
    },
    {
        "start_node": "melted_MIW",
        "relationship": "suitable_for",
        "end_node": "mass_spectrum_analysis"
    },
    {
        "start_node": "melted_MIW",
        "relationship": "high_repeatability",
        "end_node": ""
    },
    {
        "start_node": "melted_MIW",
        "relationship": "high_sensitivity",
        "end_node": ""
    },
    {
        "start_node": "melted_MIW",
        "relationship": "high_specificity",
        "end_node": "solid_state_fluorescence_detection"
    },
    {
        "start_node": "imprinting_method",
        "relationship": "opens_window_in",
        "end_node": "analytical_chemistry"
    }
]