[
    {
        "start_node": "Flexible Zn-ion",
        "relationship": "topic",
        "end_node": "Supercapacitors"
    },
    {
        "start_node": "f-ZIHSCs",
        "relationship": "development",
        "end_node": "Energy storage technology"
    },
    {
        "start_node": "f-ZIHSCs",
        "relationship": "comprise",
        "end_node": "Zn-ion batteries"
    },
    {
        "start_node": "f-ZIHSCs",
        "relationship": "aim for",
        "end_node": "Portable flexible electronics"
    },
    {
        "start_node": "Cathode materials",
        "relationship": "critical for",
        "end_node": "f-ZIHSC performance"
    },
    {
        "start_node": "Carbon (porous, doped, biomass-derived, graphene)",
        "relationship": "used as",
        "end_node": "Cathode material"
    },
    {
        "start_node": "Metal oxides, MXenes, MOFs",
        "relationship": "also used as",
        "end_node": "Cathode material"
    },
    {
        "start_node": "Anode materials",
        "relationship": "advancements in",
        "end_node": "Flexible anode"
    },
    {
        "start_node": "Electrolyte materials",
        "relationship": "impact on",
        "end_node": "Electrochemical properties"
    },
    {
        "start_node": "Fabrication designs",
        "relationship": "include",
        "end_node": "Quasi-solid-state, micro, fiber-shaped, climate-changed"
    },
    {
        "start_node": "Challenges",
        "relationship": "addressed in",
        "end_node": "Future progress"
    },
    {
        "start_node": "Recommendations",
        "relationship": "for",
        "end_node": "Advanced f-ZIHSC development"
    }
]