[
    {
        "start_node": "MOF",
        "relationship": "study",
        "end_node": "Hydrogen Adsorption"
    },
    {
        "start_node": "Hydrogen Adsorption",
        "relationship": "investigated by",
        "end_node": "DFT"
    },
    {
        "start_node": "DFT",
        "relationship": "used for",
        "end_node": "LTBC (Li-functionalized p-tert-butyl calixarene)"
    },
    {
        "start_node": "LTBC",
        "relationship": "enhances",
        "end_node": "hydrogen binding energy"
    },
    {
        "start_node": "LTBC",
        "relationship": "holds",
        "end_node": "4 hydrogen molecules"
    },
    {
        "start_node": "LTBC",
        "relationship": "yield",
        "end_node": "10 wt% gravimetric density"
    },
    {
        "start_node": "LTBC",
        "relationship": "stable at",
        "end_node": "200 K (ab initio molecular dynamics)"
    },
    {
        "start_node": "LTBC with 4 H2",
        "relationship": "pair distribution function for",
        "end_node": "stability up to 100 K"
    }
]