[
    {
        "start_node": "COF",
        "relationship": "contain",
        "end_node": "Two-Dimensional Triazine Polymer"
    },
    {
        "start_node": "Process",
        "relationship": "described",
        "end_node": "Noncovalent Functionalization"
    },
    {
        "start_node": "Noncovalent Functionalization",
        "relationship": "results_in",
        "end_node": "Uniform 2D Triazine Polymers"
    },
    {
        "start_node": "2D Triazine Polymer",
        "relationship": "property",
        "end_node": "Aqueous Processable"
    },
    {
        "start_node": "Aqueous Processability",
        "relationship": "facilitated_by",
        "end_node": "Aromatic Amphiphilic 1-Pyrenebutyrate"
    },
    {
        "start_node": "1-Pyrenebutyrate",
        "relationship": "interacts_with",
        "end_node": "Interlayer of CTF"
    },
    {
        "start_node": "CTF",
        "relationship": "type_of",
        "end_node": "Covalent Triazine Framework"
    },
    {
        "start_node": "Exfoliation",
        "relationship": "enabled",
        "end_node": "Large Scale"
    },
    {
        "start_node": "2D Triazine Polymer Nanosheets",
        "relationship": "converted_to",
        "end_node": "Ultralight Aerogels"
    },
    {
        "start_node": "Aerogels",
        "relationship": "properties",
        "end_node": "Density: 5-15 mg/cm³"
    },
    {
        "start_node": "Aerogels",
        "relationship": "processed_into",
        "end_node": "Mechanically Strong Films"
    },
    {
        "start_node": "Photocatalytic Performance",
        "relationship": "improved_by",
        "end_node": "Surface Molecule Doping"
    },
    {
        "start_node": "2D Triazine Polymer",
        "relationship": "photocatalytic_property",
        "end_node": "Hydrogen Evolution Rate: 1249 μmol/h"
    },
    {
        "start_node": "2D Triazine Polymer",
        "relationship": "photocatalytic_property",
        "end_node": "Apparent Quantum Efficiency: 27.2% @ 420 nm"
    },
    {
        "start_node": "Comparison",
        "relationship": "outperforms",
        "end_node": "Metal-Free Photocatalysts"
    }
]