[
    {
        "start_node": "COF",
        "relationship": "contain",
        "end_node": "municipal sludge"
    },
    {
        "start_node": "municipal sludge",
        "relationship": "produce",
        "end_node": "carbon dots-decorated, N-doped hierarchical biocarbon"
    },
    {
        "start_node": "carbon dots-decorated, N-doped hierarchical biocarbon",
        "relationship": "used_for",
        "end_node": "electrocatalyst"
    },
    {
        "start_node": "electrocatalyst",
        "relationship": "target",
        "end_node": "CO2 electroreduction"
    },
    {
        "start_node": "electrocatalyst",
        "relationship": "converts_to",
        "end_node": "methane"
    },
    {
        "start_node": "electrocatalyst",
        "relationship": "converts_to",
        "end_node": "methanol"
    },
    {
        "start_node": "electrocatalyst",
        "relationship": "converts_to",
        "end_node": "ethanol"
    },
    {
        "start_node": "electrocatalyst",
        "relationship": "characteristic",
        "end_node": "stability"
    },
    {
        "start_node": "electrocatalyst",
        "relationship": "efficiency",
        "end_node": "90.14%"
    },
    {
        "start_node": "electrocatalyst",
        "relationship": "potential",
        "end_node": "-0.71 V vs. RHE"
    },
    {
        "start_node": "carbon dots",
        "relationship": "component_of",
        "end_node": "carbon dots-decorated, N-doped hierarchical biocarbon"
    },
    {
        "start_node": "N-doping",
        "relationship": "property",
        "end_node": "carbon dots-decorated, N-doped hierarchical biocarbon"
    },
    {
        "start_node": "pyridinic-N",
        "relationship": "type_of",
        "end_node": "N sites"
    },
    {
        "start_node": "pyrrolic-N",
        "relationship": "type_of",
        "end_node": "N sites"
    },
    {
        "start_node": "density functional theory",
        "relationship": "method",
        "end_node": "validation"
    }
]