[
    {
        "start_node": "COF",
        "relationship": "contain",
        "end_node": "Nanoporous phenanthroline polymer"
    },
    {
        "start_node": "COF",
        "relationship": "used_for",
        "end_node": "Suzuki-Miyaura Coupling reaction"
    },
    {
        "start_node": "Pd",
        "relationship": "catalyst_in",
        "end_node": "CPP"
    },
    {
        "start_node": "CPP",
        "relationship": "support_material",
        "end_node": "heterogeneous catalyst"
    },
    {
        "start_node": "CPP",
        "relationship": "property",
        "end_node": "porous structure"
    },
    {
        "start_node": "CPP",
        "relationship": "property",
        "end_node": "moderate surface area (141 m²/g)"
    },
    {
        "start_node": "CPP",
        "relationship": "property",
        "end_node": "excellent thermal stability"
    },
    {
        "start_node": "Pd/CPP",
        "relationship": "performance",
        "end_node": "high efficiency at room temperature"
    },
    {
        "start_node": "Pd/CPP",
        "relationship": "application",
        "end_node": "biphenyl derivatives synthesis"
    },
    {
        "start_node": "Pd/CPP",
        "relationship": "recycling",
        "end_node": "good recycling ability"
    }
]