[
    {
        "start_node": "Food Safety",
        "relationship": "focus_on",
        "end_node": "Polycyclic Aromatic Hydrocarbons (PAHs)"
    },
    {
        "start_node": "PAHs",
        "relationship": "classified_as",
        "end_node": "Carcinogens"
    },
    {
        "start_node": "PAHs",
        "relationship": "classified_as",
        "end_node": "Mutagens"
    },
    {
        "start_node": "Global Community",
        "relationship": "concerned_about",
        "end_node": "PAHs"
    },
    {
        "start_node": "PAHs Exposure",
        "relationship": "source",
        "end_node": "Food"
    },
    {
        "start_node": "Food Chain",
        "relationship": "involvement_in",
        "end_node": "PAHs Contamination"
    },
    {
        "start_node": "Analysis Methods",
        "relationship": "aim_to_improve",
        "end_node": "PAHs Determination"
    },
    {
        "start_node": "Purification Techniques",
        "relationship": "reviewed",
        "end_node": "PAHs in Food"
    },
    {
        "start_node": "Determination Methodologies",
        "relationship": "updated_and_discussed",
        "end_node": "PAHs Analysis"
    },
    {
        "start_node": "Innovative Approaches",
        "relationship": "emphasized",
        "end_node": "Extraction and Analysis"
    },
    {
        "start_node": "Rapid, Efficient, Eco-friendly",
        "relationship": "characteristics_of",
        "end_node": "Analytical Methods"
    },
    {
        "start_node": "PAHs Sources",
        "relationship": "investigated",
        "end_node": "Food Products"
    },
    {
        "start_node": "Interventions",
        "relationship": "discussed",
        "end_node": "PAHs Contamination Prevention"
    },
    {
        "start_node": "Food Safety",
        "relationship": "importance_for",
        "end_node": "Human Health"
    },
    {
        "start_node": "2015",
        "relationship": "timeframe_update_since",
        "end_node": "Review"
    }
]