[
    {
        "start_node": "COF",
        "relationship": "hasSurfaceRoughness",
        "end_node": "effect"
    },
    {
        "start_node": "effect",
        "relationship": "causes",
        "end_node": "slipResistance"
    },
    {
        "start_node": "slipResistance",
        "relationship": "increasedBy",
        "end_node": "surfaceRoughness"
    },
    {
        "start_node": "surfaceRoughness",
        "relationship": "measuredBy",
        "end_node": "BrungraberMarkII"
    },
    {
        "start_node": "COF",
        "relationship": "correlationWith",
        "end_node": "COFParameter",
        "end_node_type": "roughnessParameter"
    },
    {
        "start_node": "COFParameter",
        "relationship": "correlationHighestWith",
        "end_node": "Sq",
        "end_node_type": "roughnessParameter"
    },
    {
        "start_node": "roughnessParameter",
        "relationship": "highCorrelationWith",
        "end_node": "COF"
    },
    {
        "start_node": "material",
        "relationship": "affects",
        "end_node": "parameterCorrelation",
        "end_node_type": "roughnessParameter"
    },
    {
        "start_node": "testCondition",
        "relationship": "impacts",
        "end_node": "parameterCorrelation",
        "end_node_type": "roughnessParameter"
    },
    {
        "start_node": "conference",
        "relationship": "hosted",
        "end_node": "CTInternationalConference",
        "end_node_type": "event"
    },
    {
        "start_node": "event",
        "relationship": "date",
        "end_node": "APR09-11",
        "end_node_type": "eventDate"
    },
    {
        "start_node": "event",
        "relationship": "location",
        "end_node": "Guilin",
        "end_node_type": "city"
    },
    {
        "start_node": "eventLocation",
        "relationship": "partOf",
        "end_node": "PEOPLES_R_CHINA"
    },
    {
        "start_node": "event",
        "end_node": "CY",
        "end_node_type": "conferenceAbbreviation"
    },
    {
        "start_node": "event",
        "end_node": "GuangxiUniv",
        "end_node_type": "university"
    },
    {
        "start_node": "event",
        "end_node": "GuilinUnivElectTechnol",
        "end_node_type": "university"
    },
    {
        "start_node": "event",
        "end_node": "UnivWollongong",
        "end_node_type": "university"
    },
    {
        "start_node": "event",
        "end_node": "KoreaMaritimeUniv",
        "end_node_type": "university"
    },
    {
        "start_node": "event",
        "end_node": "HongKongIndTechnolResCtr",
        "end_node_type": "researchCenter"
    }
]