[
    {
        "start_node": "Hybridization",
        "relationship": "focus_on",
        "end_node": "Crystalline Porous Materials"
    },
    {
        "start_node": "Crystalline Porous Materials",
        "relationship": "include",
        "end_node": "Metal-organic frameworks (MOFs)"
    },
    {
        "start_node": "Crystalline Porous Materials",
        "relationship": "include",
        "end_node": "Covalent Organic Frameworks (COFs)"
    },
    {
        "start_node": "MOFs",
        "relationship": "restriction",
        "end_node": "poor conductivity"
    },
    {
        "start_node": "MOFs",
        "relationship": "restriction",
        "end_node": "weak mechanical property"
    },
    {
        "start_node": "Hybridization Techniques",
        "relationship": "aim_to_overcome",
        "end_node": "MOFs/COFs restrictions"
    },
    {
        "start_node": "Hybridization Techniques",
        "relationship": "range",
        "end_node": "molecular level to micro-/macroscales"
    },
    {
        "start_node": "MOF/COF Hybrids",
        "relationship": "application",
        "end_node": "Electrochemical Energy Storage Devices"
    },
    {
        "start_node": "Electrochemical Energy Storage Devices",
        "subcategories": [
            {
                "start_node": "Rechargeable Batteries"
            },
            {
                "start_node": "Supercapacitors"
            },
            {
                "start_node": "Polymer Electrolytes"
            },
            {
                "start_node": "Separators"
            }
        ]
    },
    {
        "start_node": "Hybridization Principles",
        "relationship": "clarify",
        "end_node": "basic mechanisms"
    }
]