[
    {
        "start_node": "TI",
        "relationship": "discusses",
        "end_node": "mass_transfer_process"
    },
    {
        "start_node": "mass_transfer_process",
        "relationship": "enhancement_for",
        "end_node": "photocatalytic_reduction"
    },
    {
        "start_node": "photocatalytic_reduction",
        "relationship": "focus_on",
        "end_node": "Cr(VI)"
    },
    {
        "start_node": "Cr(VI)",
        "relationship": "pollution_problem",
        "end_node": "industrial_wastewater"
    },
    {
        "start_node": "solution",
        "relationship": "proposed",
        "end_node": "electric_field_assisted PCS"
    },
    {
        "start_node": "electric_field_assisted PCS",
        "relationship": "uses",
        "end_node": "PAF-54"
    },
    {
        "start_node": "PAF-54",
        "relationship": "material",
        "end_node": "catalytic_material"
    },
    {
        "start_node": "PAF-54",
        "relationship": "adsorption_capacity",
        "end_node": "189 mg/g"
    },
    {
        "start_node": "PAF-54",
        "relationship": "interaction",
        "end_node": "hydrogen_bonding_electrostatic"
    },
    {
        "start_node": "application",
        "relationship": "coating_on",
        "end_node": "carbon_paper"
    },
    {
        "start_node": "carbon_paper",
        "relationship": "as",
        "end_node": "photocatalytic_electrode"
    },
    {
        "start_node": "enhancement_factors",
        "relationship": "includes",
        "end_node": "synergy_CDI_photocatalysis"
    },
    {
        "start_node": "PCS_system",
        "relationship": "feature",
        "end_node": "excellent_recyclability_stability"
    },
    {
        "start_node": "PCS_system",
        "relationship": "suitable_for",
        "end_node": "chromium_wastewater_treatment"
    }
]