[
    {
        "start_node": "COF",
        "relationship": "contain",
        "end_node": "CPOL-bp&PPh3"
    },
    {
        "start_node": "CPOL-bp&PPh3",
        "relationship": "catalyst",
        "end_node": "Rh/CPOL-bp&PPh3"
    },
    {
        "start_node": "Rh/CPOL-bp&PPh3",
        "relationship": "used_for",
        "end_node": "hydroformylation"
    },
    {
        "start_node": "hydroformylation",
        "relationship": "converts",
        "end_node": "linear aldehydes"
    },
    {
        "start_node": "linear aldehydes",
        "relationship": "from",
        "end_node": "terminal olefins"
    },
    {
        "start_node": "Rh/CPOL-bp&PPh3",
        "relationship": "high_regioselectivity",
        "end_node": "96:4-98:2"
    },
    {
        "start_node": "internal olefins",
        "relationship": "converted_to",
        "end_node": "isomerizing hydroformylation"
    },
    {
        "start_node": "isomerizing hydroformylation",
        "relationship": "regioselectivity",
        "end_node": "92:8-93:7"
    },
    {
        "start_node": "Rh/CPOL-bp&PPh3",
        "relationship": "compared_with",
        "end_node": "Rh + vinyl biphephos system"
    }
]