[
    {
        "start_node": "Machine_Learning",
        "relationship": "predicts",
        "end_node": "CO2_reduction"
    },
    {
        "start_node": "CO2_reduction",
        "relationship": "intermediates",
        "end_node": "methanol"
    },
    {
        "start_node": "CO2_reduction",
        "relationship": "intermediates",
        "end_node": "methane"
    },
    {
        "start_node": "CO2_reduction",
        "relationship": "intermediates",
        "end_node": "formaldehyde"
    },
    {
        "start_node": "zeolites",
        "relationship": "hosts",
        "end_node": "SACs"
    },
    {
        "start_node": "DFT_calculations",
        "relationship": "provides",
        "end_node": "Delta_G"
    },
    {
        "start_node": "machine_learning",
        "relationship": "models",
        "end_node": "XGBoost"
    },
    {
        "start_node": "machine_learning",
        "relationship": "models",
        "end_node": "ExtraTrees"
    },
    {
        "start_node": "Delta_G*OH",
        "relationship": "correlated_with",
        "end_node": "catalytic_activity"
    },
    {
        "start_node": "Delta_G*O*CH2",
        "relationship": "correlated_with",
        "end_node": "catalytic_activity"
    },
    {
        "start_node": "early_transition_metals",
        "relationship": "favor",
        "end_node": "methanol_production"
    },
    {
        "start_node": "Co-zeolite",
        "relationship": "promotes",
        "end_node": "methane_production"
    },
    {
        "start_node": "global_electronegativity_difference",
        "relationship": "feature",
        "end_node": "CT_values"
    },
    {
        "start_node": "delta_IE",
        "relationship": "feature",
        "end_node": "CT_values"
    },
    {
        "start_node": "ML_models",
        "relationship": "generalizes_to",
        "end_node": "MOFs"
    },
    {
        "start_node": "ML_models",
        "relationship": "generalizes_to",
        "end_node": "2D_materials"
    },
    {
        "start_node": "ML_models",
        "relationship": "generalizes_to",
        "end_node": "molecular_complex_materials"
    }
]