[
    {
        "start_node": "COF",
        "relationship": "synthesized_from",
        "end_node": "STP"
    },
    {
        "start_node": "STP",
        "relationship": "contains",
        "end_node": "triptycene"
    },
    {
        "start_node": "STP",
        "relationship": "synthesized_by",
        "end_node": "palladium-catalyzed C-C coupling polymerization"
    },
    {
        "start_node": "palladium",
        "relationship": "catalyzes",
        "end_node": "C-C coupling"
    },
    {
        "start_node": "2,6,14-triiodotriptycene",
        "relationship": "reactant",
        "end_node": "STP"
    },
    {
        "start_node": "STP-5",
        "relationship": "has_property",
        "end_node": "BET surface area"
    },
    {
        "start_node": "STP-5",
        "relationship": "BET_surface_area_value",
        "end_node": "601 m²/g"
    },
    {
        "start_node": "STP-5",
        "relationship": "gas_adsorption",
        "end_node": "hydrogen"
    },
    {
        "start_node": "STP-5",
        "relationship": "hydrogen_adsorption_capacity",
        "end_node": "1.0 wt% at 1.0 bar/77 K"
    },
    {
        "start_node": "STP-5",
        "relationship": "gas_adsorption",
        "end_node": "carbon_dioxide"
    },
    {
        "start_node": "STP-5",
        "relationship": "carbon_dioxide_adsorption_capacity",
        "end_node": "9.4 wt% at 1.0 bar/273 K"
    }
]