[
    {
        "start_node": "Schiff_bases",
        "relationship": "study",
        "end_node": "Multidentate_unsymmetric"
    },
    {
        "start_node": "Multidentate_unsymmetric_Schiff_bases",
        "relationship": "synthesis",
        "end_node": "condensing_aldehydes_ketones"
    },
    {
        "start_node": "condensing_aldehydes_ketones",
        "relationship": "used_for",
        "end_node": "Schiff_base_precursors"
    },
    {
        "start_node": "Schiff_base_precursors",
        "relationship": "reactivity",
        "end_node": "primary_amines"
    },
    {
        "start_node": "primary_amines",
        "relationship": "reaction",
        "end_node": "metal_complexes"
    },
    {
        "start_node": "metal_complexes",
        "relationship": "properties",
        "end_node": "functional_materials"
    },
    {
        "start_node": "functional_materials",
        "relationship": "include",
        "end_node": "structural_properties"
    },
    {
        "start_node": "functional_materials",
        "relationship": "include",
        "end_node": "biocidal_properties"
    },
    {
        "start_node": "functional_materials",
        "relationship": "include",
        "end_node": "magnetic_properties"
    },
    {
        "start_node": "functional_materials",
        "relationship": "include",
        "end_node": "second_order_nonlinear_optical"
    },
    {
        "start_node": "ferrocenyl_complexes",
        "relationship": "research",
        "end_node": "Ni_Cu_complexes"
    },
    {
        "start_node": "Ni_Cu_complexes",
        "relationship": "formed_from",
        "end_node": "ferrocenyl-beta-diketones"
    },
    {
        "start_node": "catalytic_activity",
        "relationship": "discussed_in",
        "end_node": "Section_3"
    },
    {
        "start_node": "Section_3",
        "relationship": "contains",
        "end_node": "copper_catalyzed_azide_alkyne_cycloaddition"
    },
    {
        "start_node": "Section_3",
        "relationship": "contains",
        "end_node": "Henry_reaction"
    },
    {
        "start_node": "Section_3",
        "relationship": "contains",
        "end_node": "nitroMannich_reaction"
    },
    {
        "start_node": "Section_3",
        "relationship": "contains",
        "end_node": "hydrosilylation_of_ketones"
    },
    {
        "start_node": "Section_3",
        "relationship": "contains",
        "end_node": "aldol_reaction"
    },
    {
        "start_node": "Section_3",
        "relationship": "contains",
        "end_node": "cyclopropanation_reaction"
    },
    {
        "start_node": "Section_3",
        "relationship": "contains",
        "end_node": "epoxidation_reaction"
    }
]