[
    {
        "start_node": "COF",
        "relationship": "occur_in",
        "end_node": "mandible"
    },
    {
        "start_node": "COF",
        "relationship": "common_location",
        "end_node": "molar region"
    },
    {
        "start_node": "COF",
        "relationship": "age_range",
        "end_node": "second to fourth decades"
    },
    {
        "start_node": "COF",
        "relationship": "gender_prevalence",
        "end_node": "female"
    },
    {
        "start_node": "COF",
        "relationship": "diagnosis",
        "end_node": "bone swelling or expansion"
    },
    {
        "start_node": "radiolucent lesion",
        "relationship": "presentation_of",
        "end_node": "COF"
    },
    {
        "start_node": "mixed lesion",
        "relationship": "presentation_of",
        "end_node": "COF"
    },
    {
        "start_node": "radio-opaque lesion",
        "relationship": "presentation_of",
        "end_node": "COF"
    },
    {
        "start_node": "surgical excision",
        "relationship": "treatment",
        "end_node": "COF"
    },
    {
        "start_node": "COF",
        "relationship": "histology",
        "end_node": "trabeculae of woven bone"
    },
    {
        "start_node": "COF",
        "relationship": "histology",
        "end_node": "lamellar bone"
    },
    {
        "start_node": "COF",
        "relationship": "histology",
        "end_node": "cementoid spherules"
    }
]