[
    {
        "start_node": "COF",
        "relationship": "stabilization",
        "end_node": "imine-linked COFs"
    },
    {
        "start_node": "imine-linked COFs",
        "relationship": "subclass of",
        "end_node": "COFs"
    },
    {
        "start_node": "imine linkages",
        "relationship": "property",
        "end_node": "reversible nature"
    },
    {
        "start_strategy": "linkage chemistry",
        "relationship": "employed for",
        "end_node": "stabilizing imine-COFs"
    },
    {
        "start_strategy": "interlayer interaction",
        "relationship": "employed for",
        "end_node": "stabilizing imine-COFs"
    },
    {
        "start_node": "imine-COFs",
        "relationship": "application in",
        "end_node": "electronics"
    },
    {
        "start_node": "imine-COFs",
        "relationship": "application in",
        "end_node": "sensing"
    },
    {
        "start_node": "imine-COFs",
        "relationship": "application in",
        "end_node": "energy storage devices"
    },
    {
        "start_node": "structural stability",
        "relationship": "tuning",
        "end_node": "imine-COFs"
    },
    {
        "start_node": "structure locking",
        "relationship": "prospect for",
        "end_node": "stable imine-COFs"
    },
    {
        "start_node": "mechanism of structure stabilization",
        "relationship": "considering",
        "end_node": "precise design of imine-COFs"
    }
]