[
    {
        "start_node": "COF",
        "relationship": "comparison",
        "end_node": "BiMgO-2MBD(X=0.42)"
    },
    {
        "start_node": "BiMgO-2MBD(X=0.42)",
        "relationship": "synthesis",
        "end_node": "solventothermal process"
    },
    {
        "start_node": "BiMgO-2MBD(X=0.42)",
        "relationship": "iodine_capture",
        "end_node": "4352.12mg/g (5h, 75°C), 5147.08mg/g (5h, 150°C)"
    },
    {
        "start_node": "BiMgO-2MBD(X=0.42)",
        "relationship": "thermal_stability",
        "end_node": "3.77wt% Bi/Mg oxide, 29.32wt% BiMgO-2MBD, 97.72wt% 2-MBD"
    },
    {
        "start_node": "2-MBD",
        "relationship": "improvement",
        "end_node": "iodine_capture_capacity"
    },
    {
        "start_node": "BiMgO-2MBD(X=0.42)",
        "relationship": "waste_form",
        "end_node": "etidronic acid-Bi2O3 complex"
    },
    {
        "start_node": "waste_form",
        "relationship": "immobilization",
        "end_node": "iodine-loaded wastes (I2 @BiMgO-2MBD)"
    },
    {
        "start_node": "waste_form",
        "relationship": "leaching_rate",
        "end_node": "1.098*10^-6 g.m^2/day (7 days, PCT-A)"
    },
    {
        "start_node": "BiMgO-2MBD(X=0.42)",
        "relationship": "reusability",
        "end_node": "regeneration_cycles"
    },
    {
        "start_node": "BiMgO-2MBD(X=0.42)",
        "relationship": "application",
        "end_node": "radioactive iodine capture (gas phase)"
    },
    {
        "start_node": "BiMgO-2MBD(X=0.42)",
        "relationship": "comparison",
        "end_node": "metal-organic frameworks, covalent organic frameworks"
    }
]