[
    {
        "start_node": "COF",
        "relationship": "contain",
        "end_node": "N-containing hyper-cross-linked polymers"
    },
    {
        "start_node": "N-containing hyper-cross-linked polymers",
        "relationship": "synthesized from",
        "end_node": "triphenylamine (TPA)"
    },
    {
        "start_node": "N-containing hyper-cross-linked polymers",
        "relationship": "synthesized from",
        "end_node": "carbazole (Cz)"
    },
    {
        "start_node": "HCP1",
        "relationship": "prepared by",
        "end_node": "Scholl coupling"
    },
    {
        "start_node": "HCP2",
        "relationship": "prepared by",
        "end_node": "Scholl coupling"
    },
    {
        "start_node": "HCP3",
        "relationship": "prepared by",
        "end_node": "Scholl coupling"
    },
    {
        "start_node": "HCP4",
        "relationship": "prepared by",
        "end_node": "solvent knitting Friedel-Crafts"
    },
    {
        "start_node": "HCP5",
        "relationship": "prepared by",
        "end_node": "solvent knitting Friedel-Crafts"
    },
    {
        "start_node": "HCP6",
        "relationship": "prepared by",
        "end_node": "solvent knitting Friedel-Crafts"
    },
    {
        "start_node": "HCP1, HCP2, HCP3",
        "relationship": "properties",
        "end_node": "porosity, BET surface area, micropore volume"
    },
    {
        "start_node": "HCP4, HCP5, HCP6",
        "relationship": "properties",
        "end_node": "meso/macroporous structure"
    },
    {
        "start_node": "HCP1",
        "relationship": "CO2 adsorption",
        "end_node": "104.7-116.3 mg/g"
    },
    {
        "start_node": "HCP1, HCP3",
        "relationship": "CO2/N-2 selectivity",
        "end_node": "273 K, 1.0 bar"
    },
    {
        "start_node": "HCP1, HCP3",
        "relationship": "isosteric heat of adsorption",
        "end_node": "28.0-46.7 kJ/mol"
    },
    {
        "start_node": "HCP4, HCP6",
        "relationship": "I2 vapor uptake",
        "end_node": "254.2-324.8 wt%"
    },
    {
        "start_node": "HCP4, HCP6",
        "relationship": "comparison",
        "end_node": "HCP1, HCP3, CO2 adsorption"
    },
    {
        "start_node": "HCP1, HCP3",
        "relationship": "application",
        "end_node": "promising adsorbents for CO2 capture"
    },
    {
        "start_node": "HCP4, HCP6",
        "relationship": "application",
        "end_node": "promising adsorbents for I2 capture"
    }
]