[
    {
        "start_node": "MOF",
        "relationship": "develop",
        "end_node": "Biomimetic Hygroscopic Fibrous Membrane"
    },
    {
        "start_node": "Biomimetic Hygroscopic Fibrous Membrane",
        "relationship": "feature",
        "end_node": "Hierarchically Porous Structure"
    },
    {
        "start_node": "Hierarchically Porous Structure",
        "relationship": "enhance",
        "end_node": "Water Uptake Performance"
    },
    {
        "start_node": "Water Uptake Performance",
        "relationship": "range",
        "end_node": "0.77-2.56 g g^(-1)"
    },
    {
        "start_node": "Water Uptake Performance",
        "relationship": "humidity",
        "end_node": "30%-80%"
    },
    {
        "start_node": "Water Uptake Performance",
        "relationship": "time",
        "end_node": "50 min"
    },
    {
        "start_node": "Biomimetic Fibrous Membrane",
        "relationship": "water_release",
        "end_node": "95% adsorbed water"
    },
    {
        "start_node": "water_release",
        "relationship": "time",
        "end_node": "10 min"
    },
    {
        "start_node": "water_release",
        "relationship": "condition",
        "end_node": "one sun irradiation"
    },
    {
        "start_node": "Biomimetic Hygroscopic Fibrous Membrane",
        "relationship": "application",
        "end_node": "Wearable SAWG Device"
    },
    {
        "start_node": "Wearable SAWG Device",
        "relationship": "operation_cycle",
        "end_node": "10 cycles/day"
    },
    {
        "start_node": "Wearable SAWG Device",
        "relationship": "yield",
        "end_node": "3.91 kg m^(-2) day^(-1)"
    },
    {
        "start_node": "Study",
        "relationship": "demonstrate",
        "end_node": "Advanced Solar-Driven SAWG Materials"
    }
]