[
    {
        "start_node": "COF",
        "relationship": "study",
        "end_node": "hyper-cross-linked aromatic triazine porous polymer (HAPP)"
    },
    {
        "start_node": "HAPP",
        "relationship": "synthesized_by",
        "end_node": "simple one-step method"
    },
    {
        "start_node": "HAPP",
        "relationship": "characterized_by",
        "end_node": [
            "SEM",
            "TEM",
            "FTIR",
            "EA",
            "TGA",
            "C-13 NMR",
            "nitrogen adsorption-desorption isotherms"
        ]
    },
    {
        "start_node": "HAPP",
        "relationship": "property",
        "end_node": {
            "surface_area": "104.36 m²/g",
            "porosity": "high",
            "stability": "physicochemical"
        }
    },
    {
        "start_node": "HAPP",
        "relationship": "adsorption_capacity",
        "end_node": "249.3 mg/g (MO)",
        "context": "room temperature"
    },
    {
        "start_node": "HAPP",
        "relationship": "adsorption_interactions",
        "end_node": "N heteroatom (with MO)"
    },
    {
        "start_node": "MO",
        "relationship": "adsorbed_by",
        "end_node": "HAPP"
    },
    {
        "start_node": "pH",
        "relationship": "effect_on_adsorption",
        "end_node": "increased removal (2-4 pH)"
    },
    {
        "start_node": "HAPP",
        "relationship": "optimal_conditions",
        "end_node": "max adsorption at pH 5.6"
    },
    {
        "start_node": "adsorption_kinetics",
        "relationship": "modelled_by",
        "end_node": "pseudo-first-order, pseudo-second-order",
        "favored_model": "second-order"
    },
    {
        "start_node": "HAPP",
        "relationship": "isotherm_fit",
        "end_node": "Langmuir model"
    },
    {
        "start_node": "HAPP",
        "relationship": "regeneration",
        "end_node": "effective, recycled 5 times"
    },
    {
        "start_node": "HAPP",
        "relationship": "application",
        "end_node": "dye purification, solution treatment"
    }
]