[
    {
        "start_node": "COF",
        "relationship": "strategy",
        "end_node": "anion substitution"
    },
    {
        "start_node": "anion substitution",
        "relationship": "aim",
        "end_node": "boost molecular permeability"
    },
    {
        "start_node": "anion substitution",
        "relationship": "aim",
        "end_node": "improve selectivity"
    },
    {
        "start_node": "iPAF-1",
        "relationship": "contains",
        "end_node": "F(-)"
    },
    {
        "start_node": "iPAF-1",
        "relationship": "contains",
        "end_node": "OH(-)"
    },
    {
        "start_node": "iPAF-1-Cl",
        "relationship": "modified_to",
        "end_node": "iPAF-1-F"
    },
    {
        "start_node": "iPAF-1-Cl",
        "relationship": "modified_to",
        "end_node": "iPAF-1-OH"
    },
    {
        "start_node": "iPAF-1-OH",
        "relationship": "property",
        "end_node": "high porosity"
    },
    {
        "start_node": "iPAF-1-OH",
        "relationship": "attracts",
        "end_node": "acetylene"
    },
    {
        "start_node": "iPAF-1-OH",
        "relationship": "used_in",
        "end_node": "mixed matrix membrane"
    },
    {
        "start_node": "iPAF-1-OH/6FDA-ODA",
        "relationship": "example_of",
        "end_node": "membrane"
    },
    {
        "start_node": "iPAF-1-OH/6FDA-ODA",
        "relationship": "enhances",
        "end_node": "permeability (7x)"
    },
    {
        "start_node": "iPAF-1-OH/6FDA-ODA",
        "relationship": "enhances",
        "end_node": "permselectivity (5x)"
    },
    {
        "start_node": "iPAF-1-OH/6FDA-ODA",
        "relationship": "for",
        "end_node": "acetylene separation"
    }
]