[
    {
        "start_node": "QM",
        "relationship": "basis_for",
        "end_node": "kinetic_diameters"
    },
    {
        "start_node": "kinetic_diameters",
        "relationship": "used_in",
        "end_node": "gas_adsorption"
    },
    {
        "start_node": "kinetic_diameters",
        "relationship": "used_in",
        "end_node": "permeation"
    },
    {
        "start_node": "empirical_kinetic_diameters",
        "relationship": "comparison_with",
        "end_node": "QM_diameters"
    },
    {
        "start_node": "QM_diameters",
        "relationship": "consistency_with",
        "end_node": "O-2_N-2_trend"
    },
    {
        "start_node": "QM_diameters",
        "relationship": "consistency_with",
        "end_node": "CO2_N-2_trend"
    },
    {
        "start_node": "QM_diameters",
        "relationship": "usefulness_for",
        "end_node": "separation_media_design"
    }
]