[
    {
        "start_node": "COF",
        "relationship": "fabricated_from",
        "end_node": "porous hyperbranched conjugated polymer nanoparticles"
    },
    {
        "start_node": "porous hyperbranched conjugated polymer nanoparticles",
        "relationship": "property",
        "end_node": "20-60 nm particle size"
    },
    {
        "start_node": "porous hyperbranched conjugated polymer nanoparticles",
        "relationship": "property",
        "end_node": "225 m²/g specific surface area"
    },
    {
        "start_node": "nanoparticles",
        "relationship": "prepared_by",
        "end_node": "Suzuki polymerization miniemulsion"
    },
    {
        "start_node": "nanoparticles",
        "relationship": "dispersed_in",
        "end_node": "organic solvents"
    },
    {
        "start_node": "dispersed surfactants",
        "relationship": "removed_from",
        "end_node": "nanoparticles"
    },
    {
        "start_node": "method",
        "relationship": "developed",
        "end_node": "spin-coating for thin films"
    },
    {
        "start_node": "thin films",
        "relationship": "material",
        "end_node": "porous hyperbranched conjugated polymer"
    },
    {
        "start_node": "thin films",
        "relationship": "property",
        "end_node": "homogeneous and transparent"
    },
    {
        "start_node": "thin films",
        "relationship": "emission",
        "end_node": "bright blue"
    },
    {
        "start_node": "thin films",
        "relationship": "response",
        "end_node": "reversibly quenched by nitroaromatics"
    },
    {
        "start_node": "films",
        "relationship": "comparison",
        "end_node": "dense linear conjugated polymer films",
        "comparison": "enhanced sensitivity"
    }
]