[
    {
        "start_node": "COF",
        "relationship": "heterostructure_with",
        "end_node": "MXene"
    },
    {
        "start_node": "COF",
        "relationship": "modified_by",
        "end_node": "amino-Ti3C2 MXene"
    },
    {
        "start_node": "AQ-COF",
        "relationship": "contains",
        "end_node": "COF"
    },
    {
        "start_node": "AQ-COF",
        "relationship": "inherits_from",
        "end_node": "porous_structure"
    },
    {
        "start_node": "MXene",
        "relationship": "two_dim_structure",
        "end_node": ""
    },
    {
        "start_node": "MXene",
        "relationship": "high_conductivity",
        "end_node": ""
    },
    {
        "start_node": "COF@MXene-15",
        "relationship": "morphology_optimized_by",
        "end_node": "MXene amount control"
    },
    {
        "start_node": "COF@MXene-15",
        "relationship": "surface_area_large",
        "end_node": ""
    },
    {
        "start_node": "COF@MXene-15",
        "relationship": "electrode_for",
        "end_node": "supercapacitor"
    },
    {
        "start_node": "COF@MXene-15",
        "relationship": "specific_capacitance",
        "end_node": "290 F g^(-1)"
    },
    {
        "start_node": "COF@MXene-15",
        "relationship": "rate_capability_improved",
        "end_node": "0.5 A g^(-1)"
    },
    {
        "start_node": "COF@MXene heterostructure",
        "relationship": "first_reported_as",
        "end_node": "supercapacitor electrode"
    }
]