[
    {
        "start_node": "MOE Lab",
        "relationship": "achieved",
        "end_node": "versatile catalysts"
    },
    {
        "start_node": "versatile catalysts",
        "relationship": "used_for",
        "end_node": "ring-opening polymerizations"
    },
    {
        "start_node": "MOE Lab",
        "relationship": "proposed",
        "end_node": "catalyst-free polycondensation"
    },
    {
        "start_node": "polycondensation",
        "relationship": "resulting_in",
        "end_node": "high molecular weight polyesters"
    },
    {
        "start_node": "MOE Lab",
        "relationship": "demonstrated",
        "end_node": "co-assembly method for films and coatings"
    },
    {
        "start_node": "films and coatings",
        "relationship": "property",
        "end_node": "controlled structures"
    },
    {
        "start_node": "MOE Lab",
        "relationship": "discovered",
        "end_node": "poly(propylene carbonate) high productivity"
    },
    {
        "start_node": "poly(propylene carbonate)",
        "relationship": "type_of",
        "end_node": "semicrystalline polyester"
    },
    {
        "start_node": "MOE Lab",
        "relationship": "developed",
        "end_node": "yellow-green clusteroluminescent polyesters"
    },
    {
        "start_node": "MOE Lab",
        "relationship": "developed",
        "end_node": "supramolecular prodrug nano-assembly"
    },
    {
        "start_node": "nano-assembly",
        "relationship": "used_for",
        "end_node": "chemotherapy"
    },
    {
        "start_node": "MOE Lab",
        "relationship": "created",
        "end_node": "tough shape memory supramolecular hydrogels"
    },
    {
        "start_node": "hydrogels",
        "relationship": "application",
        "end_node": "information encryption"
    },
    {
        "start_node": "MOE Lab",
        "relationship": "achieved",
        "end_node": "graphene oxide fiber fusion/fission"
    },
    {
        "start_node": "graphene oxide fibers",
        "relationship": "property",
        "end_node": "reversible fusion/fission"
    },
    {
        "start_node": "MOE Lab",
        "relationship": "synthesized",
        "end_node": "non-conjugated polypeptides"
    },
    {
        "start_node": "polypeptides",
        "relationship": "property",
        "end_node": "clusteroluminescence"
    },
    {
        "start_node": "MOE Lab",
        "relationship": "used",
        "end_node": "COFs as chemiresistor/elecatalyst/OFET"
    },
    {
        "start_node": "COFs",
        "relationship": "property",
        "end_node": "high electrical conductivity"
    },
    {
        "start_node": "MOE Lab",
        "relationship": "explored",
        "end_node": "non-fused electron acceptors"
    },
    {
        "start_node": "electron acceptors",
        "relationship": "application",
        "end_node": "polymer solar cells"
    },
    {
        "start_node": "MOE Lab",
        "relationship": "improved",
        "end_node": "X-ray detector performance"
    },
    {
        "start_node": "detector performance",
        "relationship": "related_to",
        "end_node": "gel-grown bulk-heterojunctions"
    }
]