[
    {
        "start_node": "PANI",
        "relationship": "is_type_of",
        "end_node": "organic_material"
    },
    {
        "start_node": "Polyaniline",
        "relationship": "property",
        "end_node": "high_conductivity"
    },
    {
        "start_node": "Polyaniline",
        "relationship": "property",
        "end_node": "environmental_stability"
    },
    {
        "start_node": "Polyaniline",
        "relationship": "doping Chem",
        "end_node": "unusual"
    },
    {
        "start_node": "2D Organic Nanomaterials",
        "relationship": "type",
        "end_node": "fascinating"
    },
    {
        "start_node": "Liquid-phase exfoliation",
        "relationship": "method",
        "end_node": "PANI Nanosheets Fabrication"
    },
    {
        "start_node": "PANI Nanosheets",
        "relationship": "dimensionality",
        "end_node": "two-dimensional"
    },
    {
        "start_node": "PANI Nanosheets",
        "relationship": "origin",
        "end_node": "layered PANI films"
    },
    {
        "start_node": "Layered PANI films",
        "relationship": "creation",
        "end_node": "electrochemical polymerization"
    },
    {
        "start_node": "PANI Nanosheets",
        "relationship": "imaging_technique",
        "end_node": "Atomic Force Microscopy"
    },
    {
        "start_node": "PANI Nanosheets",
        "relationship": "transferable_to",
        "end_node": "various_surfaces"
    },
    {
        "start_node": "PANI Nanosheets",
        "relationship": "application_potential",
        "end_node": "optoelectronic_devices"
    }
]