[
    {
        "start_node": "CO2",
        "relationship": "catalytic_conversion",
        "end_node": "formic_acid/formate"
    },
    {
        "start_node": "CO2",
        "relationship": "climate_issue",
        "end_node": "atmospheric_levels"
    },
    {
        "start_node": "formic_acid/formate",
        "relationship": "product_value",
        "end_node": "basic_chemical"
    },
    {
        "start_node": "formic_acid/formate",
        "relationship": "energy_storage",
        "end_node": "promising_material"
    },
    {
        "start_node": "conversion",
        "relationship": "kinetic_limitation",
        "end_node": "desirable"
    },
    {
        "start_node": "catalytic_system",
        "relationship": "development",
        "end_node": "efficient"
    },
    {
        "start_node": "approaches",
        "relationship": "implementation",
        "end_node": "heterogeneous_catalysts"
    },
    {
        "start_node": "homogeneous_catalysts",
        "relationship": "comparison",
        "end_node": "heterogeneous_catalysts"
    },
    {
        "start_node": "recent_advances",
        "relationship": "topic",
        "end_node": "hydrogenation_CO2_formic_acid/formate"
    },
    {
        "start_node": "theoretical_investigations",
        "relationship": "presentation",
        "end_node": "recent_advances"
    }
]