[
    {
        "start_node": "COF",
        "relationship": "contains",
        "end_node": "Water-dispersed Conjugated Polyelectrolyte"
    },
    {
        "start_node": "Polyelectrolyte",
        "relationship": "is_type_of",
        "end_node": "COF"
    },
    {
        "start_node": "Conjugated Polyelectrolyte",
        "relationship": "used_for",
        "end_node": "Hydrogen Production"
    },
    {
        "start_node": "Photocatalyst",
        "relationship": "property",
        "end_node": "water-dispersed"
    },
    {
        "start_node": "Hydrophobic Polymer",
        "relationship": "comparison",
        "end_node": "Conjugated Polyelectrolyte"
    },
    {
        "start_node": "Particle Size",
        "relationship": "impacts",
        "end_node": "Interfacial Reaction Efficiency"
    },
    {
        "start_node": "Cationic Conjugated Polyelectrolyte",
        "relationship": "example",
        "end_node": "Polyelectrolyte"
    },
    {
        "start_node": "PFBT",
        "relationship": "comparison",
        "end_node": "Polyelectrolyte"
    },
    {
        "start_node": "Polymer Aggregates",
        "relationship": "improvement",
        "end_node": "Charge Separation"
    },
    {
        "start_node": "Light Absorption",
        "relationship": "enhanced_in",
        "end_node": "Polyelectrolyte"
    }
]