[
    {
        "start_node": "CMP",
        "relationship": "type_of",
        "end_node": "conjugated microporous polymer"
    },
    {
        "start_node": "CMP",
        "relationship": "property",
        "end_node": "high specific surface area"
    },
    {
        "start_node": "CMP",
        "relationship": "property",
        "end_node": "pore diameter < 2 nm"
    },
    {
        "start_node": "CMP",
        "relationship": "application",
        "end_node": "hydrogen storage"
    },
    {
        "start_node": "CMP",
        "relationship": "application",
        "end_node": "heterogeneous catalysts"
    },
    {
        "start_node": "CMP",
        "relationship": "application",
        "end_node": "gas-permeable membranes"
    },
    {
        "start_node": "CMP",
        "relationship": "application",
        "end_node": "light-emitting organics"
    },
    {
        "start_node": "synthetic routes",
        "relationship": "used_in",
        "end_node": "CMP preparation"
    },
    {
        "start_node": "ethynyl coupling",
        "relationship": "method",
        "end_node": "noble metal-mediated"
    },
    {
        "start_node": "Sonogashira-Hagihara coupling",
        "relationship": "method",
        "end_node": "CMP synthesis"
    },
    {
        "start_node": "Suzuki coupling",
        "relationship": "method",
        "end_node": "CMP synthesis"
    },
    {
        "start_node": "Yamamoto coupling",
        "relationship": "method",
        "end_node": "CMP synthesis"
    },
    {
        "start_node": "functionalization",
        "relationship": "part_of",
        "end_node": "CMP process"
    },
    {
        "start_node": "review",
        "relationship": "content",
        "end_node": "systematic introduction of CMPs"
    }
]