[
    {
        "start_node": "Porous Organic Materials",
        "relationship": "used_for",
        "end_node": "Separation"
    },
    {
        "start_node": "Separation",
        "relationship": "applied_in",
        "end_node": "Molecular Simulations"
    },
    {
        "start_node": "Molecular Simulations",
        "relationship": "study",
        "end_node": "Porous Organic Materials"
    },
    {
        "start_node": "COF",
        "relationship": "contain",
        "end_node": "Porous Organic Materials"
    },
    {
        "start_node": "Porous Organic Materials",
        "relationship": "subclass_of",
        "end_node": "COFs"
    },
    {
        "start_node": "Porous Organic Materials",
        "relationship": "property",
        "end_node": "porosity"
    },
    {
        "start_node": "Porosity",
        "relationship": "attribute_of",
        "end_node": "Porous Organic Materials"
    },
    {
        "start_node": "Porous Organic Materials",
        "relationship": "application",
        "end_node": "Separation Processes"
    },
    {
        "start_node": "Separation Processes",
        "relationship": "involve",
        "end_node": "Porous Organic Materials"
    }
]