[
    {
        "start_node": "CMPs",
        "relationship": "belong_to",
        "end_node": "polymer"
    },
    {
        "start_node": "CMPs",
        "relationship": "property",
        "end_node": "porous"
    },
    {
        "start_node": "CMPs",
        "relationship": "application",
        "end_node": "gas_adsorption"
    },
    {
        "start_node": "CMPs",
        "relationship": "application",
        "end_node": "heterogeneous_catalysis"
    },
    {
        "start_node": "transition-metal_catalysis",
        "relationship": "common_in",
        "end_node": "CMPs_synthesis"
    },
    {
        "start_node": "radical_homocoupling_polymerization",
        "relationship": "alternative_to",
        "end_node": "CMPs_synthesis"
    },
    {
        "start_node": "poly(phenylene_butadiynylene)",
        "relationship": "synthesized_by",
        "end_node": "radical_homocoupling"
    },
    {
        "start_node": "poly(phenylene_butadiynylene)",
        "relationship": "property",
        "end_node": "high_surface_area"
    },
    {
        "start_node": "poly(phenylene_butadiynylene)",
        "relationship": "surface_area_value",
        "end_node": "1477 m²/g"
    },
    {
        "start_node": "poly(phenylene_butadiynylene)",
        "relationship": "gas_storage",
        "end_node": "carbon_dioxide"
    },
    {
        "start_node": "poly(phenylene_butadiynylene)",
        "relationship": "gas_storage",
        "end_node": "hydrogen"
    },
    {
        "start_node": "new_methodology",
        "relationship": "proposed",
        "end_node": "organic_porous_materials"
    }
]