[
    {
        "start_node": "COF",
        "relationship": "method",
        "end_node": "polyurea-based palladium"
    },
    {
        "start_node": "strategy",
        "relationship": "described",
        "end_node": "one-pot"
    },
    {
        "start_node": "fabricate",
        "relationship": "involved",
        "end_node": "palladium nanoparticles"
    },
    {
        "start_node": "approach",
        "relationship": "developed",
        "end_node": "anchoring Pd on PPU"
    },
    {
        "start_node": "tolylene-2,4-diisocyanate",
        "relationship": "reactant",
        "end_node": "PPU synthesis"
    },
    {
        "start_node": "water",
        "relationship": "component",
        "end_node": "reaction mixture"
    },
    {
        "start_node": "acetone",
        "relationship": "component",
        "end_node": "reaction mixture"
    },
    {
        "start_node": "palladium acetate",
        "relationship": "precursor",
        "end_node": "Pd/PPU"
    },
    {
        "start_node": "NaBH4",
        "relationship": "reducer",
        "end_node": "Pd/PPU"
    },
    {
        "start_node": "characterization",
        "relationship": "used",
        "end_node": "NMR, BET, SEM, XRD, TEM, ICP-OES, XPS"
    },
    {
        "start_node": "Pd/PPU",
        "relationship": "property",
        "end_node": "porous, 7.81 nm average size"
    },
    {
        "start_node": "application",
        "relationship": "tested",
        "end_node": "flow-through Cr(VI) reduction"
    },
    {
        "start_node": "hexavalent chromium",
        "relationship": "catalyzed_reduction_of",
        "end_node": "Cr(VI)"
    },
    {
        "start_node": "trivalent chromium",
        "relationship": "product",
        "end_node": "Cr(III)"
    },
    {
        "start_node": "formic acid",
        "relationship": "reducing_agent",
        "end_node": "Cr(VI) reduction"
    },
    {
        "start_node": "Pd/PPU",
        "relationship": "catalyst_performance",
        "end_node": "99% reduction efficiency, stable"
    },
    {
        "start_node": "wastewater remediation",
        "relationship": "application_suggested",
        "end_node": "continuous flow"
    },
    {
        "start_node": "emerging technology",
        "relationship": "indicated",
        "end_node": "flow-through catalytic remediation"
    }
]