[
    {
        "start_node": "COF",
        "relationship": "application",
        "end_node": "energy storage"
    },
    {
        "start_node": "COF",
        "relationship": "focus on",
        "end_node": "gas storage"
    },
    {
        "start_node": "COF",
        "relationship": "focus on",
        "end_node": "electrical power storage"
    },
    {
        "start_node": "COF",
        "relationship": "design strategy",
        "end_node": "gas sorption properties"
    },
    {
        "start_node": "COF",
        "relationship": "mechanistic study",
        "end_node": "formation"
    },
    {
        "start_node": "gas sorption properties",
        "relationship": "belong to",
        "end_node": "COF"
    },
    {
        "start_node": "electrical power storage",
        "relationship": "belong to",
        "end_node": "COF"
    },
    {
        "start_node": "COFs",
        "relationship": "subclass of",
        "end_node": "porous materials"
    }
]