[
    {
        "start_node": "COF",
        "relationship": "contain",
        "end_node": "UiO-66-NH2"
    },
    {
        "start_node": "UiO-66-NH2",
        "relationship": "modified by",
        "end_node": "ionic liquid"
    },
    {
        "start_node": "COF",
        "relationship": "contain",
        "end_node": "IL-modified UiO-66-NH2"
    },
    {
        "start_node": "IL-modified UiO-66-NH2",
        "relationship": "used as",
        "end_node": "sorbent"
    },
    {
        "start_node": "sorbent",
        "relationship": "for",
        "end_node": "dispersive solid-phase extraction"
    },
    {
        "start_node": "dispersive solid-phase extraction",
        "relationship": "applied to",
        "end_node": "benzoylurea insecticides"
    },
    {
        "start_node": "IL",
        "relationship": "property",
        "end_node": "electropositive"
    },
    {
        "start_node": "IL",
        "relationship": "interacts with",
        "end_node": "BUs"
    },
    {
        "start_node": "UiO-66-NH2/IL",
        "relationship": "characteristics",
        "end_node": "high thermal and chemical stability"
    },
    {
        "start_node": "UiO-66-NH2/IL",
        "relationship": "adsorption forces",
        "end_node": "pi-pi, hydrogen bonding, fluorine-fluorine interaction"
    },
    {
        "start_node": "UiO-66-NH2/IL",
        "relationship": "performance",
        "end_node": "short adsorption time, rapid desorption"
    },
    {
        "start_node": "method",
        "relationship": "properties",
        "end_node": "wide linear range, high R², low LOD"
    },
    {
        "start_node": "dSPE-HPLC-DAD",
        "relationship": "used for",
        "end_node": "detection of BUs"
    },
    {
        "start_node": "UiO-66-NH2/IL",
        "relationship": "suitable for",
        "end_node": "preconcentration of trace insecticides"
    },
    {
        "start_node": "UiO-66-NH2/IL",
        "relationship": "application",
        "end_node": "real environmental samples"
    }
]