[
    {
        "start_node": "R&D Investment",
        "relationship": "impacts",
        "end_node": "Financial Performance"
    },
    {
        "start_node": "Renewable Energy Firms",
        "relationship": "focus on",
        "end_node": "EU countries"
    },
    {
        "start_node": "Climate Change",
        "relationship": "drives",
        "end_node": "renewable energy priority"
    },
    {
        "start_node": "Shareholder Protection",
        "relationship": "moderates",
        "end_node": "R&D-FP nexus",
        "conditions": "positive effect"
    },
    {
        "start_node": "Creditor Rights",
        "relationship": "moderates",
        "end_node": "R&D-FP nexus",
        "conditions": "negative effect"
    },
    {
        "start_node": "Policy Changes",
        "relationship": "recommendation for",
        "end_node": "encourage R&D investment"
    }
]