[
    {
        "start_node": "COF",
        "relationship": "contains",
        "end_node": "Substantial Cyano-Substituted Fully sp²-Carbon-Linked Framework"
    },
    {
        "start_node": "Substantial Cyano-Substituted Framework",
        "relationship": "is",
        "end_node": "Polymeric Semiconductor"
    },
    {
        "start_node": "Polymeric Semiconductor",
        "relationship": "used_for",
        "end_node": "Hydrogen Evolution"
    },
    {
        "start_node": "Electron-Deficient Tricyanomesitylene",
        "relationship": "used_in",
        "end_node": "Synthesis"
    },
    {
        "start_node": "Knoevenagel Condensation",
        "relationship": "catalyzed_by",
        "end_node": "Organic Base"
    },
    {
        "start_node": "Aldehyde-Substituted Arenes",
        "relationship": "reacts_with",
        "end_node": "Tricyanomesitylene"
    },
    {
        "start_node": "Porous Polymers",
        "relationship": "features",
        "end_node": "Donor-Acceptor Structures"
    },
    {
        "start_node": "Donor-Acceptor Structures",
        "relationship": "has",
        "end_node": "Extended Conjugation"
    },
    {
        "start_node": "Porous Polymers",
        "relationship": "has",
        "end_node": "Hierarchical Porosity"
    },
    {
        "start_node": "Porous Polymers",
        "relationship": "has",
        "end_node": "Nanoscale Morphology"
    },
    {
        "start_node": "Porous Polymers",
        "relationship": "has",
        "end_node": "Intriguing Wettability"
    },
    {
        "start_node": "Porous Polymers",
        "relationship": "tailorable_by",
        "end_node": "Arene Units"
    },
    {
        "start_node": "Porous Polymers",
        "relationship": "photocatalytic_activity",
        "end_node": "Visible-Light-Driven"
    },
    {
        "start_node": "Porous Polymers",
        "relationship": "activity_at",
        "end_node": "420 nm (2.0%)"
    },
    {
        "start_node": "Porous Polymers",
        "relationship": "activity_at",
        "end_node": "470 nm (1.9%)"
    },
    {
        "start_node": "Metal-Free Catalysis",
        "relationship": "used_for",
        "end_node": "Formation of Catalyst"
    }
]