[
    {
        "start_node": "COF",
        "relationship": "contain",
        "end_node": "Adaptive lattice-matched MOF@COF heterostructure"
    },
    {
        "start_node": "Adaptive lattice-matched MOF@COF heterostructure",
        "relationship": "improve",
        "end_node": "photocatalytic activity"
    },
    {
        "start_node": "COF",
        "relationship": "used_in",
        "end_node": "Cell Reports Physical Science"
    },
    {
        "start_node": "Cell Reports Physical Science",
        "relationship": "publish",
        "end_node": "Yu et al."
    },
    {
        "start_node": "Yu et al.",
        "relationship": "propose",
        "end_node": "lattice intergrown MOF@COF heterostructures"
    },
    {
        "start_node": "lattice intergrown MOF@COF heterostructures",
        "relationship": "show",
        "end_node": "excellent formic-acid selectivity"
    },
    {
        "start_node": "lattice intergrown MOF@COF heterostructures",
        "relationship": "yield",
        "end_node": "CO2 photoreduction"
    }
]