[
    {
        "start_node": "COF",
        "relationship": "constructed_as",
        "end_node": "MAzo"
    },
    {
        "start_node": "MAzo",
        "relationship": "feature",
        "end_node": "magnetism"
    },
    {
        "start_node": "MAzo",
        "relationship": "feature",
        "end_node": "adsorption_performance"
    },
    {
        "start_node": "MAzo",
        "relationship": "feature",
        "end_node": "reusability"
    },
    {
        "start_node": "MAzo",
        "relationship": "used_for",
        "end_node": "MSPE"
    },
    {
        "start_node": "MAzo",
        "relationship": "combined_with",
        "end_node": "HPLC"
    },
    {
        "start_node": "method",
        "relationship": "designed_for",
        "end_node": "determination_of_phenylurea_herbicides"
    },
    {
        "start_node": "samples",
        "relationship": "analyzed",
        "end_node": "pear_juice"
    },
    {
        "start_node": "samples",
        "relationship": "analyzed",
        "end_node": "apple_juice"
    },
    {
        "start_node": "MAzo",
        "relationship": "performance",
        "end_node": "low_limits_of_detection"
    },
    {
        "start_node": "MAzo",
        "relationship": "performance",
        "end_node": "high_recovery"
    },
    {
        "start_node": "MAzo",
        "relationship": "performance",
        "end_node": "RSD"
    },
    {
        "start_node": "MAzo",
        "relationship": "adsorption_mechanism",
        "end_node": "H-bonding"
    },
    {
        "start_node": "MAzo",
        "relationship": "adsorption_mechanism",
        "end_node": "pi-pi_interactions"
    },
    {
        "start_node": "MAzo",
        "relationship": "synthesis_method",
        "end_node": "facile_and_green"
    },
    {
        "start_node": "MAzo",
        "relationship": "application_prospect",
        "end_node": "sample_preparation"
    }
]