[
    {
        "start_node": "TIIP",
        "relationship": "is_a",
        "end_node": "semiconducting_2DP"
    },
    {
        "start_node": "semiconducting_2DP",
        "relationship": "used_in",
        "end_node": "OECT_active_layer"
    },
    {
        "start_node": "OECT",
        "relationship": "uses_material",
        "end_node": "TIIP"
    },
    {
        "start_node": "OECT",
        "relationship": "application",
        "end_node": "bioelectronic_sensing"
    },
    {
        "start_node": "OECT",
        "relationship": "application",
        "end_node": "circuits"
    },
    {
        "start_node": "OECT",
        "relationship": "application",
        "end_node": "neuromorphic_hardware"
    },
    {
        "start_node": "OMIEC",
        "relationship": "type_of",
        "end_node": "linear_polymers"
    },
    {
        "start_node": "OMIEC",
        "relationship": "alternative",
        "end_node": "semiconducting_2DP"
    },
    {
        "start_node": "TIIP",
        "relationship": "has_microstructure",
        "end_node": "textured"
    },
    {
        "start_node": "TIIP",
        "relationship": "property",
        "end_node": "semiconducting"
    },
    {
        "start_node": "TIIP",
        "relationship": "oxidation_states",
        "end_node": "accessible"
    },
    {
        "start_node": "2DP-OECT",
        "relationship": "device_characteristics",
        "end_node": "hole_mobility",
        "value": "0.05 cm^2 V^-1 s^-1"
    },
    {
        "start_node": "2DP-OECT",
        "relationship": "device_characteristics",
        "end_node": "mu_C*_figure_of Merit",
        "value": "1.75 F cm^-1 V^-1 s^-1"
    },
    {
        "start_node": "2DP",
        "relationship": "provides",
        "end_node": "synthetic_degrees_freedom",
        "value": "control_over_performance"
    },
    {
        "start_node": "2DP",
        "relationship": "potential_improvement",
        "end_node": "ion_selectivity"
    },
    {
        "start_node": "2DP",
        "relationship": "potential_improvement",
        "end_node": "stability"
    }
]