[
    {
        "start_node": "TI",
        "relationship": "discusses",
        "end_node": "Central Odontogenic Fibroma"
    },
    {
        "start_node": "TI",
        "relationship": "is_a_case_of",
        "end_node": "rare"
    },
    {
        "start_node": "Central Odontogenic Fibroma",
        "relationship": "type_of",
        "end_node": "benign tumor"
    },
    {
        "start_node": "Central Odontogenic Fibroma",
        "relationship": "location",
        "end_node": "mandible"
    },
    {
        "start_node": "Central Odontogenic Fibroma",
        "relationship": "accounts_for",
        "end_node": "less_than_1%"
    },
    {
        "start_node": "fibroblasts",
        "relationship": "component_of",
        "end_node": "Central Odontogenic Fibroma"
    },
    {
        "start_node": "management",
        "relationship": "includes",
        "end_node": "enucleation"
    },
    {
        "start_node": "management",
        "relationship": "includes",
        "end_node": "tooth_extraction"
    },
    {
        "start_node": "rarity",
        "relationship": "indicated_by",
        "end_node": "low_recurrence"
    },
    {
        "start_node": "case_report",
        "relationship": "mentions",
        "end_node": "COF"
    },
    {
        "start_node": "COF",
        "relationship": "detected_in",
        "end_node": "38-year-old_female"
    },
    {
        "start_node": "symptom",
        "relationship": "presented_by",
        "end_node": "edema"
    },
    {
        "start_node": "edema",
        "relationship": "location",
        "end_node": "lower right front tooth region"
    }
]