[
    {
        "start_node": "Black Phosphorus",
        "relationship": "application in",
        "end_node": "Energy Storage"
    },
    {
        "start_node": "Black Phosphorus",
        "relationship": "application in",
        "end_node": "Catalysis"
    },
    {
        "start_node": "Black Phosphorus",
        "relationship": "application in",
        "end_node": "Sensor Applications"
    },
    {
        "start_node": "BP",
        "relationship": "as",
        "end_node": "2D semiconductor"
    },
    {
        "start_node": "BP",
        "relationship": "characteristic",
        "end_node": "high charge-carrier mobility"
    },
    {
        "start_node": "BP",
        "relationship": "characteristic",
        "end_node": "thickness-dependent bandgap"
    },
    {
        "start_node": "BP",
        "relationship": "characteristic",
        "end_node": "anisotropic structure"
    },
    {
        "start_node": "BP nanostructures",
        "relationship": "expanding from",
        "end_node": "electronic field"
    },
    {
        "start_node": "BP",
        "relationship": "used in",
        "end_node": "Li-ion battery anodes"
    },
    {
        "start_node": "BP",
        "relationship": "used in",
        "end_node": "oxygen evolution reaction"
    },
    {
        "start_node": "BP",
        "relationship": "used in",
        "end_node": "hydrogen evolution reaction"
    },
    {
        "start_node": "BP",
        "relationship": "used in",
        "end_node": "photocatalytic hydrogen production"
    },
    {
        "start_node": "BP",
        "relationship": "used in",
        "end_node": "selective sensors"
    },
    {
        "start_node": "feasible improvements",
        "relationship": "related to",
        "end_node": "energy storage"
    },
    {
        "start_node": "constructive suggestions",
        "relationship": "related to",
        "end_node": "catalysis and sensor applications"
    }
]