[
    {
        "start_node": "COF",
        "relationship": "contain",
        "end_node": "COF-JLU2"
    },
    {
        "start_node": "COF-JLU2",
        "relationship": "derive",
        "end_node": "NPC"
    },
    {
        "start_node": "NPC",
        "relationship": "suitable_for",
        "end_node": "potassium-ion batteries (PIBs)"
    },
    {
        "start_node": "NPC",
        "relationship": "suitable_for",
        "end_node": "aluminum batteries"
    },
    {
        "start_node": "NPC",
        "relationship": "enhance",
        "end_node": "conductivity"
    },
    {
        "start_node": "NPC",
        "relationship": "optimize",
        "end_node": "electron density"
    },
    {
        "start_node": "NPC",
        "relationship": "electrochemical_performance",
        "end_node": "PIBs"
    },
    {
        "start_node": "NPC",
        "relationship": "electrochemical_performance",
        "end_node": "Al batteries"
    },
    {
        "start_node": "NPC",
        "relationship": "stability",
        "end_node": "2500 cycles (anode for PIBs)"
    },
    {
        "start_node": "NPC",
        "relationship": "stability",
        "end_node": "30000 cycles (cathode for Al batteries)"
    },
    {
        "start_node": "NPC",
        "relationship": "application_scope",
        "end_node": "energy storage"
    }
]