[
    {
        "start_node": "COF",
        "relationship": "field",
        "end_node": "gas capture and separation"
    },
    {
        "start_node": "PLs",
        "relationship": "category",
        "end_node": "porous liquids"
    },
    {
        "start_node": "PLs",
        "relationship": "property",
        "end_node": "permanent porosity"
    },
    {
        "start_node": "PLs",
        "relationship": "property",
        "end_node": "good fluidity"
    },
    {
        "start_node": "PLs",
        "relationship": "application",
        "end_node": "gas capture materials"
    },
    {
        "start_node": "synthesis",
        "relationship": "progress",
        "end_node": "PLs"
    },
    {
        "start_node": "gas capture performance",
        "relationship": "evaluated",
        "end_node": "PLs (2015 onward)"
    },
    {
        "start_node": "challenges",
        "relationship": "identified",
        "end_node": "porous liquids"
    },
    {
        "start_node": "outlooks",
        "relationship": "future",
        "end_node": "synthetic methods for PLs"
    },
    {
        "start_node": "outlooks",
        "relationship": "future",
        "end_node": "gas capture applications"
    }
]