[
    {
        "start_node": "COF",
        "relationship": "study",
        "end_node": "photocatalysts"
    },
    {
        "start_node": "CMPs",
        "relationship": "promising_for",
        "end_node": "recyclable_heterogeneous_photocatalysts"
    },
    {
        "start_node": "organic_chromophores",
        "relationship": "incorporation_in",
        "end_node": "CMPs"
    },
    {
        "start_node": "CMPs",
        "relationship": "lack_of_structure_property",
        "end_node": "well-constructed_design"
    },
    {
        "start_node": "beta-diketone_boron_difluoride_dye",
        "relationship": "used_as_linker",
        "end_node": "CMPs"
    },
    {
        "start_node": "building_blocks",
        "relationship": "used_as_core",
        "end_node": "triphenylamine/triphenylbenzene"
    },
    {
        "start_node": "CMPs",
        "relationship": "application",
        "end_node": "metal-free_photochemical_transformations"
    },
    {
        "start_node": "boron-dye CMPs",
        "relationship": "efficient_in",
        "end_node": "coupling_organic_reactions"
    },
    {
        "start_node": "boron-dye CMPs",
        "relationship": "efficient_in",
        "end_node": "oxidation_aryl_boronic_acids"
    },
    {
        "start_node": "boron-free CMPs",
        "relationship": "comparison_with",
        "end_node": "boron-dye CMPs"
    },
    {
        "start_node": "beta-diketone_boron_difluoride_dyes",
        "relationship": "efficient_building_blocks",
        "end_node": "CMP-based_photocatalysts"
    }
]