[
    {
        "start_node": "COF",
        "relationship": "employ",
        "end_node": "singlet fission"
    },
    {
        "start_node": "singlet fission",
        "relationship": "boost",
        "end_node": "singlet oxygen"
    },
    {
        "start_node": "singlet fission",
        "relationship": "boost",
        "end_node": "superoxide radicals"
    },
    {
        "start_node": "photosensitizers",
        "relationship": "type",
        "end_node": "metal-free"
    },
    {
        "start_node": "tetracene dimer",
        "relationship": "prepared",
        "end_node": "metal-free"
    },
    {
        "start_node": "tetracene dimer",
        "relationship": "yield",
        "end_node": "164%"
    },
    {
        "start_node": "triplets",
        "relationship": "duration",
        "end_node": "300 μs"
    },
    {
        "start_node": "tetracene dimer",
        "relationship": "generate",
        "end_node": "singlet oxygen"
    },
    {
        "start_node": "tetracene dimer",
        "relationship": "generate",
        "end_node": "superoxide radicals"
    },
    {
        "start_node": "O-1(2)",
        "relationship": "yield",
        "end_node": "148%"
    },
    {
        "start_node": "SF PS",
        "relationship": "photooxidation",
        "end_node": "activity"
    },
    {
        "start_node": "SF PS",
        "relationship": "compare",
        "end_node": "ISC PSs"
    },
    {
        "start_node": "TA spectra",
        "relationship": "analyze",
        "end_node": "O-1(2) generation"
    },
    {
        "start_node": "controlled experiments",
        "relationship": "describe",
        "end_node": "O-1(2) and O-2(·-) mechanisms"
    },
    {
        "start_node": "SF",
        "relationship": "use",
        "end_node": "two triplet states"
    },
    {
        "start_node": "SF",
        "relationship": "open",
        "end_node": "new field"
    },
    {
        "start_node": "strategy",
        "relationship": "present",
        "end_node": "O-1(2)/O-2(·-) yield enhancement"
    }
]