[
    {
        "start_node": "COF",
        "relationship": "contain",
        "end_node": "PAF-1"
    },
    {
        "start_node": "PAF-1",
        "relationship": "modified_by",
        "end_node": "PAF-1-CH2NH2"
    },
    {
        "start_node": "PAF-1-CH2NH2",
        "relationship": "property",
        "end_node": "high surface area"
    },
    {
        "start_node": "PAF-1-CH2NH2",
        "relationship": "CO2_adsorption",
        "end_node": "unique"
    },
    {
        "start_node": "PAF-1-CH2NH2",
        "relationship": "thermodynamic_selectivity",
        "end_node": "over 1000"
    },
    {
        "start_node": "PAF-1-CH2NH2",
        "relationship": "cross_links_with",
        "end_node": "cPIM-1"
    },
    {
        "start_node": "cPIM-1",
        "relationship": "type",
        "end_node": "carboxylic polymer"
    },
    {
        "start_node": "PAF-1-CH2NH2-cPIM-1",
        "relationship": "property",
        "end_node": "homogenous compatible"
    },
    {
        "start_node": "PAF-1-CH2NH2-cPIM-1",
        "relationship": "CO2_permeability",
        "end_node": "approx. 10790 Barrer"
    },
    {
        "start_node": "PAF-1-CH2NH2-cPIM-1",
        "relationship": "CO2_permselectivity",
        "end_node": "approx. 43"
    },
    {
        "start_node": "PAF-1-CH2NH2-cPIM-1",
        "relationship": "outperforms",
        "end_node": "parent PAF-1, phenylamine PAF-1"
    },
    {
        "start_node": "PAF-1-CH2NH2-cPIM-1",
        "relationship": "application",
        "end_node": "CO2/N-2 separation"
    },
    {
        "start_node": "PAF-1-CH2NH2-cPIM-1",
        "relationship": "demonstrates",
        "end_node": "CO2 capture in flue gas"
    }
]