[
    {
        "start_node": "COF",
        "relationship": "contain",
        "end_node": "COF/Pt/MWCNT-COOH"
    },
    {
        "start_node": "COF/Pt/MWCNT-COOH",
        "relationship": "used_for",
        "end_node": "electrochemical sensor"
    },
    {
        "start_node": "electrochemical sensor",
        "relationship": "detect",
        "end_node": "dopamine (DA)"
    },
    {
        "start_node": "COF/Pt/MWCNT-COOH",
        "relationship": "property",
        "end_node": "large specific surface area"
    },
    {
        "start_node": "COF/Pt/MWCNT-COOH",
        "relationship": "property",
        "end_node": "excellent electrical conductivity"
    },
    {
        "start_node": "COF/Pt/MWCNT-COOH",
        "relationship": "property",
        "end_node": "high catalytic activity"
    },
    {
        "start_node": "COFs",
        "relationship": "application_in",
        "end_node": "electrochemical sensing area"
    }
]