[
    {
        "start_node": "COF",
        "relationship": "prepare",
        "end_node": "CC-MP CCTF"
    },
    {
        "start_node": "CC-MP CCTF",
        "relationship": "core_shell",
        "end_node": "CC-MP CCTF@SiO2"
    },
    {
        "start_node": "CC-MP CCTF@SiO2",
        "relationship": "used_for",
        "end_node": "HPLC enantioseparation"
    },
    {
        "start_node": "analytes",
        "relationship": "separated_by",
        "end_node": "CC-MP CCTF@SiO2-packed column"
    },
    {
        "start_node": "alcohols",
        "relationship": "enantiomers",
        "end_node": "CC-MP CCTF@SiO2"
    },
    {
        "start_node": "phenols",
        "relationship": "enantiomers",
        "end_node": "CC-MP CCTF@SiO2"
    },
    {
        "start_node": "amines",
        "relationship": "enantiomers",
        "end_node": "CC-MP CCTF@SiO2"
    },
    {
        "start_node": "ketones",
        "relationship": "enantiomers",
        "end_node": "CC-MP CCTF@SiO2"
    },
    {
        "start_node": "organic acids",
        "relationship": "enantiomers",
        "end_node": "CC-MP CCTF@SiO2"
    },
    {
        "start_node": "CC-MP CCTF@SiO2",
        "relationship": "compare_with",
        "end_node": "Chiralpak AD-H"
    },
    {
        "start_node": "CC-MP CCTF@SiO2",
        "relationship": "compare_with",
        "end_node": "Chiralcel OD-H"
    },
    {
        "start_node": "CC-MP CCTF@SiO2",
        "relationship": "compare_with",
        "end_node": "beta-CD-COF@SiO2"
    },
    {
        "start_node": "CC-MP CCTF@SiO2",
        "relationship": "compare_with",
        "end_node": "CTpBD@SiO2"
    },
    {
        "start_node": "CC-MP CCTF@SiO2",
        "relationship": "compare_with",
        "end_node": "MDI-beta-CD-modified COF@SiO2"
    },
    {
        "start_node": "CC-MP CCTF@SiO2",
        "relationship": "advantage",
        "end_node": "high column efficiency"
    },
    {
        "start_node": "CC-MP CCTF@SiO2",
        "relationship": "advantage",
        "end_node": "low column backpressure"
    },
    {
        "start_node": "CC-MP CCTF@SiO2",
        "relationship": "advantage",
        "end_node": "high enantioselectivity"
    },
    {
        "start_node": "CC-MP CCTF@SiO2",
        "relationship": "advantage",
        "end_node": "excellent chiral resolution"
    },
    {
        "start_node": "CC-MP CCTF@SiO2",
        "relationship": "property",
        "end_node": "good stability"
    },
    {
        "start_node": "CC-MP CCTF@SiO2",
        "relationship": "property",
        "end_node": "reproducibility"
    }
]