[
    {
        "start_node": "Photocatalytic",
        "relationship": "focus_on",
        "end_node": "Solar-to-Fuel Conversion"
    },
    {
        "start_node": "Solar-to-Fuel",
        "relationship": "strategy_for",
        "end_node": "Carbon-neutral, Green-Hydrogen Production"
    },
    {
        "start_node": "Semiconductor-based",
        "relationship": "challenge",
        "end_node": "Surface-Active Sites, Selectivity, Charge-Recombination"
    },
    {
        "start_node": "Cocatalyst Loading",
        "relationship": "solution_to",
        "end_node": "Improving Photocatalytic Activity, Selectivity"
    },
    {
        "start_node": "Metal Carbide-Based",
        "relationship": "attractiveness",
        "end_node": "Noble-Metal-Free, Low-Cost"
    },
    {
        "start_node": "Metal Carbide-Based Cocatalysts",
        "relationship": "reviewed_in",
        "end_node": "Recent Advances"
    },
    {
        "start_node": "Fundamentals",
        "relationship": "covered_in_review",
        "end_node": "Mechanism, Advantages, Drawbacks, Design Rules"
    },
    {
        "start_node": "Synthesis Approaches",
        "relationship": "addressed_in_review",
        "end_node": [
            "Metal Carbide Nanostructures",
            "Epitaxial Synthesis",
            "Crystal Imperfection Construction"
        ]
    },
    {
        "start_node": "Applications",
        "relationship": "discussed_in_review",
        "end_node": [
            "Hydrogen Production",
            "CO2 Reduction",
            "Nitrogen Reduction"
        ]
    },
    {
        "start_node": "Challenges",
        "relationship": "proposed_by_review",
        "end_node": "Crucial Challenges"
    },
    {
        "start_node": "Directions",
        "relationship": "suggested_by_review",
        "end_node": "Important Directions"
    },
    {
        "start_node": "Metal Carbide-Based Cocatalysts",
        "relationship": "aim_of_review",
        "end_node": "Rationally Designing, Efficient Conversion"
    }
]