[
    {
        "start_node": "COF",
        "relationship": "contain",
        "end_node": "Multicomponent Pyrene-Based COFs"
    },
    {
        "start_node": "Multicomponent Pyrene-Based COFs",
        "relationship": "feature",
        "end_node": "Donor-Acceptor (D-A) Interactions"
    },
    {
        "start_node": "Linkage",
        "relationship": "modulate",
        "end_node": "Electronic Structure"
    },
    {
        "start_node": "Linkage",
        "relationship": "control",
        "end_node": "Photocatalytic Activities"
    },
    {
        "start_node": "Protonated Quinoline-Linked COF",
        "relationship": "contain",
        "end_node": "Trifluoromethyl Group (TT-PQCOF-CF3)"
    },
    {
        "start_node": "TT-PQCOF-CF3",
        "relationship": "enhance",
        "end_node": "Hydrogen Evolution Rate"
    },
    {
        "start_node": "Linkage",
        "relationship": "redistribute",
        "end_node": "Charge"
    },
    {
        "start_node": "Linkage",
        "relationship": "extend",
        "end_node": "Pi-Conjugation"
    },
    {
        "start_node": "Linkage",
        "relationship": "strengthen",
        "end_node": "D-A Effect"
    },
    {
        "start_node": "COF",
        "relationship": "strategy",
        "end_node": "Linkage-Mediated Electronic Structure Modulation"
    },
    {
        "start_node": "Linkage-Mediated Electronic Structure Modulation",
        "relationship": "lead_to",
        "end_node": "Boosted Photocatalytic HER Performance"
    }
]