[
    {
        "start_node": "COF",
        "relationship": "contain",
        "end_node": "Cyano-functionalized g-C3N4-CN"
    },
    {
        "start_node": "Cyano-functionalized g-C3N4-CN",
        "relationship": "structure",
        "end_node": "isosite"
    },
    {
        "start_node": "Cyano-functionalized g-C3N4-CN",
        "relationship": "function",
        "end_node": "adsorption and photoreduction"
    },
    {
        "start_node": "Cyano-functionalized g-C3N4-CN",
        "relationship": "target",
        "end_node": "U(VI)"
    },
    {
        "start_node": "Cyano-functionalized g-C3N4-CN",
        "relationship": "performance",
        "end_node": "efficient photocatalytic uranium extraction"
    },
    {
        "start_node": "Performance",
        "relationship": "value",
        "end_node": "2644.3 mg g-1"
    },
    {
        "start_node": "Comparison",
        "relationship": "superior_to",
        "end_node": "most reported g-C3N4-based photocatalysts"
    },
    {
        "start_node": "Application",
        "relationship": "environment",
        "end_node": "seawater"
    },
    {
        "start_node": "Efficiency",
        "relationship": "tested_in",
        "end_node": "actual seawater"
    }
]