[
    {
        "start_node": "COF",
        "relationship": "contain",
        "end_node": "star-shaped molecules"
    },
    {
        "start_node": "star-shaped molecules",
        "relationship": "type",
        "end_node": "tris(N-salicylideneaniline)"
    },
    {
        "start_node": "tris(N-salicylideneaniline)",
        "relationship": "variant",
        "end_node": "TSANs"
    },
    {
        "start_node": "TSANs",
        "relationship": "arm_type",
        "end_node": "1,3,4-oxadiazole based"
    },
    {
        "start_node": "TSANs",
        "relationship": "arm_type",
        "end_node": "1,3,4-thiadiazole based"
    },
    {
        "start_node": "1,3,4-oxadiazole based TSANs",
        "relationship": "peripheral_tails",
        "end_node": "branched tails"
    },
    {
        "start_node": "branched tails",
        "relationship": "effect",
        "end_node": "columnar rectangular phase"
    },
    {
        "start_node": "1,3,4-oxadiazole based TSANs",
        "relationship": "comparison",
        "end_node": "hexadecyloxy chain analogues"
    },
    {
        "start_node": "hexadecyloxy chain analogues",
        "relationship": "phase",
        "end_node": "columnar hexagonal phase"
    },
    {
        "start_node": "1,3,4-thiadiazole based TSANs",
        "relationship": "peripheral_tails",
        "end_node": "hexadecyloxy chains"
    },
    {
        "start_node": "1,3,4-thiadiazole based TSANs",
        "relationship": "peripheral_tails",
        "end_node": "branched chain analogue"
    },
    {
        "start_node": "branched chain analogue",
        "relationship": "phase",
        "end_node": "liquid"
    },
    {
        "start_node": "1,3,4-thiadiazole based TSANs",
        "relationship": "interactions",
        "end_node": "thiadiazole ring"
    },
    {
        "start_node": "1,3,4-oxadiazole based TSANs",
        "relationship": "interaction_enhancement",
        "end_node": "bulky branched tails"
    },
    {
        "start_node": "1,3,4-oxadiazole based TSANs",
        "relationship": "phase",
        "end_node": "columnar rectangular phase stability"
    },
    {
        "start_node": "melting points",
        "relationship": "reduction",
        "end_node": "substituted 1,3,4-thiadiazole rings"
    },
    {
        "start_node": "mesophase width",
        "relationship": "enhancement",
        "end_node": "substituted 1,3,4-thiadiazole rings"
    }
]