[
    {
        "start_node": "TI",
        "relationship": "discusses",
        "end_node": "Polymer Systems"
    },
    {
        "start_node": "Polymer Systems",
        "relationship": "properties",
        "end_node": "Multi-scale"
    },
    {
        "start_node": "Multi-scale",
        "relationship": "reflected in",
        "end_node": "property dependence"
    },
    {
        "start_node": "property dependence",
        "relationship": "on",
        "end_node": "chemical structure"
    },
    {
        "start_node": "property dependence",
        "relationship": "on",
        "end_node": "molecular properties"
    },
    {
        "start_node": "molecular properties",
        "relationship": "impact",
        "end_node": "aggregation state"
    },
    {
        "start_node": "aggregation state",
        "relationship": "phase structure"
    },
    {
        "start_node": "aggregation state",
        "relationship": "condensed state structure"
    },
    {
        "start_node": "Simulation methods",
        "relationship": "role in",
        "end_node": "investigating polymer systems"
    },
    {
        "start_node": "Coarse-grained dynamics simulations",
        "relationship": "study",
        "end_node": "self-assembly structure"
    },
    {
        "start_node": "Coarse-grained dynamics simulations",
        "relationship": "study",
        "end_node": "dynamic behavior"
    },
    {
        "start_node": "dynamic behavior",
        "relationship": "examples",
        "end_node": "glass transition"
    },
    {
        "start_node": "dynamic behavior",
        "relationship": "examples",
        "end_node": "entanglement dynamics"
    },
    {
        "start_node": "review",
        "relationship": "summarizes",
        "end_node": "coarse-grained models"
    },
    {
        "start_node": "GPU algorithms",
        "relationship": "used in",
        "end_node": "coarse-grained simulations"
    },
    {
        "start_node": "review",
        "relationship": "discusses",
        "end_node": "simulation methods' characteristics"
    },
    {
        "start_node": "review",
        "relationship": "discusses",
        "end_node": "advantages"
    },
    {
        "start_node": "our group's studies",
        "relationship": "reviews",
        "end_node": "coarse-grained simulation progress"
    },
    {
        "start_node": "progress",
        "relationship": "in",
        "end_node": "structure, properties, physical mechanism"
    },
    {
        "start_node": "review",
        "relationship": "provides",
        "end_node": "reference for further development"
    },
    {
        "start_node": "further development",
        "relationship": "aimed at",
        "end_node": "coarse-grained simulation methods"
    },
    {
        "start_node": "further development",
        "relationship": "aimed at",
        "end_node": "software for polymer research"
    }
]