[
    {
        "start_node": "COF",
        "relationship": "mention",
        "end_node": "porphyrin"
    },
    {
        "start_node": "COF",
        "relationship": "mention",
        "end_node": "phthalocyanine"
    },
    {
        "start_node": "porphyrin",
        "relationship": "used_in",
        "end_node": "rechargeable_batteries"
    },
    {
        "start_node": "phthalocyanine",
        "relationship": "used_in",
        "end_node": "rechargeable_batteries"
    },
    {
        "start_node": "planar",
        "relationship": "property",
        "end_node": "molecules"
    },
    {
        "start_node": "macrocyclic",
        "relationship": "property",
        "end_node": "molecules"
    },
    {
        "start_node": "conjugated_pi_electron_system",
        "relationship": "feature",
        "end_node": "porphyrin/phthalocyanine"
    },
    {
        "start_node": "C-N_bonds",
        "relationship": "stable",
        "end_node": "porphyrin/phthalocyanine"
    },
    {
        "start_node": "bipolar_features",
        "relationship": "feature",
        "end_node": "porphyrin/phthalocyanine"
    },
    {
        "start_node": "central_metal",
        "relationship": "structural_diversity",
        "end_node": "porphyrin/phthalocyanine"
    },
    {
        "start_node": "peripheral_substitution_groups",
        "relationship": "structural_diversity",
        "end_node": "porphyrin/phthalocyanine"
    },
    {
        "start_node": "redox_active_sites",
        "relationship": "function",
        "end_node": "porphyrin/phthalocyanine"
    },
    {
        "start_node": "redox_mediators",
        "relationship": "function",
        "end_node": "porphyrin/phthalocyanine"
    },
    {
        "start_node": "O-2/CO2_shuttles",
        "relationship": "function",
        "end_node": "porphyrin/phthalocyanine"
    },
    {
        "start_node": "electrocatalysts",
        "relationship": "function",
        "end_node": "porphyrin/phthalocyanine"
    },
    {
        "start_node": "metal_ion_batteries",
        "relationship": "application",
        "end_node": "porphyrin/phthalocyanine"
    },
    {
        "start_node": "dual-ion_batteries",
        "relationship": "application",
        "end_node": "porphyrin/phthalocyanine"
    },
    {
        "start_node": "Li-S_batteries",
        "relationship": "application",
        "end_node": "porphyrin/phthalocyanine"
    },
    {
        "start_node": "Li-O-2_batteries",
        "relationship": "application",
        "end_node": "porphyrin/phthalocyanine"
    },
    {
        "start_node": "Li-CO2_batteries",
        "relationship": "application",
        "end_node": "porphyrin/phthalocyanine"
    },
    {
        "start_node": "porphyrin-and_phthalocyanine_frameworks",
        "relationship": "merging",
        "end_node": "highlighted"
    },
    {
        "start_node": "challenges",
        "relationship": "review",
        "end_node": "future_perspectives"
    }
]