[
    {
        "start_node": "Zn-air Batteries",
        "relationship": "topic_of",
        "end_node": "Energy Conversion"
    },
    {
        "start_node": "Carbon-Based Electrodes",
        "relationship": "used_in",
        "end_node": "Zn-air Batteries"
    },
    {
        "start_node": "Oxygen-Catalytic Sites",
        "relationship": "regulation_in",
        "end_node": "Zn-air Batteries"
    },
    {
        "start_node": "Nanostructure Design",
        "relationship": "part_of",
        "end_node": "Zn-air Batteries"
    },
    {
        "start_node": "Efficient Oxygen Electrodes",
        "relationship": "aim_for",
        "end_node": "Advanced Zn-air Batteries"
    },
    {
        "start_node": "Sluggish Kinetics",
        "relationship": "challenge_for",
        "end_node": "Oxygen Reduction Reaction"
    },
    {
        "start_node": "Oxygen Evolution Reaction",
        "relationship": "challenge_for",
        "end_node": "Zn-air Batteries"
    },
    {
        "start_node": "Carbon Supports",
        "relationship": "component_of",
        "end_node": "Nanostructured Electrodes"
    },
    {
        "start_node": "Synthetic Strategies",
        "relationship": "involved_in",
        "end_node": "Carbon-Based Electrode Design"
    },
    {
        "start_node": "Characterization Methods",
        "relationship": "used_to",
        "end_node": "Understand Performance"
    },
    {
        "start_node": "Flexible and High-Power Zn-air Batteries",
        "relationship": "progress_in",
        "end_node": "Recent Advances"
    },
    {
        "start_node": "Rational Design",
        "relationship": "future_goal",
        "end_node": "Nanostructured Carbon-Based Oxygen Electrodes"
    },
    {
        "start_node": "Current Challenges",
        "relationship": "discussed_in",
        "end_node": "Future Perspectives"
    }
]