[
    {
        "start_node": "COF",
        "relationship": "contain",
        "end_node": "Microporous polymelamine network"
    },
    {
        "start_node": "network",
        "relationship": "property",
        "end_node": "high CO2 uptake capacity"
    },
    {
        "start_node": "capacity",
        "relationship": "value",
        "end_node": "89.0 cm³ g⁻¹ (17.9 wt%)"
    },
    {
        "start_node": "temperature",
        "relationship": "condition",
        "end_node": "1.0 bar, 273 K"
    },
    {
        "start_node": "selectivity",
        "relationship": "towards",
        "end_node": "CO2 over N-2 and CH4"
    },
    {
        "start_node": "application",
        "relationship": "potential",
        "end_node": "clean energy"
    },
    {
        "start_node": "polymeric network",
        "relationship": "as",
        "end_node": "adsorbents"
    }
]