[
    {
        "start_node": "COF",
        "relationship": "contain",
        "end_node": "photoresponsive active sites"
    },
    {
        "start_node": "photoresponsive active sites",
        "relationship": "for",
        "end_node": "controllable propylene adsorption"
    },
    {
        "start_node": "COF",
        "relationship": "strategy",
        "end_node": "dispersing PMOP"
    },
    {
        "start_node": "PMOP",
        "relationship": "type",
        "end_node": "metal-organic polyhedra"
    },
    {
        "start_node": "PMOP",
        "relationship": "effect",
        "end_node": "endowment of photoresponsive adsorption sites"
    },
    {
        "start_node": "COF",
        "relationship": "selected",
        "end_node": "pore size of 4.5 nm"
    },
    {
        "start_node": "PMOP",
        "relationship": "size",
        "end_node": "4.0 and 3.1 nm (trans and cis)"
    },
    {
        "start_node": "PHGC",
        "relationship": "result",
        "end_node": "photoresponsive host-guest composite"
    },
    {
        "start_node": "PHGC",
        "relationship": "property",
        "end_node": "photomodulated propylene adsorption"
    },
    {
        "start_node": "PHGC",
        "relationship": "adsorption capacity",
        "end_node": "43.3% (change)"
    },
    {
        "start_node": "adsorption sites",
        "relationship": "response",
        "end_node": "visible light (trans configuration)"
    },
    {
        "start_node": "adsorption sites",
        "relationship": "response",
        "end_node": "UV light (cis configuration)"
    },
    {
        "start_node": "adsorption sites",
        "relationship": "interaction",
        "end_node": "C3H6"
    }
]