[
    {
        "start_node": "COF",
        "relationship": "contain",
        "end_node": "Two-Dimensional Polyphenylene Networks"
    },
    {
        "start_node": "COF",
        "relationship": "feature",
        "end_node": "Micropores"
    },
    {
        "start_node": "COF",
        "relationship": "ultramicropores",
        "end_node": "Pore size < 1 nm"
    },
    {
        "start_node": "Production",
        "relationship": "method",
        "end_node": "Solution-based Wurtz reaction"
    },
    {
        "start_node": "Mechanism",
        "relationship": "proposed",
        "end_node": "Self-assembled"
    },
    {
        "start_node": "Anneal treatment",
        "relationship": "influence",
        "end_node": "Deep thermal dechlorination, cyclodechlorination"
    },
    {
        "start_node": "Properties",
        "relationship": "tunable",
        "end_node": "Surface area, micropores"
    },
    {
        "start_node": "Annealed PPNs",
        "relationship": "characteristics",
        "end_node": "Moderate S-BET, fine-tunable micropores"
    },
    {
        "start_node": "H2-uptake capacity",
        "relationship": "dependency",
        "end_node": "Ultramicropores, pore volume 0.5-0.8 nm"
    },
    {
        "start_node": "Optimal PPNs",
        "relationship": "conditions",
        "end_node": "Anneal temp. 500-520°C, V-ultramicropore 0.5-0.8nm, 0.69-0.71 nm pores"
    },
    {
        "start_node": "Performance",
        "relationship": "exhibited",
        "end_node": "Superior H2-storage capacity (4.28-5.39 mmol/g)"
    }
]