[
    {
        "start_node": "MOF-5",
        "relationship": "doped_with",
        "end_node": "boron"
    },
    {
        "start_node": "boron",
        "relationship": "substitutes",
        "end_node": "carbon"
    },
    {
        "start_node": "C4B2H62-",
        "relationship": "strong_interaction",
        "end_node": "light_metal"
    },
    {
        "start_node": "light_metal",
        "relationship": "binding_energy",
        "end_node": "increased"
    },
    {
        "start_node": "MOF-5",
        "relationship": "hydrogen_adsorption",
        "end_node": "improved"
    },
    {
        "start_node": "lithium-decorated MOF-5",
        "relationship": "adsorbs",
        "end_node": "H2",
        "quantity": 18,
        "ratio": "3 H2/Li"
    },
    {
        "start_node": "Na-decorated MOF-5",
        "relationship": "adsorbs",
        "end_node": "H2",
        "quantity": 36,
        "ratio": "6 H2/Na"
    }
]