[
    {
        "start_node": "COF",
        "relationship": "contain",
        "end_node": "MIL-101(Cr)"
    },
    {
        "start_node": "MIL-101(Cr)",
        "relationship": "graft",
        "end_node": "PAPTS"
    },
    {
        "start_node": "PAPTS",
        "relationship": "modification",
        "end_node": "PAPTS-MIL-101(Cr)"
    },
    {
        "start_node": "PAPTS-MIL-101(Cr)",
        "relationship": "property",
        "end_node": "water adsorption isotherms"
    },
    {
        "start_node": "PAPTS-MIL-101(Cr)",
        "relationship": "adsorbent",
        "end_node": "water vapor"
    },
    {
        "start_node": "PAPTS-MIL-101(Cr)-0.5",
        "relationship": "water uptake",
        "end_node": "higher capacity"
    },
    {
        "start_node": "PAPTS-MIL-101(Cr)-0.5",
        "relationship": "adsorption rate",
        "end_node": "fast"
    },
    {
        "start_node": "PAPTS-MIL-101(Cr)-0.5",
        "relationship": "adsorption constant",
        "end_node": "0.0206 min^(-1)"
    },
    {
        "start_node": "PAPTS-MIL-101(Cr)-0.75",
        "relationship": "comparison",
        "end_node": "lower BET surface area"
    },
    {
        "start_node": "application",
        "relationship": "potential",
        "end_node": "adsorption heat pumps"
    }
]