[
    {
        "start_node": "COF",
        "relationship": "contain",
        "end_node": "P[5]-TFB-CMP"
    },
    {
        "start_node": "P[5]-TFB-CMP",
        "relationship": "property",
        "end_node": "large surface area"
    },
    {
        "start_node": "P[5]-TFB-CMP",
        "relationship": "property",
        "end_node": "thermal stability"
    },
    {
        "start_node": "P[5]-TFB-CMP",
        "relationship": "used_for",
        "end_node": "photochromic naphthopyrans composite film"
    },
    {
        "start_node": "P[5]-TFB-CMP",
        "relationship": "effect_on",
        "end_node": "accelerate thermal fading rate"
    },
    {
        "start_node": "P[5]-TFB-CMP",
        "relationship": "enhancement_factor",
        "end_node": "12 times"
    },
    {
        "start_node": "drawback",
        "relationship": "overcome_by",
        "end_node": "P[5]-TFB-CMP"
    },
    {
        "start_node": "matrix effect",
        "relationship": "problematic",
        "end_node": ""
    },
    {
        "start_node": "strategy",
        "relationship": "new",
        "end_node": "overcoming matrix effect"
    }
]