[
    {
        "start_node": "COF",
        "relationship": "contain",
        "end_node": "Subnanoporous Highly Oxygen Permselective Membranes"
    },
    {
        "start_node": "Poly(conjugated hyperbranched macromonomer)",
        "relationship": "synthesized as",
        "end_node": "COF"
    },
    {
        "start_node": "AB(2)-type monomer",
        "relationship": "used for",
        "end_node": "polymerization"
    },
    {
        "start_node": "1,3-Bis(dimethylsilyl)phenylacetylene",
        "relationship": "monomer",
        "end_node": "AB(2)"
    },
    {
        "start_node": "Poly(hyperbranched mactornonomer)",
        "relationship": "resulting from",
        "end_node": "simultaneous polymerization"
    },
    {
        "start_node": "high molecular weights",
        "relationship": "property of",
        "end_node": "poly(hyperbranched mactornonomer)"
    },
    {
        "start_node": "low densities",
        "relationship": "property of",
        "end_node": "poly(hyperbranched mactornonomer)"
    },
    {
        "start_node": "good self-membrane forming ability",
        "relationship": "property of",
        "end_node": "poly(hyperbranched mactornonomer)"
    },
    {
        "start_node": "oxygen permselectivity",
        "relationship": "controlled by",
        "end_node": "branch ratio (RB)"
    },
    {
        "start_node": "[Rh(norbornadiene)Cl](2)/various amines",
        "relationship": "catalytic system",
        "end_node": "polymerization"
    },
    {
        "start_node": "one-pot simultaneous polymerization",
        "relationship": "method",
        "end_node": "obtaining polymer membranes"
    }
]