[
    {
        "start_node": "Efficient Elimination",
        "relationship": "addresses",
        "end_node": "Nuclear Wastewater"
    },
    {
        "start_node": "Anion Exchange Adsorbent",
        "relationship": "preparation",
        "end_node": "PP-g-GMA@EDA/SA(Cl) (PGES(Cl))"
    },
    {
        "start_node": "PGES(Cl)",
        "relationship": "used_for",
        "end_node": "TcO4- removal"
    },
    {
        "start_node": "PGES(Cl)",
        "relationship": "kinetics",
        "end_node": "fast (10 min)"
    },
    {
        "start_node": "PGES(Cl)",
        "relationship": "capacity",
        "end_node": "251.13 mg/g Re(VII)"
    },
    {
        "start_node": "PGES(Cl)",
        "relationship": "selectivity",
        "end_node": "NO3-, Cl-, SO42-"
    },
    {
        "start_node": "PGES(Cl)",
        "relationship": "adsorption mechanism",
        "end_node": "anion exchange with chloride ion"
    },
    {
        "start_node": "TcO4-",
        "relationship": "adsorption",
        "end_node": "ReO4-"
    },
    {
        "start_node": "PGES(Cl)",
        "relationship": "recyclability",
        "end_node": "five cycles, 1 mol/L HCl"
    },
    {
        "start_node": "PGES(Cl)",
        "relationship": "application",
        "end_node": "radioactive nuclear wastewater"
    }
]