[
    {
        "start_node": "COF",
        "relationship": "synthesis_method",
        "end_node": "on-surface"
    },
    {
        "start_node": "Ag(111)",
        "relationship": "substrate",
        "end_node": "surface"
    },
    {
        "start_node": "Sonogashira coupling",
        "relationship": "chemical_reaction",
        "end_node": "chemoselective"
    },
    {
        "start_node": "SiCPFPEs",
        "relationship": "reactant",
        "end_node": "silylethynyl-chloro"
    },
    {
        "start_node": "trimethylsilyl ethynyl",
        "relationship": "reactant",
        "end_node": "SiCPFPEs"
    },
    {
        "start_node": "chlorophenyl",
        "relationship": "reactant",
        "end_node": "SiCPFPEs"
    },
    {
        "start_node": "chemoselectivity",
        "relationship": "measurement",
        "end_node": "75%"
    },
    {
        "start_node": "Ullmann reaction",
        "relationship": "suppressed_reaction",
        "end_node": ""
    },
    {
        "start_node": "desilylative Glaser homocoupling",
        "relationship": "suppressed_reaction",
        "end_node": ""
    },
    {
        "start_node": "STM/AFM",
        "relationship": "technique_used",
        "end_node": "bond-resolved imaging"
    },
    {
        "start_node": "DFT calculations",
        "relationship": "computational_method",
        "end_node": ""
    },
    {
        "start_node": "intermolecular silylene tethers",
        "relationship": "product",
        "end_node": "-Me2Si-"
    },
    {
        "start_node": "CH3-Si bond activation",
        "relationship": "process",
        "end_node": "130°C"
    },
    {
        "start_node": "elimination of tethers",
        "relationship": "process",
        "end_node": "200°C"
    },
    {
        "start_node": "oligomers",
        "relationship": "result",
        "end_node": "intermolecular"
    }
]