[
    {
        "start_node": "Heck Reaction",
        "relationship": "performs",
        "end_node": "Catalysis"
    },
    {
        "start_node": "Au(111)",
        "relationship": "substrate_for",
        "end_node": "on-surface reaction"
    },
    {
        "start_node": "Palladium",
        "relationship": "catalyst_for",
        "end_node": "Heck Reaction"
    },
    {
        "start_node": "Aryl Bromides",
        "relationship": "reactant",
        "end_node": "Heck Reaction"
    },
    {
        "start_node": "Terminal Alkene",
        "relationship": "reactant",
        "end_node": "Heck Reaction"
    },
    {
        "start_node": "Scanning Tunneling Microscopy",
        "relationship": "technique_used",
        "end_node": "analysis"
    },
    {
        "start_node": "Density Functional Theory",
        "relationship": "predicts",
        "end_node": "reaction mechanism"
    },
    {
        "start_node": "Debromination",
        "relationship": "step_in",
        "end_node": "reaction pathway"
    },
    {
        "start_node": "C=C bond addition",
        "relationship": "step_in",
        "end_node": "reaction pathway"
    },
    {
        "start_node": "Hydrogen elimination",
        "relationship": "step_in",
        "end_node": "reaction pathway"
    },
    {
        "start_node": "Cross-coupling product",
        "relationship": "result",
        "end_node": "Heck Reaction"
    }
]