[
    {
        "start_node": "COF",
        "relationship": "fabricate",
        "end_node": "Tp-Tta-COOH"
    },
    {
        "start_node": "COF",
        "relationship": "fabricate",
        "end_node": "Tp-Tapb-COOH"
    },
    {
        "start_node": "Tp-Tta-COOH",
        "relationship": "contain",
        "end_node": "carboxylic acid"
    },
    {
        "start_node": "Tp-Tapb-COOH",
        "relationship": "contain",
        "end_node": "carboxylic acid"
    },
    {
        "start_node": "Tp-Tta-COOH",
        "relationship": "facilitate",
        "end_node": "Cr(VI) adsorption"
    },
    {
        "start_node": "Tp-Tapb-COOH",
        "relationship": "facilitate",
        "end_node": "Cr(VI) photoreduction"
    },
    {
        "start_node": "Cr(VI)",
        "relationship": "adsorption",
        "end_node": "Tp-Tta-COOH"
    },
    {
        "start_node": "Cr(VI)",
        "relationship": "photoreduction",
        "end_node": "Tp-Tapb-COOH"
    },
    {
        "start_node": "Tp-Tta-COOH",
        "relationship": "synergy_with",
        "end_node": "photocatalysis"
    },
    {
        "start_node": "Tp-Tta-COOH",
        "relationship": "removal_cycle",
        "end_node": "Cr(VI)"
    },
    {
        "start_node": "Tp-Tta-COOH",
        "relationship": "chemical_stability",
        "end_node": "high"
    },
    {
        "start_node": "Tp-Tta-COOH",
        "relationship": "recyclability",
        "end_node": "good"
    },
    {
        "start_node": "study",
        "relationship": "promote",
        "end_node": "COF materials application"
    }
]