[
    {
        "start_node": "COF",
        "relationship": "contain",
        "end_node": "mesoporous/microporous nitrogen-rich polymer networks"
    },
    {
        "start_node": "mesoporous/microporous nitrogen-rich polymer networks",
        "relationship": "synthesized_by",
        "end_node": "sol-gel polymerization"
    },
    {
        "start_node": "melamine",
        "relationship": "component",
        "end_node": "sol-gel polymerization"
    },
    {
        "start_node": "resorcinol",
        "relationship": "component",
        "end_node": "sol-gel polymerization"
    },
    {
        "start_node": "terephthaldehyde",
        "relationship": "component",
        "end_node": "sol-gel polymerization"
    },
    {
        "start_node": "hexafunctional melamine",
        "relationship": "enhances",
        "end_node": "crosslinking degree"
    },
    {
        "start_node": "micropores",
        "relationship": "within",
        "end_node": "cross-linked polymer chains"
    },
    {
        "start_node": "mesopores",
        "relationship": "result_from",
        "end_node": "sol-gel phase separation"
    },
    {
        "start_node": "nitrogen functional groups",
        "relationship": "inherited_from",
        "end_node": "melamine"
    },
    {
        "start_node": "-OH functional groups",
        "relationship": "from",
        "end_node": "resorcinol"
    },
    {
        "start_node": "CO2 adsorption",
        "relationship": "facilitated_by",
        "end_node": "rich surface functional groups"
    },
    {
        "start_node": "Cr(VI) ion adsorption",
        "relationship": "facilitated_by",
        "end_node": "rich surface functional groups"
    },
    {
        "start_node": "MRT networks",
        "relationship": "advantages",
        "end_node": "low price"
    },
    {
        "start_node": "MRT networks",
        "relationship": "advantages",
        "end_node": "commercially available starting compounds"
    },
    {
        "start_node": "MRT networks",
        "relationship": "advantages",
        "end_node": "easy synthesis"
    },
    {
        "start_node": "MRT networks",
        "relationship": "application_potential",
        "end_node": "tailored physical and chemical properties"
    }
]