[
    {
        "start_node": "COF",
        "relationship": "application",
        "end_node": "electrospun nanofibers"
    },
    {
        "start_node": "electrospun nanofibers",
        "relationship": "property",
        "end_node": "unique"
    },
    {
        "start_node": "nano science",
        "relationship": "development",
        "end_node": "electrospinning"
    },
    {
        "start_node": "electrospinning",
        "relationship": "goal",
        "end_node": "pico-technology"
    },
    {
        "start_node": "electrospinning",
        "relationship": "goal",
        "end_node": "nanoarrays"
    },
    {
        "start_node": "multiple-fluid electrospinning",
        "relationship": "capability",
        "end_node": "nanostructures"
    },
    {
        "start_node": "future directions",
        "relationship": "requirement",
        "end_node": "chemosensors"
    },
    {
        "start_node": "chemosensors",
        "relationship": "improvement",
        "end_node": "functional substances"
    },
    {
        "start_node": "chemosensors",
        "relationship": "improvement",
        "end_node": "nanostructured materials"
    },
    {
        "start_node": "environmental detection",
        "relationship": "potential",
        "end_node": "electrospun nanostructures"
    },
    {
        "start_node": "electrospinning",
        "relationship": "role",
        "end_node": "pollutant detection"
    }
]