[
    {
        "start_node": "Catalyst",
        "relationship": "synthesized_by",
        "end_node": "Nickel supported on magnetic biochar"
    },
    {
        "start_node": "Magnetic biochar",
        "relationship": "support",
        "end_node": "Nickel catalyst"
    },
    {
        "start_node": "Nickel catalyst",
        "relationship": "characterized_by",
        "end_node": "FT-IR"
    },
    {
        "start_node": "Nickel catalyst",
        "relationship": "analyzed_by",
        "end_node": "XRD"
    },
    {
        "start_node": "Nickel catalyst",
        "relationship": "analyzed_by",
        "end_node": "SEM"
    },
    {
        "start_node": "Nickel catalyst",
        "relationship": "analyzed_by",
        "end_node": "TEM"
    },
    {
        "start_node": "Nickel catalyst",
        "relationship": "measured_by",
        "end_node": "VSM"
    },
    {
        "start_node": "Catalyst",
        "relationship": "catalyzes",
        "end_node": "Spirooxindole-dihydropyridines synthesis"
    },
    {
        "start_node": "Catalyst",
        "relationship": "catalyzes",
        "end_node": "One-pot three-component reaction"
    },
    {
        "start_node": "Catalyst",
        "relationship": "used_for",
        "end_node": "Isatin, barbituric acid, 6-amino uracil, 1H-pyrazol-5-amine"
    },
    {
        "start_node": "Catalyst",
        "relationship": "property",
        "end_node": "High yield"
    },
    {
        "start_node": "Catalyst",
        "relationship": "property",
        "end_node": "Low loading"
    },
    {
        "start_node": "Catalyst",
        "relationship": "feature",
        "end_node": "Easy work-up"
    },
    {
        "start_node": "Catalyst",
        "relationship": "recyclable",
        "end_node": "Minimum 6 times with preserved performance"
    }
]