[
    {
        "start_node": "Photocatalytic",
        "relationship": "investigate",
        "end_node": "Water Splitting"
    },
    {
        "start_node": "Conjugated Microporous Polymers",
        "relationship": "type",
        "end_node": "D-A"
    },
    {
        "start_node": "CMPs",
        "relationship": "show",
        "end_node": "photocatalytic performance"
    },
    {
        "start_node": "Donor",
        "relationship": "selection",
        "end_node": "Acceptor"
    },
    {
        "start_node": "Carbazole-based CMPs",
        "relationship": "synthesized",
        "end_node": "Cz-4Py, Cz-4TPT, Cz-4TzTz"
    },
    {
        "start_node": "Cz-4Py",
        "relationship": "characteristics",
        "end_node": "best HER, AQY"
    },
    {
        "start_node": "Efficiency",
        "relationship": "exceed",
        "end_node": "Polymeric Materials"
    },
    {
        "start_node": "Molecular Design",
        "relationship": "optimize",
        "end_node": "Performance"
    },
    {
        "start_node": "Light-induced excitons",
        "relationship": "isolation",
        "end_node": "CMPs"
    }
]