[
    {
        "start_node": "Development",
        "relationship": "focuses_on",
        "end_node": "flexible force fields"
    },
    {
        "start_node": "flexible force fields",
        "relationship": "applied_to",
        "end_node": "MOFs (Metal-Organic Frameworks)"
    },
    {
        "start_node": "MOFs",
        "relationship": "involve",
        "end_node": "dynamic properties"
    },
    {
        "start_node": "dynamic properties",
        "relationship": "analyzed_by",
        "end_node": "molecular simulations"
    },
    {
        "start_node": "molecular simulations",
        "relationship": "used_for",
        "end_node": "study of MOFs"
    }
]