[
    {
        "start_node": "COF",
        "relationship": "study",
        "end_node": "bis(salicylaldehydes)"
    },
    {
        "start_node": "bis(salicylaldehydes)",
        "relationship": "isomers",
        "end_node": "1,3-diformyl-4,6-dihydroxybenzene"
    },
    {
        "start_node": "bis(salicylaldehydes)",
        "relationship": "isomers",
        "end_node": "1,4-diformyl-2,5-dihydroxybenzene"
    },
    {
        "start_node": "bis(salicylaldehydes)",
        "relationship": "isomers",
        "end_node": "1,4-diformyl-2,3-dihydroxybenzene"
    },
    {
        "start_node": "bis(salicylaldehydes)",
        "relationship": "isomers",
        "end_node": "1,2-diformyl-3,6-dihydroxybenzene"
    },
    {
        "start_node": "bis(salicylaldehydes)",
        "relationship": "impact",
        "end_node": "resonance effects"
    },
    {
        "start_node": "bis(salicylaldehydes)",
        "relationship": "impact",
        "end_node": "intramolecular HBs"
    },
    {
        "start_node": "DFT",
        "relationship": "computations",
        "end_node": "molecular level"
    },
    {
        "start_node": "1,3-diformyl-4,6-dihydroxybenzene",
        "relationship": "absorption",
        "end_node": "285 nm"
    },
    {
        "start_node": "1,4-diformyl-2,5-dihydroxybenzene",
        "relationship": "absorption",
        "end_node": "379-407 nm"
    },
    {
        "start_node": "HOMO",
        "relationship": "variation",
        "end_node": "bis(salicylaldehydes)"
    },
    {
        "start_node": "LUMO",
        "relationship": "variation",
        "end_node": "bis(salicylaldehydes)"
    },
    {
        "start_node": "bis(salicylaldehydes)",
        "relationship": "transferable",
        "end_node": "bis(salicylaldimines)"
    },
    {
        "start_node": "bis(salicylaldehydes)",
        "relationship": "transferable",
        "end_node": "boron complexes"
    },
    {
        "start_node": "X-ray structural analysis",
        "relationship": "analysis",
        "end_node": "structural effects"
    },
    {
        "start_node": "periodic DFT computations",
        "relationship": "analysis",
        "end_node": "molecular stabilization"
    }
]