[
    {
        "start_node": "COF",
        "relationship": "application",
        "end_node": "gas separation"
    },
    {
        "start_node": "Type II Porous Liquids",
        "relationship": "improvement_for",
        "end_node": "solvent-based systems"
    },
    {
        "start_node": "Type II Porous Liquids",
        "relationship": "feature",
        "end_node": "dual-mode sorption"
    },
    {
        "start_node": "Type II Porous Liquid",
        "relationship": "used_in",
        "end_node": "CO2/CH4 separation process"
    },
    {
        "start_node": "gas cage equilibrium data",
        "relationship": "used_for",
        "end_node": "modeling gas-liquid phase equilibria"
    },
    {
        "start_node": "McCabe-Thiele approach",
        "relationship": "employed",
        "end_node": "estimating absorption tower needs"
    },
    {
        "start_node": "porous liquid",
        "relationship": "comparison_with",
        "end_node": "industrial solvent (lower capital cost)"
    },
    {
        "start_node": "regeneration scenarios",
        "relationship": "energy_requirements_for",
        "end_node": "porous liquids"
    },
    {
        "start_node": "porous liquid",
        "relationship": "reduction_in",
        "end_node": "solvent consumption, tower size"
    },
    {
        "start_node": "CO2 capture",
        "relationship": "benefit_of",
        "end_node": "porous liquid (lower cost, energy)"
    }
]