[
    {
        "start_node": "COF",
        "relationship": "used_in",
        "end_node": "mixed-matrix membranes"
    },
    {
        "start_node": "Matrimid",
        "relationship": "base_material",
        "end_node": "mixed-matrix membranes"
    },
    {
        "start_node": "benzimidazole-linked polymers (BILPs)",
        "relationship": "component",
        "end_node": "mixed-matrix membranes"
    },
    {
        "start_node": "BILP-101",
        "relationship": "porosity_type",
        "end_node": "low"
    },
    {
        "start_node": "RT-BILP-101",
        "relationship": "porosity_type",
        "end_node": "high"
    },
    {
        "start_node": "filler porosity",
        "relationship": "influences",
        "end_node": "separation performance"
    },
    {
        "start_node": "SEM",
        "relationship": "characterization_method",
        "end_node": "dispersion"
    },
    {
        "start_node": "CO2 adsorption isotherms",
        "relationship": "verification",
        "end_node": "pore_blockage"
    },
    {
        "start_node": "CO2/N_2 separation",
        "relationship": "tested_for",
        "end_node": "MMMs"
    },
    {
        "start_node": "BILP-101 MMMs",
        "relationship": "improvement",
        "end_node": "gas_permeability"
    },
    {
        "start_node": "RT-BILP-101 MMMs",
        "relationship": "best_performance",
        "end_node": "24 wt% loading"
    },
    {
        "start_node": "CO2 permeability",
        "relationship": "increase",
        "end_node": "2.8-fold (from 9.6 to 27 Barrer)"
    },
    {
        "start_node": "bare Matrimid (R)",
        "relationship": "comparison_point",
        "end_node": "CO2 permeability"
    }
]