[
    {
        "start_node": "COF",
        "relationship": "mention",
        "end_node": "Microporous polymer networks"
    },
    {
        "start_node": "COF",
        "relationship": "constructed_from",
        "end_node": "cross-linkable linear polyimides"
    },
    {
        "start_node": "linear polyimides",
        "relationship": "property",
        "end_node": "intrinsic microporosity"
    },
    {
        "start_node": "linear polyimides",
        "relationship": "used_for",
        "end_node": "gas adsorption, separation"
    },
    {
        "start_node": "microporous structures",
        "relationship": "origin",
        "end_node": "twisted main-chain structures"
    },
    {
        "start_node": "linear polyimides",
        "relationship": "condition",
        "end_node": "no porosity (untwisted)"
    },
    {
        "start_node": "linear polyimides-CL",
        "relationship": "constructed_from",
        "end_node": "flexible precursors, crosslinking reaction"
    },
    {
        "start_node": "polyimide precursors",
        "relationship": "synthesized_from",
        "end_node": "TFVBPA, ethynyl groups, dianhydrides (ODPA, BPDA, PMDA, 6FDA)"
    },
    {
        "start_node": "linear crosslinked polyimides-CL",
        "relationship": "improvement",
        "end_node": "porosity, BET surface area"
    },
    {
        "start_node": "linear crosslinked polyimides-CL",
        "relationship": "property",
        "end_node": "0.52-1.71 nm porosity, 337-618 m²/g BET surface area"
    },
    {
        "start_node": "PIs-CL",
        "relationship": "gas_adsorption",
        "end_node": "5.7-9.3 wt% CO2 adsorption"
    },
    {
        "start_node": "PIs-CL",
        "relationship": "selectivity",
        "end_node": "34.4-58.5 CO2/N-2 at 273 K"
    },
    {
        "start_node": "crosslinked structures",
        "relationship": "effect_on",
        "end_node": "microporous porosity, gas sorption performance"
    },
    {
        "start_node": "crosslinked structures",
        "relationship": "improvement",
        "end_node": "enhanced properties"
    }
]