[
    {
        "start_node": "COF",
        "relationship": "investigate",
        "end_node": "iron-porphyrin catalysts"
    },
    {
        "start_node": "iron-porphyrins",
        "relationship": "property",
        "end_node": "CO2 reduction"
    },
    {
        "start_node": "meso-tetraarylmetalloporphyrins",
        "relationship": "type_of",
        "end_node": "iron-porphyrins"
    },
    {
        "start_node": "CO2",
        "relationship": "converted_to",
        "end_node": "CO"
    },
    {
        "start_node": "iron porphyrins",
        "relationship": "contain",
        "end_node": "2,6-dihydroxyphenyl groups"
    },
    {
        "start_node": "2,6-dihydroxyphenyl",
        "relationship": "position",
        "end_node": "5,15-bis(2,6-dihydroxyphenyl)"
    },
    {
        "start_node": "5,15-bis(2,6-dihydroxyphenyl)",
        "relationship": "best_catalyst",
        "end_node": "CO2 reduction"
    },
    {
        "start_node": "tetrakis(2,6-dihydroxyphenyl)porphyrin",
        "relationship": "not_best",
        "end_node": "iron complex"
    },
    {
        "start_node": "density functional calculations",
        "relationship": "used_to_explain",
        "end_node": "catalyst properties"
    },
    {
        "start_node": "Fe-C vibrational frequencies",
        "relationship": "correlated_with",
        "end_node": "electrochemical properties"
    },
    {
        "start_node": "optical spectra",
        "relationship": "analyzed",
        "end_node": "placement of dihydroxyphenyl groups"
    },
    {
        "start_node": "5 and 15 positions",
        "relationship": "improving",
        "end_node": "catalyst performance"
    },
    {
        "start_node": "porphyrin macrocycles",
        "relationship": "open_for_modification",
        "end_node": "other parts"
    }
]