[
    {
        "start_node": "Supramolecular",
        "relationship": "Engineering",
        "end_node": "Porosity"
    },
    {
        "start_node": "Porosity",
        "relationship": "Classification",
        "end_node": "Intrinsic"
    },
    {
        "start_node": "Porosity",
        "relationship": "Classification",
        "end_node": "Extrinsic"
    },
    {
        "start_node": "Organic Cages",
        "relationship": "Feature",
        "end_node": "Porous"
    },
    {
        "start_node": "Synthetic Methods",
        "relationship": "Control",
        "end_node": "Crystal Packing"
    },
    {
        "start_node": "Crystalline Organic Cages",
        "relationship": "Property",
        "end_node": "Permanent Porosity"
    },
    {
        "start_node": "Supramolecular Approach",
        "relationship": "Method",
        "end_node": "Assembly"
    },
    {
        "start_node": "Bulky Directing Groups",
        "relationship": "Effect",
        "end_node": "Frustrate Crystal Packing"
    },
    {
        "start_node": "Extrinsic Porosity",
        "relationship": "Generated By",
        "end_node": "Supramolecular Assembly"
    },
    {
        "start_node": "Molecular Crystal",
        "relationship": "Surface Area",
        "end_node": "854 m²/g"
    },
    {
        "start_node": "Unfunctionalized Cages",
        "relationship": "Comparison",
        "end_node": "Higher Surface Area"
    },
    {
        "start_node": "Halogen Bonding Motifs",
        "relationship": "Modulation",
        "end_node": "Connectivity & Guest Uptake"
    },
    {
        "start_node": "Supramolecular Engineering",
        "relationship": "Application",
        "end_node": "Porosity in Molecular Organic Crystals"
    }
]