[
    {
        "start_node": "Catalytic_performance",
        "relationship": "study",
        "end_node": "Heck_reaction"
    },
    {
        "start_node": "Strategy",
        "relationship": "employs",
        "end_node": "Palladium_nanoparticles_encapsulation"
    },
    {
        "start_node": "Pd_nanoencapsulation",
        "relationship": "uses",
        "end_node": "dopamine-derived_N-doped_multilayer_carbon_shell"
    },
    {
        "start_node": "Catalysts",
        "relationship": "comparison",
        "end_node": "Pd@N-C",
        "end_node_2": "Pd/N-C"
    },
    {
        "start_node": "Pd@N-C",
        "relationship": "outperforms",
        "end_node": "Pd/N-C-200",
        "end_node_2": "activation_energy",
        "value": "78_kJ/mol",
        "end_node_3": "activity",
        "value_2": "20_times_higher"
    },
    {
        "start_node": "Pd@N-C",
        "relationship": "advantage",
        "end_node": "lower_leaching",
        "reason": "spatial_restriction_effect"
    },
    {
        "start_node": "Catalytic_performance",
        "relationship": "ascribed_to",
        "end_node": "confinement_of_Pd"
    },
    {
        "start_node": "Pd@N-C",
        "relationship": "application",
        "end_node": "synthesis_of_derivative",
        "context": "Heck_reaction_scale"
    },
    {
        "start_node": "Copyright",
        "relationship": "ownership",
        "end_node": "Elsevier_Inc."
    }
]