[
    {
        "start_node": "COF",
        "relationship": "contains",
        "end_node": "Conjugated Microporous Polymer"
    },
    {
        "start_node": "Conjugated Microporous Polymer",
        "relationship": "used_for",
        "end_node": "Oxygen Electrochemical Reduction"
    },
    {
        "start_node": "Oxygen Electrochemical Reduction",
        "relationship": "results_in",
        "end_node": "Hydrogen Peroxide"
    },
    {
        "start_node": "Heteroatom-doped",
        "relationship": "catalyst_type",
        "end_node": "Catalysts"
    },
    {
        "start_node": "Metal-free Carbon Materials",
        "relationship": "type",
        "end_node": "Catalysts"
    },
    {
        "start_node": "Poly-benzimidazole",
        "relationship": "PBXs_member",
        "end_node": "PBXs (X=I)"
    },
    {
        "start_node": "Poly-benzoxazole",
        "relationship": "PBXs_member",
        "end_node": "PBXs (X=O)"
    },
    {
        "start_node": "Poly-benzothiazole (PBT)",
        "relationship": "PBXs_member",
        "end_node": "PBXs (X=T)"
    },
    {
        "start_node": "PBT",
        "relationship": "heteroatom_doping",
        "end_node": "N, S-doped"
    },
    {
        "start_node": "PBT",
        "relationship": "selectivity",
        "end_node": "95.6% H2O2"
    },
    {
        "start_node": "Undoped imine-based polymers",
        "relationship": "comparison",
        "end_node": "21.7% H2O2"
    },
    {
        "start_node": "PBT",
        "relationship": "electrochemical_durability",
        "end_node": "remarkable"
    },
    {
        "start_node": "PBT",
        "relationship": "H2O2_production_rate",
        "end_node": "3.13 mol/g catalyst h-1"
    },
    {
        "start_node": "PBT",
        "relationship": "Faradaic_efficiency",
        "end_node": "96%"
    },
    {
        "start_node": "PBT",
        "relationship": "stability_test",
        "end_node": "50 h, 3-phase flow cell"
    },
    {
        "start_node": "Atomic-scale doping",
        "relationship": "effect",
        "end_node": "boost H2O2 production"
    },
    {
        "start_node": "Sulfur atoms",
        "relationship": "doping_element",
        "end_node": "active site in PBXs"
    },
    {
        "start_node": "Density Functional Theory (DFT)",
        "relationship": "calculation_method",
        "end_node": "electrochemical performance"
    }
]