[
    {
        "start_node": "Metalloporphyrin",
        "relationship": "catalyst_application",
        "end_node": "Catalysis"
    },
    {
        "start_node": "Metalloporphyrin",
        "relationship": "mimics",
        "end_node": "Oxidation_reactions"
    },
    {
        "start_node": "Homogeneous_system",
        "relationship": "strategy",
        "end_node": "Catalytic_oxidation"
    },
    {
        "start_node": "Metalloporphyrin",
        "relationship": "limitation",
        "end_node": "Poor_stability"
    },
    {
        "start_node": "Metalloporphyrin",
        "relationship": "limitation",
        "end_node": "Deactivation"
    },
    {
        "start_node": "Metalloporphyrin",
        "relationship": "limitation",
        "end_node": "Separation_difficulty"
    },
    {
        "start_node": "Metalloporphyrin",
        "relationship": "limitation",
        "end_node": "Cost"
    },
    {
        "start_node": "Metalloporphyrin",
        "relationship": "shift_to",
        "end_node": "Heterogeneous_catalyst"
    },
    {
        "start_node": "Heterogeneous_catalyst",
        "relationship": "focus",
        "end_node": "Stable_properties"
    },
    {
        "start_node": "Heterogeneous_catalyst",
        "relationship": "focus",
        "end_node": "Excellent_catalytic_performance"
    },
    {
        "start_node": "Heterogeneous_catalyst",
        "relationship": "focus",
        "end_node": "Special_constructions"
    },
    {
        "start_node": "Metalloporphyrin",
        "relationship": "catalytic_applications",
        "end_node": "Oxidation_reactions_of_substrates"
    },
    {
        "start_node": "Heterogeneous_metalloporphyrin",
        "relationship": "activity_and_stability",
        "end_node": "Discussed"
    },
    {
        "start_node": "Flexible_microenvironment",
        "relationship": "influence",
        "end_node": "Photo-catalytic_behavior"
    }
]