[
    {
        "start_node": "Photocatalytic",
        "relationship": "promote",
        "end_node": "H2 evolution"
    },
    {
        "start_node": "H2 evolution",
        "relationship": "merge_with",
        "end_node": "benzyl-alcohol oxidation"
    },
    {
        "start_node": "Benzyl-alcohol",
        "relationship": "oxidation_product",
        "end_node": "benzaldehyde"
    },
    {
        "start_node": "Photocatalyst",
        "relationship": "contains",
        "end_node": "electron-deficient pyromellitic dianhydride"
    },
    {
        "start_node": "Polymeric carbon nitride",
        "relationship": "builds",
        "end_node": "photocatalyst"
    },
    {
        "start_node": "Photocatalyst",
        "relationship": "dependence_on",
        "end_node": "H2O/BA ratio"
    },
    {
        "start_node": "Highest yield",
        "relationship": "achieved_at",
        "end_node": "13.87 H2, 7.71 mmol/h/g"
    },
    {
        "start_node": "Internal quantum efficiency",
        "relationship": "value",
        "end_node": "69.2% @ 400 nm"
    },
    {
        "start_node": "Solar-to-hydrogen efficiency",
        "relationship": "under",
        "end_node": "2.15%"
    },
    {
        "start_node": "Effective IEF",
        "relationship": "originates_from",
        "end_node": "delocalized conjugate, electron-deficient effect"
    },
    {
        "start_node": "IEF",
        "relationship": "enhances",
        "end_node": "charge carrier separation, migration"
    },
    {
        "start_node": "Mesoporous channel",
        "relationship": "improves",
        "end_node": "light response, mass transport"
    },
    {
        "start_node": "H2 production",
        "relationship": "enhanced_by",
        "end_node": "carbon-centered radical-mediated proton release"
    },
    {
        "start_node": "Findings",
        "relationship": "provide",
        "end_node": "strategy, understanding"
    }
]