[
    {
        "start_node": "COF",
        "relationship": "used_in",
        "end_node": "Polarization-dependent covalent organic framework SA"
    },
    {
        "start_node": "PorPhPyTA-COF",
        "relationship": "is",
        "end_node": "COF SA"
    },
    {
        "start_node": "COF SA",
        "relationship": "has_property",
        "end_node": "modulation depth (0.8%)"
    },
    {
        "start_node": "COF SA",
        "relationship": "has_property",
        "end_node": "saturation intensity (0.5 kW/cm²)"
    },
    {
        "start_node": "COF SA",
        "relationship": "used_in",
        "end_node": "mode-locked erbium-doped fiber laser"
    },
    {
        "start_node": "COF SA",
        "relationship": "results_in",
        "end_node": "506 fs pulse duration (1570 nm)"
    },
    {
        "start_node": "COF SA",
        "relationship": "has_property",
        "end_node": "polarization-dependent loss (3.7 dB)"
    },
    {
        "start_node": "polarization-dependent loss",
        "relationship": "affects",
        "end_node": "mode-locking process"
    }
]