[
    {
        "start_node": "COF",
        "relationship": "synthesized",
        "end_node": "complex 1"
    },
    {
        "start_node": "COF",
        "relationship": "synthesized",
        "end_node": "complex 2"
    },
    {
        "start_node": "COF",
        "relationship": "synthesized",
        "end_node": "complex 3"
    },
    {
        "start_node": "complex 1",
        "relationship": "structure",
        "end_node": "cyano-bridged one-dimensional chain"
    },
    {
        "start_node": "complex 1",
        "relationship": "coordination",
        "end_node": "nickel(II) ion (4 L ligands, 2 CN ligands)"
    },
    {
        "start_node": "complex 2",
        "relationship": "coordination",
        "end_node": "nickel(II) ion (4 L ligands, 2 CN ligands)"
    },
    {
        "start_node": "complex 3",
        "relationship": "coordination",
        "end_node": "nickel(II) ion (4 L ligands, 2 CN ligands)"
    },
    {
        "start_node": "complex 1",
        "relationship": "porosity",
        "end_node": "large, 1 nm pore size"
    },
    {
        "start_node": "complex 1",
        "relationship": "property",
        "end_node": "two-step CO2 adsorption at 195 K"
    },
    {
        "start_node": "complexes 1-3",
        "relationship": "magnetic property",
        "end_node": "weak intrachain ferromagnetism"
    },
    {
        "start_node": "complexes 1-3",
        "relationship": "magnetic interaction",
        "end_node": "paramagnetic Ni(II) ions, [Ni(CN)(4)](2-) anions"
    },
    {
        "start_node": "L-1",
        "relationship": "ligand",
        "end_node": "complex 1"
    },
    {
        "start_node": "L-2",
        "relationship": "ligand",
        "end_node": "complex 2"
    },
    {
        "start_node": "L-3",
        "relationship": "ligand",
        "end_node": "complex 3"
    }
]