[
    {
        "start_node": "self-assembly",
        "relationship": "facilitates",
        "end_node": "dynamic equilibrium"
    },
    {
        "start_node": "macrocyclic boronic esters",
        "relationship": "formed from",
        "end_node": "diboronic acid, 1,2-diol"
    },
    {
        "start_node": "template",
        "relationship": "acts as",
        "end_node": "guest molecule"
    },
    {
        "start_node": "homo-[2+2] macrocyclic boronic ester",
        "relationship": "prepared with",
        "end_node": "toluene"
    },
    {
        "start_node": "hetero-[3+3] macrocyclic boronic ester",
        "relationship": "prepared with",
        "end_node": "benzene"
    },
    {
        "start_node": "precipitation",
        "relationship": "induces",
        "end_node": "selective formation"
    },
    {
        "start_node": "equilibrium",
        "relationship": "switched by",
        "end_node": "protic solvent presence/absence"
    },
    {
        "start_node": "macrocyclic boronic ester",
        "relationship": "exchanges guest molecules",
        "end_node": "under aprotic conditions"
    },
    {
        "start_node": "reaction time",
        "relationship": "influences",
        "end_node": "selectivity"
    },
    {
        "start_node": "NMR spectroscopy",
        "relationship": "used for",
        "end_node": "direct observation"
    },
    {
        "start_node": "optically active tetrol",
        "relationship": "used in",
        "end_node": "investigation"
    }
]