[
    {
        "start_node": "COF",
        "relationship": "contain",
        "end_node": "Multicharged cyclodextrin supramolecular assemblies"
    },
    {
        "start_node": "Supramolecular assemblies",
        "relationship": "based on",
        "end_node": "Multicharged cyclodextrins"
    },
    {
        "start_node": "Modified mono-6-deoxy-CDs",
        "relationship": "type of",
        "end_node": "Cyclodextrins"
    },
    {
        "start_node": "Per-6-deoxy-CDs",
        "relationship": "type of",
        "end_node": "Cyclodextrins"
    },
    {
        "start_node": "Random 2,3,6-deoxy-CDs",
        "relationship": "type of",
        "end_node": "Cyclodextrins"
    },
    {
        "start_node": "Cyclodextrins",
        "relationship": "bind",
        "end_node": "Positively/negatively charged guests"
    },
    {
        "start_node": "Advances",
        "relationship": "focus on",
        "end_node": "Positively/negatively charged CDs and parent CDs"
    },
    {
        "start_node": "Antiviral activity",
        "relationship": "enhanced by",
        "end_node": "Multicharged CDs"
    },
    {
        "start_node": "Antibacterial activity",
        "relationship": "enhanced by",
        "end_node": "Multicharged CDs"
    },
    {
        "start_node": "Protein fibrosis inhibition",
        "relationship": "efficiency improved by",
        "end_node": "Multicharged CDs"
    },
    {
        "start_node": "Charged CDs",
        "relationship": "interact with",
        "end_node": "Oppositely charged dyes/drugs/polymer/biomacromolecules"
    },
    {
        "start_node": "Drug delivery efficiency",
        "relationship": "improved by",
        "end_node": "Multicharged CD supramolecular assemblies"
    },
    {
        "start_node": "Luminescence properties",
        "relationship": "enhanced by",
        "end_node": "Multicharged CD supramolecular assemblies"
    },
    {
        "start_node": "Molecular recognition and imaging",
        "relationship": "facilitated by",
        "end_node": "Multicharged CD supramolecular assemblies"
    },
    {
        "start_node": "Supramolecular hydrogels",
        "relationship": "toughness improved by",
        "end_node": "Multicharged CD supramolecular assemblies"
    },
    {
        "start_node": "Multistimuli-responsive assemblies",
        "relationship": "constructed by",
        "end_node": "Multicharged CD supramolecular assemblies"
    }
]