[
    {
        "start_node": "COF",
        "relationship": "constructed_by",
        "end_node": "synergistic_groups"
    },
    {
        "start_node": "synergistic_groups",
        "relationship": "part_of",
        "end_node": "porous_aromatic_frameworks"
    },
    {
        "start_node": "PAFs",
        "relationship": "contain",
        "end_node": "pyridine_ring"
    },
    {
        "start_node": "PAFs",
        "relationship": "contain",
        "end_node": "carboxyl_group"
    },
    {
        "start_node": "PAFs",
        "relationship": "selective_for",
        "end_node": "Pb2+ ions"
    },
    {
        "start_node": "PAFs",
        "relationship": "outperforms",
        "end_node": "other_adsorbents"
    },
    {
        "start_node": "PAFs",
        "relationship": "used_in",
        "end_node": "pipe_coating"
    },
    {
        "start_node": "pipe_coating",
        "relationship": "for",
        "end_node": "selective_extraction_Pb2+"
    },
    {
        "start_node": "pipe_coating",
        "relationship": "effect_on_outflow",
        "end_node": "0.008 ppm"
    },
    {
        "start_node": "PAFs",
        "relationship": "facilitates",
        "end_node": "elution_recovery_Pb2+"
    },
    {
        "start_node": "eluted_Pb2+",
        "relationship": "purity",
        "end_node": "98.60%"
    },
    {
        "start_node": "PAFs",
        "relationship": "meets",
        "end_node": "drinking_water_standard"
    }
]