[
    {
        "start_node": "Room Temperature",
        "relationship": "study",
        "end_node": "Columnar Liquid Crystalline"
    },
    {
        "start_node": "Molecules",
        "relationship": "feature",
        "end_node": "Acidochromic, Luminescent"
    },
    {
        "start_node": "Star-Shaped",
        "relationship": "type_of",
        "end_node": "Molecules"
    },
    {
        "start_node": "TSANs",
        "relationship": "compound",
        "end_node": "Star-Shaped Molecules"
    },
    {
        "start_node": "Synthesis",
        "relationship": "method",
        "end_node": "New TSANs"
    },
    {
        "start_node": "Cyano Group",
        "relationship": "impact_on",
        "end_node": "Photophysical Behavior"
    },
    {
        "start_node": "Cyano Group",
        "relationship": "enhances",
        "end_node": "Mesophase Range"
    },
    {
        "start_node": "Cyano Group",
        "relationship": "stabilizes",
        "end_node": "Columnar Rectangular Phase"
    },
    {
        "start_node": "Glassy State",
        "relationship": "freezing_in",
        "end_node": "Columnar Phase"
    },
    {
        "start_node": "Luminescence Behavior",
        "relationship": "altered_by",
        "end_node": "Cyano Group"
    },
    {
        "start_node": "Emissive Displays",
        "relationship": "promising_for",
        "end_node": "Columnar Ordered Luminescent Assemblies"
    },
    {
        "start_node": "Sensing",
        "relationship": "application",
        "end_node": "Volatile Acids"
    },
    {
        "start_node": "Concentration",
        "relationship": "detectable_at",
        "end_node": "Parts Per Billion Levels"
    },
    {
        "start_node": "Film State",
        "relationship": "sensing_in",
        "end_node": "Thin Film"
    },
    {
        "start_node": "Fluorescence Switching",
        "relationship": "sensor_technique",
        "end_node": "Sensing Method"
    },
    {
        "start_node": "Quenching",
        "relationship": "sensor_technique",
        "end_node": "Sensing Method"
    }
]