[
    {
        "start_node": "SIMULATION",
        "relationship": "discusses",
        "end_node": "MM-VB"
    },
    {
        "start_node": "MM-VB",
        "relationship": "models",
        "end_node": "MC-SCF results"
    },
    {
        "start_node": "MM-VB",
        "relationship": "applies_to",
        "end_node": "covalent multi-bond reactions"
    },
    {
        "start_node": "MM-VB",
        "relationship": "uses",
        "end_node": "molecular mechanics (MM)"
    },
    {
        "start_node": "MM-VB",
        "relationship": "combines_with",
        "end_node": "valence bond (VB) theory"
    },
    {
        "start_node": "MM-VB",
        "relationship": "compares_with",
        "end_node": "ab initio MC-SCF results"
    },
    {
        "start_node": "hydrocarbon reactions",
        "relationship": "belongs_to",
        "end_node": "potential energy surfaces"
    },
    {
        "start_node": "MM-VB",
        "relationship": "performs_well_in",
        "end_node": "equilibrium geometries, transition structures"
    },
    {
        "start_node": "MM-VB",
        "relationship": "predicts",
        "end_node": "structural parameters (semiquantitatively)"
    },
    {
        "start_node": "MM-VB",
        "relationship": "determines",
        "end_node": "global potential energy surface topology"
    },
    {
        "start_node": "ergosterol",
        "relationship": "example_for",
        "end_node": "larger molecules, electrocyclic ring opening"
    },
    {
        "start_node": "spin recoupling",
        "relationship": "described_by",
        "end_node": "VB problem"
    },
    {
        "start_node": "CC bond length change",
        "relationship": "driven_by",
        "end_node": "VB problem, delocalized pi-systems"
    },
    {
        "start_node": "exchange integrals (K(ab))",
        "relationship": "central_to",
        "end_node": "VB calculation"
    },
    {
        "start_node": "Coulomb integrals (Q(ab))",
        "relationship": "central_to",
        "end_node": "VB calculation"
    },
    {
        "start_node": "ethane, ethylene",
        "relationship": "used_for_parametrization",
        "end_node": "multi-active-center system"
    }
]