[
    {
        "start_node": "COF",
        "relationship": "contains",
        "end_node": "Hydrophenazine-linked 2D ladder-type crystalline fused aromatic network"
    },
    {
        "start_node": "COF",
        "relationship": "property",
        "end_node": "high charge transport"
    },
    {
        "start_node": "HP-FAN",
        "relationship": "is",
        "end_node": "Hydrophenazine-linked FAN"
    },
    {
        "start_node": "HP-FAN",
        "relationship": "type",
        "end_node": "2D ladder-type fused aromatic network"
    },
    {
        "start_node": "HP-FAN",
        "relationship": "backbone",
        "end_node": "hydrophenazine linkage"
    },
    {
        "start_node": "HP-FAN",
        "relationship": "semiconducting",
        "end_node": "yes"
    },
    {
        "start_node": "HP-FAN",
        "relationship": "band gap",
        "end_node": "1.44 eV (calculated)",
        "end_node_2": "1.54 eV (experimental)"
    },
    {
        "start_node": "HP-FAN",
        "relationship": "application",
        "end_node": "thin-film optoelectronic devices"
    },
    {
        "start_node": "HP-FAN",
        "relationship": "device",
        "end_node": "p-type field-effect transistor (FET)"
    },
    {
        "start_node": "HP-FAN",
        "relationship": "device",
        "end_node": "Hall effect device"
    }
]