[
    {
        "start_node": "COF",
        "relationship": "contain",
        "end_node": "porous conjugated polymer"
    },
    {
        "start_node": "porous conjugated polymer",
        "relationship": "property",
        "end_node": "selective Ag(I) binding"
    },
    {
        "start_node": "porous conjugated polymer",
        "relationship": "property",
        "end_node": "H<sub>2</sub>S sensing"
    },
    {
        "start_node": "porous conjugated polymer",
        "relationship": "property",
        "end_node": "white-light emission"
    },
    {
        "start_node": "porous conjugated polymer",
        "relationship": "contains",
        "end_node": "well-defined chelating unit"
    },
    {
        "start_node": "chelating unit",
        "relationship": "consist of",
        "end_node": "triazine (C3N3) ring"
    },
    {
        "start_node": "chelating unit",
        "relationship": "consist of",
        "end_node": "3,5-dimethylpyrazole moieties"
    },
    {
        "start_node": "framework",
        "relationship": "merit",
        "end_node": "separate Ag+ from Pb2+"
    },
    {
        "start_node": "framework",
        "relationship": "strong fluorescence",
        "end_node": ""
    },
    {
        "start_node": "framework",
        "relationship": "porosity",
        "end_node": "BET surface area: 355 m²/g"
    },
    {
        "start_node": "framework",
        "relationship": "functionalization",
        "end_node": "AgNO3 loading"
    },
    {
        "start_node": "AgNO3-loaded framework",
        "relationship": "response to",
        "end_node": "H<sub>2</sub>S solutions"
    },
    {
        "start_node": "H<sub>2</sub>S",
        "relationship": "cause color change",
        "end_node": "brown color"
    },
    {
        "start_node": "cysteine",
        "relationship": "biologically relevant",
        "end_node": "thiol"
    },
    {
        "start_node": "Ir(III) complex",
        "relationship": "doping",
        "end_node": "tunable white-light emission"
    },
    {
        "start_node": "Ir(III) centers",
        "relationship": "emissive",
        "end_node": "orange-red region"
    },
    {
        "start_node": "Ir(III) dopant concentration",
        "relationship": "color tuning",
        "end_node": "white-light quality"
    },
    {
        "start_node": "study",
        "relationship": "intend to",
        "end_node": "highlight metal uptake"
    },
    {
        "start_node": "metal uptake",
        "relationship": "approach",
        "end_node": "modify properties of COF"
    },
    {
        "start_node": "application",
        "relationship": "context",
        "end_node": "sensing, separation, catalysis"
    }
]