[
    {
        "start_node": "Electronic",
        "relationship": "property_of",
        "end_node": "2D_conjugated_polymers"
    },
    {
        "start_node": "2D_conjugated_polymers",
        "relationship": "analogous_to",
        "end_node": "graphene"
    },
    {
        "start_node": "2D_conjugated_polymers",
        "relationship": "feature",
        "end_node": "pi-pi* bands"
    },
    {
        "start_node": "pi-pi* bands",
        "relationship": "symmetric_and_isolated",
        "end_node": null
    },
    {
        "start_node": " Disorder",
        "relationship": "impact_on",
        "end_node": "electronic_properties"
    },
    {
        "start_node": "monomer_vacancies",
        "relationship": "type_of",
        "end_node": "structural_disorder"
    },
    {
        "start_node": "synthesis",
        "relationship": "during",
        "end_node": "monomer_vacancies"
    },
    {
        "start_node": "ab_initio",
        "relationship": "method_used",
        "end_node": "investigation"
    },
    {
        "start_node": "tight-binding",
        "relationship": "technique_used",
        "end_node": "investigation"
    },
    {
        "start_node": "transport_characteristics",
        "relationship": "predicted_by",
        "end_node": "Kubo-Greenwood_approach"
    },
    {
        "start_node": "defect_density",
        "relationship": "range",
        "end_node": "0.5% to 2%"
    },
    {
        "start_node": "mean_free_path",
        "relationship": "predicted_for",
        "end_node": "low_defect_densities"
    },
    {
        "start_node": "mobility",
        "relationship": "predicted_for",
        "end_node": "low_defect_densities"
    },
    {
        "start_node": "localization_phenomena",
        "relationship": "observed_at",
        "end_node": "Dirac_energy_region"
    },
    {
        "start_node": "mobility_transition",
        "relationship": "predicted",
        "end_node": "high_defect_densities"
    },
    {
        "start_node": "2D_conjugated_polymers",
        "relationship": "application_potential",
        "end_node": "molecular_nanoelectronic_devices"
    }
]