[
    {
        "start_node": "Atomistic",
        "relationship": "models",
        "end_node": "Hybrid Materials"
    },
    {
        "start_node": "Hybrid Materials",
        "relationship": "include",
        "end_node": "COFs"
    },
    {
        "start_node": "Hybrid Materials",
        "relationship": "include",
        "end_node": "MOFs"
    },
    {
        "start_node": "COFs",
        "relationship": "contain",
        "end_node": "Organic Linkers"
    },
    {
        "start_node": "MOFs",
        "relationship": "contain",
        "end_node": "Organic Linkers"
    },
    {
        "start_node": "Hybrid Materials",
        "relationship": "characterized by",
        "end_node": "Conformational Flexibility"
    },
    {
        "start_node": "Hybrid Materials",
        "relationship": "connect",
        "end_node": "Nodes"
    },
    {
        "start_node": "Nodes",
        "relationship": "formed by",
        "end_node": "Elements and Coordination Modes"
    },
    {
        "start_node": "Theoretical Methods",
        "relationship": "requirement for",
        "end_node": "Hybrid Frameworks"
    },
    {
        "start_node": "Periodic Quantum Mechanics",
        "relationship": "considered",
        "end_node": "Hybrid Models"
    },
    {
        "start_node": "Non-Periodic Quantum Mechanics",
        "relationship": "considered",
        "end_node": "Hybrid Models"
    },
    {
        "start_node": "Molecular Mechanics",
        "relationship": "considered",
        "end_node": "Hybrid Models"
    },
    {
        "start_node": "Applications",
        "relationship": "focus on",
        "end_node": "Structural Prediction"
    },
    {
        "start_node": "Applications",
        "relationship": "focus on",
        "end_node": "Material Properties Computation"
    },
    {
        "start_node": "Applications",
        "relationship": "focus on",
        "end_node": "Host-Guest Interactions"
    },
    {
        "start_node": "Conference",
        "relationship": "organized",
        "end_node": "MOFO8"
    },
    {
        "start_node": "MOFO8",
        "relationship": "date",
        "end_node": "OCT 08-10, 2008"
    },
    {
        "start_node": "MOFO8",
        "relationship": "location",
        "end_node": "Augsburg, GERMANY"
    }
]