[
    {
        "start_node": "COF",
        "relationship": "synthesis",
        "end_node": "conjugated porous polymer microtubular bundles"
    },
    {
        "start_node": "monomer",
        "relationship": "assembly",
        "end_node": "microfiber bundles"
    },
    {
        "start_node": "1,3,5-benzene-tricarbohydrazide",
        "relationship": "used as",
        "end_node": "monomer"
    },
    {
        "start_node": "microfiber bundles",
        "relationship": "templating",
        "end_node": "microtubular bundles"
    },
    {
        "start_node": "microtubular bundles",
        "relationship": "constructed from",
        "end_node": "condensation"
    },
    {
        "start_node": "1,7-para-formylphenyl-perylene-3,4,9,10-tetracarboxylic diimide",
        "relationship": "reactant",
        "end_node": "polymerization"
    },
    {
        "start_node": "dynamic covalent acylhydrazon linkage",
        "relationship": "linkage",
        "end_node": "polymerization"
    },
    {
        "start_node": "quasi-Kirkendall effect",
        "relationship": "process",
        "end_node": "polymer formation"
    },
    {
        "start_node": "Ostwald ripening",
        "relationship": "process",
        "end_node": "polymer refinement"
    },
    {
        "start_node": "conjugated porous polymer",
        "relationship": "property",
        "end_node": "hierarchical morphology"
    },
    {
        "start_node": "hierarchical morphology",
        "relationship": "features",
        "end_node": "tubular walls and channels"
    },
    {
        "start_node": "channels",
        "relationship": "size",
        "end_node": "sub-micrometre-sized"
    },
    {
        "start_node": "channels",
        "relationship": "length",
        "end_node": "tens of micrometers"
    },
    {
        "start_node": "accessibility",
        "relationship": "enhanced by",
        "end_node": "hierarchical structure"
    },
    {
        "start_node": "redox active sites",
        "relationship": "highly accessible",
        "end_node": ""
    }
]