[
    {
        "start_node": "COF",
        "relationship": "contain",
        "end_node": "Modulator-Assisted Photosynthesis"
    },
    {
        "start_node": "Modulator-Assisted Photosynthesis",
        "relationship": "approach",
        "end_node": "Green and Powerful"
    },
    {
        "start_node": "Green and Powerful",
        "relationship": "towards",
        "end_node": "Superstructured π-Conjugated COFs"
    },
    {
        "start_node": "Superstructured π-Conjugated COFs",
        "relationship": "property",
        "end_node": "High Crystallinity"
    },
    {
        "start_node": "High Crystallinity",
        "relationship": "due to",
        "end_node": "Aromatic-ortho-diamine (o-diamine)"
    },
    {
        "start_node": "Aromatic-ortho-diamine (o-diamine)",
        "relationship": "modulator",
        "end_node": "Structure Control"
    },
    {
        "start_node": "Structure Control",
        "relationship": "result",
        "end_node": "Staggered AB Stacking"
    },
    {
        "start_node": "Superstructured COF",
        "relationship": "size",
        "end_node": "hundreds of micrometers"
    },
    {
        "start_node": "Electrochemical Performance",
        "relationship": "displayed by",
        "end_node": "π-Conjugated Crystal"
    },
    {
        "start_node": "π-Conjugated Crystal",
        "relationship": "specific capacitance",
        "end_node": "600 F g^(-1)"
    },
    {
        "start_node": "specific capacitance",
        "relationship": "at",
        "end_node": "10 mVs^(-1)"
    },
    {
        "start_node": "Electrochemical Performance",
        "relationship": "ORR activity",
        "end_node": "Metal-Free 2e"
    },
    {
        "start_node": "Metal-Free 2e ORR activity",
        "relationship": "peak potential",
        "end_node": "0.764 V"
    },
    {
        "start_node": "Metal-Free 2e ORR activity",
        "relationship": "stability",
        "end_node": "Excellent Cycling Stability"
    }
]