[
    {
        "start_node": "TI",
        "relationship": "discusses",
        "end_node": "graphene functionalization"
    },
    {
        "start_node": "Graphene",
        "relationship": "has_property",
        "end_node": "zero band gap"
    },
    {
        "start_node": "Graphene",
        "relationship": "faces_challenges",
        "end_node": "large-scale production"
    },
    {
        "start_node": "Graphene",
        "relationship": "precludes_usage",
        "end_node": "low reactivity, solubility"
    },
    {
        "start_node": "Solution",
        "relationship": "addresses",
        "end_node": "functionalization"
    },
    {
        "start_node": "Functionalization",
        "relationship": "employs",
        "end_node": "organic building blocks"
    },
    {
        "start_node": "Graphene",
        "relationship": "can_be_modified",
        "end_node": "non-covalent interactions"
    },
    {
        "start_node": "Research",
        "relationship": "focuses_on",
        "end_node": "molecular functionalization"
    },
    {
        "start_node": "Chemistry",
        "relationship": "includes",
        "end_node": "covalent and non-covalent"
    },
    {
        "start_node": "Article",
        "relationship": "provides",
        "end_node": "progress in functionalization"
    }
]