[
    {
        "start_node": "Strategy",
        "relationship": "focus_on",
        "end_node": "Synthesis"
    },
    {
        "start_node": "Synthesis",
        "relationship": "involve",
        "end_node": "Organic Building Blocks"
    },
    {
        "start_node": "Synthesis",
        "relationship": "involve",
        "end_node": "Metal-Organic Building Blocks"
    },
    {
        "start_node": "Design",
        "relationship": "aim_at",
        "end_node": "Frameworks"
    },
    {
        "start_node": "Organic Building Blocks",
        "relationship": "used_in",
        "end_node": "COF (specific COF names)"
    },
    {
        "start_node": "Metal-Organic Building Blocks",
        "relationship": "used_in",
        "end_node": "COF (specific COF names)"
    },
    {
        "start_node": "COF (specific COF names)",
        "relationship": "belong_to",
        "end_node": "COF Category"
    },
    {
        "start_node": "COF Category",
        "relationship": "contains",
        "end_node": "Strategies"
    }
]