[
    {
        "start_node": "MOF",
        "relationship": "modified_to",
        "end_node": "MOF UiO-66-NH2"
    },
    {
        "start_node": "MOF UiO-66-NH2",
        "relationship": "synthesized_into",
        "end_node": "COF hybrids"
    },
    {
        "start_node": "COF hybrids",
        "relationship": "formed_by",
        "end_node": "on-surface condensation reactions"
    },
    {
        "start_node": "TFP",
        "relationship": "reacted_with",
        "end_node": "MOF UiO-66-NH2"
    },
    {
        "start_node": "TABQ",
        "relationship": "reacted_with",
        "end_node": "MOF UiO-66-NH2"
    },
    {
        "start_node": "TFP",
        "relationship": "contains",
        "end_node": "1,3,5-triformylphloroglucinol"
    },
    {
        "start_node": "TABQ",
        "relationship": "contains",
        "end_node": "2,3,5,6-tetraaminobenzoquinone"
    },
    {
        "start_node": "hybrids",
        "relationship": "properties",
        "end_node": "large surface area (236 m²/g)"
    },
    {
        "start_node": "hybrids",
        "relationship": "electrochemical_performance",
        "end_node": "103 F/g at 0.5 A/g"
    },
    {
        "start_node": "hybrids",
        "relationship": "outperforms",
        "end_node": "both COFs and MOFs"
    }
]