[
    {
        "start_node": "COF",
        "relationship": "study",
        "end_node": "Electron-rich active sites"
    },
    {
        "start_node": "COF",
        "relationship": "focus_on",
        "end_node": "CO2 electroreduction"
    },
    {
        "start_node": "Electrocatalysis",
        "relationship": "solution_for",
        "end_node": "environmental and energy problems"
    },
    {
        "start_node": "Porphyrin organic frameworks (POFs)",
        "relationship": "promising_model",
        "end_node": "molecular-level regulation"
    },
    {
        "start_node": "Strategy",
        "relationship": "uses",
        "end_node": "nanoscale and molecular scale synthesis"
    },
    {
        "start_node": "Co(II) porphyrin (CoPor-)",
        "relationship": "component_of",
        "end_node": "organic-inorganic composite materials"
    },
    {
        "start_node": "Electronic structure tuning",
        "relationship": "aim_of",
        "end_node": "modification of substituents"
    },
    {
        "start_node": "CoPOF-(Me)(4)@CNT",
        "relationship": "outstanding_performance",
        "end_node": "FECO: 93% @ 600 mV, TOF: 9720 h^(-1)"
    },
    {
        "start_node": "Selectivity and efficiency",
        "relationship": "superior_to",
        "end_node": "recently reported CoPOFs"
    },
    {
        "start_node": "Stability",
        "relationship": "feature_of",
        "end_node": "more than 42 h"
    },
    {
        "start_node": "Methyl substituents",
        "relationship": "effect_on",
        "end_node": "electron-rich active sites"
    },
    {
        "start_node": "Synergy",
        "relationship": "present_in",
        "end_node": "POF nanolayers and CNT scaffold"
    },
    {
        "start_node": "Electronic structure",
        "relationship": "enhanced_by",
        "end_node": "synergetic interaction"
    }
]