[
    {
        "start_node": "STM",
        "relationship": "used_for",
        "end_node": "imaging"
    },
    {
        "start_node": "STM",
        "relationship": "used_for",
        "end_node": "characterization"
    },
    {
        "start_node": "single-molecule reaction",
        "relationship": "essential_for",
        "end_node": "understanding chemistry"
    },
    {
        "start_node": "single-molecule reaction",
        "relationship": "essential_for",
        "end_node": "nanotechnology applications"
    },
    {
        "start_node": "tetrathienoanthracene",
        "relationship": "converted_to",
        "end_node": "pentacene"
    },
    {
        "start_node": "synthesis",
        "relationship": "process",
        "end_node": "pentacene"
    },
    {
        "start_node": "Ni(111) surface",
        "relationship": "surface",
        "end_node": "reaction"
    },
    {
        "start_node": "STM",
        "relationship": "technique",
        "end_node": "UHV conditions"
    },
    {
        "start_node": "sulfur abstraction",
        "relationship": "chemical_reaction",
        "end_node": "pentacene"
    },
    {
        "start_node": "cyclization reaction",
        "relationship": "chemical_reaction",
        "end_node": "pentacene"
    },
    {
        "start_node": "TOF-SIMS",
        "relationship": "confirmed_by",
        "end_node": "pentacene identity"
    },
    {
        "start_node": "literature",
        "relationship": "no_analogue",
        "end_node": "reaction"
    },
    {
        "start_node": "local-probe techniques",
        "relationship": "powerful_for",
        "end_node": "exploring new chemical pathways"
    }
]