[
    {
        "start_node": "Synthesis",
        "relationship": "results_in",
        "end_node": "PRP-1"
    },
    {
        "start_node": "Synthesis",
        "relationship": "results_in",
        "end_node": "PRP-2"
    },
    {
        "start_node": "PRP-1",
        "relationship": "characterized_by",
        "end_node": "C-13 CP/MAS NMR"
    },
    {
        "start_node": "PRP-1",
        "relationship": "characterized_by",
        "end_node": "FT-IR"
    },
    {
        "start_node": "PRP-1",
        "relationship": "characterized_by",
        "end_node": "PXRD"
    },
    {
        "start_node": "PRP-1",
        "relationship": "characterized_by",
        "end_node": "SEM"
    },
    {
        "start_node": "PRP-1",
        "relationship": "evaluated_for",
        "end_node": "nitrogen adsorption"
    },
    {
        "start_node": "PRP-1",
        "relationship": "evaluated_for",
        "end_node": "carbon dioxide adsorption"
    },
    {
        "start_node": "PRP-2",
        "relationship": "higher_surface_area_than",
        "end_node": "PRP-1"
    },
    {
        "start_node": "PRP-2",
        "relationship": "used_for",
        "end_node": "non-homogeneous catalytic CO2 conversion"
    },
    {
        "start_node": "PRP-2",
        "relationship": "better_conversion_than",
        "end_node": "PRP-1"
    },
    {
        "start_node": "functionalized pillar[n]arene",
        "relationship": "application_in",
        "end_node": "organic porous polymers"
    }
]