[
    {
        "start_node": "COF",
        "relationship": "contain",
        "end_node": "On-Surface Domino Reaction"
    },
    {
        "start_node": "Glaser Coupling",
        "relationship": "precedes",
        "end_node": "BDNA Preparation"
    },
    {
        "start_node": "BDNA",
        "relationship": "formed_by",
        "end_node": "In Situ Synthesis"
    },
    {
        "start_node": "6,6'-(1,4-buta-1,3-diynyl) bis(2-naphthoic acid)",
        "relationship": "is",
        "end_node": "BDNA"
    },
    {
        "start_node": "Dehydrogenative Coupling",
        "relationship": "follows",
        "end_node": "BDNA Formation"
    },
    {
        "start_node": "Poly-BDNA",
        "relationship": "product_of",
        "end_node": "Dehydrogenative Polymerization"
    },
    {
        "start_node": "Chain Length",
        "relationship": "attribute_of",
        "end_node": "over 100 nm"
    },
    {
        "start_node": "Au(111)",
        "relationship": "influences",
        "end_node": "Reaction Outcome"
    },
    {
        "start_node": "Au(100)",
        "relationship": "influences",
        "end_node": "Reaction Outcome"
    },
    {
        "start_node": "Branched Polymers",
        "relationship": "outcome",
        "end_node": "Surface Topography Variation"
    },
    {
        "start_node": "Linear Polymers",
        "relationship": "outcome",
        "end_node": "Surface Topography Variation"
    },
    {
        "start_node": "2D Metal-Organic Networks",
        "relationship": "outcome",
        "end_node": "Surface Topography and Coverage Variation"
    }
]