[
    {
        "start_node": "COF",
        "relationship": "application_in",
        "end_node": "photocatalysis"
    },
    {
        "start_node": "SAPCs",
        "relationship": "promotes",
        "end_node": "green_technology"
    },
    {
        "start_node": "SAPCs",
        "relationship": "addresses",
        "end_node": "cost_efficiency_limit"
    },
    {
        "start_node": "single-atom_photocatalysts",
        "relationship": "advances",
        "end_node": "large_scale_application"
    },
    {
        "start_node": "SAPCs",
        "relationship": "features",
        "end_node": "active_homogeneous_centers"
    },
    {
        "start_node": "SAPCs",
        "relationship": "properties",
        "end_node": "heterogeneous_structures"
    },
    {
        "start_node": "SAPCs",
        "relationship": "characteristics",
        "end_node": "stability"
    },
    {
        "start_node": "SAPCs",
        "relationship": "properties",
        "end_node": "high_catalytic_activity"
    },
    {
        "start_node": "SAPCs",
        "relationship": "properties",
        "end_node": "selectivity"
    },
    {
        "start_node": "substrates",
        "relationship": "varieties",
        "end_node": "six_kinds"
    },
    {
        "start_node": "SAPCs",
        "relationship": "reviewed",
        "end_node": "H2_production"
    },
    {
        "start_node": "SAPCs",
        "relationship": "reviewed",
        "end_node": "CO2_reduction"
    },
    {
        "start_node": "SAPCs",
        "relationship": "reviewed",
        "end_node": "nitrogen_fixation"
    },
    {
        "start_node": "SAPCs",
        "relationship": "reviewed",
        "end_node": "NOx_removal"
    },
    {
        "start_node": "SAPCs",
        "relationship": "reviewed",
        "end_node": "volatile_organic_compounds_removal"
    },
    {
        "start_node": "SAPCs",
        "relationship": "reviewed",
        "end_node": "pollutant_degradation"
    },
    {
        "start_node": "SAPCs",
        "relationship": "reviewed",
        "end_node": "radionuclides_reduction"
    },
    {
        "start_node": "SAPCs",
        "relationship": "reviewed",
        "end_node": "heavy_metals_removal"
    },
    {
        "start_node": "SAPCs",
        "relationship": "mechanisms",
        "end_node": "photocatalysis_processes"
    },
    {
        "start_node": "SAPCs",
        "relationship": "discussed",
        "end_node": "isolated_site_reactions"
    },
    {
        "start_node": "SAPCs",
        "relationship": "discussed",
        "end_node": "photoelectron_transfer"
    },
    {
        "start_node": "SAPCs",
        "relationship": "summarized",
        "end_node": "efficient_photoactivation_cycles"
    },
    {
        "start_node": "future",
        "relationship": "prospects",
        "end_node": "development_trend"
    },
    {
        "start_node": "SAPCs",
        "relationship": "challenges",
        "end_node": "environmental_energy_field"
    }
]