[
    {
        "start_node": "MOF@COF",
        "relationship": "constructed_from",
        "end_node": "UiO-66-NH2@COF"
    },
    {
        "start_node": "UiO-66-NH2",
        "relationship": "core_material",
        "end_node": "MOF@COF"
    },
    {
        "start_node": "TAPB-DMTP-COF",
        "relationship": "shell_material",
        "end_node": "UiO-66-NH2@COF"
    },
    {
        "start_node": "electrochemical_detection",
        "relationship": "improves",
        "end_node": "performance"
    },
    {
        "start_node": "UiO-66-NH2@COF",
        "relationship": "enhances",
        "end_node": "electrochemical_detection"
    },
    {
        "start_node": "ATP",
        "relationship": "detected_by",
        "end_node": "UiO-66-NH2@COF"
    },
    {
        "start_node": "antibiotic",
        "relationship": "detected_by",
        "end_node": "UiO-66-NH2@COF"
    },
    {
        "start_node": "aptamer",
        "relationship": "interacts_with",
        "end_node": "Zr(IV) sites"
    },
    {
        "start_node": "aptamer",
        "relationship": "interacts_with",
        "end_node": "MOF@COF"
    },
    {
        "start_node": "synthetic_strategy",
        "relationship": "expands",
        "end_node": "rational_design"
    },
    {
        "start_node": "MOF@COF core-shell hybrid materials",
        "relationship": "application_prospect",
        "end_node": "expanded"
    }
]