[
    {
        "start_node": "Overview",
        "relationship": "discusses",
        "end_node": "Knoevenagel condensation"
    },
    {
        "start_node": "Knoevenagel condensation",
        "relationship": "is",
        "end_node": "condensation reaction"
    },
    {
        "start_node": "condensation reaction",
        "relationship": "importance_in",
        "end_node": "organic chemistry"
    },
    {
        "start_node": "catalytic Knoevenagel condensation",
        "relationship": "receives_interest_in",
        "end_node": "heterogeneous catalysts"
    },
    {
        "start_node": "catalytic Knoevenagel condensation",
        "relationship": "receives_interest_in",
        "end_node": "homogeneous catalysts"
    },
    {
        "start_node": "Metal-free catalysis",
        "relationship": "attracts_attention_due_to",
        "end_node": "environmental concerns"
    },
    {
        "start_node": "Metal-free nitrogen-based catalysts",
        "relationship": "utilized_in",
        "end_node": "Knoevenagel condensation"
    },
    {
        "start_node": "Catalysts",
        "relationship": "includes",
        "end_node": "organocatalysts"
    },
    {
        "start_node": "Catalysts",
        "relationship": "includes",
        "end_node": "polymers"
    },
    {
        "start_node": "Catalysts",
        "relationship": "includes",
        "end_node": "ionic liquids"
    },
    {
        "start_node": "Catalysts",
        "relationship": "includes",
        "end_node": "bio- and carbon-based catalysts"
    },
    {
        "start_node": "Substrate scope",
        "relationship": "discussed_in",
        "end_node": "review"
    },
    {
        "start_node": "Optimal reaction conditions",
        "relationship": "discussed_in",
        "end_node": "review"
    },
    {
        "start_node": "Selectivity",
        "relationship": "discussed_in",
        "end_node": "review"
    },
    {
        "start_node": "Product yield",
        "relationship": "discussed_in",
        "end_node": "review"
    },
    {
        "start_node": "Merits",
        "relationship": "evaluated_in",
        "end_node": "review"
    },
    {
        "start_node": "Limitations",
        "relationship": "evaluated_in",
        "end_node": "review"
    },
    {
        "start_node": "Recyclability",
        "relationship": "reported_for",
        "end_node": "catalysts"
    },
    {
        "start_node": "Biocompatibility",
        "relationship": "reported_for",
        "end_node": "catalysts"
    },
    {
        "start_node": "Biodegradability",
        "relationship": "reported_for",
        "end_node": "catalysts"
    },
    {
        "start_node": "Selectivity influences",
        "relationship": "covered_in",
        "end_node": "review"
    }
]