[
    {
        "start_node": "COF",
        "relationship": "application_in",
        "end_node": "organic_synthesis"
    },
    {
        "start_node": "COFs",
        "relationship": "property",
        "end_node": "high_surface_area"
    },
    {
        "start_node": "COFs",
        "relationship": "property",
        "end_node": "high_porosity"
    },
    {
        "start_node": "COFs",
        "relationship": "property",
        "end_node": "high_crystallinity"
    },
    {
        "start_node": "COFs",
        "relationship": "used_as",
        "end_node": "heterogeneous_ligands"
    },
    {
        "start_node": "heterogeneous_ligands",
        "relationship": "support",
        "end_node": "metal_ions"
    },
    {
        "start_node": "COFs",
        "relationship": "enable",
        "end_node": "catalytic_reactions"
    },
    {
        "start_node": "catalysts",
        "relationship": "derived_from",
        "end_node": "COFs"
    },
    {
        "start_node": "COFs",
        "relationship": "reusability",
        "end_node": "catalyst_reuse"
    },
    {
        "start_node": "COFs",
        "relationship": "catalyst_for",
        "end_node": "various_organic_reactions"
    }
]