[
    {
        "start_node": "COF",
        "relationship": "contain",
        "end_node": "Quantum Dot-Based Hybrid Coacervate Nanodroplets"
    },
    {
        "start_node": "Quantum Dot-Based Hybrid Coacervate Nanodroplets",
        "relationship": "used_for",
        "end_node": "ultrasensitive detection"
    },
    {
        "start_node": "Quantum Dot-Based Hybrid Coacervate Nanodroplets",
        "relationship": "detect",
        "end_node": "Hg2+"
    },
    {
        "start_node": "Hg2+",
        "relationship": "interacts_with",
        "end_node": "COF nanodroplets"
    },
    {
        "start_node": "Hg2+",
        "relationship": "quenching",
        "end_node": "luminescence"
    },
    {
        "start_node": "Hg2+",
        "relationship": "specific_association",
        "end_node": "porous structure"
    },
    {
        "start_node": "Hg2+",
        "relationship": "PET",
        "end_node": "CdTe Quantum Dots"
    },
    {
        "start_node": "System",
        "relationship": "limit_of_detection",
        "end_node": "1.32 nM"
    },
    {
        "start_node": "System",
        "relationship": "remediation_performance",
        "end_node": "0.26 ppb"
    },
    {
        "start_node": "Hybrid Nanodroplets",
        "relationship": "sequestration_efficiency",
        "end_node": "98.3%"
    },
    {
        "start_node": "Hybrid Nanodroplets",
        "relationship": "application",
        "end_node": "diverse range of applications"
    },
    {
        "start_node": "Tailorability",
        "relationship": "advantage",
        "end_node": "multifunctional nanomaterials"
    }
]