[
    {
        "start_node": "STM",
        "relationship": "study",
        "end_node": "self-assembly"
    },
    {
        "start_node": "STM",
        "relationship": "investigate",
        "end_node": "HATP/Cu(111)"
    },
    {
        "start_node": "XPS",
        "relationship": "complementary study",
        "end_node": "surface chemistry"
    },
    {
        "start_node": "pristine Cu(111)",
        "relationship": "compare",
        "end_node": "nickel-covered Cu(111)"
    },
    {
        "start_node": "HATP",
        "relationship": "deposition",
        "end_node": "Cu(111)"
    },
    {
        "start_node": "room-temperature deposition",
        "relationship": "results in",
        "end_node": "self-assembled aggregates"
    },
    {
        "start_node": "annealing",
        "relationship": "cause",
        "end_node": "single deprotonation"
    },
    {
        "start_node": "N 1s, C 1s core levels",
        "relationship": "chemical shift",
        "end_node": "deprotonation"
    },
    {
        "start_node": "DFT simulations",
        "relationship": "confirm",
        "end_node": "metal-organic trimer"
    },
    {
        "start_node": "nickel atoms",
        "relationship": "additional deposition",
        "end_node": "structural changes"
    },
    {
        "start_node": "nickel atoms",
        "relationship": "result in",
        "end_node": "bis(diimino)-Ni bonded networks"
    },
    {
        "start_node": "room temperature",
        "relationship": "enable",
        "end_node": "hexagonal metal-coordinated pores"
    },
    {
        "start_node": "extended honeycomb networks",
        "relationship": "elusive due to",
        "end_node": "restricted reversibility"
    }
]