[
    {
        "start_node": "COF",
        "relationship": "inspired_by",
        "end_node": "geological_ore_formation"
    },
    {
        "start_node": "polymer_synthesis",
        "relationship": "method",
        "end_node": "hydrothermal_techniques"
    },
    {
        "start_node": "PPPI",
        "relationship": "material",
        "end_node": "highly_ordered_polyimides"
    },
    {
        "start_node": "HT_polymerization",
        "relationship": "process",
        "end_node": "one_step"
    },
    {
        "start_node": "HT_polymerization",
        "relationship": "uses",
        "end_node": "water"
    },
    {
        "start_node": "HT_conditions",
        "relationship": "facilitates",
        "end_node": "dissolution_polymerization_crystallization"
    },
    {
        "start_node": "conventional_polyimide",
        "relationship": "comparison",
        "end_node": "recrystallizes_hydrothermally"
    },
    {
        "start_node": "hydrothermal_polymerization",
        "relationship": "occurs_simultaneously_with",
        "end_node": "crystallization"
    },
    {
        "start_node": "obtained_material",
        "relationship": "properties",
        "end_node": "excellent_crystallinity"
    },
    {
        "start_node": "obtained_material",
        "relationship": "properties",
        "end_node": "remarkable_thermal_stability"
    },
    {
        "start_node": "thermal_stability",
        "relationship": "temperature",
        "end_node": "600_degrees_C"
    },
    {
        "start_node": "PPPI_backbone",
        "relationship": "component",
        "end_node": "strong_covalent"
    },
    {
        "start_node": "interchain_hydrogen_bonding",
        "relationship": "feature",
        "end_node": "stability"
    }
]