[
    {
        "start_node": "Photoreactive",
        "relationship": "involve",
        "end_node": "Crystals"
    },
    {
        "start_node": "Solid state",
        "relationship": "eliminates",
        "end_node": "Solvent usage"
    },
    {
        "start_node": "Single-crystal X-ray crystallography",
        "relationship": "provides",
        "end_node": "Structural details"
    },
    {
        "start_node": "Topochemical principles",
        "relationship": "govern",
        "end_node": "SCSC reactions"
    },
    {
        "start_node": "SCSC reaction",
        "relationship": "common",
        "end_node": "[2+2] cycloaddition"
    },
    {
        "start_node": "Schmidt's work",
        "relationship": "classical",
        "end_node": "1960s"
    },
    {
        "start_node": "Synthons and tectons",
        "relationship": "exploited",
        "end_node": "Crystal engineering"
    },
    {
        "start_node": "Alkenes",
        "relationship": "align",
        "end_node": "Required packing"
    },
    {
        "start_node": "Photoreactivity control",
        "relationship": "designs",
        "end_node": "Advanced materials"
    },
    {
        "start_node": "Cycloreversible optical storage",
        "relationship": "example",
        "end_node": "Materials"
    },
    {
        "start_node": "Photosalient and photomechanical",
        "relationship": "example",
        "end_node": "Materials"
    },
    {
        "start_node": "Organic polymers",
        "relationship": "incorporated",
        "end_node": "MOFs"
    },
    {
        "start_node": "Photoreactions",
        "relationship": "yield",
        "end_node": "Quantitative products"
    },
    {
        "start_node": "Regio- and stereospecificity",
        "relationship": "unavailable",
        "end_node": "Solution syntheses"
    },
    {
        "start_node": "Dynamic crystals",
        "relationship": "exhibit",
        "end_node": "Photosalient effect"
    },
    {
        "start_node": "Thermosalient effect",
        "relationship": "related to",
        "end_node": "Heat exposure"
    },
    {
        "start_node": "Photosalient behavior",
        "relationship": "observed",
        "end_node": "[2+2] cycloaddition"
    },
    {
        "start_node": "Crystal adaptronics",
        "relationship": "emergence",
        "end_node": "Smart actuating materials"
    },
    {
        "start_node": "Structural transformations",
        "relationship": "discussed",
        "end_node": "UV induced"
    },
    {
        "start_node": "Weak interactions",
        "relationship": "impact",
        "end_node": "Structural changes"
    },
    {
        "start_node": "Guest solvents",
        "relationship": "role",
        "end_node": "Structural transformations"
    },
    {
        "start_node": "Mechanical grinding",
        "relationship": "affects",
        "end_node": "Structural transformations"
    }
]