[
    {
        "start_node": "COF",
        "relationship": "contain",
        "end_node": "Conjugated Polymers"
    },
    {
        "start_node": "COF",
        "relationship": "improve",
        "end_node": "Photocatalytic Hydrogen Evolution"
    },
    {
        "start_node": "Conjugated Polymers",
        "relationship": "used_for",
        "end_node": "Hydrogen Evolution"
    },
    {
        "start_node": "Strategy",
        "relationship": "implement",
        "end_node": "Side Chain Functionalization"
    },
    {
        "start_node": "Side Chain",
        "relationship": "functionalize_with",
        "end_node": "Oligoethylene Glycol Monomethyl Ether (OEG)"
    },
    {
        "start_node": "OEG",
        "relationship": "impact",
        "end_node": "Improvement (90-fold increase)"
    },
    {
        "start_node": "OEG",
        "relationship": "interact_with",
        "end_node": "Pt Co-catalysts"
    },
    {
        "start_node": "OEG",
        "relationship": "facilitate",
        "end_node": "Charge Transfer Efficiency"
    },
    {
        "start_node": "OEG",
        "relationship": "adsorb",
        "end_node": "H* from water"
    },
    {
        "start_node": "OEG",
        "relationship": "lower",
        "end_node": "Energy Levels on Surfaces"
    },
    {
        "start_node": "Energy Levels",
        "relationship": "enhance",
        "end_node": "Charge Separation"
    },
    {
        "start_node": "Charge Separation",
        "relationship": "improve",
        "end_node": "Photocatalytic Performance"
    },
    {
        "start_node": "Rational Side-Chain Engineering",
        "relationship": "enable",
        "end_node": "Improved Organic Photocatalysts"
    }
]