[
    {
        "start_node": "COF",
        "relationship": "photocatalytic",
        "end_node": "water splitting"
    },
    {
        "start_node": "TpPa-1-COF",
        "relationship": "excited by",
        "end_node": "MOF derived FeP-PC"
    },
    {
        "start_node": "MOF derived FeP-PC",
        "relationship": "acts as",
        "end_node": "cocatalyst"
    },
    {
        "start_node": "TPPa-1-COF",
        "relationship": "uses",
        "end_node": "alpha-Fe2O3"
    },
    {
        "start_node": "alpha-Fe2O3",
        "relationship": "as",
        "end_node": "cocatalyst"
    },
    {
        "start_node": "alpha-Fe2O3",
        "relationship": "facilitates",
        "end_node": "charge carrier separation"
    },
    {
        "start_node": "alpha-Fe2O3",
        "relationship": "activates",
        "end_node": "water splitting performance"
    },
    {
        "start_node": "TpPa-1-COF",
        "relationship": "part of",
        "end_node": "Z-scheme heterostructure"
    },
    {
        "start_node": "Z-scheme heterostructure",
        "relationship": "improves",
        "end_node": "charge separation"
    },
    {
        "start_node": "FeP-PC",
        "relationship": "connects",
        "end_node": "covalent bonds"
    },
    {
        "start_node": "FeP-PC",
        "relationship": "prevents",
        "end_node": "agglomeration of TpPa-1-COF"
    },
    {
        "start_node": "TpPa-1-COF",
        "relationship": "has",
        "end_node": "competitive photocatalytic performance"
    }
]