[
    {
        "start_node": "COF",
        "relationship": "contain",
        "end_node": "ionic covalent organic polymer"
    },
    {
        "start_node": "iCOP",
        "relationship": "property",
        "end_node": "imidazolium-N+ nanotraps"
    },
    {
        "start_node": "iCOP-1",
        "relationship": "type_of",
        "end_node": "parent iCOP"
    },
    {
        "start_node": "iCOP-1",
        "relationship": "kinetics",
        "end_node": "fast"
    },
    {
        "start_node": "iCOP-1",
        "relationship": "adsorption_capacity",
        "end_node": "1434.1 ± 24.6 mg/g"
    },
    {
        "start_node": "iCOP-1",
        "relationship": "selectivity",
        "end_node": "(TcO4)-Tc-99 (-), ReO4 (-)"
    },
    {
        "start_node": "iCOP-2",
        "relationship": "modification_of",
        "end_node": "iCOP-1",
        "via": "introduction of F groups"
    },
    {
        "start_node": "iCOP-2",
        "relationship": "application",
        "end_node": "ReO4 (-) removal"
    },
    {
        "start_node": "iCOP-3",
        "relationship": "modification_of",
        "end_node": "iCOP-1",
        "via": "introduction of Br groups"
    },
    {
        "start_node": "iCOP-3",
        "relationship": "performance",
        "end_node": "super alkaline conditions, low-activity waste streams"
    },
    {
        "start_node": "halogenation_strategy",
        "relationship": "guides",
        "end_node": "task-specific design"
    }
]