[
    {
        "start_node": "COF",
        "relationship": "induces",
        "end_node": "apoptosis"
    },
    {
        "start_node": "COF-PM2.5",
        "relationship": "exposure to",
        "end_node": "A549 cells"
    },
    {
        "start_node": "A549 cells",
        "relationship": "decreased cell viability",
        "end_node": null
    },
    {
        "start_node": "COF-PM2.5",
        "relationship": "increased ROS",
        "end_node": "A549 cells"
    },
    {
        "start_node": "COF-PM2.5",
        "relationship": "increased LDH levels",
        "end_node": "A549 cells"
    },
    {
        "start_node": "COF-PM2.5",
        "relationship": "changed CCK-8 levels",
        "end_node": "dose-dependent manner"
    },
    {
        "start_node": "COF-PM2.5",
        "relationship": "augmented nitrite concentration",
        "end_node": "supernatants"
    },
    {
        "start_node": "COF-PM2.5",
        "relationship": "decreased SOD activity",
        "end_node": "A549 cells"
    },
    {
        "start_node": "COF-PM2.5",
        "relationship": "decreased GSH recycling",
        "end_node": "A549 cells"
    },
    {
        "start_node": "COF-PM2.5",
        "relationship": "increased Cox-2, iNOS, and TNF-alpha mRNA",
        "end_node": "A549 cells"
    },
    {
        "start_node": "COF-PM2.5",
        "relationship": "increased IL-6 and TNF-alpha secretion",
        "end_node": "A549 cells"
    },
    {
        "start_node": "COF-PM2.5",
        "relationship": "increased Bax/Bcl-2 ratio",
        "end_node": "A549 cells"
    },
    {
        "start_node": "COF-PM2.5",
        "relationship": "activated cleaved caspase-3",
        "end_node": "A549 cells"
    },
    {
        "start_node": "COF-PM2.5",
        "relationship": "phosphorylated STAT1 (Tyr701/Ser727)",
        "end_node": "MAPK/NF-kappa B/STAT1 pathway"
    },
    {
        "start_node": "COF-PM2.5",
        "relationship": "activated NF-kappa B",
        "end_node": "MAPK pathway"
    },
    {
        "start_node": "COF-PM2.5",
        "relationship": "activated ERK1/2, p38, and JNK",
        "end_node": "MAPK pathway"
    }
]