[
    {
        "start_node": "COF",
        "relationship": "contribution",
        "end_node": "solid-state electrolytes"
    },
    {
        "start_node": "John B. Goodenough",
        "relationship": "birthday",
        "end_node": "100th"
    },
    {
        "start_node": "solid-state ionics (SSI)",
        "relationship": "development",
        "end_node": "Li and Na batteries"
    },
    {
        "start_node": "SSEs",
        "relationship": "improvement focus",
        "end_node": "safety, energy density, high power applications"
    },
    {
        "start_node": "SSEs",
        "relationship": "comparison",
        "end_node": "organic liquid electrolytes - lower conductivity, poor interface compatibility"
    },
    {
        "start_node": "hybrid solid electrolytes",
        "relationship": "development",
        "end_node": "improved conductivity, stability, elemental anode, high voltage cathodes"
    },
    {
        "start_node": "materials aspects",
        "relationship": "discussed",
        "end_node": "next-gen Li and Na batteries"
    },
    {
        "start_node": "hydride-type, silicates, LISICONs, NASICON-type oxides, glassy-type oxides, COFs, perovskite-type oxides, antiperovskites, Li-stuffed garnet-related oxides, metal halides",
        "relationship": "developed",
        "end_node": "solid-state electrolytes"
    },
    {
        "start_node": "chemical composition-structure-ionic conductivity relationship",
        "relationship": "analyzed",
        "end_node": "key SSEs"
    },
    {
        "start_node": "ion transport mechanism",
        "relationship": "discussed",
        "end_node": "study"
    },
    {
        "start_node": "interfacial engineering",
        "relationship": "methods",
        "end_node": "typical SSEs, battery applications"
    }
]