[
    {
        "start_node": "TI",
        "relationship": "discusses",
        "end_node": "Two-Dimensional Porous Polymers"
    },
    {
        "start_node": "2D Porous Polymers",
        "relationship": "has_attribute",
        "end_node": "easily tunable porosity"
    },
    {
        "start_node": "2D Porous Polymers",
        "relationship": "has_attribute",
        "end_node": "carbon-rich backbones"
    },
    {
        "start_node": "2D Porous Polymers",
        "relationship": "has_attribute",
        "end_node": "applications (sensing, gas sep., catalysis, energy storage)"
    },
    {
        "start_node": "challenge",
        "relationship": "refers_to",
        "end_node": "controlled 2D morphology"
    },
    {
        "start_node": "Graphene",
        "relationship": "acts_as_template",
        "end_node": "sandwich-like 2D porous polymers"
    },
    {
        "start_node": "p-Bromobenzene, p-Cyanobenzene, PA, Amino-Graphene",
        "relationship": "templates_for",
        "end_node": "direct surface polymerization"
    },
    {
        "start_node": "Covalent Triazine Frameworks, Hyper-cross-linked Polymers, Mesoporous Conducting Polymers",
        "relationship": "derived_from",
        "end_node": "sandwich-like polymerization"
    },
    {
        "start_node": "MoS2",
        "relationship": "acts_as_template",
        "end_node": "2D porous polymers"
    },
    {
        "start_node": "Olefin-linkage-linked COFs",
        "relationship": "synthesized_by",
        "end_node": "Knoevenagel condensation"
    },
    {
        "start_node": "2D Porous Polymers",
        "relationship": "pyrolysis_product",
        "end_node": "porous carbon nanosheets"
    },
    {
        "start_node": "2D Porous Polymers",
        "relationship": "precedes",
        "end_node": "heteroatom-doped porous carbons"
    }
]