[
    {
        "start_node": "COF Measurement",
        "relationship": "study",
        "end_node": "Reciprocating-Pin Tribometer"
    },
    {
        "start_node": "Reciprocating-Pin Tribometer",
        "relationship": "used_for",
        "end_node": "Static COF"
    },
    {
        "start_node": "Reciprocating-Pin Tribometer",
        "relationship": "used_for",
        "end_node": "Dynamic COF"
    },
    {
        "start_node": "Static COF",
        "relationship": "test_type",
        "end_node": "Particle-Wall"
    },
    {
        "start_node": "Static COF",
        "relationship": "test_material",
        "end_node": "Corn-Steel",
        "properties": {
            "value": "0.24 +/- 0.05"
        }
    },
    {
        "start_node": "Static COF",
        "relationship": "test_material",
        "end_node": "Corn-Acrylate",
        "properties": {
            "value": "0.22 +/- 0.03"
        }
    },
    {
        "start_node": "Static COF",
        "relationship": "test_material",
        "end_node": "Wheat-Steel",
        "properties": {
            "value": "0.32 +/- 0.02"
        }
    },
    {
        "start_node": "Static COF",
        "relationship": "test_material",
        "end_node": "Wheat-Acrylate",
        "properties": {
            "value": "0.29 +/- 0.03"
        }
    },
    {
        "start_node": "Dynamic COF",
        "relationship": "test_type",
        "end_node": "Particle-Wall"
    },
    {
        "start_node": "Dynamic COF",
        "relationship": "test_material",
        "end_node": "Corn-Steel",
        "properties": {
            "value": "0.22 +/- 0.06"
        }
    },
    {
        "start_node": "Dynamic COF",
        "relationship": "test_material",
        "end_node": "Corn-Acrylate",
        "properties": {
            "value": "0.16 +/- 0.01"
        }
    },
    {
        "start_node": "Dynamic COF",
        "relationship": "test_material",
        "end_node": "Corn-Corn",
        "properties": {
            "value": "0.09 +/- 0.02"
        }
    },
    {
        "start_node": "Dynamic COF",
        "relationship": "test_material",
        "end_node": "Wheat-Steel",
        "properties": {
            "value": "0.30 +/- 0.02"
        }
    },
    {
        "start_node": "Dynamic COF",
        "relationship": "test_material",
        "end_node": "Wheat-Acrylate",
        "properties": {
            "value": "0.20 +/- 0.02"
        }
    },
    {
        "start_node": "Dynamic COF",
        "relationship": "test_material",
        "end_node": "Wheat-Wheat",
        "properties": {
            "value": "0.18 +/- 0.04"
        }
    }
]