[
    {
        "start_node": "COF",
        "relationship": "mention",
        "end_node": "COFs"
    },
    {
        "start_node": "COF",
        "relationship": "application",
        "end_node": "photocatalytic CO2 reduction"
    },
    {
        "start_node": "solar energy",
        "relationship": "conversion method",
        "end_node": "chemical fuel"
    },
    {
        "start_node": "photocatalysis",
        "relationship": "method",
        "end_node": "direct conversion"
    },
    {
        "start_node": "2D polymers",
        "relationship": "promising class",
        "end_node": "organic photocatalysts"
    },
    {
        "start_node": "carbon nitrides",
        "relationship": "type",
        "end_node": "2D polymers"
    },
    {
        "start_node": "COFs",
        "relationship": "type",
        "end_node": "2D polymers"
    },
    {
        "start_node": "heterojunction materials",
        "relationship": "challenge",
        "end_node": "processing difficulty"
    },
    {
        "start_node": "donor polymers",
        "relationship": "templating approach",
        "end_node": "acceptor polymers"
    },
    {
        "start_node": "isostructural nodes",
        "relationship": "interface",
        "end_node": "heterojunction"
    },
    {
        "start_node": "T1",
        "relationship": "heterojunction material",
        "end_node": "increased activity"
    },
    {
        "start_node": "optimised donor : acceptor ratios",
        "relationship": "tuning",
        "end_node": "enhanced CO production"
    },
    {
        "start_node": "T5",
        "relationship": "templated heterojunction",
        "end_node": "highest CO production"
    },
    {
        "start_node": "A5, D5",
        "relationship": "optimized structures",
        "end_node": "CO2 reduction"
    }
]