[
    {
        "start_node": "study",
        "relationship": "focuses_on",
        "end_node": "COF_temperature铝基刹车盘"
    },
    {
        "start_node": "methodology",
        "relationship": "uses",
        "end_node": "TM-I型减缩惯性制动动力仪"
    },
    {
        "start_node": "model",
        "relationship": "established_by",
        "end_node": "ADINA软件"
    },
    {
        "start_node": "findings",
        "relationship": "show",
        "end_node": "calculated_temperature_field实验匹配"
    },
    {
        "start_node": "findings",
        "relationship": "indicate",
        "end_node": "COF对峰值温度影响速度放大"
    },
    {
        "start_node": "findings",
        "relationship": "show",
        "end_node": "COF增加,温度上升速率加速"
    },
    {
        "start_node": "findings",
        "relationship": "reveal",
        "end_node": "动态平衡和冷却提前出现"
    },
    {
        "start_node": "findings",
        "relationship": "impact",
        "end_node": "高温区域面积比COF增大"
    },
    {
        "start_node": "findings",
        "relationship": "increase",
        "end_node": "最大径向温差 COF增长"
    },
    {
        "start_node": "findings",
        "relationship": "show",
        "end_node": "轴向温差对COF敏感度与刹车时间相关"
    },
    {
        "start_node": "originality_value",
        "relationship": "provides",
        "end_node": "铝基刹车盘COF影响的理论参考"
    },
    {
        "start_node": "originality_value",
        "relationship": "facilitates",
        "end_node": "铝基刹车盘普及与刹车垫选择"
    }
]