[
    {
        "start_node": "COF",
        "relationship": "contain",
        "end_node": "dendrons"
    },
    {
        "start_node": "dendrons",
        "relationship": "contain",
        "end_node": "boric acid"
    },
    {
        "start_node": "dendrons",
        "relationship": "contain",
        "end_node": "1,3,5-tris(2-hydroxyethyl)isocyanurate"
    },
    {
        "start_node": "dendrons",
        "relationship": "covalently attached to",
        "end_node": "silica-coated magnetite"
    },
    {
        "start_node": "silica-coated magnetite",
        "relationship": "type",
        "end_node": "Fe3O4@SiO2@PTS-THEIC-(CH2)(3)OB(OH)(2)"
    },
    {
        "start_node": "catalyst",
        "relationship": "has property",
        "end_node": "magnetic"
    },
    {
        "start_node": "catalyst",
        "relationship": "catalyzes",
        "end_node": "synthesis of Hantzsch esters"
    },
    {
        "start_node": "catalyst",
        "relationship": "application",
        "end_node": "polyhydroacridines (PHAs)"
    },
    {
        "start_node": "catalyst",
        "relationship": "application",
        "end_node": "polyhydroquinolines (PHQs)"
    },
    {
        "start_node": "catalyst",
        "relationship": "characterized by",
        "end_node": "spectroscopic methods"
    },
    {
        "start_node": "catalyst",
        "relationship": "characterized by",
        "end_node": "microscopic methods"
    },
    {
        "start_node": "catalyst",
        "relationship": "characterized by",
        "end_node": "analytical techniques for mesoporous materials"
    },
    {
        "start_node": "catalyst",
        "relationship": "advantage",
        "end_node": "green protocol"
    },
    {
        "start_node": "catalyst",
        "relationship": "recyclable",
        "end_node": "yes"
    },
    {
        "start_node": "catalyst",
        "relationship": "recovery method",
        "end_node": "magnetic separation"
    },
    {
        "start_node": "catalyst",
        "relationship": "application",
        "end_node": "two-dimensional covalent organic frameworks"
    },
    {
        "start_node": "catalyst",
        "relationship": "application",
        "end_node": "three-dimensional covalent organic frameworks"
    }
]