[
    {
        "start_node": "COF",
        "relationship": "effect_on",
        "end_node": "reproductive_performance"
    },
    {
        "start_node": "cows",
        "relationship": "post_puerperium_condition",
        "end_node": "cystic_ovalar_follicles"
    },
    {
        "start_node": "COFs",
        "relationship": "diagnosis",
        "end_node": "ultrasound"
    },
    {
        "start_node": "progesterone",
        "relationship": "blood_sample测量",
        "end_node": "COF"
    },
    {
        "start_node": "COFs",
        "relationship": "classification",
        "end_node": "luteal_cysts"
    },
    {
        "start_node": "PRID_Delta",
        "relationship": "treatment",
        "end_node": "COF"
    },
    {
        "start_node": "PRID_Delta",
        "relationship": "contains",
        "end_node": "progesterone"
    },
    {
        "start_node": "cows_with_COF",
        "relationship": "fertility_comparison",
        "end_node": "cows_without_COF"
    },
    {
        "start_node": "cows_with_COF",
        "relationship": "conception_rate_difference",
        "end_node": "lower"
    },
    {
        "start_node": "cows_with_COF",
        "relationship": "services_per_conception_difference",
        "end_node": "lower"
    },
    {
        "start_node": "cows_with_COF_treated",
        "relationship": "days_open",
        "end_node": "untreated_cows"
    },
    {
        "start_node": "follicular_cysts",
        "relationship": "performance_similarity",
        "end_node": "luteal_cysts"
    },
    {
        "start_node": "PRID_Delta",
        "relationship": "effectiveness",
        "end_node": "treatment_of_COF"
    },
    {
        "start_node": "negative_impact",
        "relationship": "confirmed_by",
        "end_node": "study_results"
    }
]