[
    {
        "start_node": "COF",
        "relationship": "fabricate",
        "end_node": "smart COF membrane"
    },
    {
        "start_node": "smart COF membrane",
        "relationship": "property",
        "end_node": "self-regulating pore size"
    },
    {
        "start_node": "smart COF membrane",
        "relationship": "respond_to",
        "end_node": "external stimuli (pH, temperature, light, gas)"
    },
    {
        "start_node": "COF membrane",
        "relationship": "comparison",
        "end_node": "dye rejection performance"
    },
    {
        "start_node": "COF membrane",
        "relationship": "in_water_performance",
        "end_node": "higher in water"
    },
    {
        "start_node": "COF membrane",
        "relationship": "in_acetone_performance",
        "end_node": "lower in acetone"
    },
    {
        "start_node": "pore_size",
        "relationship": "regulation_by",
        "end_node": "solvents (acetone, water)"
    },
    {
        "start_node": "membrane",
        "relationship": "structural_change",
        "end_node": "PXRD peak shift"
    },
    {
        "start_node": "membrane",
        "relationship": "solvent_effect",
        "end_node": "acetone: larger pore size"
    },
    {
        "start_node": "membrane",
        "relationship": "reversibility",
        "end_node": "switching between acetone and water"
    },
    {
        "start_node": "smart COF membranes",
        "relationship": "application_broadening",
        "end_node": "COF materials"
    }
]