[
    {
        "start_node": "nano-indentation",
        "relationship": "study",
        "end_node": "aluminium single crystal"
    },
    {
        "start_node": "crystal plasticity",
        "relationship": "method",
        "end_node": "CPFEM model"
    },
    {
        "start_node": "CPFEM model",
        "relationship": "investigate",
        "end_node": "effect of COF"
    },
    {
        "start_node": "COF",
        "relationship": "impact",
        "end_node": "texture evolution"
    },
    {
        "start_node": "COF",
        "relationship": "impact",
        "end_node": "mechanical behaviour"
    },
    {
        "start_node": "load-displacement curves",
        "relationship": "compare",
        "end_node": "experimental observations"
    },
    {
        "start_node": "Young's moduli",
        "relationship": "calculate",
        "end_node": "simulation"
    },
    {
        "start_node": "indentation hardness",
        "relationship": "investigate",
        "end_node": "COF variation"
    },
    {
        "start_node": "piling-up curve",
        "relationship": "capture",
        "end_node": "deformed surface"
    },
    {
        "start_node": "sinking-in curve",
        "relationship": "capture",
        "end_node": "deformed surface"
    },
    {
        "start_node": "lattice rotation angles",
        "relationship": "affected by",
        "end_node": "COF"
    },
    {
        "start_node": "International Conference on Advances in Materials and Processing Technologies (AMPT)",
        "relationship": "hosted at",
        "end_node": "Wollongong, AUSTRALIA"
    },
    {
        "start_node": "COF",
        "relationship": "conference reference",
        "end_node": "CY SEP 23-26, 2012"
    }
]