[
    {
        "start_node": "Synthesis",
        "relationship": "focuses_on",
        "end_node": "Porous MOF/COF Derived/Based Materials"
    },
    {
        "start_node": "Porous MOF/COF Derived/Based Materials",
        "relationship": "involve",
        "end_node": "Catalysis"
    },
    {
        "start_node": "Catalysis",
        "relationship": "application_of",
        "end_node": "Porous MOF/COF Derived/Based Materials"
    },
    {
        "start_node": "Synthesis",
        "relationship": "method",
        "end_node": "COF (COvalent Organic Frameworks)"
    },
    {
        "start_node": "COF",
        "relationship": "derives_from",
        "end_node": "MOF (Metal-Organic Frameworks)"
    }
]