[
    {
        "start_node": "COF",
        "relationship": "contain",
        "end_node": "CoP-imbedded g-C3N4"
    },
    {
        "start_node": "g-C3N4",
        "relationship": "form",
        "end_node": "heterojunction"
    },
    {
        "start_node": "heterojunction",
        "relationship": "from",
        "end_node": "CoP"
    },
    {
        "start_node": "CoP",
        "relationship": "fabricate",
        "end_node": "nanoparticles (Co(OH)2)"
    },
    {
        "start_node": "CoP",
        "relationship": "fabricate",
        "end_node": "nanoparticles (Co3O4)"
    },
    {
        "start_node": "CoP",
        "relationship": "embedded_in",
        "end_node": "g-C3N4 nanosheets"
    },
    {
        "start_node": "heterojunction (Co(OH)2)",
        "relationship": "photoactivity",
        "end_node": "water splitting"
    },
    {
        "start_node": "0.5% CoP-CN",
        "relationship": "photoactivity",
        "end_node": "959.4 lmol.h^-1.g^-1 (simulated sunlight)"
    },
    {
        "start_node": "0.5% CoP-CN",
        "relationship": "photoactivity",
        "end_node": "59.1 lmol.h^-1.g^-1 (visible light)"
    },
    {
        "start_node": "3%Pt-0.5% CoP-CN",
        "relationship": "full-splitting",
        "end_node": "stoichiometric H2 and O2 evolution"
    },
    {
        "start_node": "0.5% CoP",
        "relationship": "improve",
        "end_node": "HER onset potential"
    },
    {
        "start_node": "0.5% CoP-CN",
        "relationship": "enhance",
        "end_node": "photocurrent response"
    },
    {
        "start_node": "0.5% CoP-CN",
        "relationship": "enhance",
        "end_node": "anodic photocurrent"
    },
    {
        "start_node": "0.5% CoP-CN",
        "relationship": "attributed_to",
        "end_node": "lower over-potentials"
    },
    {
        "start_node": "0.5% CoP-CN",
        "relationship": "attributed_to",
        "end_node": "more negative photo-reductive potentials"
    },
    {
        "start_node": "0.5% CoP-CN",
        "relationship": "attributed_to",
        "end_node": "boosted interfacial charge transfer"
    },
    {
        "start_node": "0.5% CoP-CN",
        "relationship": "attributed_to",
        "end_node": "higher solar-to-hydrogen efficiency"
    },
    {
        "start_node": "CoP",
        "relationship": "contrastive_role",
        "end_node": "photocatalytic water half- and full-splitting"
    }
]