[
    {
        "start_node": "COF",
        "relationship": "lower",
        "end_node": "Cu alloys"
    },
    {
        "start_node": "Cu alloys",
        "relationship": "COF reduction technique",
        "end_node": "stable gradient nanostructures"
    },
    {
        "start_node": "stable gradient nanostructures",
        "relationship": "cause",
        "end_node": "low COF"
    },
    {
        "start_node": "Cu alloys",
        "relationship": "COF comparison",
        "end_node": "ceramics"
    },
    {
        "start_node": "Cu alloys",
        "relationship": "COF value before",
        "end_node": "0.64"
    },
    {
        "start_node": "Cu alloys",
        "relationship": "COF value after",
        "end_node": "0.29"
    },
    {
        "start_node": "high-load dry sliding",
        "relationship": "test condition",
        "end_node": "Cu alloys"
    },
    {
        "start_node": "surface roughening",
        "relationship": "prevention by",
        "end_node": "stable gradient nanostructures"
    },
    {
        "start_node": "delaminating tribolayer",
        "relationship": "suppression by",
        "end_node": "stable gradient nanostructures"
    },
    {
        "start_node": "repeated sliding",
        "relationship": "effect on nanostructures",
        "end_node": "accommodate plastic strains"
    },
    {
        "start_node": "cycles",
        "relationship": "number of",
        "end_node": "30,000"
    }
]