[
    {
        "start_node": "COF",
        "relationship": "topic",
        "end_node": "on-surface synthesis"
    },
    {
        "start_node": "on-surface synthesis",
        "relationship": "field",
        "end_node": "organic materials"
    },
    {
        "start_node": "organic materials",
        "relationship": "created_by",
        "end_node": "on-surface synthesis"
    },
    {
        "start_node": "chemical coupling reaction",
        "relationship": "controlled_in",
        "end_node": "on-surface synthesis"
    },
    {
        "start_node": "reaction mechanisms",
        "relationship": "applied_to",
        "end_node": "on-surface synthesis"
    },
    {
        "start_node": "tuning",
        "relationship": "strategy",
        "end_node": "on-surface synthesis"
    },
    {
        "start_node": "control",
        "relationship": "aspect",
        "end_node": [
            "initiation step",
            "kinetics",
            "yield",
            "selectivity",
            "product structure",
            "position",
            "orientation"
        ]
    },
    {
        "start_node": "tools",
        "relationship": "description",
        "end_node": "on-surface synthesis"
    },
    {
        "start_node": "strategies",
        "relationship": "category",
        "end_node": [
            "approaches",
            "advanced control"
        ]
    },
    {
        "start_node": "application relevance",
        "relationship": "aim",
        "end_node": "on-surface synthesis maturity"
    },
    {
        "start_node": "advanced control strategies",
        "relationship": "contribution_to",
        "end_node": "maturation"
    },
    {
        "start_node": "COF",
        "relationship": "example",
        "end_node": "specific COF systems"
    }
]