[
    {
        "start_node": "COF",
        "relationship": "synthesized_by",
        "end_node": "Adamantyl-BINOL-PAFs"
    },
    {
        "start_node": "Adamantyl-BINOL-PAF",
        "relationship": "property",
        "end_node": "porous"
    },
    {
        "start_node": "Adamantyl-BINOL-OH-PAF",
        "relationship": "surface_area",
        "end_node": "365 m².g⁻¹ SA(BET)"
    },
    {
        "start_node": "Adamantyl-BINOL-OH-PAF",
        "relationship": "catalyst",
        "end_node": "diethylzinc addition",
        "end_node_details": {
            "yield": "high",
            "enantiomeric_effectiveness": "88%"
        }
    },
    {
        "start_node": "Ad-BINOL-PO2H-PAF",
        "relationship": "application",
        "end_node": "cascade condensation/amine addition",
        "end_node_details": {
            "reactants": "anthranilamide, aldehydes",
            "yield": "high",
            "enantiomeric_effectiveness": "low"
        }
    },
    {
        "start_node": "Ad-BINOL-PO2H-PAF",
        "relationship": "application",
        "end_node": "transfer hydrogenation",
        "end_node_details": {
            "yield": "high"
        }
    },
    {
        "start_node": "Ad-BINOL-PO2H-PAF",
        "relationship": "uses_as_ligand",
        "end_node": "rhodium(II) complexes"
    },
    {
        "start_node": "rhodium(II) complexes",
        "relationship": "catalyst",
        "end_node": "cyclopropanation of styrene",
        "end_node_details": {
            "product": "chiral cyclopropanes",
            "yield": "good",
            "diastereoselectivity": "99%",
            "enantiomeric_effectiveness": "50% < ee"
        }
    }
]