[
    {
        "start_node": "COF",
        "relationship": "determined",
        "end_node": "potatoes"
    },
    {
        "start_node": "potatoes",
        "relationship": "have",
        "end_node": "static COF"
    },
    {
        "start_node": "static COF",
        "relationship": "range",
        "end_node": "0.34-0.73"
    },
    {
        "start_node": "potatoes",
        "relationship": "have",
        "end_node": "dynamic COF"
    },
    {
        "start_node": "dynamic COF",
        "relationship": "range",
        "end_node": "0.34-0.66"
    },
    {
        "start_node": "materials",
        "relationship": "tested",
        "end_node": "potatoes"
    },
    {
        "start_node": "potatoes",
        "relationship": "on",
        "end_node": "polyethylene sheet"
    },
    {
        "start_node": "polyethylene sheet",
        "relationship": "have",
        "end_node": "low COF"
    },
    {
        "start_node": "potatoes",
        "relationship": "on",
        "end_node": "galvanized sheet metal"
    },
    {
        "start_node": "galvanized sheet metal",
        "relationship": "have",
        "end_node": "high COF"
    },
    {
        "start_node": "galvanized sheet metal",
        "relationship": "feature",
        "end_node": "corrugations, 13 mm (0.5 in.)"
    },
    {
        "start_node": "potato cultivar",
        "relationship": "not significant",
        "end_node": null
    }
]