[
    {
        "start_node": "TI",
        "relationship": "discusses",
        "end_node": "2DCP synthesis"
    },
    {
        "start_node": "2DCP",
        "relationship": "synthesized_by",
        "end_node": "interfacial Suzuki reaction"
    },
    {
        "start_node": "2D polytriethyltriindole (2DPTTI)",
        "relationship": "is",
        "end_node": "2DCP"
    },
    {
        "start_node": "2-BrTTI",
        "relationship": "reactant",
        "end_node": "2DPTTI synthesis"
    },
    {
        "start_node": "1,4-benzenediboronic acid dipinacol ester (BADE)",
        "relationship": "reactant",
        "end_node": "2DPTTI synthesis"
    },
    {
        "start_node": "room temperature",
        "relationship": "synthesis_conditions",
        "end_node": "2DPTTI"
    },
    {
        "start_node": "2DPTTI films",
        "relationship": "properties",
        "end_node": "wafer-scale, free-standing"
    },
    {
        "start_node": "thickness",
        "relationship": "controlled_by",
        "end_node": "experimental conditions",
        "end_node_range": "2.5 - 46.0 nm"
    },
    {
        "start_node": "2DPTTI films",
        "relationship": "used_for",
        "end_node": "OFETs"
    },
    {
        "start_node": "OFETs",
        "relationship": "properties",
        "end_node": "p-type semiconducting"
    },
    {
        "start_node": "2DPTTI films",
        "relationship": "optoelectronic_performance",
        "end_node": "photosensitivity: 3.7x10^3 A W^-1, responsivity: 1.4x10^3 A W^-1"
    },
    {
        "start_node": "2DPTTI films",
        "relationship": "fluorescence_character",
        "end_node": "light-blue"
    },
    {
        "start_node": "report",
        "relationship": "provides",
        "end_node": "approach for constructing 2DCPs via interfacial Suzuki reaction"
    },
    {
        "start_node": "approach",
        "relationship": "applies_to",
        "end_node": "multifunctional organic electronics"
    }
]