[
    {
        "start_node": "COF",
        "relationship": "contain",
        "end_node": "Benzimidazole-linked polymer molecular-sieving membranes"
    },
    {
        "start_node": "BILPs",
        "relationship": "type_of",
        "end_node": "COF"
    },
    {
        "start_node": "BILP-101x",
        "relationship": "is_a",
        "end_node": "BILPs"
    },
    {
        "start_node": "HPAN",
        "relationship": "substrate",
        "end_node": "BILP-101x"
    },
    {
        "start_node": "HPAN",
        "relationship": "hydrolyzed_to",
        "end_node": "substrate"
    },
    {
        "start_node": "synthetic_parameters",
        "relationship": "regulates",
        "end_node": "microstructure_separation_BILPs_membranes"
    },
    {
        "start_node": "BILPs membranes",
        "relationship": "has_structure",
        "end_node": "inner_structure"
    },
    {
        "start_node": "BILPs membranes",
        "relationship": "molecular_transport",
        "end_node": "molecular_behavior"
    },
    {
        "start_node": "composite membrane",
        "relationship": "optimization_result",
        "end_node": "BILPs membranes"
    },
    {
        "start_node": "composite membrane",
        "relationship": "water_permeance",
        "end_node": "-255 L m^(-2) h^(-1) bar^(-1)"
    },
    {
        "start_node": "composite membrane",
        "relationship": "selectivity",
        "end_node": "Congo_red_Direct_red_23"
    },
    {
        "start_node": "Congo_red",
        "relationship": "selected_by",
        "end_node": "composite membrane"
    },
    {
        "start_node": "Direct_red_23",
        "relationship": "selected_by",
        "end_node": "composite membrane"
    },
    {
        "start_node": "Na2SO4",
        "relationship": "selectivity",
        "end_node": "composite membrane"
    },
    {
        "start_node": "antimicrobial_activity",
        "relationship": "exhibited_by",
        "end_node": "BILPs membranes"
    },
    {
        "start_node": "benzimidazole_groups",
        "relationship": "present_in",
        "end_node": "BILPs membranes"
    },
    {
        "start_node": "E. coli bacteria",
        "relationship": "reduced_by",
        "end_node": "BILPs membranes"
    },
    {
        "start_node": "BILPs membranes",
        "relationship": "suitable_for",
        "end_node": "dye_desalination_water_purification"
    }
]