[
    {
        "start_node": "TI",
        "relationship": "discusses",
        "end_node": "porous organic crystals (POCs)"
    },
    {
        "start_node": "POCs",
        "relationship": "feature",
        "end_node": "macrocycles"
    },
    {
        "start_node": "macrocycles",
        "relationship": "impact",
        "end_node": "guest presence"
    },
    {
        "start_node": "trimethoxybenzyl-azaphosphatrane",
        "relationship": "inclusion in",
        "end_node": "CB[8] (cucurbit[8]uril)"
    },
    {
        "start_node": "CB[8]",
        "relationship": "yields",
        "end_node": "PHGC-1 (molecular porous host-guest crystal)"
    },
    {
        "start_node": "PHGC-1",
        "relationship": "property",
        "end_node": "energy-efficient iodine uptake"
    },
    {
        "start_node": "PHGC-1",
        "relationship": "adsorption conditions",
        "end_node": "room temperature, atmospheric pressure"
    },
    {
        "start_node": "PHGC-1",
        "relationship": "attractions",
        "end_node": "no heat, moisture sensitivity, low energy activation"
    },
    {
        "start_node": "H-1 NMR, DOSY",
        "relationship": "used for",
        "end_node": "monitoring H2O/I-2 exchange"
    },
    {
        "start_node": "PHGC-1",
        "relationship": "crystal property",
        "end_node": "non-centrosymmetric"
    },
    {
        "start_node": "iodine-doped PHGC-1",
        "relationship": "indicates",
        "end_node": "modulation of non-linear optical properties"
    },
    {
        "start_node": "SHG (second harmonic generation)",
        "relationship": "demonstrated by",
        "end_node": "iodine-doped crystals"
    }
]