[
    {
        "start_node": "COF",
        "relationship": "contain",
        "end_node": "poly(imide-triazine) (PIT)"
    },
    {
        "start_node": "PIT",
        "relationship": "used_as",
        "end_node": "cathode_material"
    },
    {
        "start_node": "cathode_material",
        "relationship": "property",
        "end_node": "dual porosity"
    },
    {
        "start_node": "PIT",
        "relationship": "property",
        "end_node": "specific_surface_area"
    },
    {
        "start_node": "PIT",
        "relationship": "feature",
        "end_node": "micro_and_mesopores"
    },
    {
        "start_node": "PIT",
        "relationship": "benefit",
        "end_node": "electrolyte_penetration"
    },
    {
        "start_node": "PIT",
        "relationship": "benefit",
        "end_node": "ionic_transportation"
    },
    {
        "start_node": "PIT",
        "relationship": "feature",
        "end_node": "interfacial_Li_storage"
    },
    {
        "start_node": "PIT",
        "relationship": "redox_active_sites",
        "end_node": "C00000000N_and_CO_groups"
    },
    {
        "start_node": "PIT_cathode",
        "relationship": "performance",
        "end_node": "high_discharge_capacity_233mAhg-1"
    },
    {
        "start_node": "PIT_cathode",
        "relationship": "performance",
        "end_node": "continuous_activation"
    },
    {
        "start_node": "PIT_cathode",
        "relationship": "performance",
        "end_node": "ultralong_cycling_stability"
    },
    {
        "start_node": "PIT_cathode",
        "relationship": "capacity_retention",
        "end_node": "65%_after_4000_cycles"
    },
    {
        "start_node": "PIT",
        "relationship": "outperforms",
        "end_node": "organic_polymeric_cathodes"
    }
]