[
    {
        "start_node": "Synthesis",
        "relationship": "focus_on",
        "end_node": "Organic Materials"
    },
    {
        "start_node": "Organic Materials",
        "relationship": "used_for",
        "end_node": "Energy Applications"
    },
    {
        "start_node": "Characterisation",
        "relationship": "involves",
        "end_node": "Organic Materials"
    },
    {
        "start_node": "Synthesis",
        "relationship": "technique",
        "end_node": "COF (COvalent Organic Framework)"
    },
    {
        "start_node": "COF",
        "relationship": "is_type_of",
        "end_node": "Material"
    },
    {
        "start_node": "COF",
        "relationship": "contain",
        "end_node": "Polymer Linkers"
    },
    {
        "start_node": "COF",
        "relationship": "contain",
        "end_node": "Metal Nodes"
    },
    {
        "start_node": "Characterisation",
        "relationship": "includes",
        "end_node": "Structural Analysis"
    },
    {
        "start_node": "Characterisation",
        "relationship": "includes",
        "end_node": "Thermal Properties"
    },
    {
        "start_node": "Characterisation",
        "relationship": "includes",
        "end_node": "Electrochemical Studies"
    },
    {
        "start_node": "Energy Applications",
        "relationship": "covers",
        "end_node": "Fuel Cells"
    },
    {
        "start_node": "Energy Applications",
        "relationship": "covers",
        "end_node": "Photovoltaics"
    },
    {
        "start_node": "Energy Applications",
        "relationship": "covers",
        "end_node": "Energy Storage"
    }
]