[
    {
        "start_node": "TI",
        "relationship": "discusses",
        "end_node": "sodium-metal batteries with high-rate performance"
    },
    {
        "start_node": "AB",
        "relationship": "explains",
        "end_node": "organic electrode materials' challenges and solution using p-PADA"
    },
    {
        "start_node": "p-PADA",
        "relationship": "is",
        "end_node": "polymer"
    },
    {
        "start_node": "p-PADA",
        "relationship": "has",
        "end_node": "highly-conjugated structure"
    },
    {
        "start_node": "p-PADA",
        "relationship": "improves",
        "end_node": "stability and rate performance"
    },
    {
        "start_node": "p-PADA",
        "relationship": "shows",
        "end_node": "specific capacity at high current density"
    },
    {
        "start_node": "polymerization",
        "relationship": "enhances",
        "end_node": "electrochemical properties of organic materials"
    }
]