[
    {
        "start_node": "COF",
        "relationship": "contain",
        "end_node": "Zr-MOF@Pro-COF-Br"
    },
    {
        "start_node": "Zr-MOF@Pro-COF-Br",
        "relationship": "has property",
        "end_node": "core-shell hybrid materials"
    },
    {
        "start_node": "NH2-UiO-66",
        "relationship": "used as",
        "end_node": "core"
    },
    {
        "start_node": "Pro-COF-Br",
        "relationship": "coated on",
        "end_node": "NH2-UiO-66"
    },
    {
        "start_node": "Zr-MOF@Pro-COF-Br",
        "relationship": "characteristics",
        "end_node": "unsaturated metal sites"
    },
    {
        "start_node": "Zr-MOF@Pro-COF-Br",
        "relationship": "has",
        "end_node": "high surface area"
    },
    {
        "start_node": "Zr-MOF@Pro-COF-Br",
        "relationship": "has",
        "end_node": "outstanding stability"
    },
    {
        "start_node": "Zr-MOF@Pro-COF-Br",
        "relationship": "has",
        "end_node": "high CO2 capture capacity"
    },
    {
        "start_node": "Pro-COF-Br",
        "relationship": "contains",
        "end_node": "porphyrin structure"
    },
    {
        "start_node": "porphyrin",
        "relationship": "improves",
        "end_node": "visible light utilization"
    },
    {
        "start_node": "interface",
        "relationship": "has",
        "end_node": "C=N covalent bonds"
    },
    {
        "start_node": "interface",
        "relationship": "increases",
        "end_node": "electron transfer rate"
    },
    {
        "start_node": "Zr-MOF@Pro-COF-Br",
        "relationship": "enhances",
        "end_node": "electron-hole separation"
    },
    {
        "start_node": "Zr-MOF@Pro-COF-Br",
        "relationship": "improves",
        "end_node": "CO2 reduction"
    },
    {
        "start_node": "M@C-Br-1",
        "relationship": "synthesized product",
        "end_node": ""
    },
    {
        "start_node": "M@C-Br-1",
        "relationship": "CO yield",
        "end_node": "106.35 mmol g^(-1)"
    },
    {
        "start_node": "M@C-Br-1",
        "relationship": "comparison",
        "end_node": "Zr-MOF (40.65 mmol g^(-1))"
    },
    {
        "start_node": "M@C-Br-1",
        "relationship": "comparison",
        "end_node": "Pro-COF-Br (33.21 mmol g^(-1))"
    },
    {
        "start_node": "M@C-Br-1",
        "relationship": "selectivity",
        "end_node": "CO/CH4",
        "end_node_detail": "63.17%"
    },
    {
        "start_node": "strategy",
        "relationship": "offers",
        "end_node": "novel core-shell MOFs@COF photocatalysts"
    }
]