[
    {
        "start_node": "COF",
        "relationship": "contains",
        "end_node": "Donor-acceptor 2D COF"
    },
    {
        "start_node": "Donor-acceptor 2D COF",
        "relationship": "property",
        "end_node": "high porosity"
    },
    {
        "start_node": "Donor-acceptor 2D COF",
        "relationship": "property",
        "end_node": "excellent crystallinity"
    },
    {
        "start_node": "Donor-acceptor 2D COF",
        "relationship": "property",
        "end_node": "tailorable structures"
    },
    {
        "start_node": "Donor-acceptor 2D COF",
        "relationship": "application",
        "end_node": "photocatalysis"
    },
    {
        "start_node": "COF",
        "relationship": "contains",
        "end_node": "D-A(BBO)-COFs"
    },
    {
        "start_node": "D-A(BBO)-COFs",
        "relationship": "part",
        "end_node": "Schiff base reaction"
    },
    {
        "start_node": "Schiff base reaction",
        "relationship": "uses",
        "end_node": "electron donor"
    },
    {
        "start_node": "electron donor",
        "value": [
            "TT",
            "BDT",
            "Ph"
        ]
    },
    {
        "start_node": "D-A(BBO)-COFs",
        "relationship": "property",
        "end_node": "promotes charge separation"
    },
    {
        "start_node": "D-A(BBO)-COFs",
        "relationship": "property",
        "end_node": "beneficial for photocatalysis"
    },
    {
        "start_node": "D-TT-A(BBO)-COF",
        "relationship": "activity",
        "end_node": "highest photocatalytic rates"
    },
    {
        "start_node": "D-TT-A(BBO)-COF",
        "relationship": "attribute",
        "end_node": "negative HOMO"
    },
    {
        "start_node": "D-TT-A(BBO)-COF",
        "relationship": "attribute",
        "end_node": "narrower bandgap"
    },
    {
        "start_node": "D-TT-A(BBO)-COF",
        "relationship": "application",
        "end_node": "alpha-oxyamination"
    },
    {
        "start_node": "D-TT-A(BBO)-COF",
        "relationship": "characteristic",
        "end_node": "stability, high activity, recyclability"
    },
    {
        "start_node": "D-TT-A(BBO)-COF",
        "relationship": "environmental benefit",
        "end_node": "eco-friendly catalyst"
    }
]