[
    {
        "start_node": "COF",
        "relationship": "contain",
        "end_node": "Porous Silsesquioxane-Imine Frameworks"
    },
    {
        "start_node": "Porous Silsesquioxane-Imine Frameworks",
        "relationship": "property",
        "end_node": "highly efficient adsorbents"
    },
    {
        "start_node": "Porous Silsesquioxane-Imine Frameworks",
        "relationship": "capture",
        "end_node": "iodine (I-129 or I-131)"
    },
    {
        "start_node": "PSIFs",
        "relationship": "constructed from",
        "end_node": "octa(3-aminopropyl)silsesquioxane cage compound"
    },
    {
        "start_node": "PSIFs",
        "relationship": "constructed from",
        "end_node": "multitopic aldehydes"
    },
    {
        "start_node": "PSIFs",
        "relationship": "characteristic",
        "end_node": "permanent porosity (BET surface area up to 574 m²/g)"
    },
    {
        "start_node": "PSIFs",
        "relationship": "property",
        "end_node": "thermal stability"
    },
    {
        "start_node": "PSIFs",
        "relationship": "structure",
        "end_node": "micro-, meso-, and macropores"
    },
    {
        "start_node": "PSIFs",
        "relationship": "affinity",
        "end_node": "extremely high I-2 affinity (uptake capacity up to 485 wt%)"
    },
    {
        "start_node": "PSIF-1a",
        "relationship": "recyclable",
        "end_node": "94% I-2 uptake capacity after four cycles"
    },
    {
        "start_node": "PSIFs",
        "relationship": "kinetic study",
        "end_node": "two strong binding sites, activation energies 77.0 and 89.0 kJ/mol"
    },
    {
        "start_node": "PSIFs",
        "relationship": "comparison",
        "end_node": "energies higher than I-2 sublimation enthalpy"
    }
]