[
    {
        "start_node": "COF",
        "relationship": "contain",
        "end_node": "Solution-processable Redox-active Polymers"
    },
    {
        "start_node": "Solution-processable Redox-active Polymers",
        "relationship": "property",
        "end_node": "Intrinsic Microporosity"
    },
    {
        "start_node": "Intrinsic Microporosity",
        "relationship": "feature",
        "end_node": "Subnanometer pores"
    },
    {
        "start_node": "Solution-processable Redox-active Polymers",
        "relationship": "feature",
        "end_node": "Carbonyl-based redox sites"
    },
    {
        "start_node": "Carbonyl-based redox sites",
        "relationship": "facilitate",
        "end_node": "Lithium-ion transport"
    },
    {
        "start_node": "Solution-processable Redox-active Polymers",
        "relationship": "process",
        "end_node": "Solution-processing"
    },
    {
        "start_node": "Solution-processing",
        "relationship": "result",
        "end_node": "Thin films"
    },
    {
        "start_node": "Solution-processing",
        "relationship": "result",
        "end_node": "Polymer-carbon composites"
    },
    {
        "start_node": "Polymer-carbon composites",
        "relationship": "characteristic",
        "end_node": "Homogeneous microstructure"
    },
    {
        "start_node": "Polymer-carbon composites",
        "relationship": "insoluble_in",
        "end_node": "Electrolyte solvents"
    },
    {
        "start_node": "Solution-processable Redox-active Polymers",
        "relationship": "application",
        "end_node": "Lithium-ion batteries"
    },
    {
        "start_node": "Lithium-ion batteries",
        "relationship": "improve",
        "end_node": "Cycling performance"
    },
    {
        "start_node": "Cycling performance",
        "relationship": "attribute",
        "end_node": "Improved, no capacity decay"
    }
]