[
    {
        "start_node": "TI",
        "relationship": "discusses",
        "end_node": "On-Surface Two-Dimensional Polymerization"
    },
    {
        "start_node": "On-Surface Two-Dimensional Polymerization",
        "relationship": "includes",
        "end_node": "Advances"
    },
    {
        "start_node": "Advances",
        "relationship": "involves",
        "end_node": "atomic precision synthesis"
    },
    {
        "start_node": "atomic precision synthesis",
        "relationship": "technique",
        "end_node": "on-surface synthesis"
    },
    {
        "start_node": "on-surface synthesis",
        "relationship": "focuses on",
        "end_node": "2DP fabrication"
    },
    {
        "start_node": "2DP fabrication",
        "relationship": "has",
        "end_node": "challenges"
    },
    {
        "start_node": "challenges",
        "relationship": "consists of",
        "end_node": "high-quality 2DPs"
    },
    {
        "start_node": "challenges",
        "relationship": "consists of",
        "end_node": "intrinsic electronic properties study"
    },
    {
        "start_node": "intrinsic electronic properties study",
        "relationship": "part of",
        "end_node": "field"
    },
    {
        "start_node": "field",
        "relationship": "provides",
        "end_node": "Perspective"
    }
]