[
    {
        "start_node": "COF",
        "relationship": "mention",
        "end_node": "donor-acceptor polymer"
    },
    {
        "start_node": "COF",
        "relationship": "application",
        "end_node": "photocatalysis"
    },
    {
        "start_node": "previous studies",
        "relationship": "showcase",
        "end_node": "advantages"
    },
    {
        "start_node": "harsh reaction conditions",
        "relationship": "overlooked",
        "end_node": "synthesis"
    },
    {
        "start_node": "uncontrolled polymerization",
        "relationship": "impact",
        "end_node": "photocatalysis"
    },
    {
        "start_node": "light-induced transformation",
        "relationship": "method",
        "end_node": "hyper-cross-linked polymers"
    },
    {
        "start_node": "donor-carbon-donor",
        "relationship": "to",
        "end_node": "donor-carbon-acceptor"
    },
    {
        "start_node": "intramolecular dipole moment",
        "relationship": "result",
        "end_node": "transformed polymer"
    },
    {
        "start_node": "excitons",
        "relationship": "separated",
        "end_node": "transformed polymer"
    },
    {
        "start_node": "photocatalytic hydrogen peroxide synthesis",
        "relationship": "enhanced",
        "end_node": "transformed polymer"
    },
    {
        "start_node": "time-resolved techniques",
        "relationship": "reveal",
        "end_node": "intramolecular charge transfer states"
    },
    {
        "start_node": "light-induced method",
        "relationship": "guides",
        "end_node": "efficient donor-acceptor polymer photocatalysts"
    },
    {
        "start_node": "application",
        "relationship": "includes",
        "end_node": "organic solar cells, light-emitting diodes, sensors"
    }
]