[
    {
        "start_node": "COF",
        "relationship": "contain",
        "end_node": "trinaphtho[3.3.3]propellane triimide"
    },
    {
        "start_node": "trinaphtho[3.3.3]propellane triimide",
        "relationship": "property",
        "end_node": "rigid"
    },
    {
        "start_node": "trinaphtho[3.3.3]propellane triimide",
        "relationship": "feature",
        "end_node": "bathochromic shift"
    },
    {
        "start_node": "trinaphtho[3.3.3]propellane triimide",
        "relationship": "feature",
        "end_node": "amplified molar absorptivity"
    },
    {
        "start_node": "trinaphtho[3.3.3]propellane triimide",
        "relationship": "feature",
        "end_node": "enhanced fluorescence"
    },
    {
        "start_node": "trinaphtho[3.3.3]propellane triimide",
        "relationship": "property",
        "end_node": "lower reduction potential"
    },
    {
        "start_node": "trinaphtho[3.3.3]propellane triimide",
        "relationship": "structure",
        "end_node": "quasi-D3h symmetric skeleton"
    },
    {
        "start_node": "trinaphtho[3.3.3]propellane triimide",
        "relationship": "application",
        "end_node": "porous 3D superstructure for gas separation"
    },
    {
        "start_node": "trinaphtho[3.3.3]propellane triimide",
        "relationship": "selectivity",
        "end_node": "ethane (C2H6) over ethylene (C2H4)"
    },
    {
        "start_node": "COF",
        "relationship": "potential",
        "end_node": "model for through-space electronic interactions"
    }
]