[
    {
        "start_node": "Dynamic Self-Assembly",
        "relationship": "describes",
        "end_node": "Ionic Clusters"
    },
    {
        "start_node": "Ambient Temperatures",
        "relationship": "condition_for",
        "end_node": "Self-Assembly"
    },
    {
        "start_node": "Ternary Solvents",
        "relationship": "medium_for",
        "end_node": "Self-Assembly"
    },
    {
        "start_node": "Cationic Macrocyclic Tetraimidazolium",
        "relationship": "building_block",
        "end_node": "Ionoids"
    },
    {
        "start_node": "Small Dianionic Salts",
        "relationship": "building_block",
        "end_node": "Ionoids"
    },
    {
        "start_node": "Size Ratio Variation",
        "relationship": "affects",
        "end_node": "Cluster Properties"
    },
    {
        "start_node": "Dynamic Light Scattering (DLS)",
        "relationship": "technique_used",
        "end_node": "Cluster Characterization"
    },
    {
        "start_node": "Phase-Analysis Light Scattering (cmPALS)",
        "relationship": "technique_used",
        "end_node": "Cluster Characterization"
    },
    {
        "start_node": "Continuous Wave Electron Paramagnetic Resonance (CW EPR)",
        "relationship": "technique_used",
        "end_node": "Cluster Characterization"
    },
    {
        "start_node": "Generalized Ionic Ratios",
        "relationship": "concept_defined",
        "end_node": "Cluster Formation"
    },
    {
        "start_node": "Temporal Development",
        "relationship": "observed_in",
        "end_node": "Solution"
    },
    {
        "start_node": "Minimum Lifetimes",
        "relationship": "duration_of",
        "end_node": "Stable Clusters"
    },
    {
        "start_node": "Ionoid Evolution Diagrams (IEDs)",
        "relationship": "used_to_track",
        "end_node": "Structural Changes"
    },
    {
        "start_node": "Correlations between Structure and Fate",
        "relationship": "established",
        "end_node": "Building Blocks"
    },
    {
        "start_node": "Specific Size and Charge Densities",
        "relationship": "generalizes_to",
        "end_node": "Ionoid Formation"
    },
    {
        "start_node": "Supramolecular Chemistry",
        "relationship": "field_applicable_to",
        "end_node": "Soft, Dynamic Structures"
    }
]