[
    {
        "start_node": "STM",
        "relationship": "utilizes",
        "end_node": "electric field"
    },
    {
        "start_node": "electric field",
        "relationship": "influences",
        "end_node": "structure"
    },
    {
        "start_node": "electric field",
        "relationship": "influences",
        "end_node": "reactivity"
    },
    {
        "start_node": "STM tip",
        "relationship": "controls",
        "end_node": "2D polymerization"
    },
    {
        "start_node": "substrate bias",
        "relationship": "switches",
        "end_node": "polarity"
    },
    {
        "start_node": "substrate bias",
        "relationship": "causes",
        "end_node": "reversible transition"
    },
    {
        "start_node": "boroxine-based 2DP",
        "relationship": "subject of",
        "end_node": "study"
    },
    {
        "start_node": "solvent",
        "relationship": "affects",
        "end_node": "influence on polymerization"
    },
    {
        "start_node": "solvent",
        "relationship": "varies",
        "end_node": "nature (protic, aprotic, non-polar)"
    },
    {
        "start_node": "monomer concentration",
        "relationship": "investigated",
        "end_node": "effect on depolymerization"
    },
    {
        "start_node": "time-dependence",
        "relationship": "analyzed",
        "end_node": "transition"
    },
    {
        "start_node": "bias-induced adsorption",
        "relationship": "drives",
        "end_node": "desorption"
    },
    {
        "start_node": "bias-induced adsorption/desorption",
        "relationship": "linked to",
        "end_node": "reversible transition"
    },
    {
        "start_node": "local concentration of monomers",
        "relationship": "impacts",
        "end_node": "polymer behavior"
    }
]