[
    {
        "start_node": "COF",
        "relationship": "contain",
        "end_node": "imine COF"
    },
    {
        "start_node": "imine COF",
        "relationship": "functionalize",
        "end_node": "cycloiridation"
    },
    {
        "start_node": "cycloiridation",
        "relationship": "yield",
        "end_node": "iridacycle decorated COF"
    },
    {
        "start_node": "iridacycle decorated COF",
        "relationship": "enhance",
        "end_node": "hydrogen evolution"
    },
    {
        "start_node": "hydrogen evolution",
        "relationship": "from",
        "end_node": "formate solution"
    },
    {
        "start_node": "formate solution",
        "relationship": "used in",
        "end_node": "(photo)catalytic process"
    },
    {
        "start_node": "imine COF",
        "relationship": "library",
        "end_node": "large imine COF library"
    },
    {
        "start_node": "metallacycle chemistry",
        "relationship": "potential for",
        "end_node": "functional cyclometallated COFs"
    }
]