[
    {
        "start_node": "COF",
        "relationship": "study",
        "end_node": "colon"
    },
    {
        "start_node": "colon",
        "relationship": "friction",
        "end_node": "capsule_robot"
    },
    {
        "start_node": "capsule_robot",
        "relationship": "use",
        "end_node": "active_locomotion"
    },
    {
        "start_node": "active_locomotion",
        "relationship": "alternative_to",
        "end_node": "colonoscopy"
    },
    {
        "start_node": "COF",
        "relationship": "determine",
        "end_node": "equation"
    },
    {
        "start_node": "equation",
        "relationship": "consist_of",
        "end_node": "fitted_constants"
    },
    {
        "start_node": "PDMS",
        "relationship": "material",
        "end_node": "capsule_robot"
    },
    {
        "start_node": "ABS_plastic",
        "relationship": "material",
        "end_node": "capsule_robot"
    },
    {
        "start_node": "HOOP_strain",
        "relationship": "factor",
        "end_node": "COF"
    },
    {
        "start_node": "sliding_velocity",
        "relationship": "factor",
        "end_node": "COF"
    },
    {
        "start_node": "contact_pressure",
        "relationship": "factor",
        "end_node": "COF"
    },
    {
        "start_node": "COF_equation",
        "relationship": "predict",
        "end_node": "traction_force"
    },
    {
        "start_node": "COF_equation",
        "relationship": "predict",
        "end_node": "locomotion_resistance"
    },
    {
        "start_node": "CR",
        "relationship": "require",
        "end_node": "COF_equation"
    },
    {
        "start_node": "force_control",
        "relationship": "enable",
        "end_node": "CR"
    },
    {
        "start_node": "locomotion_control",
        "relationship": "enable",
        "end_node": "CR"
    }
]