[
    {
        "start_node": "COF",
        "relationship": "introduce",
        "end_node": "conjugated microporous polymer (CMP) material"
    },
    {
        "start_node": "CMP",
        "relationship": "combination with",
        "end_node": "polyaniline"
    },
    {
        "start_node": "SD-CMPA",
        "relationship": "modification of",
        "end_node": "conjugated microporous polyaniline"
    },
    {
        "start_node": "SD-CMPA",
        "relationship": "max adsorption capacity for",
        "end_node": "Hg2+"
    },
    {
        "start_node": "SD-CMPA",
        "relationship": "adsorption capacity",
        "end_node": "1720 mg/g"
    },
    {
        "start_node": "SD-CMPA",
        "relationship": "distribution coefficient",
        "end_node": "2.5 x 10^8 mL/g"
    },
    {
        "start_node": "SD-CMPA",
        "relationship": "reusability",
        "end_node": "96% retention after six cycles"
    },
    {
        "start_node": "SD-CMPA",
        "relationship": "application",
        "end_node": "ultra-deep-water purification"
    },
    {
        "start_node": "SD-CMPA",
        "relationship": "performance attribute",
        "end_node": "exceptional potential for environmental remediation"
    },
    {
        "start_node": "X-ray photoelectron spectroscopy",
        "relationship": "support",
        "end_node": "abundance of nitrogen-containing groups"
    },
    {
        "start_node": "density functional theory calculations",
        "relationship": "support",
        "end_node": "material's structure"
    }
]