[
    {
        "start_node": "COF",
        "relationship": "contain",
        "end_node": "Pillar[4]arene[1]quinone"
    },
    {
        "start_node": "Pillar[4]arene[1]quinone",
        "relationship": "property",
        "end_node": "nonporous adaptive crystals (NAC)"
    },
    {
        "start_node": "NACs",
        "relationship": "contain",
        "end_node": "EtP4Q1"
    },
    {
        "start_node": "EtP4Q1",
        "relationship": "consist_of",
        "end_node": "1,4-diethoxybenzene units"
    },
    {
        "start_node": "EtP4Q1",
        "relationship": "contain",
        "end_node": "benzoquinone unit"
    },
    {
        "start_node": "EtP4Q1 NACs",
        "relationship": "post_synthetic_modification",
        "end_node": "solid-vapor reaction"
    },
    {
        "start_node": "amine vapors",
        "relationship": "interact_with",
        "end_node": "EtP4Q1 NACs"
    },
    {
        "start_node": "amine vapors",
        "relationship": "react",
        "end_node": "EtP4Q1 backbone",
        "via": "Michael addition"
    },
    {
        "start_node": "EtP4Q1",
        "relationship": "selectivity",
        "end_node": "reactant-size and shape"
    },
    {
        "start_node": "EtP4Q1",
        "relationship": "binding_strength",
        "end_node": "various amines"
    }
]