[
    {
        "start_node": "COF",
        "relationship": "contain",
        "end_node": "Graphdiyne Nanosheets"
    },
    {
        "start_node": "Graphdiyne Nanosheets",
        "relationship": "synthesized_by",
        "end_node": "Crystalline"
    },
    {
        "start_node": "Synthetic Two-Dimensional Polymers",
        "relationship": "type_of",
        "end_node": "Graphdiyne Nanosheets"
    },
    {
        "start_node": "Bottom-Up Nano Sheets",
        "relationship": "subclass_of",
        "end_node": "Synthetic Two-Dimensional Polymers"
    },
    {
        "start_node": "Atomic",
        "relationship": "component_type",
        "end_node": "Bottom-Up Synthesis"
    },
    {
        "start_node": "Ionic",
        "relationship": "component_type",
        "end_node": "Bottom-Up Synthesis"
    },
    {
        "start_node": "Molecular Components",
        "relationship": "component_type",
        "end_node": "Bottom-Up Synthesis"
    },
    {
        "start_node": "Carbon-Carbon Bond Formation",
        "relationship": "investigation_field",
        "end_node": "Graphdiyne Nanosheets"
    },
    {
        "start_node": "Hexaethynylbenzene",
        "relationship": "reactant",
        "end_node": "Gas/Liquid Interface Synthesis"
    },
    {
        "start_node": "Copper Catalyst",
        "relationship": "catalyst",
        "end_node": "Liquid/Liquid Interface Synthesis"
    },
    {
        "start_node": "Dichloromethane",
        "relationship": "solvent",
        "end_node": "Liquid/Liquid Interface Synthesis"
    },
    {
        "start_node": "Aqueous Layer",
        "relationship": "component",
        "end_node": "Liquid/Liquid Interface Synthesis"
    },
    {
        "start_node": "Room Temperature",
        "relationship": "synthesis_condition",
        "end_node": "Both Syntheses"
    },
    {
        "start_node": "Alkyne-Alkyne Homocoupling Reaction",
        "relationship": "process",
        "end_node": "Graphdiyne Formation"
    },
    {
        "start_node": "Multilayer Graphdiyne",
        "relationship": "product",
        "end_node": "Liquid/Liquid Interface Synthesis"
    },
    {
        "start_node": "Single-Crystalline Graphdiyne",
        "relationship": "product",
        "end_node": "Gas/Liquid Interface Synthesis"
    },
    {
        "start_node": "Regular Hexagonal Domains",
        "relationship": "domain_pattern",
        "end_node": "Single-Crystalline Graphdiyne"
    },
    {
        "start_node": "Lower Degree of Oxygenation",
        "relationship": "property",
        "end_node": "Single-Crystalline Graphdiyne"
    },
    {
        "start_node": "Uniform Thickness",
        "relationship": "property",
        "end_node": "Single-Crystalline Graphdiyne"
    },
    {
        "start_node": "Lateral Size",
        "relationship": "property",
        "end_node": "Single-Crystalline Graphdiyne"
    }
]