[
    {
        "start_node": "COF",
        "relationship": "growth_on",
        "end_node": "Graphene"
    },
    {
        "start_node": "Graphene",
        "relationship": "grown_on",
        "end_node": "Copper_Foil"
    },
    {
        "start_node": "Surface-Confinement",
        "relationship": "applies_to",
        "end_node": "COF"
    },
    {
        "start_node": "COF",
        "relationship": "contains",
        "end_node": "Schiff_base_network"
    },
    {
        "start_node": "Schiff_base_network",
        "relationship": "part_of",
        "end_node": "COF"
    },
    {
        "start_node": "Scanning_Tunneling_Microscopy",
        "relationship": "investigates",
        "end_node": "dynamic_reaction_process"
    },
    {
        "start_node": "DFT_simulations",
        "relationship": "provides_insight_into",
        "end_node": "electronic_structures_interactions"
    },
    {
        "start_node": "Surface_COF",
        "relationship": "strong_coupling_with",
        "end_node": "Graphene"
    },
    {
        "start_node": "dispersive_bands",
        "relationship": "result_of",
        "end_node": "Surface_COF_graphene_interaction"
    },
    {
        "start_node": "Tunneling_condition",
        "relationship": "dependence_on",
        "end_node": "contrast_surface_COF"
    }
]