[
    {
        "start_node": "COF",
        "relationship": "mention",
        "end_node": "poly(vinyl pyrrolidone)"
    },
    {
        "start_node": "COF",
        "relationship": "contain",
        "end_node": "PVP"
    },
    {
        "start_node": "COF",
        "relationship": "used_for",
        "end_node": "CO2 separation"
    },
    {
        "start_node": "PVP",
        "relationship": "combined_with",
        "end_node": "AgNPs"
    },
    {
        "start_node": "COF",
        "relationship": "contain",
        "end_node": "AgNPs"
    },
    {
        "start_node": "AgNPs",
        "relationship": "polarization_by",
        "end_node": "TCNQ"
    },
    {
        "start_node": "TCNQ",
        "relationship": "role",
        "end_node": "electron acceptor for CO2"
    },
    {
        "start_node": "COF",
        "relationship": "contain",
        "end_node": "TCNQ"
    },
    {
        "start_node": "COF",
        "relationship": "contain",
        "end_node": "DOP"
    },
    {
        "start_node": "DOP",
        "relationship": "function",
        "end_node": "plasticizer"
    },
    {
        "start_node": "COF",
        "relationship": "separation_performance",
        "end_node": "103.8 (CO2/N-2 selectivity)"
    },
    {
        "start_node": "COF",
        "relationship": "characterized_by",
        "end_node": "FTIR, XPS, TGA, SEM"
    }
]