[
    {
        "start_node": "COF",
        "relationship": "contains",
        "end_node": "graphene oxide"
    },
    {
        "start_node": "COF",
        "relationship": "contains",
        "end_node": "SnS2 composite"
    },
    {
        "start_node": "Hg(ii)",
        "relationship": "removal_by",
        "end_node": "GO@SnS2"
    },
    {
        "start_node": "selectivity",
        "relationship": "achieved_for",
        "end_node": "Hg(ii) removal"
    },
    {
        "start_node": "Hg(ii)",
        "relationship": "concentration",
        "end_node": "0.3 ppb"
    },
    {
        "start_node": "pH_range",
        "relationship": "stable_in",
        "end_node": "0.5-11"
    },
    {
        "start_node": "material",
        "relationship": "has_capacity",
        "end_node": "342.02 mg g⁻¹"
    },
    {
        "start_node": "material",
        "relationship": "has_distribution_coefficient",
        "end_node": "8.68 x 10⁵ mL g⁻¹"
    },
    {
        "start_node": "tea_bag",
        "relationship": "designed_for",
        "end_node": "economical Hg(ii) capture"
    }
]