[
    {
        "start_node": "COF",
        "relationship": "used_for",
        "end_node": "Pb(II) removal"
    },
    {
        "start_node": "13X zeolite/reduced graphene oxide",
        "relationship": "contains",
        "end_node": "13X zeolite"
    },
    {
        "start_node": "13X zeolite/reduced graphene oxide",
        "relationship": "contains",
        "end_node": "reduced graphene oxide"
    },
    {
        "start_node": "13X-rGO",
        "relationship": "prepared_from",
        "end_node": "graphene oxide (GO)"
    },
    {
        "start_node": "13X-rGO",
        "relationship": "hierarchical_structure",
        "end_node": "porous"
    },
    {
        "start_node": "13X-rGO",
        "relationship": "effective_for",
        "end_node": "removing trace Pb(II)"
    },
    {
        "start_node": "adsorbent dosage",
        "relationship": "affects",
        "end_node": "Pb(II) removal"
    },
    {
        "start_node": "contact time",
        "relationship": "affects",
        "end_node": "Pb(II) removal"
    },
    {
        "start_node": "initial Pb concentration",
        "relationship": "affects",
        "end_node": "Pb(II) removal"
    },
    {
        "start_node": "coexisting competing ions",
        "relationship": "affects",
        "end_node": "Pb(II) removal"
    },
    {
        "start_node": "solution pH",
        "relationship": "affects",
        "end_node": "Pb(II) removal"
    },
    {
        "start_node": "13X-rGO",
        "relationship": "adsorption_capacity",
        "end_node": "6.07 mg/g"
    },
    {
        "start_node": "13X-rGO",
        "relationship": "comparison",
        "end_node": "2.72 mg/g (single 13X zeolite)"
    },
    {
        "start_node": "13X-rGO",
        "relationship": "performed_well_at",
        "end_node": "WHO standard (10 ppb)"
    },
    {
        "start_node": "13X-rGO",
        "relationship": "regeneration",
        "end_node": "saturated sodium chloride solution"
    },
    {
        "start_node": "13X-rGO",
        "relationship": "application",
        "end_node": "drinking water purification"
    },
    {
        "start_node": "13X-rGO",
        "relationship": "advantage",
        "end_node": "rapid adsorption, low cost, recycling potential"
    }
]