[
    {
        "start_node": "MOF",
        "relationship": "contains",
        "end_node": "Carbonate-based HCPs"
    },
    {
        "start_node": "HCPs",
        "relationship": "property",
        "end_node": "high surface area"
    },
    {
        "start_node": "HCPs",
        "relationship": "functionality",
        "end_node": "electron-withdrawing groups"
    },
    {
        "start_node": "Polymers",
        "relationship": "fabrication",
        "end_node": "Friedel-Crafts alkylation reaction"
    },
    {
        "start_node": "Building blocks",
        "relationship": "used to make",
        "end_node": "carbonates"
    },
    {
        "start_node": "Carbonates",
        "relationship": "element",
        "end_node": "fluorine atoms"
    },
    {
        "start_node": "Carbonates",
        "relationship": "element",
        "end_node": "N, heteroatoms"
    },
    {
        "start_node": "HCPs",
        "relationship": "characteristics",
        "end_node": "microporous"
    },
    {
        "start_node": "HCPs",
        "relationship": "surface area",
        "end_node": "1367 m²/g"
    },
    {
        "start_node": "HCPs",
        "relationship": "gas uptake",
        "end_node": "CO2 (14.61 wt%)"
    },
    {
        "start_node": "HCPs",
        "relationship": "gas adsorption",
        "end_node": "H2 (1.28 wt%)"
    },
    {
        "start_node": "HCPs",
        "relationship": "gas storage",
        "end_node": "CH4 (1.79 wt%)"
    },
    {
        "start_node": "Polymers",
        "relationship": "selectivity",
        "end_node": "CO2/N2 (20.16)"
    },
    {
        "start_node": "Polymers",
        "relationship": "selectivity",
        "end_node": "CO2/CH4 (41.84)"
    },
    {
        "start_node": "Structure",
        "relationship": "tuning",
        "end_node": "gas capturing capacity"
    },
    {
        "start_node": "Building blocks",
        "relationship": "impact",
        "end_node": "structure-property relationships"
    }
]