[
    {
        "start_node": "COF",
        "relationship": "contain",
        "end_node": "Silica-supported amino penta-carboxylic acid (SiDTPA)"
    },
    {
        "start_node": "SiDTPA",
        "relationship": "used_for",
        "end_node": "water purification"
    },
    {
        "start_node": "SiDTPA",
        "relationship": "property",
        "end_node": "highly chelating and stable"
    },
    {
        "start_node": "SiDTPA",
        "relationship": "characterized_by",
        "end_node": "covalent organic framework"
    },
    {
        "start_node": "SiDTPA",
        "relationship": "analyzed_by",
        "end_node": "spectroscopic and analytical techniques"
    },
    {
        "start_node": "SiDTPA",
        "relationship": "adsorbs",
        "end_node": "Cu2+, Zn2+, Cd2+, Pb2+"
    },
    {
        "start_node": "SiDTPA",
        "relationship": "kinetics",
        "end_node": "pseudo-second-order"
    },
    {
        "start_node": "SiDTPA",
        "relationship": "thermodynamics",
        "end_node": "endothermic"
    },
    {
        "start_node": "SiDTPA",
        "relationship": "regeneration",
        "end_node": "possible"
    },
    {
        "start_node": "SiDTPA",
        "relationship": "comparison",
        "end_node": "high effectiveness vs. other materials"
    },
    {
        "start_node": "SiDTPA",
        "relationship": "insight_from",
        "end_node": "molecular dynamics simulations"
    }
]