[
    {
        "start_node": "Review",
        "relationship": "discusses",
        "end_node": "CO2 capture & conversion"
    },
    {
        "start_node": "Green approach",
        "relationship": "focuses on",
        "end_node": "membrane-integrated technology"
    },
    {
        "start_node": "Graphene-based photocatalyst",
        "relationship": "used for",
        "end_node": "CO2 to methanol conversion"
    },
    {
        "start_node": "TiO2/CuSO4 catalyst",
        "relationship": "mentioned in",
        "end_node": "conversion efficiency"
    },
    {
        "start_node": "Conversion rate",
        "relationship": "ranges from",
        "end_node": "33-37 mg/g catalyst"
    },
    {
        "start_node": "Microfiltration membranes",
        "relationship": "applied for",
        "end_node": "product separation & purification"
    },
    {
        "start_node": "Membrane flux",
        "relationship": "achieved at",
        "end_node": "100-110 L/m²h"
    },
    {
        "start_node": "Catalyst recycling",
        "relationship": "proposed for",
        "end_node": "improved sustainability"
    },
    {
        "start_node": "Product purification",
        "relationship": "compared with",
        "end_node": "conventional methods"
    },
    {
        "start_node": "Green manufacturing",
        "relationship": "emphasizes",
        "end_node": "renewable energy production"
    },
    {
        "start_node": "Sustainable business",
        "relationship": "potentials recognized",
        "end_node": "confirmation"
    }
]