[
    {
        "start_node": "COF",
        "relationship": "contain",
        "end_node": "Covalent Organic Frameworks"
    },
    {
        "start_node": "SACs",
        "relationship": "application",
        "end_node": "Electrochemical Reactions"
    },
    {
        "start_node": "Predictions",
        "relationship": "ignore",
        "end_node": "Stability"
    },
    {
        "start_node": "Electronic Structure Calculations",
        "relationship": "role",
        "end_node": "Screening Studies"
    },
    {
        "start_node": "Pourbaix Diagrams",
        "relationship": "used_for",
        "end_node": "Stability Prediction"
    },
    {
        "start_node": "Catalyst Design",
        "relationship": "component",
        "end_node": "Stability"
    },
    {
        "start_node": "Binding Energy",
        "relationship": "impact",
        "end_node": "Stability"
    },
    {
        "start_node": "Cr",
        "relationship": "investigated",
        "end_node": "Transition Metal Atom"
    },
    {
        "start_node": "Mn",
        "relationship": "investigated",
        "end_node": "Transition Metal Atom"
    },
    {
        "start_node": "Fe",
        "relationship": "investigated",
        "end_node": "Transition Metal Atom"
    },
    {
        "start_node": "Co",
        "relationship": "investigated",
        "end_node": "Transition Metal Atom"
    },
    {
        "start_node": "N-doped Graphene",
        "relationship": "support",
        "end_node": ""
    },
    {
        "start_node": "Carbon Nitride",
        "relationship": "support",
        "end_node": ""
    },
    {
        "start_node": "Activity Prediction",
        "relationship": "requirement",
        "end_node": "Stability Investigation"
    }
]