[
    {
        "start_node": "MXene",
        "relationship": "application_in",
        "end_node": "membrane"
    },
    {
        "start_node": "MXene",
        "relationship": "property",
        "end_node": "flexibility"
    },
    {
        "start_node": "MXene",
        "relationship": "property",
        "end_node": "hydrophilic_surface"
    },
    {
        "start_node": "MXene",
        "relationship": "property",
        "end_node": "mechanical_strength"
    },
    {
        "start_node": "MXene",
        "relationship": "property",
        "end_node": "electrical_conductivity"
    },
    {
        "start_node": "MXene-based membranes",
        "relationship": "used_for",
        "end_node": "gas_separation"
    },
    {
        "start_node": "MXene-based membranes",
        "relationship": "used_for",
        "end_node": "pervaporation"
    },
    {
        "start_node": "MXene-based membranes",
        "relationship": "used_for",
        "end_node": "desalination"
    },
    {
        "start_node": "MXene-based membranes",
        "relationship": "used_for",
        "end_node": "solvent_water_separation"
    },
    {
        "start_node": "MXene",
        "relationship": "synthetic_strategy_reviewed",
        "end_node": "recent_advances"
    },
    {
        "start_node": "MXene",
        "relationship": "impact_on",
        "end_node": "novel_membranes"
    },
    {
        "start_node": "remaining_challenges",
        "relationship": "related_to",
        "end_node": "MXene_materials"
    }
]