[
    {
        "start_node": "COF",
        "relationship": "contain",
        "end_node": "3D COFs"
    },
    {
        "start_node": "3D COFs",
        "relationship": "property",
        "end_node": "large surface area"
    },
    {
        "start_node": "3D COFs",
        "relationship": "property",
        "end_node": "pore volume"
    },
    {
        "start_node": "3D COFs",
        "relationship": "dynamic behavior",
        "end_node": "structural dynamic"
    },
    {
        "start_node": "imine-linked 3D COFs",
        "relationship": "have",
        "end_node": "dynamic behavior"
    },
    {
        "start_node": "pre-locked linker strategy",
        "relationship": "introduce",
        "end_node": "breaking dynamic"
    },
    {
        "start_node": "3,8-diamino-6-phenylphenanthridine (DPP)",
        "relationship": "produce",
        "end_node": "JUC-595"
    },
    {
        "start_node": "JUC-595",
        "relationship": "linker",
        "end_node": "predesigned planar linker"
    },
    {
        "start_node": "benzylideneamine moiety",
        "relationship": "lock",
        "end_node": "linker flexibility"
    },
    {
        "start_node": "JUC-595",
        "relationship": "restriction",
        "end_node": "molecular bond rotation"
    },
    {
        "start_node": "JUC-594",
        "relationship": "comparison",
        "end_node": "flexible benzidine linker"
    },
    {
        "start_node": "JUC-594",
        "relationship": "property",
        "end_node": "framework contraction-expansion"
    },
    {
        "start_node": "JUC-595",
        "relationship": "property",
        "end_node": "higher surface area (754 m²/g)"
    },
    {
        "start_node": "JUC-594",
        "relationship": "property",
        "end_node": "lower surface area (548 m²/g)"
    },
    {
        "start_node": "JUC-595",
        "relationship": "improve",
        "end_node": "CO2 and CH4 storage"
    },
    {
        "start_node": "JUC-595",
        "relationship": "H2 storage capacity",
        "end_node": "high, surpassing other 3D COFs"
    },
    {
        "start_node": "manipulating",
        "relationship": "show",
        "end_node": "structural properties of 3D COFs"
    }
]