[
    {
        "start_node": "TI",
        "relationship": "discusses",
        "end_node": "lithium-based energy storage systems"
    },
    {
        "start_node": "TI",
        "relationship": "addresses",
        "end_node": "demands for renewable energy storage"
    },
    {
        "start_node": "TI",
        "relationship": "motivates",
        "end_node": "research on lithium-ion batteries, lithium-sulfur batteries, lithium-ion capacitors, and lithium-oxygen batteries"
    },
    {
        "start_node": "AB",
        "relationship": "points_to",
        "end_node": "gap in energy/power density, durability, and safety"
    },
    {
        "start_node": "AB",
        "relationship": "highlights",
        "end_node": "2D nanomaterials for closing performance gaps"
    },
    {
        "start_node": "AB",
        "relationship": "emphasizes",
        "end_node": "controlled synthesis approaches for 2D nanomaterials"
    },
    {
        "start_node": "AB",
        "relationship": "calls_for",
        "end_node": "functionalization strategies for 2D nanomaterials"
    },
    {
        "start_node": "AB",
        "relationship": "reviews",
        "end_node": "general synthesis methods and functionalization strategies"
    },
    {
        "start_node": "AB",
        "relationship": "focuses_on",
        "end_node": "functionalized 2D nanomaterials' role in lithium energy storage"
    },
    {
        "start_node": "AB",
        "relationship": "promises",
        "end_node": "designing superior 2D nanomaterials for advanced electrochemical storage systems"
    }
]