[
    {
        "start_node": "Graphene",
        "relationship": "synthesis",
        "end_node": "Eco-friendly"
    },
    {
        "start_node": "Eco-friendly synthesis",
        "relationship": "focus_on",
        "end_node": "Graphene"
    },
    {
        "start_node": "Graphene",
        "relationship": "property",
        "end_node": "electrical"
    },
    {
        "start_node": "Graphene",
        "relationship": "property",
        "end_node": "mechanical"
    },
    {
        "start_node": "Graphene",
        "relationship": "property",
        "end_node": "thermal"
    },
    {
        "start_node": "Graphene",
        "relationship": "structure",
        "end_node": "one-atom-thick, 2D"
    },
    {
        "start_node": "Graphene",
        "relationship": "comparison",
        "end_node": "Carbon nanotubes (CNTs)"
    },
    {
        "start_node": "Carbon nanotubes (CNTs)",
        "relationship": "issue",
        "end_node": "environmental impact"
    },
    {
        "start_node": "Toxic chemicals",
        "relationship": "cause",
        "end_node": "environmental harm"
    },
    {
        "start_node": "Complicated procedures",
        "relationship": "cause",
        "end_node": "limited applications"
    },
    {
        "start_node": "Green synthesis",
        "relationship": "investigated",
        "end_node": "facile methods"
    },
    {
        "start_node": "Methods",
        "relationship": "example",
        "end_node": "Reduction of graphene oxide"
    },
    {
        "start_node": "Reduction",
        "relationship": "using",
        "end_node": "Non-poisonous reducing agents"
    },
    {
        "start_node": "Graphene oxide",
        "relationship": "reduction",
        "end_node": "mild conditions"
    },
    {
        "start_node": "Graphene",
        "relationship": "synthesis",
        "end_node": "pristine graphite"
    },
    {
        "start_node": "Graphite",
        "relationship": "exfoliation",
        "end_node": "eco-friendly processes"
    },
    {
        "start_node": "Review",
        "relationship": "summarizes",
        "end_node": "green synthesis procedures"
    },
    {
        "start_node": "Mechanisms",
        "relationship": "covered",
        "end_node": "general aspects"
    },
    {
        "start_node": "Properties",
        "relationship": "discussed",
        "end_node": "recent progress"
    },
    {
        "start_node": "Applications",
        "relationship": "includes",
        "end_node": "green synthesis"
    },
    {
        "start_node": "Challenges",
        "relationship": "addressed",
        "end_node": "future prospects"
    },
    {
        "start_node": "Perspectives",
        "relationship": "outlook",
        "end_node": "field"
    }
]