[
    {
        "start_node": "COF",
        "relationship": "contain",
        "end_node": "2D-COFs"
    },
    {
        "start_node": "2D-COFs",
        "relationship": "role_in",
        "end_node": "graphene-based membranes"
    },
    {
        "start_node": "graphene-based membranes",
        "relationship": "use_for",
        "end_node": "organic solvent nanofiltration (OSN)"
    },
    {
        "start_node": "optimized hybrid nano laminate",
        "relationship": "consist_of",
        "end_node": "2D-COFs and rGO"
    },
    {
        "start_node": "2D-COFs",
        "relationship": "enhance",
        "end_node": "methanol permeance"
    },
    {
        "start_node": "methanol permeance",
        "relationship": "improvement",
        "end_node": "162%"
    },
    {
        "start_node": "dry condition",
        "relationship": "2D-COF_role",
        "end_node": "nanospacer"
    },
    {
        "start_node": "wet condition",
        "relationship": "2D-COF_role",
        "end_node": "stabilizer + porous filler"
    },
    {
        "start_node": "2D-COFs",
        "relationship": "prevent",
        "end_node": "rGO restacking"
    },
    {
        "start_node": "2D-COFs",
        "relationship": "reduce",
        "end_node": "transport pathway length (15.5%)"
    },
    {
        "start_node": "2D-COFs",
        "relationship": "provide",
        "end_node": "solvent 'shortcuts'"
    }
]