[
    {
        "start_node": "Surface Process",
        "relationship": "discusses",
        "end_node": "Chirality Formation"
    },
    {
        "start_node": "Chirality",
        "relationship": "manifestation",
        "end_node": "Molecular Assembly"
    },
    {
        "start_node": "Molecular Assembly",
        "relationship": "on",
        "end_node": "Solid Surfaces"
    },
    {
        "start_node": "Chiral Expression",
        "relationship": "control",
        "end_node": "Assembly Strategies"
    },
    {
        "start_node": "Chiral Co-adsorber",
        "relationship": "strategy",
        "end_node": "Chiral Control"
    },
    {
        "start_node": "Chiral Auxiliary",
        "relationship": "strategy",
        "end_node": "Chiral Control"
    },
    {
        "start_node": "Chiral Solvent",
        "relationship": "strategy",
        "end_node": "Chiral Control"
    },
    {
        "start_node": "Chiral Templated Surfaces",
        "relationship": "strategy",
        "end_node": "Chiral Control"
    },
    {
        "start_node": "On-Surface Synthesis",
        "relationship": "expression",
        "end_node": "Covalent Nanostructures"
    },
    {
        "start_node": "Intramolecular Coupling",
        "relationship": "in",
        "end_node": "On-Surface Reactions"
    },
    {
        "start_node": "Intermolecular Coupling",
        "relationship": "in",
        "end_node": "On-Surface Reactions"
    },
    {
        "start_node": "Stereoselectivity Steering",
        "relationship": "methods",
        "end_node": "On-Surface Reactions"
    },
    {
        "start_node": "Future Outlook",
        "relationship": "discussed_in",
        "end_node": "Field"
    }
]