[
    {
        "start_node": "Surface-assisted",
        "relationship": "facilitates",
        "end_node": "fabrication"
    },
    {
        "start_node": "on-surface synthesis",
        "relationship": "method",
        "end_node": "low-dimensional carbon-based nanoarchitectures"
    },
    {
        "start_node": "wet chemistry",
        "relationship": "comparison",
        "end_node": "on-surface synthesis"
    },
    {
        "start_node": "ultrahigh vacuum",
        "relationship": "environment",
        "end_node": "solid surfaces"
    },
    {
        "start_node": "atomically flat solid surfaces",
        "relationship": "location",
        "end_node": "on-surface synthesis"
    },
    {
        "start_node": "novel reaction pathways",
        "relationship": "opens",
        "end_node": "chemical synthesis"
    },
    {
        "start_node": "low-dimensional nanostructures",
        "relationship": "product",
        "end_node": "on-surface synthesis"
    },
    {
        "start_node": "categories",
        "relationship": "categorizes",
        "end_node": "zero-, one-, two-dimensional classes"
    },
    {
        "start_node": "precursor design",
        "relationship": "includes",
        "end_node": "specific nanostructures"
    },
    {
        "start_node": "substrate choice",
        "relationship": "includes",
        "end_node": "specific nanostructures"
    },
    {
        "start_node": "synthetic strategies",
        "relationship": "includes",
        "end_node": "specific nanostructures"
    },
    {
        "start_node": "review",
        "relationship": "provides",
        "end_node": "insights into fabrication"
    }
]