[
    {
        "start_node": "Polymerizations",
        "relationship": "topic",
        "end_node": "Advances"
    },
    {
        "start_node": "Advances",
        "relationship": "type",
        "end_node": "Heterophase"
    },
    {
        "start_node": "Heterophase",
        "relationship": "benefit",
        "end_node": "Fast kinetics"
    },
    {
        "start_node": "Fast kinetics",
        "relationship": "due to",
        "end_node": "High local concentration"
    },
    {
        "start_node": "High local concentration",
        "relationship": "in",
        "end_node": "Miniemulsion polymerization"
    },
    {
        "start_node": "Miniemulsion polymerization",
        "relationship": "focus on",
        "end_node": "Academic interest"
    },
    {
        "start_node": "Academic interest",
        "relationship": "for",
        "end_node": "Biomedicine, energy science"
    },
    {
        "start_node": "Click-reactions",
        "relationship": "type",
        "end_node": "Dispersion"
    },
    {
        "start_node": "Click-reactions",
        "relationship": "property",
        "end_node": "Bioorthogonal"
    },
    {
        "start_node": "Crosslinked polymer colloids",
        "relationship": "application",
        "end_node": "Gas storage, catalysis"
    },
    {
        "start_node": "Gas storage, catalysis",
        "relationship": "application of",
        "end_node": "Conjugated polymers"
    },
    {
        "start_node": "Spatial segregation",
        "relationship": "impact on",
        "end_node": "Unique structures"
    },
    {
        "start_node": "Heterophase polymerization",
        "relationship": "ability to",
        "end_node": "Obtain unique materials"
    }
]