[
    {
        "start_node": "COF",
        "relationship": "contain",
        "end_node": "Triptycene-based microporous polyimides"
    },
    {
        "start_node": "STPIs",
        "relationship": "synthesized_from",
        "end_node": "Triptycene-based porous polyimides"
    },
    {
        "start_node": "SIPI-2",
        "relationship": "is_instance_of",
        "end_node": "STPIs"
    },
    {
        "start_node": "SIPI-2",
        "relationship": "property",
        "end_node": "high thermal stability"
    },
    {
        "start_node": "SIPI-2",
        "relationship": "property",
        "end_node": "excellent CO2 adsorption ability"
    },
    {
        "start_node": "SIPI-2",
        "relationship": "CO2_capture_capacity",
        "end_node": "14.6 wff (273 K)"
    },
    {
        "start_node": "SIPI-2",
        "relationship": "selectivity",
        "end_node": "CO2/N-2",
        "end_node_value": "107"
    }
]