[
    {
        "start_node": "Hydrogen Production",
        "relationship": "related_to",
        "end_node": "Electrocatalysis"
    },
    {
        "start_node": "Electrocatalytic Water Splitting",
        "relationship": "method_for",
        "end_node": "Hydrogen Energy"
    },
    {
        "start_node": "Two-Dimensional (2D) Nanomaterials",
        "relationship": "attracts_interest_in",
        "end_node": "Water Electrocatalysis"
    },
    {
        "start_node": "2D Nanoarchitectures",
        "relationship": "focus_of",
        "end_node": "Nanocatalysts for HER"
    },
    {
        "start_node": "Fundamentals of Hydrogen Evolution Reaction (HER)",
        "relationship": "precedes",
        "end_node": "Recent Advances"
    },
    {
        "start_node": "Typical 2D Electrocatalysts",
        "relationship": "discussed_in",
        "end_node": "HER Advancements"
    },
    {
        "start_node": "Synthetic Protocols",
        "relationship": "impacts",
        "end_node": "Catalytic Performance"
    },
    {
        "start_node": "Structure-Catalytic Relationship",
        "relationship": "analyzed",
        "end_node": "Catalytic Performance"
    },
    {
        "start_node": "Thermodynamics",
        "relationship": "involves",
        "end_node": "Catalytic Performance"
    },
    {
        "start_node": "Outlooks for 2D Nanocatalyst Development",
        "relationship": "proposed",
        "end_node": "HER"
    },
    {
        "start_node": "Review",
        "relationship": "aim_to",
        "end_node": "Comprehensive Understanding of 2D Nanocatalysts"
    },
    {
        "start_node": "Elsevier B.V.",
        "relationship": "publisher",
        "end_node": "Published Content"
    }
]