[
    {
        "start_node": "Review",
        "relationship": "discusses",
        "end_node": "Wearable Energy Harvesting Textiles"
    },
    {
        "start_node": "Wearable e-textiles",
        "relationship": "concerns",
        "end_node": "Healthcare Monitoring, Communication"
    },
    {
        "start_node": "Energy sources",
        "relationship": "addressed_in",
        "end_node": "solar, thermal, mechanical, wind"
    },
    {
        "start_node": "Energy harvesting technologies",
        "relationship": "includes",
        "end_node": "photovoltaic, thermoelectric, piezoelectric, triboelectric"
    },
    {
        "start_node": "2D materials",
        "relationship": "attractiveness_for",
        "end_node": "e-textile energy harvesters"
    },
    {
        "start_node": "Properties of 2D materials",
        "relationship": "due_to",
        "end_node": "high surface-to-volume ratio, mechanical strength, electrical conductivity"
    },
    {
        "start_node": "Textile-based energy harvesters",
        "relationship": "employ",
        "end_node": "2D materials"
    },
    {
        "start_node": "Advancements",
        "relationship": "covered_in_review",
        "end_node": "integration, practical implementations"
    },
    {
        "start_node": "Performance and effectiveness",
        "relationship": "evaluated_in",
        "end_node": "2D-material-based energy harvesters"
    },
    {
        "start_node": "Potential",
        "relationship": "as",
        "end_node": "sustainable power supply for wearable technologies"
    }
]