[
    {
        "start_node": "COF",
        "relationship": "mention",
        "end_node": "polyaniline Nanofiber Electrodes"
    },
    {
        "start_node": "polyaniline Nanofiber Electrodes",
        "relationship": "property",
        "end_node": "material platform"
    },
    {
        "start_node": "material platform",
        "relationship": "function",
        "end_node": "capture/release Mercury(II) water"
    },
    {
        "start_node": "nanofiber geometry",
        "relationship": "facilitates",
        "end_node": "fast sorption kinetics"
    },
    {
        "start_node": "sulfur functionalization",
        "relationship": "improves",
        "end_node": "adsorption"
    },
    {
        "start_node": "electrochemical control",
        "relationship": "enables",
        "end_node": "reversible sorption/desorption"
    },
    {
        "start_node": "reversible sorption/desorption",
        "relationship": "detected by",
        "end_node": "cyclic voltammograms"
    },
    {
        "start_node": "binding energies",
        "relationship": "calculated by",
        "end_node": "molecular dynamics/DFT"
    },
    {
        "start_node": "redox-active materials",
        "relationship": "removing",
        "end_node": "Hg2+ water"
    },
    {
        "start_node": "redox-active materials",
        "relationship": "characteristics",
        "end_node": "efficiency/capacity/selectivity/reusability"
    }
]