[
    {
        "start_node": "COF",
        "relationship": "contain",
        "end_node": "tris(N-salicylideneaniline)"
    },
    {
        "start_node": "COF",
        "relationship": "mesomorphic_behavior",
        "end_node": "columnar_hexagonal_phase"
    },
    {
        "start_node": "COF",
        "relationship": "mesomorphic_behavior",
        "end_node": "columnar_rectangular_phase"
    },
    {
        "start_node": "COF",
        "relationship": "photophysical_property",
        "end_node": "green_light_emission"
    },
    {
        "start_node": "COF",
        "relationship": "structural_change",
        "end_node": "regioisomerism"
    },
    {
        "start_node": "COF",
        "relationship": "synthesis_result",
        "end_node": "reduced_melting_point"
    },
    {
        "start_node": "COF",
        "relationship": "synthesis_result",
        "end_node": "enhanced_mesophase_range"
    },
    {
        "start_node": "COF",
        "relationship": "emission_shift",
        "end_node": "red-shift"
    }
]