[
    {
        "start_node": "COF",
        "relationship": "growth",
        "end_node": "cystine crystalline nanosheets"
    },
    {
        "start_node": "strategy",
        "relationship": "method",
        "end_node": "on-surface growth"
    },
    {
        "start_node": "cystine crystalline nanosheets",
        "relationship": "property",
        "end_node": "2D"
    },
    {
        "start_node": "cystine crystalline nanosheets",
        "relationship": "thickness",
        "end_node": "1.1 nm (1 layer)"
    },
    {
        "start_node": "cystine crystalline nanosheets",
        "relationship": "thickness",
        "end_node": "1.9 nm (2 layers)"
    },
    {
        "start_node": "cystine crystalline nanosheets",
        "relationship": "thickness",
        "end_node": "2.9 nm (3 layers)"
    },
    {
        "start_node": "cystine crystalline nanosheets",
        "relationship": "thickness",
        "end_node": "4.8 nm (5 layers)"
    },
    {
        "start_node": "cystine crystalline nanosheets",
        "relationship": "area",
        "end_node": "100 μm²"
    },
    {
        "start_node": "cystine",
        "relationship": "composition",
        "end_node": "chiral cysteine monomers"
    },
    {
        "start_node": "cysteine monomers",
        "relationship": "type",
        "end_node": "L-cysteine or D-cysteine"
    },
    {
        "start_node": "cystine nanosheets",
        "relationship": "application",
        "end_node": "advanced hybrid materials"
    }
]