[
    {
        "start_node": "issue",
        "relationship": "address",
        "end_node": "heavy metal pollution"
    },
    {
        "start_node": "problem",
        "relationship": "impact",
        "end_node": "freshwater shortage"
    },
    {
        "start_node": "solution",
        "relationship": "aim",
        "end_node": "green materials"
    },
    {
        "start_node": "methods",
        "relationship": "attract attention",
        "end_node": "nanomaterials"
    },
    {
        "start_node": "methods",
        "relationship": "attract attention",
        "end_node": "polymers"
    },
    {
        "start_node": "methods",
        "relationship": "attract attention",
        "end_node": "porous materials"
    },
    {
        "start_node": "methods",
        "relationship": "attract attention",
        "end_node": "biomaterials"
    },
    {
        "start_node": "review",
        "relationship": "cover",
        "end_node": "design principles"
    },
    {
        "start_node": "review",
        "relationship": "focus",
        "end_node": "mechanisms"
    },
    {
        "start_node": "review",
        "relationship": "focus",
        "end_node": "specific examples"
    },
    {
        "start_node": "review",
        "relationship": "enhance",
        "end_node": "water purification quality"
    },
    {
        "start_node": "challenges",
        "relationship": "highlight",
        "end_node": "fabrication"
    },
    {
        "start_node": "challenges",
        "relationship": "highlight",
        "end_node": "treatment"
    },
    {
        "start_node": "opportunities",
        "relationship": "highlight",
        "end_node": "future applications"
    },
    {
        "start_node": "review",
        "relationship": "aim",
        "end_node": "tailored functional materials"
    },
    {
        "start_node": "review",
        "relationship": "consequence",
        "end_node": "high-performance materials"
    },
    {
        "start_node": "review",
        "relationship": "consequence",
        "end_node": "efficient water pollution remediation"
    }
]