[
    {
        "start_node": "COF",
        "relationship": "contains",
        "end_node": "Triazine-based conjugated polymer"
    },
    {
        "start_node": "COF",
        "relationship": "enhances",
        "end_node": "Intramolecular polarization"
    },
    {
        "start_node": "Intramolecular polarization",
        "relationship": "results_from",
        "end_node": "Push-and-pull effect"
    },
    {
        "start_node": "Push-and-pull effect",
        "relationship": "involves",
        "end_node": "-NH2/-CN terminations"
    },
    {
        "start_node": "A-TCP-C",
        "relationship": "configuration",
        "end_node": "Electron-shuttling channels"
    },
    {
        "start_node": "A-TCP-C",
        "relationship": "induces",
        "end_node": "Asymmetrical electrostatic potential"
    },
    {
        "start_node": "Electrostatic potential",
        "relationship": "creates",
        "end_node": "Intramolecular electric field"
    },
    {
        "start_node": "Electric field",
        "relationship": "facilitates",
        "end_node": "pi-to-pi* state activation"
    },
    {
        "start_node": "A-TCP-C",
        "relationship": "exhibits",
        "end_node": "Photocatalytic activity"
    },
    {
        "start_node": "Activity",
        "relationship": "removes",
        "end_node": "Cr(VI)"
    },
    {
        "start_node": "Activity",
        "relationship": "produces",
        "end_node": "H2"
    },
    {
        "start_node": "Pristine TCP",
        "relationship": "comparison",
        "end_node": "Activity enhancement (6 folds for Cr(VI), 260 folds for H2)"
    },
    {
        "start_node": "COF",
        "relationship": "optimizes",
        "end_node": "Active species binding, transfer, and activation"
    }
]