[
    {
        "start_node": "COF",
        "relationship": "contain",
        "end_node": "tricyclooxacalixarene cage"
    },
    {
        "start_node": "cage 1",
        "relationship": "have",
        "end_node": "porous internal structure"
    },
    {
        "start_node": "cage 1",
        "relationship": "property",
        "end_node": "CO2 uptake capacity"
    },
    {
        "start_node": "cage 1",
        "relationship": "CO2 uptake capacity value",
        "end_node": "12.5wt%"
    },
    {
        "start_node": "cage 1",
        "relationship": "selectivity",
        "end_node": "CO2 over N2"
    },
    {
        "start_node": "cage 1",
        "relationship": "selectivity value",
        "end_node": "80"
    },
    {
        "start_node": "cage 1",
        "relationship": "temperature",
        "end_node": "273K"
    },
    {
        "start_node": "cage 1",
        "relationship": "pressure",
        "end_node": "1bar"
    },
    {
        "start_node": "cage 1",
        "relationship": "surface area",
        "end_node": "432 m²/g"
    },
    {
        "start_node": "cage 1",
        "relationship": "material property",
        "end_node": "fluorescence"
    },
    {
        "start_node": "cage 1",
        "relationship": "cause",
        "end_node": "switched-on fluorescence"
    },
    {
        "start_node": "cage 1",
        "relationship": "used for",
        "end_node": "study AIE mechanism"
    },
    {
        "start_node": "cage 1",
        "relationship": "study",
        "end_node": "aggregation-induced emission (AIE)"
    },
    {
        "start_node": "cage 1",
        "relationship": "study",
        "end_node": "restriction of intramolecular rotation (RIR)"
    }
]