[
    {
        "start_node": "COF",
        "relationship": "synthesized_from",
        "end_node": "Phenazine-based CMP"
    },
    {
        "start_node": "Phenazine-based CMP",
        "relationship": "contains",
        "end_node": "QP-4Br"
    },
    {
        "start_node": "QP-4Br",
        "relationship": "linked_with",
        "end_node": "Py-4Bor"
    },
    {
        "start_node": "QP-4Br",
        "relationship": "linked_with",
        "end_node": "TPP-3Bor"
    },
    {
        "start_node": "QP-4Br",
        "relationship": "linked_with",
        "end_node": "TPT-3Bor"
    },
    {
        "start_node": "CMPs",
        "relationship": "properties",
        "end_node": "thermal_stability"
    },
    {
        "start_node": "CMPs",
        "relationship": "has_char_yield",
        "end_node": "82.5%"
    },
    {
        "start_node": "CMPs",
        "relationship": "has_surface_area",
        "end_node": "527.22 m²/g"
    },
    {
        "start_node": "TPT-QP CMP",
        "relationship": "planarity",
        "end_node": "superior"
    },
    {
        "start_node": "TPT-QP CMP",
        "relationship": "imine_content",
        "end_node": "exceptional"
    },
    {
        "start_node": "TPT-QP CMP",
        "relationship": "specific_capacitance",
        "end_node": "121.9 F/g"
    },
    {
        "start_node": "TPT-QP CMP",
        "relationship": "energy_density",
        "end_node": "16.93 Wh/kg"
    },
    {
        "start_node": "TPT-QP CMP",
        "relationship": "cycle_retention",
        "end_node": "96% after 5000 cycles"
    },
    {
        "start_node": "CMPs",
        "relationship": "application",
        "end_node": "supercapacitor_electrodes"
    }
]