[
    {
        "start_node": "Supramolecular",
        "relationship": "discussed_in",
        "end_node": "TI"
    },
    {
        "start_node": "Assemblies",
        "relationship": "formed_by",
        "end_node": "Supramolecular"
    },
    {
        "start_node": "Surfaces",
        "relationship": "context_of",
        "end_node": "Assemblies"
    },
    {
        "start_node": "Nanopatterning",
        "relationship": "strategy",
        "end_node": "Supramolecular"
    },
    {
        "start_node": "Functionality",
        "relationship": "aim_of",
        "end_node": "Supramolecular"
    },
    {
        "start_node": "Reactivity",
        "relationship": "property",
        "end_node": "Supramolecular"
    },
    {
        "start_node": "Interactions",
        "relationship": "discussed",
        "end_node": "field"
    },
    {
        "start_node": "Metal centers",
        "relationship": "mediated_by",
        "end_node": "Interactions"
    },
    {
        "start_node": "Substrates",
        "relationship": "mediated_by",
        "end_node": "Interactions"
    },
    {
        "start_node": "Additive",
        "relationship": "type_of_interaction",
        "end_node": "Interactions"
    },
    {
        "start_node": "Interference",
        "relationship": "counter_to",
        "end_node": "Interactions"
    },
    {
        "start_node": "Electrical potentials",
        "relationship": "varies_at",
        "end_node": "Interactions"
    },
    {
        "start_node": "Spectroscopic measurements",
        "relationship": "earlier",
        "end_node": "information"
    },
    {
        "start_node": "Surface measurements",
        "relationship": "earlier",
        "end_node": "information"
    },
    {
        "start_node": "Scanning probe microscopies",
        "relationship": "key_in",
        "end_node": "field"
    },
    {
        "start_node": "Molecular organization",
        "relationship": "understood_by",
        "end_node": "Scanning probe microscopies"
    },
    {
        "start_node": "Chemical dimension",
        "relationship": "advanced_by",
        "end_node": "nanolithography"
    },
    {
        "start_node": "Graphene",
        "relationship": "emergence_of",
        "end_node": "field"
    },
    {
        "start_node": "2D materials",
        "relationship": "accessed_through",
        "end_node": "surface_reactions"
    },
    {
        "start_node": "Graphene nanoribbons",
        "relationship": "product_of",
        "end_node": "2D materials synthesis"
    },
    {
        "start_node": "Designer surfaces",
        "relationship": "explored_for",
        "end_node": "capabilities"
    }
]