[
    {
        "start_node": "COF",
        "relationship": "synthesized",
        "end_node": "mesoporous carbon/silica composites"
    },
    {
        "start_node": "mesoporous carbon/silica composites",
        "relationship": "contains",
        "end_node": "heteroatom-doped"
    },
    {
        "start_node": "heteroatom-doped",
        "relationship": "composed_of",
        "end_node": "N-resol/EC/TEOS hybrids"
    },
    {
        "start_node": "N-resol",
        "relationship": "C_and_N_source",
        "end_node": "mesoporous carbon"
    },
    {
        "start_node": "N-resol",
        "relationship": "contains",
        "end_node": "N atom"
    },
    {
        "start_node": "TEOS",
        "relationship": "Si_source",
        "end_node": "mesoporous silica"
    },
    {
        "start_node": "TEOS",
        "relationship": "contains",
        "end_node": "Si atom"
    },
    {
        "start_node": "EC",
        "relationship": "structure_directing_template",
        "end_node": "mesophase"
    },
    {
        "start_node": "mesophase",
        "relationship": "transformed_to",
        "end_node": "double-gyroid"
    },
    {
        "start_node": "double-gyroid",
        "relationship": "transformed_to",
        "end_node": "cylinder"
    },
    {
        "start_node": "double-gyroid",
        "relationship": "transformed_to",
        "end_node": "lamellar"
    },
    {
        "start_node": "lamellar",
        "relationship": "contains",
        "end_node": "wormlike structure"
    },
    {
        "start_node": "mesoporous carbon/silica composites",
        "relationship": "heat_treatment",
        "end_node": "EC template removed"
    },
    {
        "start_node": "mesoporous carbon/silica composites",
        "relationship": "has",
        "end_node": "high N/O/Si contents"
    },
    {
        "start_node": "mesoporous carbon/silica composites",
        "relationship": "super_capacitor_performance",
        "end_node": "supercapacitor efficiency"
    },
    {
        "start_node": "mesoporous carbon/silica composites",
        "relationship": "electrochemical",
        "end_node": "specific capacitance"
    },
    {
        "start_node": "mesoporous carbon/silica composites",
        "relationship": "stability",
        "end_node": "96.64% stability"
    },
    {
        "start_node": "mesoporous carbon/silica composites",
        "relationship": "application",
        "end_node": "high-performance supercapacitors"
    }
]