[
    {
        "start_node": "COF",
        "relationship": "mention",
        "end_node": "poly(p-phenylene) photocatalyst"
    },
    {
        "start_node": "COF",
        "relationship": "improvement",
        "end_node": "planarized fluorene copolymer"
    },
    {
        "start_node": "COF",
        "relationship": "improvement",
        "end_node": "carbazole copolymer"
    },
    {
        "start_node": "COF",
        "relationship": "improvement",
        "end_node": "dibenzo[b,d]thiophene copolymer"
    },
    {
        "start_node": "COF",
        "relationship": "improvement",
        "end_node": "dibenzo[b,d]thiophene sulfone copolymer"
    },
    {
        "start_node": "COF",
        "relationship": "comparison",
        "end_node": "TiO2 photocatalyst"
    },
    {
        "start_node": "COF",
        "relationship": "activity",
        "end_node": "visible light"
    },
    {
        "start_node": "COF",
        "relationship": "comparison",
        "end_node": "platinized CN"
    },
    {
        "start_node": "COF",
        "relationship": "efficiency",
        "end_node": "apparent quantum yield (2.3% at 420 nm)"
    },
    {
        "start_node": "COF",
        "relationship": "efficiency",
        "end_node": "0.1% for platinized CN"
    }
]