[
    {
        "start_node": "COF",
        "relationship": "development",
        "end_node": "Morphology Tuning"
    },
    {
        "start_node": "Synthetic Route",
        "relationship": "reports",
        "end_node": "Robust Imidazole-linked POPs"
    },
    {
        "start_node": "Porous Organic Polymers (POPs)",
        "relationship": "morphology",
        "end_node": "well-defined nanoscale"
    },
    {
        "start_node": "Thermodynamic Characteristics",
        "relationship": "impair",
        "end_node": "chemical instability"
    },
    {
        "start_node": "Reversible/Irreversible Bond Formation",
        "relationship": "strategy",
        "end_node": "Stability Issue"
    },
    {
        "start_node": "Imidazole-linked POPs",
        "relationship": "secondary building units",
        "end_node": "Rigidity"
    },
    {
        "start_node": "Microporous Polymeric Nanostructures",
        "relationship": "morphology",
        "end_node": "hollow-spherical"
    },
    {
        "start_node": "Solid-state NMR (1D and 2D)",
        "relationship": "analyzes",
        "end_node": "Bonding, High Purity"
    },
    {
        "start_node": "Nitrogen-rich Polymeric Nanostructures",
        "relationship": "application",
        "end_node": "Metal-free Electrocataylsts"
    },
    {
        "start_node": "Oxygen Evolution Reaction (OER)",
        "relationship": "catalytic activity",
        "end_node": "TAT-TFBE"
    },
    {
        "start_node": "TAT-TFBE",
        "relationship": "efficiency",
        "end_node": "314 mV overpotential, 10 mA/cm²"
    },
    {
        "start_node": "TAT-TFBE",
        "relationship": "comparison",
        "end_node": "RuO2, IrO2 (state-of-the-art)"
    }
]