[
    {
        "start_node": "Review",
        "relationship": "focuses_on",
        "end_node": "Hybrid 1D/2D Photocatalysts"
    },
    {
        "start_node": "SDG7",
        "relationship": "related_to",
        "end_node": "clean and affordable energy"
    },
    {
        "start_node": "SDG13",
        "relationship": "related_to",
        "end_node": "climate action"
    },
    {
        "start_node": "Energy Demand",
        "relationship": "increased_by",
        "end_node": "population growth"
    },
    {
        "start_node": "Solar Energy",
        "relationship": "promising_for",
        "end_node": "renewable energy"
    },
    {
        "start_node": "Nanostructured Photocatalysts",
        "relationship": "studied_for",
        "end_node": "high-performance sustainable energy technologies"
    },
    {
        "start_node": "1D/2D Photocatalysts",
        "relationship": "properties",
        "end_node": "structural, physical/chemical properties"
    },
    {
        "start_node": "Band Gap Tuning",
        "relationship": "optimizes",
        "end_node": "solar energy harvesting"
    },
    {
        "start_node": "Photocatalytic Activity",
        "relationship": "influenced_by",
        "end_node": "material architecture, synthesis techniques"
    },
    {
        "start_node": "Applications",
        "relationship": "discussed_in",
        "end_node": [
            "energy conversion (H2 production)",
            "bacterial disinfection",
            "pollutant degradation",
            "batteries",
            "CO2 conversion"
        ]
    },
    {
        "start_node": "Future Studies",
        "relationship": "prospects_for",
        "end_node": "1D/2D photocatalysts"
    }
]