[
    {
        "start_node": "COF",
        "relationship": "contain",
        "end_node": "Salicylideneanilines-Based COF (SA-COF)"
    },
    {
        "start_node": "SA-COF",
        "relationship": "property",
        "end_node": "porous material"
    },
    {
        "start_node": "Porosity",
        "relationship": "attribute",
        "end_node": "SA-COF"
    },
    {
        "start_node": "SA-COF",
        "relationship": "functionality",
        "end_node": "chemoselective molecular sieve"
    },
    {
        "start_node": "Building blocks",
        "relationship": "used in",
        "end_node": "SA-COF"
    },
    {
        "start_node": "Chemical diversity",
        "relationship": "enables",
        "end_node": "tailored synthesis"
    },
    {
        "start_node": "Synthesis",
        "relationship": "results in",
        "end_node": "functional building blocks"
    },
    {
        "start_node": "Functional building blocks",
        "relationship": "generate",
        "end_node": "framework materials with chemoresponsivity"
    },
    {
        "start_node": "Tautomeric switching",
        "relationship": "observed in",
        "end_node": "SA-COF"
    },
    {
        "start_node": "Solvent",
        "relationship": "trigger",
        "end_node": "tautomerization in SA-COF"
    },
    {
        "start_node": "Reversible",
        "relationship": "characteristic of",
        "end_node": "ionic property tuning"
    },
    {
        "start_node": "Tuning",
        "relationship": "results in",
        "end_node": "size-exclusion, selective ionic binding, chemoseparation"
    }
]