[
    {
        "start_node": "COF",
        "relationship": "contain",
        "end_node": "sterically encumbered 2,6-dibenzhydryl-4-methylphenyl derived ligand"
    },
    {
        "start_node": "COF",
        "relationship": "contain",
        "end_node": "bulky 2,6-dibenzhydryl-4-methylaniline"
    },
    {
        "start_node": "COF",
        "relationship": "contain",
        "end_node": "1-iodo-2,6-dibenzhydryl-4-methylbenzene"
    },
    {
        "start_node": "COF",
        "relationship": "contain",
        "end_node": "mono-Schiff base"
    },
    {
        "start_node": "COF",
        "relationship": "contain",
        "end_node": "4-(2,6-dibenzhydryl-4-methylphenylamino)pent-3-ene-2-one"
    },
    {
        "start_node": "COF",
        "relationship": "contain",
        "end_node": "bis-Schiff base"
    },
    {
        "start_node": "COF",
        "relationship": "contain",
        "end_node": "2,6-bis(((2,6-dibenzhydryl-4-methylphenyl)imino)methyl)-4-methylphenol"
    },
    {
        "start_node": "COF",
        "relationship": "contain",
        "end_node": "tris-Schiff base"
    },
    {
        "start_node": "COF",
        "relationship": "contain",
        "end_node": "2,4,6-tris(((2,6-dibenzhydryl-4-methylphenyl)amino)methylene)cyclohexane-1,3,5-trione"
    },
    {
        "start_node": "COF",
        "relationship": "contain",
        "end_node": "(2,6-dibenzhydryl-4-methylphenyl)ammonium triflate"
    },
    {
        "start_node": "COF",
        "relationship": "contain",
        "end_node": "co-crystals I HBr"
    },
    {
        "start_node": "COF",
        "relationship": "contain",
        "end_node": "co-crystals I HCl"
    },
    {
        "start_node": "synthesis",
        "relationship": "method",
        "end_node": "diazotization"
    },
    {
        "start_node": "synthesis",
        "relationship": "method",
        "end_node": "reaction with acetylacetone"
    },
    {
        "start_node": "synthesis",
        "relationship": "method",
        "end_node": "reaction with 2-hydroxy-5-methylisophthalaldehyde or 2,4,6-trihydroxybenzene-1,3,5-tricarbaldehyde"
    },
    {
        "start_node": "synthesis",
        "relationship": "method",
        "end_node": "reaction with triflic acid"
    },
    {
        "start_node": "synthesis",
        "relationship": "method",
        "end_node": "reaction with HBr and HCl"
    },
    {
        "start_node": "characterization",
        "relationship": "technique",
        "end_node": "spectroscopic (IR, ESI-mass, NMR, UV-Vis)"
    },
    {
        "start_node": "characterization",
        "relationship": "technique",
        "end_node": "microanalytical (CHN)"
    },
    {
        "start_node": "characterization",
        "relationship": "technique",
        "end_node": "single crystal X-ray diffraction"
    }
]