[
    {
        "start_node": "COF",
        "relationship": "contain",
        "end_node": "Tunable D-pi-A polymers"
    },
    {
        "start_node": "Tunable D-pi-A polymers",
        "relationship": "property",
        "end_node": "vinylene linkage"
    },
    {
        "start_node": "vinylene-linked polymers",
        "relationship": "used_for",
        "end_node": "visible-light driven H-2 production"
    },
    {
        "start_node": "H-2 production",
        "relationship": "efficiency_improvement",
        "end_node": "high efficiency"
    },
    {
        "start_node": "design",
        "relationship": "involved_in",
        "end_node": "rational design"
    },
    {
        "start_node": "synthesis",
        "relationship": "involved_in",
        "end_node": "rational design and synthesis"
    },
    {
        "start_node": "D-pi-A polymers",
        "relationship": "feature",
        "end_node": "in-plane conjugation"
    },
    {
        "start_node": "in-plane conjugation",
        "relationship": "impact_on",
        "end_node": "broaden visible-light absorption band"
    },
    {
        "start_node": "electron push-pull interaction",
        "relationship": "enhancement",
        "end_node": "promote charge separation"
    },
    {
        "start_node": "steric hindrance",
        "relationship": "reduction",
        "end_node": "improve photocatalytic performance"
    },
    {
        "start_node": "photocatalytic performance",
        "relationship": "improved_by",
        "end_node": "charge separation and transfer"
    }
]