[
    {
        "start_node": "COF",
        "relationship": "transform_into",
        "end_node": "osteosarcoma"
    },
    {
        "start_node": "Cemento-Ossifying Fibroma",
        "relationship": "case_study",
        "end_node": "58-year-old woman"
    },
    {
        "start_node": "symptom",
        "relationship": "manifestation",
        "end_node": "hearing loss"
    },
    {
        "start_node": "hearing loss",
        "relationship": "caused_by",
        "end_node": "COF"
    },
    {
        "start_node": "tinnitus",
        "relationship": "coexisting_condition",
        "end_node": "initial presentation"
    },
    {
        "start_node": "MRI",
        "relationship": "diagnostic_imaging",
        "end_node": "mass"
    },
    {
        "start_node": "mass",
        "relationship": "location",
        "end_node": "right pterygoid process of sphenoid bone"
    },
    {
        "start_node": "COF",
        "relationship": "pathology",
        "end_node": "Ki-67 index (8%-10%)"
    },
    {
        "start_node": "repeated_resection",
        "relationship": "treatment",
        "end_node": "nine endoscopic surgeries"
    },
    {
        "start_node": "radiotherapy",
        "relationship": "treatment",
        "end_node": "administered"
    },
    {
        "start_node": "COF",
        "relationship": "transformation",
        "end_node": "osteosarcoma (6th biopsy)"
    },
    {
        "start_node": "malignant_transition",
        "relationship": "risk_factor",
        "end_node": "high Ki-67 index"
    },
    {
        "start_node": "prognosis",
        "relationship": "outcome",
        "end_node": "poor"
    }
]