[
    {
        "start_node": "COF",
        "relationship": "used_in",
        "end_node": "Ru-triazine covalent organic framework"
    },
    {
        "start_node": "Plastic Chip Electrode (PCE)",
        "relationship": "has_property",
        "end_node": "carbon-polymer composite"
    },
    {
        "start_node": "PCE",
        "relationship": "improves",
        "end_node": "OER performance"
    },
    {
        "start_node": "GCE",
        "relationship": "compared_to",
        "end_node": "PCE"
    },
    {
        "start_node": "Oxygen Evolution Reaction (OER)",
        "relationship": "occurring_on",
        "end_node": "PCE"
    },
    {
        "start_node": "Passivation",
        "relationship": "hindrance_to",
        "end_node": "OER on carbon electrodes"
    },
    {
        "start_node": "Hydrophobicity",
        "relationship": "increased_by",
        "end_node": "rough surface of PCE"
    },
    {
        "start_node": "Linear Sweep Voltammetry",
        "relationship": "evaluated_for",
        "end_node": "modified PCE"
    },
    {
        "start_node": "Stability (chronoamperometry)",
        "relationship": "evaluated_for",
        "end_node": "modified PCE"
    },
    {
        "start_node": "Tafel slope",
        "relationship": "measured_for",
        "end_node": "modified PCE"
    },
    {
        "start_node": "Charge-transfer resistance",
        "relationship": "measured_for",
        "end_node": "modified PCE"
    },
    {
        "start_node": "Gas Chromatography",
        "relationship": "used_to_measure",
        "end_node": "yield of oxygen"
    }
]