[
    {
        "start_node": "TI",
        "relationship": "discusses",
        "end_node": "cross-link ratio"
    },
    {
        "start_node": "cross-link ratio",
        "relationship": "affects",
        "end_node": "permeability"
    },
    {
        "start_node": "polymer materials",
        "relationship": "modified by",
        "end_node": "cross-linking"
    },
    {
        "start_node": "diamond-like architecture",
        "relationship": "network type",
        "end_node": null
    },
    {
        "start_node": "cross-link ratio",
        "relationship": "varies with",
        "end_node": "volume fraction"
    },
    {
        "start_node": "solute-polymer interactions",
        "relationship": "considers",
        "end_node": "two components"
    },
    {
        "start_node": "chain-monomers",
        "relationship": "component",
        "end_node": "interacts with solutes"
    },
    {
        "start_node": "cross-linkers",
        "relationship": "component",
        "end_node": "interacts with solutes"
    },
    {
        "start_node": "Langevin simulations",
        "relationship": "method used",
        "end_node": "study networks"
    },
    {
        "start_node": "cross-link ratio",
        "relationship": "controls",
        "end_node": "solute partitioning, diffusion"
    },
    {
        "start_node": "permeability tuning",
        "relationship": "range",
        "end_node": "two orders of magnitude"
    },
    {
        "start_node": "scaling theories",
        "relationship": "proposed for",
        "end_node": "partitioning, diffusion"
    },
    {
        "start_node": "cross-link ratio",
        "relationship": "rationalizes",
        "end_node": "permeability tuning physics"
    },
    {
        "start_node": "polymeric networks",
        "relationship": "exploits",
        "end_node": "cross-link ratio to tune permeability"
    }
]