[
    {
        "start_node": "COF",
        "relationship": "synthesized_by",
        "end_node": "porous Tetraphenylmethane dendrimers"
    },
    {
        "start_node": "Tetraphenylmethane-ethynylene",
        "relationship": "based_on",
        "end_node": "shape-persistent dendrimers"
    },
    {
        "start_node": "strategy",
        "relationship": "used_for",
        "end_node": "divergent synthesis"
    },
    {
        "start_node": "Sonogashira coupling",
        "relationship": "catalyst",
        "end_node": "Pd"
    },
    {
        "start_node": "terminal alkyne",
        "relationship": "part_of",
        "end_node": "repeat unit"
    },
    {
        "start_node": "aryl iodide",
        "relationship": "reactant",
        "end_node": "coupling reaction"
    },
    {
        "start_node": "tetraphenyl-methane derivative",
        "relationship": "prepared_from",
        "end_node": "alkyne and triazene moieties"
    },
    {
        "start_node": "tetrakis(p-iodophenyl)-methane",
        "relationship": "reactant",
        "end_node": "first generation dendrimer"
    },
    {
        "start_node": "triazene activation",
        "relationship": "step_in",
        "end_node": "dodecaiodo-termination"
    },
    {
        "start_node": "second generation dendrimer",
        "relationship": "produced_by",
        "end_node": "Sonogashira coupling"
    },
    {
        "start_node": "globular shape",
        "relationship": "property",
        "end_node": "persistent"
    },
    {
        "start_node": "well-defined cavities",
        "relationship": "feature",
        "end_node": "second generation dendrimer"
    },
    {
        "start_node": "triazene chemistry",
        "relationship": "unveiled",
        "end_node": "new aspects"
    },
    {
        "start_node": "azo compound",
        "relationship": "generated_by",
        "end_node": "mixing triazene and phenol"
    }
]