[
    {
        "start_node": "COF",
        "relationship": "strategy",
        "end_node": "Supramolecular mineralization"
    },
    {
        "start_node": "Supramolecular mineralization",
        "relationship": "for",
        "end_node": "COF nanoarchitectures"
    },
    {
        "start_node": "COF nanoarchitectures",
        "relationship": "fabricated by",
        "end_node": "pre-assembly and in situ covalent locking"
    },
    {
        "start_node": "pre-assembly and in situ covalent locking",
        "relationship": "reduces",
        "end_node": "entropy"
    },
    {
        "start_node": "entropy reduction",
        "relationship": "facilitates",
        "end_node": "control over growth"
    },
    {
        "start_node": "growth",
        "relationship": "crystallization",
        "end_node": "COFs (1D, 2D, etc.)"
    },
    {
        "start_node": "tailor-made COF",
        "relationship": "effectiveness",
        "end_node": "suppress shuttle effect"
    },
    {
        "start_node": "shuttle effect suppressed",
        "relationship": "improves",
        "end_node": "Zn-I2 battery performance"
    },
    {
        "start_node": "Zn-I2 battery",
        "relationship": "benefits from",
        "end_node": "strong electron-pair interactions"
    },
    {
        "start_node": "electron-pair interactions",
        "relationship": "accelerates",
        "end_node": "conversion of polyiodide"
    }
]