[
    {
        "start_node": "COF",
        "relationship": "design",
        "end_node": "2D Binary Polymer"
    },
    {
        "start_node": "2D Binary Polymer",
        "relationship": "consists_of",
        "end_node": "Heterotriangulenes"
    },
    {
        "start_node": "Heterotriangulenes",
        "relationship": "type",
        "end_node": "B- and N-centered"
    },
    {
        "start_node": "2D Binary Polymer",
        "relationship": "structure",
        "end_node": "honeycomb-kagome"
    },
    {
        "start_node": "2D Binary Polymer",
        "relationship": "comparison",
        "end_node": "hexagonal boron nitride"
    },
    {
        "start_node": "2D Binary Polymer",
        "relationship": "property",
        "end_node": "semiconductor"
    },
    {
        "start_node": "2D Binary Polymer",
        "relationship": "band_gap",
        "end_node": "1.98-2.28 eV"
    },
    {
        "start_node": "2D Binary Polymer",
        "relationship": "electron_conjugation",
        "end_node": "enhanced"
    },
    {
        "start_node": "2D Binary Polymer",
        "relationship": "carrier_mobility_electrons",
        "end_node": "6.70 x 10^3 cm^2 V^-1 s^-1"
    },
    {
        "start_node": "2D Binary Polymer",
        "relationship": "carrier_mobility_holes",
        "end_node": "0.24 x 10^3 cm^2 V^-1 s^-1"
    },
    {
        "start_node": "2D Binary Polymer",
        "relationship": "application",
        "end_node": "photocatalyst/photoelectrocatalyst"
    },
    {
        "start_node": "2D Binary Polymer",
        "relationship": "specific_usage",
        "end_node": "water splitting"
    },
    {
        "start_node": "2D Binary Polymer",
        "relationship": "example",
        "end_node": "2D CTPAB"
    },
    {
        "start_node": "2D CTPAB",
        "relationship": "type",
        "end_node": "with carbonyl bridges"
    }
]