[
    {
        "start_node": "Comprehensive Strategy",
        "relationship": "focus_on",
        "end_node": "Sample Preparation"
    },
    {
        "start_node": "Sample Preparation",
        "relationship": "aim_for",
        "end_node": "Food Contaminants Analysis"
    },
    {
        "start_node": "Food Contaminants Analysis",
        "relationship": "utilizes",
        "end_node": "GC-MS/MS"
    },
    {
        "start_node": "GC-MS/MS",
        "relationship": "preferred_over",
        "end_node": "GC-MS"
    },
    {
        "start_node": "GC-MS/MS",
        "relationship": "provides",
        "end_node": "Greater Separation"
    },
    {
        "start_node": "Multi-residue Analytical Methods",
        "relationship": "trend_in",
        "end_node": "Sample Preparation"
    },
    {
        "start_node": "Methods",
        "relationship": "include",
        "end_node": "QuEChERs, Adsorption Extraction"
    },
    {
        "start_node": "QuEChERs, Adsorption Extraction",
        "relationship": "characteristics",
        "end_node": "Fast, Simple, Cheap, Effective, Robust, Safe"
    },
    {
        "start_node": "Microorganic Contaminants",
        "relationship": "increase_in",
        "end_node": "Worldwide"
    },
    {
        "start_node": "Emerging Concern",
        "relationship": "related_to",
        "end_node": "Microorganic Contaminants"
    },
    {
        "start_node": "MS/MS Separation",
        "relationship": "compared_to",
        "end_node": "Sample Preparation Selectivity"
    },
    {
        "start_node": "Ideal Sample Extraction",
        "relationship": "considerations_for",
        "end_node": "Contaminants of Interest"
    },
    {
        "start_node": "High-Resolution MS",
        "relationship": "cooperates_with",
        "end_node": "Sample Preparation"
    },
    {
        "start_node": "Food Quality and Safety",
        "relationship": "controlled_by",
        "end_node": "Sample Preparation Methods"
    }
]