[
    {
        "start_node": "COF",
        "relationship": "study",
        "end_node": "indocyanine green"
    },
    {
        "start_node": "indocyanine green",
        "relationship": "arranged_in",
        "end_node": "TpPa-1@ICG"
    },
    {
        "start_node": "TpPa-1@ICG",
        "relationship": "enhances",
        "end_node": "fluorescence"
    },
    {
        "start_node": "TpPa-1@ICG",
        "relationship": "improves",
        "end_node": "imaging_capabilities"
    },
    {
        "start_node": "TpPa-1@ICG",
        "relationship": "used_for",
        "end_node": "IBD_lymphatic_imaging"
    },
    {
        "start_node": "IBD",
        "relationship": "has_complications",
        "end_node": "bleeding, polyp_hyperplasia, cancer"
    },
    {
        "start_node": "IBD",
        "relationship": "features",
        "end_node": "lymphangiogenesis, lymphatic_vessel_dysfunction"
    },
    {
        "start_node": "Food_and_Drug_Administration",
        "relationship": "approves",
        "end_node": "indocyanine_green"
    },
    {
        "start_node": "TpPa-1@ICG",
        "relationship": "stability",
        "end_node": "solvent, thermal"
    },
    {
        "start_node": "TpPa-1@ICG",
        "relationship": "modified_for",
        "end_node": "target_molecules"
    }
]