[
    {
        "start_node": "TI",
        "relationship": "describes",
        "end_node": "self-assembly of 3D porous graphene film on zinc fiber for PCB extraction"
    },
    {
        "start_node": "self-assembly",
        "relationship": "part_of",
        "end_node": "process"
    },
    {
        "start_node": "3D porous graphene film",
        "relationship": "product_of",
        "end_node": "self-assembly"
    },
    {
        "start_node": "zinc fiber",
        "relationship": "support_material",
        "end_node": "film application"
    },
    {
        "start_node": "zinc fiber",
        "relationship": "used_for",
        "end_node": "solid-phase microextraction (SPME)"
    },
    {
        "start_node": "SPME",
        "relationship": "method",
        "end_node": "extraction technique"
    },
    {
        "start_node": "polychlorinated biphenyls (PCBs)",
        "relationship": "extracted",
        "end_node": "target compounds"
    }
]