[
    {
        "start_node": "study",
        "relationship": "investigate",
        "end_node": "frictional characteristics"
    },
    {
        "start_node": "bracket",
        "relationship": "type",
        "end_node": "ceramic"
    },
    {
        "start_node": "bracket",
        "relationship": "type",
        "end_node": "stainless steel"
    },
    {
        "start_node": "slot_size",
        "relationship": "affect",
        "end_node": "COF"
    },
    {
        "start_node": "0.018 inches",
        "relationship": "slot_size",
        "end_node": "comparison"
    },
    {
        "start_node": "0.022 inches",
        "relationship": "slot_size",
        "end_node": "comparison"
    },
    {
        "start_node": "ceramic_slot",
        "relationship": "material",
        "end_node": "ceramic"
    },
    {
        "start_node": "metal_slot",
        "relationship": "material",
        "end_node": "stainless steel"
    },
    {
        "start_node": "archwire",
        "relationship": "used_with",
        "end_node": "bracket"
    },
    {
        "start_node": "0.017 x 0.025-in wire",
        "relationship": "archwire_size",
        "end_node": "0.018-in slot"
    },
    {
        "start_node": "0.019 x 0.025-in wire",
        "relationship": "archwire_size",
        "end_node": "0.022-in slot"
    },
    {
        "start_node": "t-test",
        "relationship": "compare",
        "end_node": "slot_size effect"
    },
    {
        "start_node": "ANOVA",
        "relationship": "analyze",
        "end_node": "COF values"
    },
    {
        "start_node": "Tukey's post-hoc test",
        "relationship": "statistical_test",
        "end_node": "confidence_level"
    },
    {
        "start_node": "0.022-in slot",
        "relationship": "COF_value",
        "end_node": "lowest (mu = 0.18)"
    },
    {
        "start_node": "conventional stainless steel bracket",
        "relationship": "COF_value",
        "end_node": "second lowest (mu = 0.21)"
    },
    {
        "start_node": "monocrystalline alumina ceramic bracket",
        "relationship": "COF_value",
        "end_node": "highest (mu = 0.85)"
    },
    {
        "start_node": "stainless steel slots",
        "relationship": "lower",
        "end_node": "COFs compared to ceramic"
    },
    {
        "start_node": "slot size increase",
        "relationship": "impact_on",
        "end_node": "COF reduction"
    }
]