[
    {
        "start_node": "Construction",
        "relationship": "topic",
        "end_node": "Porous Ionic Liquids"
    },
    {
        "start_node": "Porous Liquids (PLs)",
        "relationship": "type",
        "end_node": "Porosity +流动性"
    },
    {
        "start_node": "James (2007)",
        "relationship": "proposed_by",
        "end_node": "Concept"
    },
    {
        "start_node": "Challenges",
        "relationship": "issue",
        "end_node": [
            "Density",
            "Viscosity",
            "Melting Temperature",
            "Materials Cost"
        ]
    },
    {
        "start_node": "Ionic Liquids (ILs)",
        "relationship": "promising_for",
        "end_node": "Porous Ionic Liquids (PILs)"
    },
    {
        "start_node": "Properties of ILs",
        "relationship": "features",
        "end_node": [
            "Tunable physicochemical properties",
            "Economic",
            "Low regeneration energy",
            "Non-corrosivity"
        ]
    },
    {
        "start_node": "PILs based on ILs and porous solids",
        "relationship": "components",
        "end_node": [
            "Porous Organic Cages (POCs)",
            "Metal-Organic Frameworks (MOFs)",
            "Porous Carbons",
            "Zeolites",
            "Porous Polymers"
        ]
    },
    {
        "start_node": "PILs properties",
        "relationship": "characteristics",
        "end_node": [
            "Permanent porosity",
            "Negligible volatility",
            "High thermal/chemical stability",
            "Adjustable melting point & viscosity",
            "High gas solubility",
            "Fast gas diffusion"
        ]
    },
    {
        "start_node": "Applications",
        "relationship": "field",
        "end_node": [
            "Gas adsorption/separation",
            "Chiral separation",
            "Catalytic conversion",
            "Extraction",
            "Molecular separations"
        ]
    },
    {
        "start_node": "Synthesis strategies",
        "relationship": "review_topic",
        "end_node": "Recent progress"
    },
    {
        "start_node": "Challenges and future",
        "relationship": "conclusion",
        "end_node": "Summary & prospects"
    }
]