[
    {
        "start_node": "Tribology",
        "relationship": "study",
        "end_node": "Titanium sheet"
    },
    {
        "start_node": "Commercial pure titanium sheet",
        "relationship": "related_to",
        "end_node": "Warm forming"
    },
    {
        "start_node": "Product quality",
        "relationship": "affected_by",
        "end_node": "Tribological conditions"
    },
    {
        "start_node": "Forming limits",
        "relationship": "affected_by",
        "end_node": "Tribological conditions"
    },
    {
        "start_node": "Tool service life",
        "relationship": "affected_by",
        "end_node": "Tribological conditions"
    },
    {
        "start_node": "Orthogonal design",
        "relationship": "method",
        "end_node": "Twist compression test"
    },
    {
        "start_node": "Temperature range",
        "relationship": "applied_in",
        "end_node": "25-300 degrees C"
    },
    {
        "start_node": "Coefficient of friction (CoF)",
        "relationship": "measured",
        "end_node": "Warm forming"
    },
    {
        "start_node": "Lubrication",
        "relationship": "factor",
        "end_node": "CoF"
    },
    {
        "start_node": "Graphite",
        "relationship": "improves",
        "end_node": "Friction condition"
    },
    {
        "start_node": "Molybdenum disulfide (MoS2)",
        "relationship": "improves",
        "end_node": "Friction condition"
    },
    {
        "start_node": "Cr12MoV",
        "relationship": "tool_material",
        "end_node": "Tribo-pair"
    },
    {
        "start_node": "QAl10-3-1.5",
        "relationship": "tool_material",
        "end_node": "Tribo-pair"
    },
    {
        "start_node": "Surface roughness",
        "relationship": "influences",
        "end_node": "CoF"
    },
    {
        "start_node": "Sliding velocity",
        "relationship": "affects",
        "end_node": "CoF"
    },
    {
        "start_node": "Normal pressure",
        "relationship": "variable",
        "end_node": "CoF"
    },
    {
        "start_node": "Temperature",
        "relationship": "variable",
        "end_node": "CoF"
    },
    {
        "start_node": "Coefficient of friction difference",
        "relationship": "max_reduction",
        "end_node": "0.318"
    }
]