[
    {
        "start_node": "Removal",
        "relationship": "focus_on",
        "end_node": "Heavy_metal_radiation"
    },
    {
        "start_node": "Heavy_metal_radiation",
        "relationship": "problem",
        "end_node": "Water_pollution"
    },
    {
        "start_node": "Water_pollution",
        "relationship": "caused_by",
        "end_node": "Radioactive_substances"
    },
    {
        "start_node": "Radioactive_substances",
        "relationship": "event",
        "end_node": "Chernobyl_Fukushima"
    },
    {
        "start_node": "Chernobyl_Fukushima",
        "relationship": "nuclear_accidents",
        "end_node": "Nuclear_disasters"
    },
    {
        "start_node": "Conventional_methods",
        "relationship": "inefficient_for",
        "end_node": "Radioactive_decontamination"
    },
    {
        "start_node": "Nanotechnology",
        "relationship": "solution",
        "end_node": "Water_purification"
    },
    {
        "start_node": "Nano_materials",
        "relationship": "examples",
        "end_node": [
            "Metal_oxides",
            "Metallic_ORC",
            "Nanoparticle_membranes"
        ]
    },
    {
        "start_node": "Metal_oxides",
        "relationship": "property",
        "end_node": "High_adsorption_capacity"
    },
    {
        "start_node": "Metallic_ORC",
        "relationship": "property",
        "end_node": "Large_specific_surface_area"
    },
    {
        "start_node": "Nanoparticle_membranes",
        "relationship": "property",
        "end_node": "High_tensile_strength"
    },
    {
        "start_node": "Nanomaterials",
        "relationship": "application",
        "end_node": "Water_purification_systems"
    },
    {
        "start_node": "Future_prospects",
        "relationship": "believed_for",
        "end_node": "Removal_of_contaminants"
    },
    {
        "start_node": "Water",
        "relationship": "contaminated_by",
        "end_node": "Heavy_metals_radionuclides"
    },
    {
        "start_node": "Nanotechnology",
        "relationship": "role",
        "end_node": "Next_generation_solution"
    }
]