[
    {
        "start_node": "COF",
        "relationship": "related_to",
        "end_node": "CO2 conversion"
    },
    {
        "start_node": "strategy",
        "relationship": "implies",
        "end_node": "one-pot non-covalent heterogenization"
    },
    {
        "start_node": "strategy",
        "relationship": "follows",
        "end_node": "aromatization of HpolyILs"
    },
    {
        "start_node": "HpolyILs",
        "relationship": "used_for",
        "end_node": "dynamic imine assembly"
    },
    {
        "start_node": "HpolyILs",
        "relationship": "enhances",
        "end_node": "Lewis acidity"
    },
    {
        "start_node": "imidazolium IL",
        "relationship": "possesses",
        "end_node": "C-2 proton acidity"
    },
    {
        "start_node": "dynamic covalent polyILs",
        "relationship": "catalyst",
        "end_node": "epoxide ring-opening"
    },
    {
        "start_node": "conditions",
        "relationship": "applies_to",
        "end_node": "1 atm, 50-90°C"
    },
    {
        "start_node": "catalyst",
        "relationship": "features",
        "end_node": "metal-/cocatalyst-free"
    },
    {
        "start_node": "recyclability",
        "relationship": "displayed_by",
        "end_node": "dynamic covalent polyILs"
    },
    {
        "start_node": "application",
        "relationship": "targets",
        "end_node": "CO2 utilization"
    },
    {
        "start_node": "approach",
        "relationship": "enables",
        "end_node": "tailor-made catalyst design"
    },
    {
        "start_node": "regulation",
        "relationship": "controlled",
        "end_node": "acid-base catalysis"
    }
]