[
    {
        "start_node": "COF",
        "relationship": "contain",
        "end_node": "pyridinyl-phenanzine conjugated microporous polymer"
    },
    {
        "start_node": "COF",
        "relationship": "feature",
        "end_node": "spherical morphology"
    },
    {
        "start_node": "COF",
        "relationship": "property",
        "end_node": "large surface area (371 m²/g)"
    },
    {
        "start_node": "COF",
        "relationship": "property",
        "end_node": "high thermal stability (T-d10 = 625°C)"
    },
    {
        "start_node": "COF",
        "relationship": "property",
        "end_node": "char yield = 81.7 wt%"
    },
    {
        "start_node": "COF",
        "relationship": "transform",
        "end_node": "Ag@TPPQP CMP nanocatalysts"
    },
    {
        "start_node": "Ag@TPPQP CMP",
        "relationship": "function",
        "end_node": "nitrophenol reduction catalyst"
    },
    {
        "start_node": "Ag@TPPQP CMP",
        "relationship": "rate",
        "end_node": "normalized rate of 19.4 mg⁻¹ s⁻¹"
    },
    {
        "start_node": "TPPQP CMP",
        "relationship": "component",
        "end_node": "pyridinic units"
    },
    {
        "start_node": "pyridinic units",
        "relationship": "interaction",
        "end_node": "phenolic OH groups of p-nitrophenol"
    }
]