[
    {
        "start_node": "Micro/Nanomaterials",
        "relationship": "application_in",
        "end_node": "Adsorption_and_Sensing"
    },
    {
        "start_node": "Active_Ingredients",
        "relationship": "present_in",
        "end_node": "Traditional_Chinese_Medicine"
    },
    {
        "start_node": "Micro/nanomaterials",
        "relationship": "promising_for",
        "end_node": "Adsorption_and_Sensing"
    },
    {
        "start_node": "Functional_Micro/nanomaterials",
        "relationship": "aim_to",
        "end_node": "Effective_Adsorption_or_Sensing"
    },
    {
        "start_node": "Electrochemical_Detection",
        "relationship": "method_used_in",
        "end_node": "Active_Ingredient_Detection"
    },
    {
        "start_node": "Fluorescent_Detection",
        "relationship": "method_used_in",
        "end_node": "Active_Ingredient_Detection"
    },
    {
        "start_node": "Colorimetric_Detection",
        "relationship": "method_used_in",
        "end_node": "Active_Ingredient_Detection"
    },
    {
        "start_node": "Metal-Based_Micro/nanomaterials",
        "relationship": "category_of",
        "end_node": "Micro/nano-Adsorbents_or_Sensors"
    },
    {
        "start_node": "Porous_Materials",
        "relationship": "category_of",
        "end_node": "Micro/nano-Adsorbents_or_Sensors"
    },
    {
        "start_node": "Carbon-Based_Materials",
        "relationship": "category_of",
        "end_node": "Micro/nano-Adsorbents_or_Sensors"
    },
    {
        "start_node": "Graphene/Graphite-Liked_Micro/nanomaterials",
        "relationship": "category_of",
        "end_node": "Micro/nano-Adsorbents_or_Sensors"
    },
    {
        "start_node": "Hybrid_Micro/nanomaterials",
        "relationship": "category_of",
        "end_node": "Micro/nano-Adsorbents_or_Sensors"
    },
    {
        "start_node": "Elsevier_B.V.",
        "relationship": "publisher",
        "end_node": "Article"
    }
]