[
    {
        "start_node": "COF",
        "relationship": "synthesized_from",
        "end_node": "TFA"
    },
    {
        "start_node": "COF",
        "relationship": "synthesized_from",
        "end_node": "TAPB"
    },
    {
        "start_node": "COF",
        "relationship": "synthesized_from",
        "end_node": "Sc(OTf)3"
    },
    {
        "start_node": "COF",
        "relationship": "application_as",
        "end_node": "adsorbent"
    },
    {
        "start_node": "COF",
        "relationship": "used_in",
        "end_node": "SPME"
    },
    {
        "start_node": "SPME",
        "relationship": "enhances",
        "end_node": "eugenol_anesthetics"
    },
    {
        "start_node": "F-COP",
        "relationship": "characterized_by",
        "end_node": "FT-IR"
    },
    {
        "start_node": "F-COP",
        "relationship": "characterized_by",
        "end_node": "XRD"
    },
    {
        "start_node": "F-COP",
        "relationship": "characterized_by",
        "end_node": "N2_adsorption_desorption"
    },
    {
        "start_node": "F-COP",
        "relationship": "characterized_by",
        "end_node": "SEM"
    },
    {
        "start_node": "F-COP",
        "relationship": "adsorption_mechanism",
        "end_node": "pi-pi_affinity"
    },
    {
        "start_node": "F-COP",
        "relationship": "adsorption_mechanism",
        "end_node": "hydrogen_bonding"
    },
    {
        "start_node": "F-COP-SPME_bar",
        "relationship": "property",
        "end_node": "porous_surface"
    },
    {
        "start_node": "F-COP-SPME_bar",
        "relationship": "property",
        "end_node": "good_reproducibility"
    },
    {
        "start_node": "F-COP-SPME_bar",
        "relationship": "property",
        "end_node": "high_stability"
    },
    {
        "start_node": "HPLC",
        "relationship": "analyzed_with",
        "end_node": "Diamonsil_plus_C18_column"
    },
    {
        "start_node": "HPLC",
        "relationship": "detected_by",
        "end_node": "UV-vis_detector"
    },
    {
        "start_node": "method",
        "relationship": "developed_for",
        "end_node": "eugenol_extraction"
    },
    {
        "start_node": "method",
        "relationship": "developed_for",
        "end_node": "eugenyl_acetate_extraction"
    },
    {
        "start_node": "method",
        "relationship": "developed_for",
        "end_node": "methyl_eugenol_extraction"
    },
    {
        "start_node": "method",
        "relationship": "applied_to",
        "end_node": "tilapia_samples"
    },
    {
        "start_node": "method",
        "relationship": "applied_to",
        "end_node": "shrimp_samples"
    }
]