[
    {
        "start_node": "study",
        "relationship": "describes",
        "end_node": "hand breakaway strength model"
    },
    {
        "start_node": "model",
        "relationship": "accounts for",
        "end_node": "grip force, hand-handle friction"
    },
    {
        "start_node": "model",
        "relationship": "predicts",
        "end_node": "increase with COF, circular handle stronger"
    },
    {
        "start_node": "handle shapes",
        "relationship": "tested",
        "end_node": "circular, rectangular"
    },
    {
        "start_node": "COFs",
        "relationship": "tested conditions",
        "end_node": "polyester, bare hand, latex"
    },
    {
        "start_node": "breakaway strength",
        "relationship": "measured for",
        "end_node": "increased with COF, circular > rectangular at high COFs"
    },
    {
        "start_node": "normalized breakaway strength",
        "relationship": "highlights importance",
        "end_node": "fall prevention, handle design optimization"
    },
    {
        "start_node": "models",
        "relationship": "potential application",
        "end_node": "general handle shapes, COF conditions"
    },
    {
        "start_node": "models",
        "relationship": "aim",
        "end_node": "maximize strength, minimize falls"
    }
]