[
    {
        "start_node": "Enhanced Photocatalysis",
        "relationship": "focuses_on",
        "end_node": "Metal/Covalent Organic Frameworks"
    },
    {
        "start_node": "Metal-Organic Frameworks (MOFs)",
        "relationship": "enhanced_by",
        "end_node": "Plasmonic Nanoparticles"
    },
    {
        "start_node": "Covalent Organic Frameworks (COFs)",
        "relationship": "enhanced_by",
        "end_node": "Plasmonic Nanoparticles"
    },
    {
        "start_node": "Plasmonic Nanoparticles",
        "relationship": "improves",
        "end_node": "Visible Light Absorption"
    },
    {
        "start_node": "Localized Surface Plasmon Resonance (LSPR)",
        "relationship": "related_to",
        "end_node": "Plasmonic Nanoparticles"
    },
    {
        "start_node": "Homo/Hetero-Junctions",
        "relationship": "increases",
        "end_node": "Charge Separation"
    },
    {
        "start_node": "Metal-Organic Frameworks (MOFs)/COFs",
        "relationship": "comprises",
        "end_node": "Homo/Hetero-Junctions"
    },
    {
        "start_node": "Mechanisms",
        "relationship": "discussed_in",
        "end_node": "Improved Photocatalytic Performance"
    },
    {
        "start_node": "Challenges",
        "relationship": "addressed_in",
        "end_node": "Research Directions"
    }
]