[
    {
        "start_node": "COF",
        "relationship": "contain",
        "end_node": "Polycage membranes"
    },
    {
        "start_node": "Polycage membranes",
        "relationship": "function",
        "end_node": "molecular separation"
    },
    {
        "start_node": "Polycage membranes",
        "relationship": "function",
        "end_node": "catalysis"
    },
    {
        "start_node": "Polycage membranes",
        "relationship": "property",
        "end_node": "ultrathin crosslinked"
    },
    {
        "start_node": "Polycage membranes",
        "relationship": "property",
        "end_node": "9.5 nm thickness"
    },
    {
        "start_node": "Polycage membranes",
        "relationship": "property",
        "end_node": "high permeance"
    },
    {
        "start_node": "Polycage membranes",
        "relationship": "property",
        "end_node": "strict molecular sieving"
    },
    {
        "start_node": "Polycage membranes",
        "relationship": "material",
        "end_node": "porous organic cages (RCC3 and tren cages)"
    },
    {
        "start_node": "Pd nanoclusters",
        "relationship": "impregnated in",
        "end_node": "Polycage membranes"
    },
    {
        "start_node": "Polycage membranes",
        "relationship": "function",
        "end_node": "self-cleaning (catalytic activity)"
    }
]