[
    {
        "start_node": "CO2RR",
        "relationship": "addresses",
        "end_node": "renewable energy storage"
    },
    {
        "start_node": "CO2RR",
        "relationship": "challenges",
        "end_node": "selective hydrocarbon production"
    },
    {
        "start_node": "heterogeneous catalysts",
        "relationship": "strategies",
        "end_node": "improvement"
    },
    {
        "start_node": "synergies",
        "relationship": "between",
        "end_node": "heterogeneous/homogeneous approaches"
    },
    {
        "start_node": "organic molecules",
        "relationship": "improve",
        "end_node": "binding interactions"
    },
    {
        "start_node": "intermediates",
        "relationship": "stability",
        "end_node": "tuned"
    },
    {
        "start_node": "Faradaic efficiency",
        "relationship": "increased",
        "end_node": "selectivity"
    },
    {
        "start_node": "overpotential",
        "relationship": "decreased",
        "end_node": null
    },
    {
        "start_node": "molecularly enhanced strategies",
        "relationship": "categories",
        "end_node": [
            "molecular-additive-modified",
            "immobilized organometallic complex",
            "reticular",
            "metal-free polymer"
        ]
    },
    {
        "start_node": "challenges",
        "relationship": "in molecular strategies",
        "end_node": "addressed"
    },
    {
        "start_node": "vision",
        "relationship": "for",
        "end_node": "CO2RR electrocatalysis"
    },
    {
        "start_node": "CO2RR",
        "relationship": "towards",
        "end_node": "multi-carbon products"
    }
]