[
    {
        "start_node": "Synthesis",
        "relationship": "describes",
        "end_node": "Microporous Carbonaceous Polymer Nanosheets"
    },
    {
        "start_node": "2D",
        "relationship": "property",
        "end_node": "Nanosheets"
    },
    {
        "start_node": "Polymerization",
        "relationship": "method",
        "end_node": "1,4-dicyanobenzene"
    },
    {
        "start_node": "Zinc Chloride",
        "relationship": "reactant",
        "end_node": "Melting Point (400-500°C)"
    },
    {
        "start_node": "Characteristics",
        "relationship": "includes",
        "end_node": "3-20 nm thickness"
    },
    {
        "start_node": "Porosity",
        "relationship": "feature",
        "end_node": "Well-defined"
    },
    {
        "start_node": "Surface Area",
        "relationship": "value",
        "end_node": "537 m²/g"
    },
    {
        "start_node": "Micropore Volume",
        "relationship": "value",
        "end_node": "0.45 cm³/g"
    },
    {
        "start_node": "CO2 Sorption Capability",
        "relationship": "performance",
        "end_node": "8.14 wt% at 298 K, 1 bar"
    },
    {
        "start_node": "Selectivity",
        "relationship": "ratio",
        "end_node": "25.6 (CO2/N2)"
    },
    {
        "start_node": "Ionothermal Method",
        "relationship": "generality",
        "end_node": "Universality"
    },
    {
        "start_node": "Aromatic Nitrile Monomers",
        "relationship": "input",
        "end_node": "Variety of 2D Carbonaceous Polymer Nanosheets"
    }
]