[
    {
        "start_node": "Nanomaterials",
        "relationship": "used_for",
        "end_node": "Healthcare Biosensing"
    },
    {
        "start_node": "Nanomaterials",
        "relationship": "enhance",
        "end_node": "Sensing Platforms"
    },
    {
        "start_node": "Combination of Nanomaterials",
        "relationship": "exploit",
        "end_node": "Synergistic Properties"
    },
    {
        "start_node": "Carbon Allotropes",
        "relationship": "type_of",
        "end_node": "Nanomaterials"
    },
    {
        "start_node": "Inorganic Nanomaterials",
        "relationship": "type_of",
        "end_node": "Nanomaterials"
    },
    {
        "start_node": "Organic Nanomaterials",
        "relationship": "type_of",
        "end_node": "Nanomaterials"
    },
    {
        "start_node": "Nucleic Acids",
        "relationship": "detected_by",
        "end_node": "Nanomaterials Sensors"
    },
    {
        "start_node": "Viruses",
        "relationship": "detected_by",
        "end_node": "Nanomaterials Sensors"
    },
    {
        "start_node": "Bacteria",
        "relationship": "detected_by",
        "end_node": "Nanomaterials Sensors"
    },
    {
        "start_node": "Cancer Antigens",
        "relationship": "detected_by",
        "end_node": "Nanomaterials Sensors"
    },
    {
        "start_node": "Pharmaceuticals",
        "relationship": "detected_by",
        "end_node": "Nanomaterials Sensors"
    },
    {
        "start_node": "Narcotic Drugs",
        "relationship": "detected_by",
        "end_node": "Nanomaterials Sensors"
    },
    {
        "start_node": "Toxins",
        "relationship": "detected_by",
        "end_node": "Nanomaterials Sensors"
    },
    {
        "start_node": "Contaminants",
        "relationship": "detected_by",
        "end_node": "Nanomaterials Sensors"
    },
    {
        "start_node": "Cells",
        "relationship": "detected_by",
        "end_node": "Nanomaterials Sensors"
    },
    {
        "start_node": "Detection Media (buffers)",
        "relationship": "used_in",
        "end_node": "Sensing Systems"
    },
    {
        "start_node": "Complex Environments (urine, blood, sputum)",
        "relationship": "used_in",
        "end_node": "Sensing Systems"
    },
    {
        "start_node": "Early Disease Screening",
        "relationship": "application_of",
        "end_node": "Nanomaterials Sensing"
    },
    {
        "start_node": "Point-of-Care Testing",
        "relationship": "application_of",
        "end_node": "Nanomaterials Sensing"
    }
]