[
    {
        "start_node": "COF",
        "relationship": "study",
        "end_node": "P1"
    },
    {
        "start_node": "P1",
        "relationship": "is_a",
        "end_node": "CPP"
    },
    {
        "start_node": "CPP",
        "relationship": "property",
        "end_node": "specific_surface_area"
    },
    {
        "start_node": "CPP",
        "relationship": "property",
        "end_node": "optical_band_gap"
    },
    {
        "start_node": "P1",
        "relationship": "photocatalytic_performance",
        "end_node": "hydrogen_evolution"
    },
    {
        "start_node": "P3",
        "relationship": "one_atom_substitution",
        "end_node": "O"
    },
    {
        "start_node": "P4",
        "relationship": "one_atom_substitution",
        "end_node": "Se"
    },
    {
        "start_node": "P3",
        "relationship": "comparison",
        "end_node": "P1",
        "description": "lower_HER, broader_optical_band_gap"
    },
    {
        "start_node": "P4",
        "relationship": "comparison",
        "end_node": "P3",
        "description": "lower_HER, heavy_atom_effect"
    },
    {
        "start_node": "strategy",
        "relationship": "importance",
        "end_node": "one_atom_substitution"
    },
    {
        "start_node": "strategy",
        "relationship": "application",
        "end_node": "D-A_type_polymers",
        "description": "photocatalytic_hydrogen_evolution"
    }
]