[
    {
        "start_node": "COF",
        "relationship": "synthesized_from",
        "end_node": "OMP-NH2"
    },
    {
        "start_node": "OMP-NH2",
        "relationship": "prepared_by",
        "end_node": "solvent-free_synthesis"
    },
    {
        "start_node": "solvent-free_synthesis",
        "relationship": "uses",
        "end_node": "aminophenol, terephthaldehyde"
    },
    {
        "start_node": "solvent-free_synthesis",
        "relationship": "uses",
        "end_node": "block_copolymer_templates"
    },
    {
        "start_node": "OMP-NH2",
        "relationship": "functionalized_with",
        "end_node": "acidic_sites"
    },
    {
        "start_node": "OMP-NH2",
        "relationship": "incorporates",
        "end_node": "palladium"
    },
    {
        "start_node": "palladium",
        "relationship": "in_OMP",
        "end_node": "catalyst"
    },
    {
        "start_node": "catalyst",
        "relationship": "characteristics",
        "end_node": "large BET surface area"
    },
    {
        "start_node": "catalyst",
        "relationship": "characteristics",
        "end_node": "abundant mesopores"
    },
    {
        "start_node": "catalyst",
        "relationship": "characteristics",
        "end_node": "good thermal stability"
    },
    {
        "start_node": "catalyst",
        "relationship": "controlled_by",
        "end_node": "concentration"
    },
    {
        "start_node": "catalyst",
        "relationship": "disperses",
        "end_node": "active_centers"
    },
    {
        "start_node": "catalyst",
        "relationship": "used_for",
        "end_node": "biomass_conversions"
    },
    {
        "start_node": "catalyst",
        "relationship": "used_for",
        "end_node": "cross-coupling_reactions"
    },
    {
        "start_node": "catalyst",
        "relationship": "comparison",
        "end_node": "Amberlyst_15"
    },
    {
        "start_node": "catalyst",
        "relationship": "comparison",
        "end_node": "SBA-15-SO3H"
    },
    {
        "start_node": "catalyst",
        "relationship": "comparison",
        "end_node": "Pd/C"
    },
    {
        "start_node": "catalyst",
        "relationship": "comparison",
        "end_node": "homogeneous_catalysts"
    },
    {
        "start_node": "homogeneous_catalysts",
        "relationship": "includes",
        "end_node": "heteropoly_acid"
    },
    {
        "start_node": "homogeneous_catalysts",
        "relationship": "includes",
        "end_node": "HCl"
    },
    {
        "start_node": "homogeneous_catalysts",
        "relationship": "includes",
        "end_node": "palladium_acetate"
    },
    {
        "start_node": "catalyst",
        "relationship": "green_approach",
        "end_node": "facile_synthesis"
    },
    {
        "start_node": "catalyst",
        "relationship": "application",
        "end_node": "conversion_of_low_cost_feedstocks"
    },
    {
        "start_node": "catalyst",
        "relationship": "application",
        "end_node": "clean_biofuels"
    }
]