[
    {
        "start_node": "COF",
        "relationship": "contain",
        "end_node": "Iron(III) Porphyrin-Based Porous Material"
    },
    {
        "start_node": "Iron(III) Porphyrin-Based Porous Material",
        "relationship": "is",
        "end_node": "UPC-CMP-1"
    },
    {
        "start_node": "UPC-CMP-1",
        "relationship": "synthesized_by",
        "end_node": "Sonogashira-Hagihara coupling reaction"
    },
    {
        "start_node": "UPC-CMP-1",
        "relationship": "property",
        "end_node": "dendrite-like nanostructure"
    },
    {
        "start_node": "UPC-CMP-1",
        "relationship": "catalyst_type",
        "end_node": "photocatalyst"
    },
    {
        "start_node": "UPC-CMP-1",
        "relationship": "activity",
        "end_node": "efficient and selective degradation"
    },
    {
        "start_node": "UPC-CMP-1",
        "relationship": "degrades",
        "end_node": "Congo Red (CR)"
    },
    {
        "start_node": "UPC-CMP-1",
        "relationship": "time_to_degradation",
        "end_node": "120 s"
    },
    {
        "start_node": "UPC-CMP-1",
        "relationship": "selectivity",
        "end_node": "CR over other dyes"
    },
    {
        "start_node": "UPC-CMP-1",
        "relationship": "application",
        "end_node": "dye degradation"
    },
    {
        "start_node": "conjugated microporous polymer",
        "relationship": "considered_for",
        "end_node": "dye degradation candidate"
    }
]