[
    {
        "start_node": "slip resistance",
        "relationship": "study",
        "end_node": "vinyl flooring sheet"
    },
    {
        "start_node": "vinyl flooring sheet",
        "relationship": "feature",
        "end_node": "groove width"
    },
    {
        "start_node": "groove width",
        "relationship": "impact",
        "end_node": "slip resistance"
    },
    {
        "start_node": "vinyl flooring sheet",
        "relationship": "feature",
        "end_node": "groove depth"
    },
    {
        "start_node": "groove depth",
        "relationship": "impact",
        "end_node": "slip resistance"
    },
    {
        "start_node": "vinyl flooring sheet",
        "relationship": "coating",
        "end_node": "urethane coating"
    },
    {
        "start_node": "urethane coating",
        "relationship": "effect",
        "end_node": "slip resistance"
    },
    {
        "start_node": "slip resistance",
        "relationship": "measurement",
        "end_node": "coefficient of friction (COF)"
    },
    {
        "start_node": "COF",
        "relationship": "expression",
        "end_node": "spreading coefficient"
    },
    {
        "start_node": "dynamic COF",
        "relationship": "dependence",
        "end_node": "spreading coefficient, aspect ratio"
    },
    {
        "start_node": "interfacial tension",
        "relationship": "effect",
        "end_node": "COF"
    },
    {
        "start_node": "groove shape",
        "relationship": "influence",
        "end_node": "COF"
    },
    {
        "start_node": "risk",
        "relationship": "related_to",
        "end_node": "sheet-type resin floors"
    }
]