[
    {
        "start_node": "COF",
        "relationship": "study",
        "end_node": "NPI-I"
    },
    {
        "start_node": "NPI-I",
        "relationship": "synthesis_procedure",
        "end_node": "electrospinning"
    },
    {
        "start_node": "electrospinning",
        "relationship": "uses",
        "end_node": "solution"
    },
    {
        "start_node": "solution",
        "relationship": "components",
        "end_node": "tetrakis(4-aminophenyl)methane"
    },
    {
        "start_node": "solution",
        "relationship": "components",
        "end_node": "naphthalene 1,4,5,8-tetracarboxylic dianhydride"
    },
    {
        "start_node": "solution",
        "relationship": "components",
        "end_node": "polyvinylpyrrolidone"
    },
    {
        "start_node": "polyvinylpyrrolidone",
        "relationship": "removal",
        "end_node": "pyrolysis"
    },
    {
        "start_node": "pyrolysis",
        "relationship": "results_in",
        "end_node": "robust, flexible membrane"
    },
    {
        "start_node": "membrane",
        "relationship": "property",
        "end_node": "microporosity"
    },
    {
        "start_node": "membrane",
        "relationship": "BET_surface_area",
        "end_node": "222 m²/g"
    },
    {
        "start_node": "membrane",
        "relationship": "pore_volume",
        "end_node": "0.121 cm³/g"
    },
    {
        "start_node": "membrane",
        "relationship": "ultramicropores",
        "end_node": "high amount"
    },
    {
        "start_node": "membrane",
        "relationship": "CO2_uptake",
        "end_node": "3.0 mmol/g"
    },
    {
        "start_node": "membrane",
        "relationship": "selectivity",
        "end_node": "CO2/CH4, 20"
    },
    {
        "start_node": "PVP",
        "relationship": "role",
        "end_node": "template"
    },
    {
        "start_node": "PVP",
        "relationship": "effect",
        "end_node": "micropore_reduction"
    },
    {
        "start_node": "NPI-I",
        "relationship": "comparison",
        "end_node": "bulk_material"
    },
    {
        "start_node": "study",
        "relationship": "conclusion",
        "end_node": "large-scale production feasibility"
    },
    {
        "start_node": "study",
        "relationship": "impact",
        "end_node": "gas_separation_applications"
    }
]