[
    {
        "start_node": "COF",
        "relationship": "synthetic_strategy",
        "end_node": "P1"
    },
    {
        "start_node": "COF",
        "relationship": "synthetic_strategy",
        "end_node": "P2"
    },
    {
        "start_node": "COF",
        "relationship": "synthetic_strategy",
        "end_node": "P3"
    },
    {
        "start_node": "COF",
        "relationship": "synthetic_strategy",
        "end_node": "P4"
    },
    {
        "start_node": "P1",
        "relationship": "property",
        "end_node": "BET (m²/g)"
    },
    {
        "start_node": "P1",
        "relationship": "comparison",
        "end_node": "878.46 (P2)"
    },
    {
        "start_node": "P1",
        "relationship": "type",
        "end_node": "PIMs"
    },
    {
        "start_node": "P2",
        "relationship": "property",
        "end_node": "BET (m²/g)"
    },
    {
        "start_node": "P2",
        "relationship": "property",
        "end_node": "ultramicropores"
    },
    {
        "start_node": "P2",
        "relationship": "gas_uptake",
        "end_node": "best"
    },
    {
        "start_node": "P3",
        "relationship": "property",
        "end_node": "BET (m²/g)"
    },
    {
        "start_node": "P4",
        "relationship": "property",
        "end_node": "BET (m²/g)"
    },
    {
        "start_node": "P4",
        "relationship": "pore_size",
        "end_node": "1.17 nm"
    },
    {
        "start_node": "COF",
        "relationship": "application",
        "end_node": "carbon_dioxide_capture"
    },
    {
        "start_node": "COF",
        "relationship": "application",
        "end_node": "methane_storage"
    },
    {
        "start_node": "COF",
        "relationship": "application",
        "end_node": "hydrogen_storage"
    },
    {
        "start_node": "P2",
        "relationship": "reusability",
        "end_node": "5 cycles"
    },
    {
        "start_node": "P2",
        "relationship": "reusability",
        "end_node": "acid/base_treatment"
    }
]