[
    {
        "start_node": "COF",
        "relationship": "constructed_from",
        "end_node": "flexible building blocks"
    },
    {
        "start_node": "F-COF-1",
        "relationship": "is_type_of",
        "end_node": "COF"
    },
    {
        "start_node": "F-COF-1",
        "relationship": "property",
        "end_node": "high porosity"
    },
    {
        "start_node": "F-COF-1",
        "relationship": "property",
        "end_node": "crystallinity"
    },
    {
        "start_node": "F-COF-1",
        "relationship": "iodine_capture_ability",
        "end_node": "5.51 g g^(-1)"
    },
    {
        "start_node": "F-COF-2",
        "relationship": "is_type_of",
        "end_node": "COF"
    },
    {
        "start_node": "F-COF-2",
        "relationship": "property",
        "end_node": "high porosity"
    },
    {
        "start_node": "F-COF-2",
        "relationship": "property",
        "end_node": "crystallinity"
    },
    {
        "start_node": "F-COF-2",
        "relationship": "iodine_capture_ability",
        "end_node": "5.51 g g^(-1)"
    },
    {
        "start_node": "Schiff base condensation reaction",
        "relationship": "method",
        "end_node": "synthesis"
    },
    {
        "start_node": "solventothermal conditions",
        "relationship": "reaction_conditions",
        "end_node": ""
    }
]