[
    {
        "start_node": "Photocatalysis",
        "relationship": "focus_on",
        "end_node": "Solar energy conversion and storage"
    },
    {
        "start_node": "Solar energy",
        "relationship": "promote",
        "end_node": "Sustainable society"
    },
    {
        "start_node": "Efficiency",
        "relationship": "challenge_for",
        "end_node": "Current photocatalytic systems"
    },
    {
        "start_node": "Fundamental factors",
        "relationship": "impact",
        "end_node": "Photocatalytic efficiency"
    },
    {
        "start_node": "Transient absorption spectroscopy (TAS)",
        "relationship": "approach_to",
        "end_node": "Characterise charge carrier dynamics"
    },
    {
        "start_node": "Time-resolved infrared (TRIR) spectroscopy",
        "relationship": "approach_to",
        "end_node": "Characterise reaction pathways"
    },
    {
        "start_node": "Charge carrier dynamics",
        "relationship": "explain",
        "end_node": "Low photocatalytic efficiencies"
    },
    {
        "start_node": "Reaction mechanisms",
        "relationship": "investigated_by",
        "end_node": "TAS and TRIR"
    },
    {
        "start_node": "Heterogeneous photocatalytic systems",
        "relationship": "subject_of",
        "end_node": "TAS and TRIR applications"
    },
    {
        "start_node": "Materials design",
        "relationship": "correlation_with",
        "end_node": "Charge carrier behaviour and photocatalytic activity"
    },
    {
        "start_node": "Time-resolved spectroscopies",
        "relationship": "outlook_for",
        "end_node": "Photocatalyst design strategies"
    }
]