[
    {
        "start_node": "COF",
        "relationship": "targeted_synthesis",
        "end_node": "TZ-PAF"
    },
    {
        "start_node": "TZ-PAF",
        "relationship": "application",
        "end_node": "remediation"
    },
    {
        "start_node": "nuclear_wastewater",
        "relationship": "requirement",
        "end_node": "efficient_removal"
    },
    {
        "start_node": "TZ-PAF",
        "relationship": "contains",
        "end_node": "cationic_porous_aromatic_framework"
    },
    {
        "start_node": "linker_units",
        "relationship": "used_in",
        "end_node": "TZ-PAF"
    },
    {
        "start_node": "4,4'-bipyridine",
        "relationship": "is_linker",
        "end_node": "TZ-PAF"
    },
    {
        "start_node": "tetraphenylmethane",
        "relationship": "as_knot_unit",
        "end_node": "TZ-PAF"
    },
    {
        "start_node": "TZ-PAF",
        "relationship": "structural_stability",
        "end_node": "thermally_stable"
    },
    {
        "start_node": "TZ-PAF",
        "relationship": "structural_stability",
        "end_node": "acid_resistant"
    },
    {
        "start_node": "TZ-PAF",
        "relationship": "sorption_properties",
        "end_node": "high_capacity"
    },
    {
        "start_node": "TcO4-",
        "relationship": "sorbed_by",
        "end_node": "TZ-PAF"
    },
    {
        "start_node": "ReO4-",
        "relationship": "compared_with",
        "end_node": "TcO4-"
    },
    {
        "start_node": "TZ-PAF",
        "relationship": "removal_depth",
        "end_node": "5.02e+06 mL g^-1"
    },
    {
        "start_node": "low_density_skeleton",
        "relationship": "contributes_to",
        "end_node": "sorption_sites"
    },
    {
        "start_node": "XPS_analysis",
        "relationship": "technique_used",
        "end_node": "capture_mechanism"
    },
    {
        "start_node": "SEM_analysis",
        "relationship": "technique_used",
        "end_node": "capture_mechanism"
    },
    {
        "start_node": "anion_exchange_process",
        "relationship": "mechanism",
        "end_node": "TcO4-/ReO4-"
    },
    {
        "start_node": "TZ-PAF",
        "relationship": "reusability",
        "end_node": "64.6% acidic_solution"
    },
    {
        "start_node": "TZ-PAF",
        "relationship": "reusability",
        "end_node": "77.6% simulated_nuclear_wastewater"
    }
]