[
    {
        "start_node": "TI",
        "relationship": "discusses",
        "end_node": "central odontogenic fibroma"
    },
    {
        "start_node": "TI",
        "relationship": "features in",
        "end_node": "maxillary sinus"
    },
    {
        "start_node": "AB",
        "relationship": "describes",
        "end_node": "rare benign odontogenic tumor"
    },
    {
        "start_node": "AB",
        "relationship": "accounts for",
        "end_node": "<5% of all odontogenic tumors"
    },
    {
        "start_node": "case report",
        "relationship": "presents",
        "end_node": "aggressive COF"
    },
    {
        "start_node": "case report",
        "relationship": "involves",
        "end_node": "17-year-old girl"
    },
    {
        "start_node": "case report",
        "relationship": "characterized by",
        "end_node": "massive maxillary sinus replenishment"
    },
    {
        "start_node": "literature survey",
        "relationship": "reviews",
        "end_node": "published cases of COF"
    },
    {
        "start_node": "literature survey",
        "relationship": "focuses on",
        "end_node": "radiographic aspects and surgical treatment"
    },
    {
        "start_node": "search strategy",
        "relationship": "includes",
        "end_node": "MEDLINE/PubMed, EMBASE"
    },
    {
        "start_node": "69 cases",
        "relationship": "identified",
        "end_node": "COF"
    },
    {
        "start_node": "new case",
        "relationship": "added",
        "end_node": "literature"
    },
    {
        "start_node": "case study",
        "relationship": "compares",
        "end_node": "COF characteristics"
    },
    {
        "start_node": "case study",
        "relationship": "discusses",
        "end_node": "clinical and radiographic aspects"
    },
    {
        "start_node": "surgical treatment suggestions",
        "relationship": "given for",
        "end_node": "aggressive COF"
    }
]