[
    {
        "start_node": "COF",
        "relationship": "contain",
        "end_node": "diamondoid"
    },
    {
        "start_node": "diamondoid",
        "relationship": "contain",
        "end_node": "metal-organic materials (MOMs)"
    },
    {
        "start_node": "MOMs",
        "relationship": "contain",
        "end_node": "Co(II) or Zn(II) cations"
    },
    {
        "start_node": "cations",
        "relationship": "linked_by",
        "end_node": "ligands"
    },
    {
        "start_node": "ligands",
        "relationship": "type_of",
        "end_node": "4-(2-(4-pyridyl)ethenyl)benzoate (1)"
    },
    {
        "start_node": "ligands",
        "relationship": "type_of",
        "end_node": "4-(pyridin-4-yl)benzoate (2)"
    },
    {
        "start_node": "ligands",
        "relationship": "type_of",
        "end_node": "4-(pyridin-4-yl)acrylate (3)"
    },
    {
        "start_node": "MOMs",
        "relationship": "exhibit",
        "end_node": "1D channels"
    },
    {
        "start_node": "channels",
        "relationship": "pore_limiting_diameter (PLD)",
        "end_node": "1.64 A"
    },
    {
        "start_node": "MOMs",
        "relationship": "exhibit",
        "end_node": "solvent_template"
    },
    {
        "start_node": "solvent",
        "relationship": "controls",
        "end_node": "interpenetration"
    },
    {
        "start_node": "MOMs",
        "relationship": "impact",
        "end_node": "gas sorption parameters"
    },
    {
        "start_node": "MOMs",
        "relationship": "select_for",
        "end_node": "similar pore chemistry"
    },
    {
        "start_node": "MOMs",
        "relationship": "select_for",
        "end_node": "identical polymorphs"
    },
    {
        "start_node": "MOMs",
        "relationship": "show",
        "end_node": "stronger interactions at smaller pores"
    },
    {
        "start_node": "MOMs",
        "relationship": "specifically",
        "end_node": "dia-7i-1-Co"
    },
    {
        "start_node": "dia-7i-1-Co",
        "relationship": "suitable_for",
        "end_node": "physisorption"
    },
    {
        "start_node": "dia-7i-1-Co",
        "relationship": "highest",
        "end_node": "Q(st) for CO2 and CH4"
    },
    {
        "start_node": "Q(st)",
        "relationship": "value",
        "end_node": "20 kJ/mol for CO2"
    },
    {
        "start_node": "Q(st)",
        "relationship": "value",
        "end_node": "26.7 kJ/mol for CH4"
    },
    {
        "start_node": "CH4",
        "relationship": "adsorption",
        "end_node": "grand canonical Monte Carlo simulation"
    }
]