[
    {
        "start_node": "COF",
        "relationship": "cause",
        "end_node": "DNA damage"
    },
    {
        "start_node": "COF condensate (COFC)",
        "relationship": "induce",
        "end_node": "cell viability reduction"
    },
    {
        "start_node": "A549-R cell line",
        "relationship": "hOGG1 deficiency",
        "end_node": null
    },
    {
        "start_node": "A549-R cell line",
        "relationship": "lower IC50",
        "end_node": "A549 cell line"
    },
    {
        "start_node": "A549-R cell line",
        "relationship": "increased DNA damage",
        "end_node": "COFC"
    },
    {
        "start_node": "A549-R cell line",
        "relationship": "delayed repair kinetics",
        "end_node": "DNA damage"
    },
    {
        "start_node": "hOGG1",
        "relationship": "involved in",
        "end_node": "DNA repair of COF-induced damage"
    },
    {
        "start_node": "COFs",
        "relationship": "potentially contribute to",
        "end_node": "cancerogenesis via oxidative DNA damage"
    }
]