[
    {
        "start_node": "COF",
        "relationship": "contain",
        "end_node": "SBI-DV"
    },
    {
        "start_node": "SBI-DV",
        "relationship": "synthesized_from",
        "end_node": "bisphenol A"
    },
    {
        "start_node": "bisphenol A",
        "relationship": "precursor_of",
        "end_node": "SBI-DV"
    },
    {
        "start_node": "SBI-DV",
        "relationship": "polymerizes_to",
        "end_node": "homopolymer"
    },
    {
        "start_node": "homopolymer",
        "relationship": "has_property",
        "end_node": "high surface area (850 m²/g)"
    },
    {
        "start_node": "homopolymer",
        "relationship": "has_ratio",
        "end_node": "SA(micro)/SA(BET): 0.65"
    },
    {
        "start_node": "DVB",
        "relationship": "comparison_with",
        "end_node": "homopolymer"
    },
    {
        "start_node": "DVB",
        "relationship": "polymerizes_to",
        "end_node": "copolymeric networks"
    },
    {
        "start_node": "SBI-DV",
        "relationship": "forms",
        "end_node": "copolymeric networks"
    },
    {
        "start_node": "copolymeric networks",
        "relationship": "contains",
        "end_node": "SBI-DV"
    },
    {
        "start_node": "copolymeric networks",
        "relationship": "microporosity_correlated_with",
        "end_node": "SBI-DV content"
    }
]