[
    {
        "start_node": "COF",
        "relationship": "control",
        "end_node": "D-Co0.75Zn0.25-MOF-74"
    },
    {
        "start_node": "D-Co0.75Zn0.25-MOF-74",
        "relationship": "catalyst",
        "end_node": "cyclic luminol-H2O2 reaction"
    },
    {
        "start_node": "cyclic luminol-H2O2 reaction",
        "relationship": "analyzed",
        "end_node": "enantiomer AAs"
    },
    {
        "start_node": "D-Co0.75Zn0.25-MOF-74",
        "relationship": "recognizes",
        "end_node": "enantiomer AAs"
    },
    {
        "start_node": "enantiomer AAs",
        "relationship": "quantified",
        "end_node": "decay coefficient (k-values)"
    },
    {
        "start_node": "pore size of MOF-74",
        "relationship": "influences",
        "end_node": "selectivity"
    },
    {
        "start_node": "hydrogen-bond interaction",
        "relationship": "influences",
        "end_node": "selectivity"
    },
    {
        "start_node": "D-Co0.75Zn0.25-MOF-74",
        "relationship": "application",
        "end_node": "dairy product quality monitoring"
    },
    {
        "start_node": "D-Co0.75Zn0.25-MOF-74",
        "relationship": "application",
        "end_node": "auxiliary diagnosis"
    }
]