[
    {
        "start_node": "Tribometer",
        "relationship": "used_for",
        "end_node": "measuring COFs of uneven surfaces"
    },
    {
        "start_node": "articular cartilage",
        "relationship": "requires",
        "end_node": "tribometer for COF measurements"
    },
    {
        "start_node": "pin-on-plate tribometer",
        "relationship": "used_in",
        "end_node": "COF measurement system"
    },
    {
        "start_node": "algorithm",
        "relationship": "developed_for",
        "end_node": "accounting for irregularities"
    },
    {
        "start_node": "vertical displacement",
        "relationship": "feature_of",
        "end_node": "pin-on-plate tribometer"
    },
    {
        "start_node": "slope angles",
        "relationship": "tested_up_to",
        "end_node": "24 degrees"
    },
    {
        "start_node": "POM pin",
        "relationship": "tested_against",
        "end_node": "stainless steel plate"
    },
    {
        "start_node": "articular cartilage",
        "relationship": "examined_with",
        "end_node": "articular cartilage samples"
    },
    {
        "start_node": "stifle joint",
        "relationship": "source_of",
        "end_node": "cartilage samples"
    },
    {
        "start_node": "COF",
        "relationship": "increased_at",
        "end_node": "steep slope angles >15 degrees"
    },
    {
        "start_node": "interaction",
        "relationship": "observed_between",
        "end_node": "COF and slope angle"
    },
    {
        "start_node": "algorithm",
        "relationship": "suitable_for",
        "end_node": "low COF detection (±15 degrees)"
    },
    {
        "start_node": "forward and backward movements",
        "relationship": "COF averaging",
        "end_node": "recommended"
    }
]