[
    {
        "start_node": "Synthesis",
        "relationship": "method",
        "end_node": "Solvothermal"
    },
    {
        "start_node": "Solvothermal",
        "relationship": "produces",
        "end_node": "Gallium-Sulphide"
    },
    {
        "start_node": "Gallium-Sulphide",
        "relationship": "characterized",
        "end_node": "Characterization"
    },
    {
        "start_node": "Characterization",
        "relationship": "involves",
        "end_node": "novel compounds"
    },
    {
        "start_node": "novel compounds",
        "relationship": "belongsto",
        "end_node": "Gallium-Sulphide"
    },
    {
        "start_node": "Gallium-Sulphide",
        "relationship": "contains",
        "end_node": "Gallium"
    },
    {
        "start_node": "Gallium-Sulphide",
        "relationship": "contains",
        "end_node": "Sulphur"
    }
]