[
    {
        "start_node": "COF",
        "relationship": "synthesis",
        "end_node": "2D polymer"
    },
    {
        "start_node": "2D polymer",
        "relationship": "method",
        "end_node": "photochemically triggered [2+2]-cycloaddition"
    },
    {
        "start_node": "monomer",
        "relationship": "conversion_to",
        "end_node": "2D polymer"
    },
    {
        "start_node": "single crystal",
        "relationship": "analysis",
        "end_node": "X-ray diffraction"
    },
    {
        "start_node": "X-ray diffraction",
        "relationship": "used_for",
        "end_node": "monomer and polymer"
    },
    {
        "start_node": "2D polymer",
        "relationship": "type",
        "end_node": "single-crystal-to-single-crystal (scsc)"
    },
    {
        "start_node": "product crystals",
        "relationship": "conversion_status",
        "end_node": "quantitative"
    },
    {
        "start_node": "product crystals",
        "relationship": "exfoliation",
        "end_node": "mild conditions"
    },
    {
        "start_node": "AFM",
        "relationship": "measurement",
        "end_node": "heights"
    },
    {
        "start_node": "AFM heights",
        "relationship": "value",
        "end_node": "h(AFM) ≈ 1.2 - 0.5 nm (single layer)"
    },
    {
        "start_node": "AFM heights",
        "relationship": "value",
        "end_node": "h(AFM) ≈ 2.2 - 0.5 nm (double layer)"
    },
    {
        "start_node": "2D polymer",
        "relationship": "property",
        "end_node": "molecular_weight",
        "value": "M = 360 MDa"
    },
    {
        "start_node": "2D polymer",
        "relationship": "property",
        "end_node": "degree_of_polymerization",
        "value": "P-n = 464,900"
    },
    {
        "start_node": "2D polymer",
        "relationship": "sheet_size",
        "end_node": "5 x 5 μm²"
    }
]