[
    {
        "start_node": "COF",
        "relationship": "derive",
        "end_node": "ultrasmall COF nanodots"
    },
    {
        "start_node": "ultrasmall COF nanodots",
        "relationship": "used_for",
        "end_node": "cancer therapy"
    },
    {
        "start_node": "COF nanodots",
        "relationship": "synthesized_by",
        "end_node": "liquid exfoliation"
    },
    {
        "start_node": "COF nanodots",
        "relationship": "modified_with",
        "end_node": "PEG"
    },
    {
        "start_node": "COF nanodots-PEG",
        "relationship": "property",
        "end_node": "physiological stability"
    },
    {
        "start_node": "COF nanodots-PEG",
        "relationship": "property",
        "end_node": "biocompatibility"
    },
    {
        "start_node": "COF nanodots-PEG",
        "relationship": "property",
        "end_node": "light-triggered ROS production"
    },
    {
        "start_node": "COF nanodots-PEG",
        "relationship": "photodynamic_therapy_efficiency",
        "end_node": "excellent"
    },
    {
        "start_node": "COF nanodots-PEG",
        "relationship": "tumor_accumulation",
        "end_node": "good"
    },
    {
        "start_node": "COF nanodots-PEG",
        "relationship": "clearance",
        "end_node": "renal filtration"
    },
    {
        "start_node": "COF nanodots-PEG",
        "relationship": "toxicity",
        "end_node": "none"
    }
]