[
    {
        "start_node": "Synthesis",
        "relationship": "describes",
        "end_node": "heteroboroxines"
    },
    {
        "start_node": "heteroboroxines",
        "relationship": "have",
        "end_node": "MB2O3_core"
    },
    {
        "start_node": "MB2O3_core",
        "relationship": "consists_of",
        "end_node": "M_Sb_Bi_Sn"
    },
    {
        "start_node": "M_Sb_Bi_Sn",
        "relationship": "contains",
        "end_node": "Sb"
    },
    {
        "start_node": "M_Sb_Bi_Sn",
        "relationship": "contains",
        "end_node": "Bi"
    },
    {
        "start_node": "M_Sb_Bi_Sn",
        "relationship": "contains",
        "end_node": "Sn"
    },
    {
        "start_node": "synthesis_method",
        "relationship": "uses",
        "end_node": "LMO2(Sb)"
    },
    {
        "start_node": "synthesis_method",
        "relationship": "uses",
        "end_node": "organotin_carbonate"
    },
    {
        "start_node": "organotin_carbonate",
        "relationship": "contains",
        "end_node": "LPhSn(CO3)"
    },
    {
        "start_node": "parent_boronic_acid",
        "relationship": "impacts",
        "end_node": "condensation_reaction"
    },
    {
        "start_node": "central_atom",
        "relationship": "affects",
        "end_node": "condensation_reaction"
    },
    {
        "start_node": "target_compounds",
        "relationship": "include",
        "end_node": "nitrogen_donor_functionality"
    },
    {
        "start_node": "nitrogen_donor_functionality",
        "relationship": "found_in",
        "end_node": "NH2"
    },
    {
        "start_node": "nitrogen_donor_functionality",
        "relationship": "found_in",
        "end_node": "NMe2"
    },
    {
        "start_node": "nitrogen_donor_functionality",
        "relationship": "found_in",
        "end_node": "CN"
    },
    {
        "start_node": "nitrogen_donor_functionality",
        "relationship": "found_in",
        "end_node": "4-pyridyl"
    },
    {
        "start_node": "4-pyridyl_boroxine",
        "relationship": "forms",
        "end_node": "polymer_chain"
    },
    {
        "start_node": "polymer_chain",
        "relationship": "formed_by",
        "end_node": "NB_interactions"
    },
    {
        "start_node": "polymer_chain",
        "relationship": "state",
        "end_node": "solid_state"
    },
    {
        "start_node": "polymer_chain",
        "relationship": "behaviour",
        "end_node": "collapses_to_monomers"
    },
    {
        "start_node": "solution",
        "relationship": "observes",
        "end_node": "no_intermolecular_bonding"
    }
]