[
    {
        "start_node": "COF",
        "relationship": "is_a",
        "end_node": "Porous Organic Polymer"
    },
    {
        "start_node": "Porous Organic Polymer",
        "relationship": "feature",
        "end_node": "high thermal stability"
    },
    {
        "start_node": "Porous Organic Polymer",
        "relationship": "feature",
        "end_node": "cross-linked framework"
    },
    {
        "start_node": "Porous Organic Polymer",
        "relationship": "feature",
        "end_node": "void spaces for guest molecules"
    },
    {
        "start_node": "Porous Organic Polymer",
        "relationship": "used_for",
        "end_node": "heterogeneous catalysis"
    },
    {
        "start_node": "heterogeneous catalysis",
        "relationship": "type",
        "end_node": "thermal, photochemical, electrochemical"
    },
    {
        "start_node": "COFs",
        "relationship": "synthetic_approach",
        "end_node": "Porous Organic Polymer"
    },
    {
        "start_node": "CTFs",
        "relationship": "synthetic_approach",
        "end_node": "Porous Organic Polymer"
    },
    {
        "start_node": "amorphous POPs",
        "relationship": "synthetic_approach",
        "end_node": "Porous Organic Polymer"
    },
    {
        "start_node": "Porous Organic Polymer",
        "relationship": "modified_by",
        "end_node": "functional modification"
    },
    {
        "start_node": "Porous Organic Polymer",
        "relationship": "application",
        "end_node": "next-generation nanoreactors"
    },
    {
        "start_node": "Metal-free Polymer Catalysts",
        "relationship": "part_of",
        "end_node": "Porous Organic Polymer"
    },
    {
        "start_node": "Metalated Polymer Catalysts",
        "relationship": "part_of",
        "end_node": "Porous Organic Polymer"
    },
    {
        "start_node": "Metal-free Polymer Catalysts",
        "relationship": "used_for",
        "end_node": "photocatalytic CO2 reduction"
    },
    {
        "start_node": "Metalated Polymer Catalysts",
        "relationship": "used_for",
        "end_node": "biofuel upgrades"
    },
    {
        "start_node": "Metalated Polymer Catalysts",
        "relationship": "used_for",
        "end_node": "conversion of waste cooking oil"
    },
    {
        "start_node": "Metalated Polymer Catalysts",
        "relationship": "used_for",
        "end_node": "clean H2 production"
    },
    {
        "start_node": "Precision Synthesis",
        "relationship": "future_opportunity",
        "end_node": "Porous Organic Polymers as nanoreactors"
    }
]