[
    {
        "start_node": "TI",
        "relationship": "discusses",
        "end_node": "slip-preventing materials for road freight"
    },
    {
        "start_node": "AB",
        "relationship": "describes",
        "end_node": "challenges in measuring CoF"
    },
    {
        "start_node": "AB",
        "relationship": "mentions",
        "end_node": "coefficient of friction (CoF) quantification"
    },
    {
        "start_node": "AB",
        "relationship": "presents",
        "end_node": "CoF measurements of materials"
    },
    {
        "start_node": "AB",
        "relationship": "highlights",
        "end_node": "pressure effect on CoF"
    },
    {
        "start_node": "AB",
        "relationship": "addresses",
        "end_node": "variability in standardized CoF values"
    },
    {
        "start_node": "AB",
        "relationship": "introduces",
        "end_node": "statistical method for CoF quantification"
    }
]