[
    {
        "start_node": "Lung cancer",
        "relationship": "cause_of_death",
        "end_node": "death"
    },
    {
        "start_node": "Non-small cell lung cancer",
        "relationship": "type_of",
        "end_node": "Lung cancer"
    },
    {
        "start_node": "ctDNA",
        "relationship": "crucial_for",
        "end_node": "EGFR L858R"
    },
    {
        "start_node": "ctDNA",
        "relationship": "detection_challenge",
        "end_node": "short_size, low_level, short_half-life"
    },
    {
        "start_node": "CRISPR/Cas12a system",
        "relationship": "used_in",
        "end_node": "biosensor"
    },
    {
        "start_node": "MB/Fe3O4@COF/PdAu nanocomposites",
        "relationship": "component_of",
        "end_node": "biosensor"
    },
    {
        "start_node": "MB/Fe3O4@COF/PdAu",
        "relationship": "catalytic_activity_and_signal_amplification",
        "end_node": "nano composite"
    },
    {
        "start_node": "Biosensor",
        "relationship": "properties",
        "end_node": "specificity, stability, selectivity"
    },
    {
        "start_node": "Limit of detection",
        "relationship": "value_for",
        "end_node": "3.3 aM"
    },
    {
        "start_node": "Clinical samples",
        "relationship": "tested_on",
        "end_node": "25 samples"
    },
    {
        "start_node": "Biosensor",
        "relationship": "application",
        "end_node": "diagnosis, prognosis"
    }
]