[
    {
        "start_node": "Photocatalytic",
        "relationship": "study",
        "end_node": "Hydrogen Evolution"
    },
    {
        "start_node": "Water",
        "relationship": "used_for",
        "end_node": "Hydrogen Production"
    },
    {
        "start_node": "CMPs",
        "relationship": "as",
        "end_node": "Photocatalyst"
    },
    {
        "start_node": "Fluorene",
        "relationship": "compared_to",
        "end_node": "Dibenzothiophene Sulfone"
    },
    {
        "start_node": "S-CMP3",
        "relationship": "outperforms",
        "end_node": "Fluorene Analogue"
    },
    {
        "start_node": "S-CMP3",
        "relationship": "highest_rate",
        "end_node": "6076 μmol/h/g (λ>295nm)"
    },
    {
        "start_node": "S-CMP3",
        "relationship": "highest_rate",
        "end_node": "3106 μmol/h/g (λ>420nm)"
    },
    {
        "start_node": "S-CMP3",
        "relationship": "efficiency",
        "end_node": "13.2% at 420 nm"
    },
    {
        "start_node": "S-CMP3",
        "relationship": "outperforms",
        "end_node": "P35 (linear)"
    },
    {
        "start_node": "Porosity",
        "relationship": "impact",
        "end_node": "Sacrificial Photocatalysis"
    },
    {
        "start_node": "Suitable Linkers",
        "relationship": "requirement",
        "end_node": "Charge Transport"
    },
    {
        "start_node": "Wettability",
        "relationship": "essential",
        "end_node": "Water Sorption"
    },
    {
        "start_node": "Quasi-Elastic Neutron Scattering",
        "relationship": "method",
        "end_node": "Material Study"
    }
]