[
    {
        "start_node": "Review",
        "relationship": "discusses",
        "end_node": "biodegradability_of_2D_materials"
    },
    {
        "start_node": "biodegradability_of_2D_materials",
        "relationship": "includes",
        "end_node": "graphene_family_materials"
    },
    {
        "start_node": "biodegradability_of_2D_materials",
        "relationship": "followed_by",
        "end_node": "transition_metals_dichalcogenides"
    },
    {
        "start_node": "biodegradability_of_2D_materials",
        "relationship": "includes",
        "end_node": "oxides"
    },
    {
        "start_node": "biodegradability_of_2D_materials",
        "relationship": "includes",
        "end_node": "Xenes"
    },
    {
        "start_node": "biodegradability_of_2D_materials",
        "relationship": "includes",
        "end_node": "Mxenes"
    },
    {
        "start_node": "biodegradability_of_2D_materials",
        "relationship": "includes",
        "end_node": "non-metallic_2D_materials"
    },
    {
        "start_node": "chemical_functionalization",
        "relationship": "impacts",
        "end_node": "biodegradability"
    },
    {
        "start_node": "degradation-by-design",
        "relationship": "concerns",
        "end_node": "covalent_modification"
    },
    {
        "start_node": "degradation-by-design",
        "relationship": "enhances",
        "end_node": "biodegradability_of_2D_materials"
    },
    {
        "start_node": "biodegradable_2D_conjugates",
        "relationship": "application_in",
        "end_node": "drug_delivery_carriers"
    },
    {
        "start_node": "biodegradable_2D_conjugates",
        "relationship": "application_in",
        "end_node": "bioelectronics"
    },
    {
        "start_node": "biodegradable_2D_conjugates",
        "relationship": "application_in",
        "end_node": "tissue_engineering"
    },
    {
        "start_node": "biodegradation",
        "relationship": "dependence_on",
        "end_node": "material_type"
    },
    {
        "start_node": "biodegradation",
        "relationship": "dependence_on",
        "end_node": "chemical_functionalization"
    },
    {
        "start_node": "biodegradation",
        "relationship": "dependence_on",
        "end_node": "aqueous_dispersibility"
    },
    {
        "start_node": "biodegradation",
        "relationship": "dependence_on",
        "end_node": "redox_potentials"
    }
]