[
    {
        "start_node": "COF",
        "relationship": "structural_motif",
        "end_node": "photocatalysis"
    },
    {
        "start_node": "COFs",
        "relationship": "attract_attention",
        "end_node": "ordered_crystalline_porous"
    },
    {
        "start_node": "COFs",
        "relationship": "characteristics",
        "end_node": "metal_free"
    },
    {
        "start_node": "COFs",
        "relationship": "function",
        "end_node": "semiconductor"
    },
    {
        "start_node": "review",
        "relationship": "aim",
        "end_node": "structure_performance"
    },
    {
        "start_node": "synthetic_strategy",
        "relationship": "improve",
        "end_node": "photocatalysis"
    },
    {
        "start_node": "COFs",
        "relationship": "focus",
        "end_node": "hydrogen_evolution"
    },
    {
        "start_node": "COFs",
        "relationship": "focus",
        "end_node": "carbon_dioxide_reduction"
    },
    {
        "start_node": "COFs",
        "relationship": "focus",
        "end_node": "hydrogen Peroxide"
    },
    {
        "start_node": "COFs",
        "relationship": "focus",
        "end_node": "organic_transformations"
    },
    {
        "start_node": "progress",
        "relationship": "achieved",
        "end_node": "field"
    },
    {
        "start_node": "challenges",
        "relationship": "undertaken",
        "end_node": "COF_photocatalysis"
    },
    {
        "start_node": "opportunities",
        "relationship": "discussed",
        "end_node": "field"
    },
    {
        "start_node": "guidance",
        "relationship": "offer",
        "end_node": "innovative_utilization"
    },
    {
        "start_node": "future",
        "relationship": "directions",
        "end_node": "COF_photocatalysis"
    }
]