[
    {
        "start_node": "Review",
        "relationship": "discusses",
        "end_node": "Hydrogen-bonded Organic Frameworks (HOFs)"
    },
    {
        "start_node": "HOFs",
        "relationship": "properties",
        "end_node": "solution processability"
    },
    {
        "start_node": "HOFs",
        "relationship": "advantages",
        "end_node": "recyclability"
    },
    {
        "start_node": "HOFs",
        "relationship": "application",
        "end_node": "electrocatalysis"
    },
    {
        "start_node": "HOFs",
        "relationship": "comparison",
        "end_node": "zeolites, MOFs, COFs"
    },
    {
        "start_node": "Challenges",
        "relationship": "related_to",
        "end_node": "stabilizing HOFs"
    },
    {
        "start_node": "Challenges",
        "relationship": "related_to",
        "end_node": "permanent porosity maintenance"
    },
    {
        "start_node": "Challenges",
        "relationship": "in_HOFs_as_electrocatalysts",
        "end_node": "weaker hydrogen bonds"
    }
]