[
    {
        "start_node": "TI",
        "relationship": "discusses",
        "end_node": "Pyrazine-Fused Porous Graphitic Frameworks"
    },
    {
        "start_node": "Pyrazine-Fused PGFs",
        "relationship": "are",
        "end_node": "MMMs"
    },
    {
        "start_node": "MMMs",
        "relationship": "improve",
        "end_node": "gas separations"
    },
    {
        "start_node": "MMMs",
        "relationship": "boost",
        "end_node": "H-2/CH4 performance"
    },
    {
        "start_node": "MMMs (6 wt% PGFs)",
        "relationship": "exceed",
        "end_node": "H-2/CH4 Robeson upper bound"
    },
    {
        "start_node": "MMMs",
        "relationship": "address",
        "end_node": "CO2 separation"
    },
    {
        "start_node": "PGF-based MMMs",
        "relationship": "display",
        "end_node": "record-high CO2 permeability"
    },
    {
        "start_node": "PGF-based MMMs",
        "relationship": "maintain",
        "end_node": "selectivities"
    },
    {
        "start_node": "Crystallinity",
        "relationship": "affects",
        "end_node": "performance"
    },
    {
        "start_node": "Study",
        "relationship": "provides",
        "end_node": "high-performance MMMs"
    },
    {
        "start_node": "Design principles",
        "relationship": "open",
        "end_node": "energy-efficient gas separations"
    },
    {
        "start_node": "Manufacturing compatibility",
        "relationship": "aligns with",
        "end_node": "current membrane processes"
    }
]