[
    {
        "start_node": "Tribo-Simulator",
        "relationship": "designed_for",
        "end_node": "Tribological Behavior Study"
    },
    {
        "start_node": "Sheet Metal Forming",
        "relationship": "causes",
        "end_node": "Friction Forces"
    },
    {
        "start_node": "AISI 304 Stainless Steel",
        "relationship": "investigated",
        "end_node": "tribological_behavior"
    },
    {
        "start_node": "AISI 430 Stainless Steel",
        "relationship": "investigated",
        "end_node": "tribological_behavior"
    },
    {
        "start_node": "Texture",
        "relationship": "effect_on",
        "end_node": "COFs"
    },
    {
        "start_node": "Microstructure",
        "relationship": "effect_on",
        "end_node": "COFs"
    },
    {
        "start_node": "Tribo-Simulator",
        "relationship": "manufactured",
        "end_node": null
    },
    {
        "start_node": "Measured COFs",
        "relationship": "repeatability",
        "end_node": "Standard Deviation (similar to 0.02)"
    },
    {
        "start_node": "Bending Under Tension Test",
        "relationship": "comparison",
        "end_node": "Ferritic Steel (33% higher COF)"
    },
    {
        "start_node": "Strip-Tension Test",
        "relationship": "comparison",
        "end_node": "Austenitic Steel (44% higher COF)"
    },
    {
        "start_node": "Friction",
        "relationship": "influenced_by",
        "end_node": "Texture and Microstructure"
    },
    {
        "start_node": "Galling",
        "relationship": "observed",
        "end_node": "Severe Adhesive Wear"
    }
]