[
    {
        "start_node": "COF",
        "relationship": "synthesis",
        "end_node": "HCP-B"
    },
    {
        "start_node": "HCP-B",
        "relationship": "property",
        "end_node": "porous"
    },
    {
        "start_node": "HCP-B",
        "relationship": "constructed_from",
        "end_node": "pyridine-triphenylborane"
    },
    {
        "start_node": "HCP-B",
        "relationship": "method",
        "end_node": "Friedel-Crafts alkylation coupling reaction"
    },
    {
        "start_node": "HCP-B",
        "relationship": "application",
        "end_node": "light hydrocarbon separation"
    },
    {
        "start_node": "light hydrocarbon separation",
        "relationship": "requirement",
        "end_node": "energy efficiency"
    },
    {
        "start_node": "HCP-B",
        "relationship": "advantage",
        "end_node": "low cost, stability, recyclability"
    },
    {
        "start_node": "HCP-B",
        "relationship": "property",
        "end_node": "thermal stability, high surface area"
    },
    {
        "start_node": "HCP-B",
        "relationship": "gas_adsorption",
        "end_node": "ethane, ethylene, acetylene"
    },
    {
        "start_node": "HCP-B",
        "relationship": "gas_adsorption",
        "end_node": "methane"
    },
    {
        "start_node": "HCP-B",
        "relationship": "prediction",
        "end_node": "selective adsorption (IAST)"
    },
    {
        "start_node": "HCP-B",
        "relationship": "potential",
        "end_node": "hydrocarbon separation"
    }
]