[
    {
        "start_node": "COF",
        "relationship": "contain",
        "end_node": "Organic 2D crystals"
    },
    {
        "start_node": "COF",
        "relationship": "contain",
        "end_node": "Polymers"
    },
    {
        "start_node": "Polymers",
        "relationship": "type_of",
        "end_node": "Linear long-chain polymers"
    },
    {
        "start_node": "2D PANI",
        "relationship": "fabrication_process",
        "end_node": "Electrochemical polymerization"
    },
    {
        "start_node": "2D PANI",
        "relationship": "property",
        "end_node": "Molecularly thin (0.8 nm)"
    },
    {
        "start_node": "2D PANI",
        "relationship": "composition",
        "end_node": "PANI chains with avg. MW ~ 31,000"
    },
    {
        "start_node": "PANI chains",
        "relationship": "arrangement",
        "end_node": "Face-to-face, benzene rings vertical, pi-pi interactions, hydrogen bonds"
    },
    {
        "start_node": "2D PANI",
        "relationship": "transfer",
        "end_node": "Various solid surfaces"
    },
    {
        "start_node": "2D PANI",
        "relationship": "property",
        "end_node": "Interesting electrical and optical properties"
    },
    {
        "start_node": "2D PANI",
        "relationship": "application_suggestion",
        "end_node": "Photoelectronic devices"
    }
]