[
    {
        "start_node": "Salen-based PAF",
        "relationship": "used_as",
        "end_node": "anode material"
    },
    {
        "start_node": "Zn/Salen-PAF",
        "relationship": "synthesized_by",
        "end_node": "metal directed method"
    },
    {
        "start_node": "Zn/Salen-PAF",
        "relationship": "capacity",
        "end_node": "631 mAh.g^-1 (50 mA.g^-1)"
    },
    {
        "start_node": "Zn/Salen-PAF",
        "relationship": "high_rate_capability",
        "end_node": "157 mAh.g^-1 (20.0 A.g^-1)"
    },
    {
        "start_node": "Zn/Salen-PAF",
        "relationship": "cycling_capacity",
        "end_node": "218 mAh.g^-1 (5.0 A.g^-1) (2000 cycles)"
    },
    {
        "start_node": "Zn/Salen-PAF",
        "relationship": "comparison",
        "end_node": "Salen-PAF (without metal ions)"
    },
    {
        "start_node": "Zn/Salen-PAF",
        "relationship": "electrical_conductivity",
        "end_node": "better"
    },
    {
        "start_node": "Zn/Salen-PAF",
        "relationship": "active_sites",
        "end_node": "more"
    },
    {
        "start_node": "Zn2+",
        "relationship": "coordinates_with",
        "end_node": "N2O2 unit"
    },
    {
        "start_node": "Zn2+",
        "relationship": "effect",
        "end_node": "improves conjugation, in situ cross-sectional oxidation"
    },
    {
        "start_node": "ligand",
        "relationship": "oxidation",
        "end_node": "C=O bonds"
    },
    {
        "start_node": "XPS",
        "relationship": "investigation",
        "end_node": "Zn/Salen-PAF properties"
    }
]