[
    {
        "start_node": "COF",
        "relationship": "application",
        "end_node": "soil"
    },
    {
        "start_node": "antibiotic resistome",
        "relationship": "increase due to",
        "end_node": "COF application"
    },
    {
        "start_node": "commercial organic fertilizers (COFs)",
        "relationship": "impact on",
        "end_node": "antibiotic resistome"
    },
    {
        "start_node": "livestock industry",
        "relationship": "contribution to",
        "end_node": "antibiotic resistance"
    },
    {
        "start_node": "animal manure",
        "relationship": "source of antibiotic resistance",
        "end_node": "agricultural settings"
    },
    {
        "start_node": "bacterial communities",
        "relationship": "study of",
        "end_node": "COF applications"
    },
    {
        "start_node": "quantitative PCR",
        "relationship": "used for",
        "end_node": "ARG characterization"
    },
    {
        "start_node": "Illumina sequencing",
        "relationship": "used for",
        "end_node": "bacterial community analysis"
    },
    {
        "start_node": "beta lactam resistance",
        "relationship": "enhanced by",
        "end_node": "first COF application"
    },
    {
        "start_node": "vancomycin resistance",
        "relationship": "enhanced by",
        "end_node": "first and second COF applications"
    },
    {
        "start_node": "ARG profiles",
        "relationship": "correlated with",
        "end_node": "bacterial community composition"
    },
    {
        "start_node": "horizontal gene transfer",
        "relationship": "observed in",
        "end_node": "COF-amended soils"
    },
    {
        "start_node": "COFs",
        "relationship": "ARG reservoir",
        "end_node": "agriculturally related environments"
    }
]