[
    {
        "start_node": "COF",
        "relationship": "contain",
        "end_node": "two-dimensional heteropore supramolecular polymers"
    },
    {
        "start_node": "2D HPSPs",
        "relationship": "constructed by",
        "end_node": "cation-π and electrostatic interactions"
    },
    {
        "start_node": "2D HPSPs",
        "relationship": "feature",
        "end_node": "hierarchical pore structures"
    },
    {
        "start_node": "pores",
        "relationship": "type of",
        "end_node": "hexagonal and rectangular (alternating)"
    },
    {
        "start_node": "pore size",
        "relationship": "can be tuned",
        "end_node": "finely"
    },
    {
        "start_node": "2D HPSPs",
        "relationship": "property",
        "end_node": "iodine capture capability"
    },
    {
        "start_node": "capture rate",
        "relationship": "value",
        "end_node": "2.25 g h^(-1) (maximum)"
    },
    {
        "start_node": "mechanism",
        "relationship": "involved in",
        "end_node": "transport-adsorption spatiotemporal separation"
    },
    {
        "start_node": "mechanism",
        "relationship": "involves",
        "end_node": "large hexagonal pores (transport)"
    }
]