[
    {
        "start_node": "TI",
        "relationship": "topic",
        "end_node": "Local Probe Analysis"
    },
    {
        "start_node": "Local Probe Analysis",
        "relationship": "focuses on",
        "end_node": "Structural Properties"
    },
    {
        "start_node": "Local Probe Analysis",
        "relationship": "focuses on",
        "end_node": "Electronic Properties"
    },
    {
        "start_node": "Local Probe Analysis",
        "relationship": "focuses on",
        "end_node": "Optical Properties"
    },
    {
        "start_node": "Structural Properties",
        "relationship": "related to",
        "end_node": "Nanomaterials"
    },
    {
        "start_node": "Electronic Properties",
        "relationship": "related to",
        "end_node": "Nanomaterials"
    },
    {
        "start_node": "Optical Properties",
        "relationship": "related to",
        "end_node": "Nanomaterials"
    }
]