[
    {
        "start_node": "COF",
        "relationship": "contain",
        "end_node": "nanoporous network"
    },
    {
        "start_node": "nanoporous network",
        "relationship": "have",
        "end_node": "pendant nitrile groups"
    },
    {
        "start_node": "pendant nitrile groups",
        "relationship": "transform into",
        "end_node": "hollow microspheres"
    },
    {
        "start_node": "hollow microspheres",
        "relationship": "feature",
        "end_node": "microsphere morphology"
    },
    {
        "start_node": "hollow microspheres",
        "relationship": "synthesized by",
        "end_node": "in situ reduction"
    },
    {
        "start_node": "in situ reduction",
        "relationship": "use",
        "end_node": "boranes"
    },
    {
        "start_node": "modified sorbent",
        "relationship": "result from",
        "end_node": "hollow microspheres"
    },
    {
        "start_node": "modified sorbent",
        "relationship": "increase",
        "end_node": "CO2 capture capacity"
    },
    {
        "start_node": "modified sorbent",
        "relationship": "have",
        "end_node": "high heat of adsorption"
    },
    {
        "start_node": "heat of adsorption",
        "relationship": "value",
        "end_node": "98 kJ mol^(-1)"
    },
    {
        "start_node": "modified sorbent",
        "relationship": "control",
        "end_node": "particle morphology"
    },
    {
        "start_node": "particle morphology",
        "relationship": "tunable",
        "end_node": "1-354 m^2 g^(-1)"
    },
    {
        "start_node": "particle morphology",
        "relationship": "suitable for",
        "end_node": "CO2 capture applications"
    },
    {
        "start_node": "CO2 capture applications",
        "relationship": "require",
        "end_node": "micron-sized spheres"
    },
    {
        "start_node": "average particle size",
        "relationship": "measure",
        "end_node": "50 μm"
    }
]