[
    {
        "start_node": "COF",
        "relationship": "application",
        "end_node": "Fluorescence-Based Sensors"
    },
    {
        "start_node": "COPs",
        "relationship": "subclass_of",
        "end_node": "COFs"
    },
    {
        "start_node": "COPs",
        "relationship": "property",
        "end_node": "large surface areas"
    },
    {
        "start_node": "COPs",
        "relationship": "property",
        "end_node": "chemical stability"
    },
    {
        "start_node": "COPs",
        "relationship": "property",
        "end_node": "insolubility"
    },
    {
        "start_node": "fluorescence spectroscopy",
        "relationship": "method_used",
        "end_node": "sensor detection"
    },
    {
        "start_node": "analytes",
        "relationship": "explored_with",
        "end_node": "COPs_and_COFs"
    },
    {
        "start_node": "heavy metal ions",
        "relationship": "analyte",
        "end_node": "COPs_and_COFs"
    },
    {
        "start_node": "explosives",
        "relationship": "analyte",
        "end_node": "COPs_and_COFs"
    },
    {
        "start_node": "biological molecules",
        "relationship": "analyte",
        "end_node": "COPs_and_COFs"
    },
    {
        "start_node": "amines",
        "relationship": "analyte",
        "end_node": "COPs_and_COFs"
    },
    {
        "start_node": "pH",
        "relationship": "analyte",
        "end_node": "COPs_and_COFs"
    },
    {
        "start_node": "volatile organic compounds",
        "relationship": "analyte",
        "end_node": "COPs_and_COFs"
    },
    {
        "start_node": "solvents",
        "relationship": "analyte",
        "end_node": "COPs_and_COFs"
    },
    {
        "start_node": "iodine",
        "relationship": "analyte",
        "end_node": "COPs_and_COFs"
    },
    {
        "start_node": "enantiomers",
        "relationship": "analyte",
        "end_node": "COPs_and_COFs"
    },
    {
        "start_node": "gases",
        "relationship": "analyte",
        "end_node": "COPs_and_COFs"
    },
    {
        "start_node": "anions",
        "relationship": "analyte",
        "end_node": "COPs_and_COFs"
    },
    {
        "start_node": "mechanisms",
        "relationship": "discussed_in",
        "end_node": "sensing_applications"
    },
    {
        "start_node": "limits of detection",
        "relationship": "quantified_by",
        "end_node": "surveyed_sensors"
    },
    {
        "start_node": "quenching constants",
        "relationship": "quantified_by",
        "end_node": "surveyed_sensors"
    },
    {
        "start_node": "concerns",
        "relationship": "raised_in",
        "end_node": "future_development"
    }
]