[
    {
        "start_node": "COF",
        "relationship": "contains",
        "end_node": "CdS/TpBpy"
    },
    {
        "start_node": "CdS/TpBpy",
        "relationship": "hasproperty",
        "end_node": "flower-like structure"
    },
    {
        "start_node": "flower-like structure",
        "relationship": "improves",
        "end_node": "active sites"
    },
    {
        "start_node": "flower-like structure",
        "relationship": "enhances",
        "end_node": "oxygen absorption"
    },
    {
        "start_node": "CdS/TpBpy",
        "relationship": "hasproperty",
        "end_node": "S-scheme heterojunction"
    },
    {
        "start_node": "S-scheme heterojunction",
        "relationship": "facilitates",
        "end_node": "charge transfer"
    },
    {
        "start_node": "S-scheme heterojunction",
        "relationship": "utilizes",
        "end_node": "built-in electric field"
    },
    {
        "start_node": "CdS/TpBpy",
        "relationship": "results_in",
        "end_node": "H2O2 production"
    },
    {
        "start_node": "H2O2 production",
        "relationship": "value",
        "end_node": "3600 μmol g⁻¹ h⁻¹"
    },
    {
        "start_node": "CdS/TpBpy",
        "relationship": "comparison",
        "end_node": "TpBpy (2.4 times higher)"
    },
    {
        "start_node": "CdS/TpBpy",
        "relationship": "comparison",
        "end_node": "CdS (25.6 times higher)"
    },
    {
        "start_node": "CdS/TpBpy",
        "relationship": "prevents",
        "end_node": "H2O2 decomposition"
    },
    {
        "start_node": "photocatalytic mechanism",
        "relationship": "verified_by",
        "end_node": "experiments and calculations"
    },
    {
        "start_node": "CdS/TpBpy",
        "relationship": "potential_application",
        "end_node": "energy conversion"
    }
]