[
    {
        "start_node": "COF",
        "relationship": "contain",
        "end_node": "salen-based metalated crystalline polymer"
    },
    {
        "start_node": "salen-based crystalline polymer",
        "relationship": "synthesized from",
        "end_node": "corner and square building units"
    },
    {
        "start_node": "building units",
        "relationship": "used with",
        "end_node": "cobalt metal ions"
    },
    {
        "start_node": "Co-salen polymer",
        "relationship": "has property",
        "end_node": "high crystallinity"
    },
    {
        "start_node": "Co-salen polymer",
        "relationship": "has property",
        "end_node": "excellent stability"
    },
    {
        "start_node": "Co-salen polymer",
        "relationship": "possesses",
        "end_node": "paramagnetism"
    },
    {
        "start_node": "Co-salen polymer",
        "relationship": "unique electronic structure"
    },
    {
        "start_node": "Co-salen polymer",
        "relationship": "catalytic activity",
        "end_node": "CO2 and epoxides coupling"
    },
    {
        "start_node": "catalytic activity",
        "relationship": "selectivity for",
        "end_node": "cyclic carbonates"
    },
    {
        "start_node": "Co-salen polymer",
        "relationship": "recyclable",
        "end_node": "favorable (6 cycles)"
    },
    {
        "start_node": "results",
        "relationship": "inspire",
        "end_node": "design and synthesis of metalated salen-based polymers"
    },
    {
        "start_node": "results",
        "relationship": "expand applications to",
        "end_node": "future"
    }
]