[
    {
        "start_node": "COF",
        "relationship": "contain",
        "end_node": "Azobenzene-containing pseudo-2D polymer"
    },
    {
        "start_node": "Azobenzene-containing pseudo-2D polymer",
        "relationship": "prepared_by",
        "end_node": "2DSP"
    },
    {
        "start_node": "2DSP",
        "relationship": "strategy",
        "end_node": "free radical polymerization"
    },
    {
        "start_node": "monomer",
        "relationship": "contains",
        "end_node": "bola amphiphile with azobenzene"
    },
    {
        "start_node": "2D polymer sheets",
        "relationship": "result_of",
        "end_node": "polymerization with vinyl monomers"
    },
    {
        "start_node": "2D polymer sheets",
        "relationship": "property",
        "end_node": "UV-sensitive"
    },
    {
        "start_node": "2D polymer sheets",
        "relationship": "photoresponse",
        "end_node": "trans-to-cis isomerization"
    },
    {
        "start_node": "trans-to-cis isomerization",
        "relationship": "results_in",
        "end_node": "morphological transformation"
    },
    {
        "start_node": "morphological transformation",
        "relationship": "between",
        "end_node": "sheets and rolled-up nanotubes"
    }
]