[
    {
        "start_node": "COF",
        "relationship": "fabricate",
        "end_node": "CMP films"
    },
    {
        "start_node": "CMP films",
        "relationship": "based_on",
        "end_node": "thiophene derivatives"
    },
    {
        "start_node": "Electropolymerization",
        "relationship": "method",
        "end_node": "CMP fabrication"
    },
    {
        "start_node": "Templateless",
        "relationship": "type_of",
        "end_node": "electropolymerization"
    },
    {
        "start_node": "Dichloromethane",
        "relationship": "solvent",
        "end_node": "electropolymerization"
    },
    {
        "start_node": "Surfactant",
        "relationship": "absence_of",
        "end_node": "process"
    },
    {
        "start_node": "Hydrophilic",
        "relationship": "morphology",
        "end_node": "film"
    },
    {
        "start_node": "Hydrophobic",
        "relationship": "morphology",
        "end_node": "film"
    },
    {
        "start_node": "Morphology",
        "relationship": "controlled_by",
        "end_node": "polymerization sites, rate, gas bubbles"
    },
    {
        "start_node": "Monomer",
        "relationship": "component",
        "end_node": "polymerization sites"
    },
    {
        "start_node": "Electrolyte",
        "relationship": "impact_on",
        "end_node": "polymerization rate"
    },
    {
        "start_node": "Gas bubble",
        "relationship": "produced_during",
        "end_node": "polymerization"
    },
    {
        "start_node": "Metronidazole",
        "relationship": "analyte",
        "end_node": "reduction"
    },
    {
        "start_node": "GC electrode",
        "relationship": "modification",
        "end_node": "CMP"
    },
    {
        "start_node": "CMP-modified GC",
        "relationship": "electrode",
        "end_node": "metronidazole reduction"
    },
    {
        "start_node": "Current response",
        "relationship": "increased",
        "end_node": "metronidazole reduction"
    },
    {
        "start_node": "Adsorption-controlled",
        "relationship": "type_of_reduction",
        "end_node": "metronidazole"
    },
    {
        "start_node": "Hydrophobic surface",
        "relationship": "favorable_for",
        "end_node": "metronidazole absorption"
    },
    {
        "start_node": "CMPs",
        "relationship": "application_in",
        "end_node": "electrochemical sensors"
    },
    {
        "start_node": "Breakthrough point",
        "relationship": "proposed",
        "end_node": "sensor applications"
    }
]