[
    {
        "start_node": "COF",
        "relationship": "contain",
        "end_node": "lipidic mesophases"
    },
    {
        "start_node": "lipidic mesophases",
        "relationship": "as nanoreactor",
        "end_node": "organocatalysts"
    },
    {
        "start_node": "organocatalysts",
        "relationship": "catalyze",
        "end_node": "heterogeneously catalyzed asymmetric aldol reactions"
    },
    {
        "start_node": "mesophases",
        "relationship": "confined water",
        "end_node": "channels"
    },
    {
        "start_node": "LCPs",
        "relationship": "type of",
        "end_node": "lipidic cubic phases"
    },
    {
        "start_node": "cubosomes",
        "relationship": "dispersion of",
        "end_node": "LCPs"
    },
    {
        "start_node": "cubosomes",
        "relationship": "nano reactor",
        "end_node": "scaffolds"
    },
    {
        "start_node": "LCPs/cubosomes",
        "relationship": "recyclable",
        "end_node": "nano reactors"
    },
    {
        "start_node": "characterization",
        "relationship": "used for",
        "end_node": "LCPs/cubosomes"
    },
    {
        "start_node": "X-ray scattering",
        "relationship": "method for",
        "end_node": "characterization"
    },
    {
        "start_node": "cryo-transmission electron microscopy",
        "relationship": "method for",
        "end_node": "characterization"
    },
    {
        "start_node": "dynamic light scattering",
        "relationship": "method for",
        "end_node": "characterization"
    }
]