[
    {
        "start_node": "Synthetic Chemistry",
        "relationship": "discusses",
        "end_node": "Discrete Molecules"
    },
    {
        "start_node": "Discrete Molecules",
        "relationship": "includes",
        "end_node": "Linear Polymers"
    },
    {
        "start_node": "Discrete Molecules",
        "relationship": "includes",
        "end_node": "Branched Polymers"
    },
    {
        "start_node": "Discrete Molecules",
        "relationship": "includes",
        "end_node": "Disordered Cross-Linked Networks"
    },
    {
        "start_node": "Nature",
        "relationship": "lacks",
        "end_node": "2D Polymers"
    },
    {
        "start_node": "2D Polymers",
        "relationship": "emergence",
        "end_node": "New Polymerization Strategies"
    },
    {
        "start_node": "2D Polymerization Methods",
        "relationship": "review",
        "end_node": "2DPs"
    },
    {
        "start_node": "2D Polymerization Strategies",
        "relationship": "produces",
        "end_node": "Monolayers"
    },
    {
        "start_node": "2D Polymerization Strategies",
        "relationship": "produces",
        "end_node": "Multilayer Assemblies"
    },
    {
        "start_node": "Bond-forming Reactions",
        "relationship": "used_in",
        "end_node": "2D Polymerization"
    },
    {
        "start_node": "Synthetic Diversity",
        "relationship": "of",
        "end_node": "2DPs"
    },
    {
        "start_node": "Multilayer Stacking Behaviors",
        "relationship": "described_for",
        "end_node": "2DPs"
    },
    {
        "start_node": "Nanoscale Structures",
        "relationship": "analyzed_in",
        "end_node": "2DPs"
    },
    {
        "start_node": "Mesoscale Structures",
        "relationship": "analyzed_in",
        "end_node": "2DPs"
    },
    {
        "start_node": "Macroscale Morphologies",
        "relationship": "analyzed_in",
        "end_node": "2DPs"
    },
    {
        "start_node": "Analytical Tools",
        "relationship": "available_for",
        "end_node": "Characterizing 2DPs"
    },
    {
        "start_node": "Emergent 2DP Properties",
        "relationship": "reviewed",
        "end_node": "Potential Applications"
    },
    {
        "start_node": "Planar Macromolecules",
        "relationship": "potential",
        "end_node": "Applications"
    },
    {
        "start_node": "Achievements in 2D Polymerization",
        "relationship": "highlighted",
        "end_node": "Continued Study Opportunities"
    }
]