[
    {
        "start_node": "Review",
        "relationship": "discusses",
        "end_node": "Gas_Separation"
    },
    {
        "start_node": "Perspective",
        "relationship": "focuses_on",
        "end_node": "Gas_Discrimination"
    },
    {
        "start_node": "Technologies",
        "relationship": "include",
        "end_node": "Gas_Permeable_Membranes"
    },
    {
        "start_node": "Technologies",
        "relationship": "include",
        "end_node": "Metal-Organic_Frameworks"
    },
    {
        "start_node": "Technologies",
        "relationship": "include",
        "end_node": "Microfluidics"
    },
    {
        "start_node": "Technologies",
        "relationship": "include",
        "end_node": "IR_Bandpass_Filters"
    },
    {
        "start_node": "Sensors",
        "relationship": "are",
        "end_node": "Nonselective_or_Semiselective"
    },
    {
        "start_node": "Sensors",
        "relationship": "face_challenges_with",
        "end_node": "Unwanted_Analytes"
    },
    {
        "start_node": "Situations",
        "relationship": "involve",
        "end_node": "Volatile_Organic_Compounds"
    },
    {
        "start_node": "Sensors",
        "relationship": "applied_to",
        "end_node": "Hazardous_Gas_Leak_Detection"
    },
    {
        "start_node": "Sensors",
        "relationship": "applied_to",
        "end_node": "Ambient_Air_Monitoring"
    },
    {
        "start_node": "State",
        "relationship": "summary_of",
        "end_node": "Current_Gas_Sensors_Reviews"
    },
    {
        "start_node": "Field_Use",
        "relationship": "limited_to",
        "end_node": "Laboratory-Controlled_Environments"
    },
    {
        "start_node": "Future_Prospects",
        "relationship": "show",
        "end_node": "Promise_for_Development"
    },
    {
        "start_node": "Future_Prospects",
        "relationship": "target",
        "end_node": "Vapor_Intrusion_Monitoring"
    },
    {
        "start_node": "Review",
        "relationship": "aim",
        "end_node": "Complex_Gas_Mixtures"
    }
]