[
    {
        "start_node": "COF",
        "relationship": "contain",
        "end_node": "atomically dispersed metal"
    },
    {
        "start_node": "atomically dispersed metal",
        "relationship": "activates",
        "end_node": "Fenton-like reaction"
    },
    {
        "start_node": "Fenton-like reaction",
        "relationship": "degrades",
        "end_node": "recalcitrant organic pollutants (ROPs)"
    },
    {
        "start_node": "Au/VO2 catalyst",
        "relationship": "develops",
        "end_node": "atomically dispersed metal-atom alloy"
    },
    {
        "start_node": "atomically dispersed metal-atom alloy",
        "relationship": "consists_of",
        "end_node": "Au atoms (guest)"
    },
    {
        "start_node": "Au atoms",
        "relationship": "substitutes",
        "end_node": "V atoms (host)"
    },
    {
        "start_node": "support",
        "relationship": "hosts",
        "end_node": "VO2(B) nanobelt"
    },
    {
        "start_node": "VO2(B) nanobelt",
        "relationship": "enlarges",
        "end_node": "exposure of Au atoms"
    },
    {
        "start_node": "exposure of Au atoms",
        "relationship": "increases",
        "end_node": "active sites"
    },
    {
        "start_node": "active sites",
        "relationship": "absorbs",
        "end_node": "S2O82- ions"
    },
    {
        "start_node": "EMSIs",
        "relationship": "regulates",
        "end_node": "charge density in Au atoms"
    },
    {
        "start_node": "charge density in Au atoms",
        "relationship": "modifies_to",
        "end_node": "positive Au+"
    },
    {
        "start_node": "Au+",
        "relationship": "lowers",
        "end_node": "energy barrier for S2O82- decomposition"
    },
    {
        "start_node": "S2O82- decomposition",
        "relationship": "results_in",
        "end_node": "SO4.- production"
    },
    {
        "start_node": "Au/VO2 catalyst",
        "relationship": "demonstrates",
        "end_node": "excellent durability"
    },
    {
        "start_node": "Au/VO2 catalyst",
        "relationship": "demonstrates",
        "end_node": "reliability"
    },
    {
        "start_node": "Au/VO2 catalyst",
        "relationship": "efficiency",
        "end_node": "TOF: rhodamine - 21.42 min^(-1)"
    },
    {
        "start_node": "Au/VO2 catalyst",
        "relationship": "efficiency",
        "end_node": "TOF: phenol - 16.19 min^(-1)"
    },
    {
        "start_node": "Au/VO2 catalyst",
        "relationship": "efficiency",
        "end_node": "TOF: bisphenol A - 80.89 min^(-1)"
    }
]