[
    {
        "start_node": "COF",
        "relationship": "activate",
        "end_node": "halide_perovskite_glue"
    },
    {
        "start_node": "halide_perovskite_glue",
        "relationship": "bind",
        "end_node": "2D_COF"
    },
    {
        "start_node": "2D_COF",
        "relationship": "improve",
        "end_node": "conductivity"
    },
    {
        "start_node": "2D_COF",
        "relationship": "detect",
        "end_node": "NO2"
    },
    {
        "start_node": "2D_COF",
        "relationship": "selectivity",
        "end_node": "high"
    },
    {
        "start_node": "2D_COF",
        "relationship": "sensitivity",
        "end_node": "high"
    },
    {
        "start_node": "resonant_microcantilever",
        "relationship": "prove",
        "end_node": "electron_enrichment"
    },
    {
        "start_node": "density_functional_theory",
        "relationship": "analyze",
        "end_node": "electron_transfer"
    },
    {
        "start_node": "sum_frequency_generation",
        "relationship": "analyze",
        "end_node": "device_conductivity_increase"
    },
    {
        "start_node": "halide_perovskite",
        "relationship": "application",
        "end_node": "semiconductor_devices"
    },
    {
        "start_node": "semiconductor_devices",
        "relationship": "include",
        "end_node": "sensor"
    },
    {
        "start_node": "semiconductor_devices",
        "relationship": "include",
        "end_node": "resistor"
    },
    {
        "start_node": "semiconductor_devices",
        "relationship": "include",
        "end_node": "memristor"
    },
    {
        "start_node": "semiconductor_devices",
        "relationship": "include",
        "end_node": "field_emission_transistor"
    }
]