[
    {
        "start_node": "COF",
        "relationship": "study",
        "end_node": "N-carbophenes"
    },
    {
        "start_node": "N-carbophenes",
        "relationship": "property",
        "end_node": "mechanical properties"
    },
    {
        "start_node": "N-carbophenes",
        "relationship": "deformation",
        "end_node": "strain"
    },
    {
        "start_node": "strain",
        "relationship": "impact",
        "end_node": "band gap tuning"
    },
    {
        "start_node": "N-carbophenes",
        "relationship": "range",
        "end_node": "3 <= N <= 9"
    },
    {
        "start_node": "uniaxial strain",
        "relationship": "type",
        "end_node": "strain"
    },
    {
        "start_node": "biaxial strain",
        "relationship": "type",
        "end_node": "strain"
    },
    {
        "start_node": "N-carbophenes",
        "relationship": "band gap behavior",
        "end_node": "maximum at 13%-15%"
    },
    {
        "start_node": "band gap",
        "relationship": "increase",
        "end_node": "13% <= epsilon <= 15%"
    },
    {
        "start_node": "band gap",
        "relationship": "decrease",
        "end_node": "epsilon > 15%"
    },
    {
        "start_node": "band gap opening",
        "relationship": "origin",
        "end_node": "C-C bond stretching"
    },
    {
        "start_node": "C-C bonds",
        "relationship": "involved in",
        "end_node": "4-member rings"
    }
]