[
    {
        "start_node": "COF",
        "relationship": "contain",
        "end_node": "coordination cage"
    },
    {
        "start_node": "coordination cage",
        "relationship": "synthesis",
        "end_node": "Au NPs"
    },
    {
        "start_node": "Au NPs",
        "relationship": "size",
        "end_node": "1.3 nm"
    },
    {
        "start_node": "Au NPs",
        "relationship": "synthesis method",
        "end_node": "CIAC-108"
    },
    {
        "start_node": "CIAC-108",
        "relationship": "type",
        "end_node": "thiacalixarene-based"
    },
    {
        "start_node": "Au NPs",
        "relationship": "size comparison",
        "end_node": "4.7 nm"
    },
    {
        "start_node": "Au NPs",
        "relationship": "anchored on",
        "end_node": "CIAC-108 surface"
    },
    {
        "start_node": "Au NPs",
        "relationship": "catalyst type",
        "end_node": "heterogeneous"
    },
    {
        "start_node": "Au@CIAC-108",
        "relationship": "catalyst type",
        "end_node": "homogeneous"
    },
    {
        "start_node": "Au@CIAC-108",
        "relationship": "application",
        "end_node": "nitroarene reduction"
    },
    {
        "start_node": "Au@CIAC-108",
        "relationship": "application",
        "end_node": "organic dye decomposition"
    },
    {
        "start_node": "Au@CIAC-108",
        "relationship": "enhanced activity compared to",
        "end_node": "Au/CIAC-108-homo, Au@CIAC-108-hetero"
    },
    {
        "start_node": "Au@CIAC-108",
        "relationship": "stability",
        "end_node": "remarkable"
    },
    {
        "start_node": "Au@CIAC-108",
        "relationship": "durability",
        "end_node": "high"
    }
]