[
    {
        "start_node": "COF",
        "relationship": "contain",
        "end_node": "Phthalocyanine-Based 2D Polymer"
    },
    {
        "start_node": "Phthalocyanine-Based 2D Polymer",
        "relationship": "property",
        "end_node": "Ultrafast Nonlinear Optical"
    },
    {
        "start_node": "Phthalocyanine-Based 2D Polymer",
        "relationship": "requirement",
        "end_node": "Solution Processability"
    },
    {
        "start_node": "Phthalocyanine-Based 2D Polymer",
        "relationship": "application",
        "end_node": "Optical Limiting"
    },
    {
        "start_node": "Pc-2DP",
        "relationship": "synthesis",
        "end_node": "Successful"
    },
    {
        "start_node": "Pc-2DP",
        "relationship": "structure",
        "end_node": "Extended π-electrons delocalization"
    },
    {
        "start_node": "Pc-2DP",
        "relationship": "property",
        "end_node": "Few-layered"
    },
    {
        "start_node": "Pc-2DP",
        "relationship": "response",
        "end_node": "Power-dependent NLO"
    },
    {
        "start_node": "Pc-2DP",
        "relationship": "response",
        "end_node": "Wavelength-dependent NLO"
    },
    {
        "start_node": "Pc-2DP",
        "relationship": "response",
        "end_node": "Ultrafast Reverse Saturable Absorption"
    },
    {
        "start_node": "Pc-2DP",
        "relationship": "nonlinear absorption coefficient",
        "end_node": "0.12 cm GW^(-1) (800 nm)"
    },
    {
        "start_node": "Pc-2DP",
        "relationship": "nonlinear absorption coefficient",
        "end_node": "0.19 cm GW^(-1) (1550 nm)"
    },
    {
        "start_node": "MXene (Ti3C2TX)",
        "relationship": "comparison",
        "end_node": "lower NLO performance"
    },
    {
        "start_node": "2H-MoS2",
        "relationship": "comparison",
        "end_node": "lower NLO performance"
    },
    {
        "start_node": "Pc-2DP",
        "relationship": "application",
        "end_node": "Optical Limiting (800 nm)"
    },
    {
        "start_node": "Pc-2DP",
        "relationship": "application",
        "end_node": "Optical Limiting (telecommunication region)"
    },
    {
        "start_node": "Pc-2DP",
        "relationship": "strategy",
        "end_node": "High-performance 2D Organic NLO Polymers"
    }
]