[
    {
        "start_node": "COF",
        "relationship": "modified_by",
        "end_node": "NUC-11"
    },
    {
        "start_node": "NUC-11",
        "relationship": "contains",
        "end_node": "Tm2(CO2)8 SBU"
    },
    {
        "start_node": "NUC-11",
        "relationship": "contains",
        "end_node": "VIVO(H2O)2 unit"
    },
    {
        "start_node": "NUC-11",
        "relationship": "contains",
        "end_node": "uncoordinated CO2H groups"
    },
    {
        "start_node": "NUC-11",
        "relationship": "catalyzes",
        "end_node": "carbonate synthesis"
    },
    {
        "start_node": "NUC-11",
        "relationship": "catalyzes",
        "end_node": "oxidation of mustard gas (CEESO)"
    },
    {
        "start_node": "COF design",
        "relationship": "strategy",
        "end_node": "cation-exchange"
    },
    {
        "start_node": "functionalization",
        "relationship": "applies_to",
        "end_node": "MOFs"
    },
    {
        "start_node": "V.O units",
        "relationship": "enhances",
        "end_node": "performance and applications"
    }
]