[
    {
        "start_node": "Environmental Treatment",
        "relationship": "address",
        "end_node": "Porous Polymeric and Carbonaceous Materials"
    },
    {
        "start_node": "Porous Materials",
        "relationship": "feature",
        "end_node": "Porosity and Tunable Surface Chemistry"
    },
    {
        "start_node": "Functionalization",
        "relationship": "strategy",
        "end_node": "Predesign and Postsynthetic"
    },
    {
        "start_node": "Environmental Treatment",
        "relationship": "application",
        "end_node": "Sorption (organic micropollutants, heavy metals, radionuclides, oil)"
    },
    {
        "start_node": "Environmental Treatment",
        "relationship": "application",
        "end_node": "Membrane Separation (aqueous micropollutants, solvent nanofiltration, desalination, pervaporation)"
    },
    {
        "start_node": "Energy Storage",
        "relationship": "application",
        "end_node": "Batteries (electrodes, separators)"
    },
    {
        "start_node": "Energy Storage",
        "relationship": "application",
        "end_node": "Supercapacitors (electrodes)"
    },
    {
        "start_node": "Porous Polymers",
        "relationship": "merit",
        "end_node": "Intrinsic Conductivity and Physicochemical Stability"
    },
    {
        "start_node": "Porous Carbons",
        "relationship": "material",
        "end_node": "Polymer-Based"
    },
    {
        "start_node": "Functionalization",
        "relationship": "chemistry",
        "end_node": "Key for Each Application"
    },
    {
        "start_node": "Functional Porous Materials",
        "relationship": "understanding",
        "end_node": "Structure-Property Relationships"
    },
    {
        "start_node": "Challenges",
        "relationship": "discussed",
        "end_node": "Environmental Treatment and Energy Storage"
    },
    {
        "start_node": "Perspectives",
        "relationship": "proposed",
        "end_node": "Emerging Functional Porous Materials"
    }
]