[
    {
        "start_node": "TI",
        "relationship": "discusses",
        "end_node": "Hexaarylbenzene"
    },
    {
        "start_node": "Hexaarylbenzene",
        "relationship": "property",
        "end_node": "nonplanar, propeller-shaped geometry"
    },
    {
        "start_node": "Hexaarylbenzene",
        "relationship": "susceptibility",
        "end_node": "low self-aggregation"
    },
    {
        "start_node": "Hexaphenylbenzene (HPB)",
        "relationship": "derivative_of",
        "end_node": "Hexaarylbenzene"
    },
    {
        "start_node": "HAB derivatives",
        "relationship": "requirement",
        "end_node": "poor molecular cohesion, inefficient packing"
    },
    {
        "start_node": "HAB derivatives",
        "relationship": "tailorable",
        "end_node": "native properties"
    },
    {
        "start_node": "HAB core",
        "relationship": "tailoring",
        "end_node": "synthetic optimization"
    },
    {
        "start_node": "HAB aggregates",
        "relationship": "structural_variations",
        "end_node": "cohesion and packing"
    },
    {
        "start_node": "HAB derivatives",
        "relationship": "application",
        "end_node": "liquid crystalline materials"
    },
    {
        "start_node": "HAB derivatives",
        "relationship": "application",
        "end_node": "organic light-emitting diodes"
    },
    {
        "start_node": "HAB derivatives",
        "relationship": "application",
        "end_node": "photochemical switches"
    },
    {
        "start_node": "HAB derivatives",
        "relationship": "application",
        "end_node": "redox materials"
    },
    {
        "start_node": "HAB derivatives",
        "relationship": "application",
        "end_node": "molecular receptors"
    },
    {
        "start_node": "future",
        "relationship": "possibilities",
        "end_node": "HAB scaffold"
    },
    {
        "start_node": "HAB scaffold",
        "relationship": "exploration",
        "end_node": "still underexplored"
    }
]