[
    {
        "start_node": "COF",
        "relationship": "used_for",
        "end_node": "enzyme_immobilization"
    },
    {
        "start_node": "COFs",
        "relationship": "property",
        "end_node": "metal_free"
    },
    {
        "start_node": "COF-LZU1",
        "relationship": "contains",
        "end_node": "HRP"
    },
    {
        "start_node": "HRP",
        "relationship": "embedded_in",
        "end_node": "COF-LZU1"
    },
    {
        "start_node": "COF-LZU1",
        "relationship": "highest_activity",
        "end_node": "HRP"
    },
    {
        "start_node": "COF-LZU1",
        "relationship": "structural_analysis",
        "end_node": "bioactivity"
    },
    {
        "start_node": "COF-LZU1",
        "relationship": "facilitates",
        "end_node": "substrate_accessibility"
    },
    {
        "start_node": "COF-LZU1",
        "relationship": "ideal_conformation",
        "end_node": "enzyme"
    },
    {
        "start_node": "COF-LZU1",
        "relationship": "encapsulates",
        "end_node": "multiple_enzymes"
    },
    {
        "start_node": "COF-LZU1",
        "relationship": "protection",
        "end_node": "enzymes"
    },
    {
        "start_node": "COF-LZU1",
        "relationship": "suitable_for",
        "end_node": "harsh_conditions"
    },
    {
        "start_node": "COF-LZU1",
        "relationship": "recycling",
        "end_node": "enzyme_protection"
    },
    {
        "start_node": "interfacial_interactions",
        "relationship": "understanding",
        "end_node": "COF-host_enzyme"
    },
    {
        "start_node": "substrate_diffusion",
        "relationship": "consideration",
        "end_node": "COF_matrices"
    },
    {
        "start_node": "enzyme_conformation",
        "relationship": "alteration",
        "end_node": "COF"
    },
    {
        "start_node": "COFs",
        "relationship": "application",
        "end_node": "broad_range_applications"
    }
]