[
    {
        "start_node": "study",
        "relationship": "compare",
        "end_node": "tribological_behavior"
    },
    {
        "start_node": "tribological_behavior",
        "relationship": "involves",
        "end_node": "diamond_materials"
    },
    {
        "start_node": "diamond_materials",
        "relationship": "compare",
        "end_node": "ceramics"
    },
    {
        "start_node": "ceramics",
        "relationship": "include",
        "end_node": "Al2O3"
    },
    {
        "start_node": "ceramics",
        "relationship": "include",
        "end_node": "AlN"
    },
    {
        "start_node": "ceramics",
        "relationship": "include",
        "end_node": "Si3N4"
    },
    {
        "start_node": "ceramics",
        "relationship": "include",
        "end_node": "ZrO2"
    },
    {
        "start_node": "Al2O3",
        "relationship": "property",
        "end_node": "fracture_toughness"
    },
    {
        "start_node": "AlN",
        "relationship": "property",
        "end_node": "fracture_toughness"
    },
    {
        "start_node": "Si3N4",
        "relationship": "property",
        "end_node": "fracture_toughness"
    },
    {
        "start_node": "ZrO2",
        "relationship": "property",
        "end_node": "fracture_toughness"
    },
    {
        "start_node": "Al2O3",
        "relationship": "COF",
        "end_node": "higher"
    },
    {
        "start_node": "AlN",
        "relationship": "COF",
        "end_node": "higher"
    },
    {
        "start_node": "Si3N4",
        "relationship": "COF",
        "end_node": "lower"
    },
    {
        "start_node": "ZrO2",
        "relationship": "COF",
        "end_node": "lower"
    },
    {
        "start_node": "load",
        "relationship": "effect_on",
        "end_node": "wear_characteristics"
    },
    {
        "start_node": "sliding_stage",
        "relationship": "effect_on",
        "end_node": "wear_characteristics"
    },
    {
        "start_node": "nanofluids",
        "relationship": "investigated",
        "end_node": "COF"
    },
    {
        "start_node": "nanofluids",
        "relationship": "effect_on",
        "end_node": "wear"
    },
    {
        "start_node": "DI_water",
        "relationship": "comparison",
        "end_node": "nanofluids"
    }
]