[
    {
        "start_node": "SPME",
        "relationship": "technique_in",
        "end_node": "forensic_science"
    },
    {
        "start_node": "Soxhlet_extraction",
        "relationship": "comparison_with",
        "end_node": "SPME"
    },
    {
        "start_node": "functional_materials",
        "relationship": "used_in",
        "end_node": "SPME_coating"
    },
    {
        "start_node": "metal-organic_frameworks",
        "relationship": "example_of",
        "end_node": "functional_materials"
    },
    {
        "start_node": "covalent_organic_frameworks",
        "relationship": "example_of",
        "end_node": "functional_materials"
    },
    {
        "start_node": "carbon-based_materials",
        "relationship": "example_of",
        "end_node": "functional_materials"
    },
    {
        "start_node": "molecularly_imprinted_polymers",
        "relationship": "example_of",
        "end_node": "functional_materials"
    },
    {
        "start_node": "ionic Liquids",
        "relationship": "example_of",
        "end_node": "functional_materials"
    },
    {
        "start_node": "conducting_polymers",
        "relationship": "example_of",
        "end_node": "functional_materials"
    },
    {
        "start_node": "SPME",
        "relationship": "applied_to",
        "end_node": "explosives_analysis"
    },
    {
        "start_node": "SPME",
        "relationship": "applied_to",
        "end_node": "ignitable_liquids"
    },
    {
        "start_node": "SPME",
        "relationship": "applied_to",
        "end_node": "illicit_drugs"
    },
    {
        "start_node": "SPME",
        "relationship": "applied_to",
        "end_node": "poisons"
    },
    {
        "start_node": "SPME",
        "relationship": "applied_to",
        "end_node": "paints"
    },
    {
        "start_node": "SPME",
        "relationship": "applied_to",
        "end_node": "human_odors"
    },
    {
        "start_node": "commercial_coatings",
        "relationship": "comparison_with",
        "end_node": "functional_materials_coatings",
        "end_node_type": "advantages"
    },
    {
        "start_node": "functional_materials_coatings",
        "relationship": "improvement",
        "end_node": "selectivity"
    },
    {
        "start_node": "functional_materials_coatings",
        "relationship": "improvement",
        "end_node": "sensitivity"
    },
    {
        "start_node": "functional_materials_coatings",
        "relationship": "improvement",
        "end_node": "stability"
    },
    {
        "start_node": "silica_support",
        "relationship": "replaced_by",
        "end_node": "metal_support"
    },
    {
        "start_node": "functional_materials_coatings",
        "relationship": "limitation",
        "end_node": "limited_scope",
        "end_node_type": "analytes"
    },
    {
        "start_node": "COFs",
        "relationship": "application_lack",
        "end_node": "forensic_science"
    },
    {
        "start_node": "functional_materials_coatings",
        "relationship": "limitation",
        "end_node": "commercialization_status",
        "end_node_type": "standard_methods"
    },
    {
        "start_node": "functional_materials_coatings",
        "relationship": "future_direction",
        "end_node": "broad_spectrum_applicability"
    },
    {
        "start_node": "functional_materials_coatings",
        "relationship": "future_direction",
        "end_node": "binding_energy_calculation"
    },
    {
        "start_node": "functional_materials_coatings",
        "relationship": "future_direction",
        "end_node": "expanded_analytes"
    },
    {
        "start_node": "functional_materials_coatings",
        "relationship": "future_direction",
        "end_node": "commercialization_protocols"
    }
]