[
    {
        "start_node": "Topological_2D_Polymers",
        "relationship": "contains",
        "end_node": "2D_networks"
    },
    {
        "start_node": "2D_networks",
        "relationship": "property",
        "end_node": "Structural_topology"
    },
    {
        "start_node": "Structural_topology",
        "relationship": "impacts",
        "end_node": "Electronic_properties"
    },
    {
        "start_node": "Electronic_properties",
        "relationship": "includes",
        "end_node": "Dirac_cones"
    },
    {
        "start_node": "Electronic_properties",
        "relationship": "includes",
        "end_node": "Topological_flat_bands"
    },
    {
        "start_node": "Electronic_properties",
        "relationship": "includes",
        "end_node": "Topological_insulators"
    },
    {
        "start_node": "Tight_binding_approach",
        "relationship": "applies_to",
        "end_node": "2D_nets"
    },
    {
        "start_node": "Tight_binding_approach",
        "relationship": "extends_to",
        "end_node": "2nd_neighbour_interactions"
    },
    {
        "start_node": "Tight_binding_approach",
        "relationship": "extends_to",
        "end_node": "Spin_orbit_coupling"
    },
    {
        "start_node": "Electronic_topological_properties",
        "relationship": "calculated_by",
        "end_node": "Chern_numbers"
    },
    {
        "start_node": "Electronic_topological_properties",
        "relationship": "calculated_by",
        "end_node": "Z2_invariants"
    },
    {
        "start_node": "Electronic_topological_properties",
        "relationship": "calculated_by",
        "end_node": "Nanoribbon_approach"
    },
    {
        "start_node": "2D_polymers",
        "relationship": "realizes",
        "end_node": "2D_nets"
    },
    {
        "start_node": "2D_polymers",
        "relationship": "features",
        "end_node": "pi-conjugation"
    },
    {
        "start_node": "2D_polymers",
        "relationship": "features",
        "end_node": "Molecular_connectivity"
    },
    {
        "start_node": "Building_blocks",
        "relationship": "design_for",
        "end_node": "Topological_2D_polymers"
    }
]