[
    {
        "start_node": "S-COF",
        "relationship": "synthesis",
        "end_node": "imine-based"
    },
    {
        "start_node": "S-COF",
        "relationship": "topology",
        "end_node": "compacted honeycomb"
    },
    {
        "start_node": "helically folded ditopic flexible linker",
        "relationship": "used in",
        "end_node": "S-COF synthesis"
    },
    {
        "start_node": "trigonal building block",
        "relationship": "used in",
        "end_node": "S-COF synthesis"
    },
    {
        "start_node": "S-COF",
        "relationship": "comparison with",
        "end_node": "R-COFs (rigid monomer-based)"
    },
    {
        "start_node": "flexible skeleton",
        "relationship": "property of",
        "end_node": "S-COF"
    },
    {
        "start_node": "S-COF",
        "relationship": "formation mechanism",
        "end_node": "pi stacking"
    },
    {
        "start_node": "2D S-COF",
        "relationship": "characterization",
        "end_node": "TEM"
    },
    {
        "start_node": "2D S-COF",
        "relationship": "characterization",
        "end_node": "AFM"
    },
    {
        "start_node": "2D S-COF",
        "relationship": "characterization",
        "end_node": "PXRD"
    },
    {
        "start_node": "2D S-COF",
        "relationship": "characterization",
        "end_node": "TGA"
    },
    {
        "start_node": "2D S-COF",
        "relationship": "characterization",
        "end_node": "FT-IR"
    },
    {
        "start_node": "2D S-COF",
        "relationship": "characterization",
        "end_node": "CD"
    },
    {
        "start_node": "study",
        "relationship": "impact on",
        "end_node": "development of S-COFs"
    },
    {
        "start_node": "study",
        "relationship": "expansion of",
        "end_node": "COF materials scope"
    }
]