[
    {
        "start_node": "TI",
        "relationship": "discusses",
        "end_node": "perovskite solar cells"
    },
    {
        "start_node": "AB",
        "relationship": "describes",
        "end_node": "2D materials in PSCs"
    },
    {
        "start_node": "2D materials",
        "relationship": "used as",
        "end_node": "electrodes"
    },
    {
        "start_node": "2D materials",
        "relationship": "used as",
        "end_node": "charge transport layers"
    },
    {
        "start_node": "2D materials",
        "relationship": "used as",
        "end_node": "additives in perovskite layers"
    },
    {
        "start_node": "2D materials",
        "relationship": "affects",
        "end_node": "charge transport characteristics"
    },
    {
        "start_node": "2D materials",
        "relationship": "impacts",
        "end_node": "crystallization dynamics"
    },
    {
        "start_node": "2D materials",
        "relationship": "affects",
        "end_node": "long-term stability"
    },
    {
        "start_node": "2D materials-based PSCs",
        "relationship": "addresses",
        "end_node": "challenges"
    },
    {
        "start_node": "2D materials-based PSCs",
        "relationship": "prospects for",
        "end_node": "future development"
    }
]