[
    {
        "start_node": "COF",
        "relationship": "contain",
        "end_node": "Collapsed optical fiber"
    },
    {
        "start_node": "Collapsed optical fiber",
        "relationship": "improve",
        "end_node": "thermoluminescence response"
    },
    {
        "start_node": "Ultra-pure silica (F300)",
        "relationship": "used for",
        "end_node": "COF"
    },
    {
        "start_node": "Ultra-pure silica (F300)",
        "relationship": "transformed to",
        "end_node": "flat fiber (FF)"
    },
    {
        "start_node": "PS-COF",
        "relationship": "improved by",
        "end_node": "factor of 6"
    },
    {
        "start_node": "Germanium-doped (Ge)",
        "relationship": "used for",
        "end_node": "COF"
    },
    {
        "start_node": "Ge-COF",
        "relationship": "improvement over",
        "end_node": "3 times"
    },
    {
        "start_node": "Ge-Boron-doped (GeB)",
        "relationship": "used for",
        "end_node": "COF"
    },
    {
        "start_node": "GeB-COF",
        "relationship": "improved by",
        "end_node": "factor of 31"
    },
    {
        "start_node": "GeB-COF",
        "relationship": "transformed to",
        "end_node": "GeB-FF"
    },
    {
        "start_node": "Fused inner walls",
        "relationship": "result of",
        "end_node": "fusing/collapsing technique"
    },
    {
        "start_node": "Defects generation",
        "relationship": "caused by",
        "end_node": "fusing/collapsing"
    },
    {
        "start_node": "Optical fiber (FF)",
        "relationship": "additional peak",
        "end_node": "in TL glow curve"
    },
    {
        "start_node": "Doped FFs",
        "relationship": "higher TL intensity",
        "end_node": "compared to undoped FFs"
    }
]