[
    {
        "start_node": "Synthesis",
        "relationship": "describes",
        "end_node": "Fe-MOF@COF Heterostructures"
    },
    {
        "start_node": "Fe-MOFs",
        "relationship": "property",
        "end_node": "photocatalyst"
    },
    {
        "start_node": "NH2-Fe-MIL-88B@TpPa-1-COF",
        "relationship": "contains",
        "end_node": "core-shell structure"
    },
    {
        "start_node": "F127",
        "relationship": "used_for",
        "end_node": "surface modification"
    },
    {
        "start_node": "uniform coverage",
        "relationship": "enhances",
        "end_node": "contact area"
    },
    {
        "start_node": "imine bond linkage",
        "relationship": "facilitates",
        "end_node": "charge transfer"
    },
    {
        "start_node": "Fe-MOF@COF-3",
        "relationship": "has",
        "end_node": "high Fe2+/Fe3+ ratio"
    },
    {
        "start_node": "photo-Fenton degradation",
        "relationship": "efficiency",
        "end_node": "93.9% (TC.HCl)"
    },
    {
        "start_node": "NH2-Fe-MIL-88B",
        "relationship": "outperformed_by",
        "end_node": "Fe-MOF@COF-3"
    },
    {
        "start_node": "stability",
        "relationship": "improved_by",
        "end_node": "uniform TpPa-1-COF shell"
    },
    {
        "start_node": "toxicity reduction",
        "relationship": "achieved_by",
        "end_node": "photo-Fenton process"
    },
    {
        "start_node": "application_value",
        "relationship": "in",
        "end_node": "environmental governance"
    }
]