[
    {
        "start_node": "COF",
        "relationship": "contains",
        "end_node": "COP-TF@CNi2P"
    },
    {
        "start_node": "COP-TF@CNi2P",
        "relationship": "used_for",
        "end_node": "photocatalytic H2 production"
    },
    {
        "start_node": "photocatalyst",
        "relationship": "type",
        "end_node": "organic"
    },
    {
        "start_node": "water splitting",
        "relationship": "process",
        "end_node": "H2 generation"
    },
    {
        "start_node": "seawater",
        "relationship": "target",
        "end_node": "practical application"
    },
    {
        "start_node": "COP-TF@CNi2P",
        "relationship": "uses",
        "end_node": "Pt-free cocatalyst"
    },
    {
        "start_node": "carbon-encapsulated Ni2P",
        "relationship": "component",
        "end_node": "COP-TF@CNi2P"
    },
    {
        "start_node": "nickel phosphide",
        "relationship": "material",
        "end_node": "carbon-encapsulated Ni2P"
    },
    {
        "start_node": "fully conjugated organic polymer",
        "relationship": "support",
        "end_node": "COP-TF@CNi2P"
    },
    {
        "start_node": "carbon layers",
        "relationship": "property",
        "end_node": "pi-pi interactions"
    },
    {
        "start_node": "carbon layers",
        "relationship": "effect",
        "end_node": "electron attraction"
    },
    {
        "start_node": "exciton dissociation",
        "relationship": "enhanced_by",
        "end_node": "carbon layers"
    },
    {
        "start_node": "COP-TF@CNi2P",
        "relationship": "efficiency",
        "end_node": "2500 μmol g⁻¹ h⁻¹"
    },
    {
        "start_node": "efficiency",
        "relationship": "duration",
        "end_node": "16 intermittent cycles"
    },
    {
        "start_node": "efficiency",
        "relationship": "post-cycling",
        "end_node": "92% initial after 16 cycles"
    },
    {
        "start_node": "COP-TF@CNi2P",
        "relationship": "application",
        "end_node": "seawater splitting"
    }
]