[
    {
        "start_node": "COF",
        "relationship": "contain",
        "end_node": "COF-300"
    },
    {
        "start_node": "COF",
        "relationship": "contain",
        "end_node": "amorphous nanoparticles"
    },
    {
        "start_node": "imine structure",
        "relationship": "functionalization",
        "end_node": "acidic molecules (CH3COOH)"
    },
    {
        "start_node": "imine structure",
        "relationship": "functionalization",
        "end_node": "basic molecules (NEt3)"
    },
    {
        "start_node": "COF-300",
        "relationship": "catalytic activity",
        "end_node": "ring-opening epoxide reaction"
    },
    {
        "start_node": "amorphous nanoparticles",
        "relationship": "catalytic activity",
        "end_node": "ring-opening epoxide reaction"
    },
    {
        "start_node": "amorphous nanoparticles",
        "relationship": "catalytic activity",
        "end_node": "Knoevenagel condensation reaction"
    },
    {
        "start_node": "COF-300",
        "relationship": "comparison",
        "end_node": "micrometre crystals"
    },
    {
        "start_node": "amorphous nanoparticles",
        "relationship": "advantage",
        "end_node": "higher surface area"
    },
    {
        "start_node": "supramolecular functionalization",
        "relationship": "effect",
        "end_node": "activity and stability"
    },
    {
        "start_node": "confinement effects",
        "relationship": "rationalization",
        "end_node": "DFT calculations"
    },
    {
        "start_node": "reactions",
        "relationship": "occur in",
        "end_node": "pores"
    },
    {
        "start_node": "size-discrimination",
        "relationship": "possible due to",
        "end_node": "material surface"
    },
    {
        "start_node": "amorphous nanoparticles",
        "relationship": "major activity",
        "end_node": "explained"
    }
]