[
    {
        "start_node": "COF",
        "relationship": "investigated",
        "end_node": "tribological performance"
    },
    {
        "start_node": "self-lubricating and electrically conductive polymers",
        "relationship": "prepared",
        "end_node": "polypropylene matrix"
    },
    {
        "start_node": "polypropylene (PP)",
        "relationship": "combined with",
        "end_node": "carbon black (CB)"
    },
    {
        "start_node": "polypropylene (PP)",
        "relationship": "combined with",
        "end_node": "multi-walled carbon nanotubes (MWCNTs)"
    },
    {
        "start_node": "ionic liquid (IL)",
        "relationship": "used",
        "end_node": "trihexyltetradecylphosphonium docusate [P-66614][DOC]"
    },
    {
        "start_node": "COF",
        "relationship": "reduced by",
        "end_node": "25%"
    },
    {
        "start_node": "electrically conductive properties",
        "relationship": "applicable in",
        "end_node": "electrically loaded tribosystems"
    },
    {
        "start_node": "carbon-based fillers",
        "relationship": "analyzed with",
        "end_node": "high-resolution surface analysis (TEM, AFM)"
    },
    {
        "start_node": "carbon-based fillers",
        "relationship": "analyzed with",
        "end_node": "Raman and ATR-FTIR spectroscopy"
    },
    {
        "start_node": "tribological test parameters",
        "relationship": "varied to identify",
        "end_node": "application limits of self-lubrication"
    },
    {
        "start_node": "contact pressure",
        "relationship": "influences",
        "end_node": "COF"
    },
    {
        "start_node": "potential applications",
        "relationship": "point to",
        "end_node": "bearings, 3D-printed"
    },
    {
        "start_node": "bearings",
        "relationship": "require",
        "end_node": "electrical conductivity, low COFs"
    }
]