[
    {
        "start_node": "COF",
        "relationship": "study",
        "end_node": "OER/ORR"
    },
    {
        "start_node": "OER/ORR",
        "relationship": "important_for",
        "end_node": "hydrogen_production"
    },
    {
        "start_node": "OER/ORR",
        "relationship": "important_for",
        "end_node": "fuel_cells"
    },
    {
        "start_node": "DFT_calculations",
        "relationship": "used_to_study",
        "end_node": "metalloporphyrin_and_halogenated"
    },
    {
        "start_node": "metalloporphyrin_frameworks",
        "relationship": "include",
        "end_node": "Cr, Mn, Fe, Co, Ni, Cu, Zn, Ru, Rh, Pd, Ag, Ir, Pt, Au"
    },
    {
        "start_node": "group_9_metals",
        "relationship": "potential_catalysts",
        "end_node": "Co, Rh, Ir"
    },
    {
        "start_node": "halogen_substitution",
        "relationship": "enhances",
        "end_node": "OER/ORR_efficiency"
    },
    {
        "start_node": "Co-Por-F",
        "relationship": "improves",
        "end_node": "ORR_overpotential"
    },
    {
        "start_node": "Co-Por-F",
        "relationship": "reduces",
        "end_node": "OER_overpotential"
    },
    {
        "start_node": "electronic_structure_analysis",
        "relationship": "indicates",
        "end_node": "d-band_splitting_control"
    }
]