[
    {
        "start_node": "TI",
        "relationship": "study",
        "end_node": "Metal-Organic Frameworks"
    },
    {
        "start_node": "Density Functional Theory",
        "relationship": "method",
        "end_node": "Modeling Properties"
    },
    {
        "start_node": "Metal-Organic Frameworks",
        "relationship": "use",
        "end_node": "Density Functional Theory"
    },
    {
        "start_node": "Properties",
        "relationship": "investigate",
        "end_node": "Metal-Organic Frameworks"
    },
    {
        "start_node": "Modeling",
        "relationship": "focus",
        "end_node": "Properties"
    },
    {
        "start_node": "DFT Calculations",
        "relationship": "involve",
        "end_node": "Density Functional Theory"
    },
    {
        "start_node": "COF",
        "relationship": "contain",
        "end_node": "Metal-Organic Frameworks"
    },
    {
        "start_node": "Electronic Structure",
        "relationship": "analyzed",
        "end_node": "Metal-Organic Frameworks"
    },
    {
        "start_node": "Crystal Geometry",
        "relationship": "predicted",
        "end_node": "Metal-Organic Frameworks"
    },
    {
        "start_node": "Thermal Stability",
        "relationship": "estimated",
        "end_node": "Metal-Organic Frameworks"
    }
]