[
    {
        "start_node": "COF",
        "relationship": "used_in",
        "end_node": "nitrogen_fixation"
    },
    {
        "start_node": "Layer_structured_materials",
        "relationship": "category",
        "end_node": "nitrogen_fixation_materials"
    },
    {
        "start_node": "Metal-containing_materials",
        "relationship": "subset_of",
        "end_node": "Layer_structured_materials",
        "sub_relationships": [
            {
                "start_node": "Transition_metal_dichalcogenides",
                "relationship": "example",
                "end_node": "Metal-containing_materials"
            },
            {
                "start_node": "MXenes",
                "relationship": "example",
                "end_node": "Metal-containing_materials"
            },
            {
                "start_node": "Metal-organic_frameworks",
                "relationship": "example",
                "end_node": "Metal-containing_materials"
            },
            {
                "start_node": "Layered_double_hydroxides",
                "relationship": "example",
                "end_node": "Metal-containing_materials"
            },
            {
                "start_node": "Bismuth-based_layered_materials",
                "relationship": "example",
                "end_node": "Metal-containing_materials"
            }
        ]
    },
    {
        "start_node": "Metal-free_materials",
        "relationship": "subset_of",
        "end_node": "Layer_structured_materials",
        "sub_relationships": [
            {
                "start_node": "Graphene",
                "relationship": "example",
                "end_node": "Metal-free_materials"
            },
            {
                "start_node": "Graphitic_carbon_nitride_sheet",
                "relationship": "example",
                "end_node": "Metal-free_materials"
            },
            {
                "start_node": "Black_phosphorus",
                "relationship": "example",
                "end_node": "Metal-free_materials"
            },
            {
                "start_node": "Boron-based_layered_materials",
                "relationship": "example",
                "end_node": "Metal-free_materials"
            },
            {
                "start_node": "Covalent_organic_frameworks",
                "relationship": "example",
                "end_node": "Metal-free_materials"
            }
        ]
    },
    {
        "start_node": "Structural_characteristics",
        "relationship": "discussed_in",
        "end_node": "Review"
    },
    {
        "start_node": "Synthesis_strategies",
        "relationship": "discussed_in",
        "end_node": "Review"
    },
    {
        "start_node": "Nitrogen_reduction_pathways",
        "relationship": "analyzed_in",
        "end_node": "Review"
    },
    {
        "start_node": "Photocatalytic nitrogen_reduction",
        "relationship": "method",
        "end_node": "Review"
    },
    {
        "start_node": "Electrocatalytic nitrogen_reduction",
        "relationship": "method",
        "end_node": "Review"
    },
    {
        "start_node": "Photoelectrocatalytic nitrogen_reduction",
        "relationship": "method",
        "end_node": "Review"
    },
    {
        "start_node": "Room_temperature_and_pressure",
        "relationship": "focus_on",
        "end_node": "Future_developments"
    },
    {
        "start_node": "Challenges",
        "relationship": "addressed_in",
        "end_node": "Review"
    },
    {
        "start_node": "Prospects",
        "relationship": "predicted_in",
        "end_node": "Review"
    }
]