[
    {
        "start_node": "PAF-12",
        "relationship": "synthesized_from",
        "end_node": "octaphenylsilsesquioxane"
    },
    {
        "start_node": "octaphenylsilsesquioxane",
        "relationship": "building_unit",
        "end_node": "OPS"
    },
    {
        "start_node": "PAF-12",
        "relationship": "thermally_stable_until",
        "end_node": "500 degrees C"
    },
    {
        "start_node": "PAF-12",
        "relationship": "adsorption_ability",
        "end_node": "benzene, methanol"
    },
    {
        "start_node": "PAF-12",
        "relationship": "pore_type",
        "end_node": "micro-mesoporous"
    },
    {
        "start_node": "PAF-12",
        "relationship": "pore_size_distribution",
        "end_node": "1.57, 3.17 nm"
    },
    {
        "start_node": "PAF-12",
        "relationship": "isotherm",
        "end_node": "type IV"
    },
    {
        "start_node": "PAF-12",
        "relationship": "solvent_study",
        "end_node": "optimal_condition"
    },
    {
        "start_node": "Suzuki cross-coupling",
        "relationship": "synthesis_method",
        "end_node": "PAF-12"
    }
]