[
    {
        "start_node": "COF",
        "relationship": "progress_in",
        "end_node": "heterogeneous_catalysts"
    },
    {
        "start_node": "COFs",
        "relationship": "type_of",
        "end_node": "porous_materials"
    },
    {
        "start_node": "COFs",
        "relationship": "comparison_with",
        "end_node": [
            "zeolite",
            "active_carbon",
            "MOFs"
        ]
    },
    {
        "start_node": "COFs",
        "relationship": "properties",
        "end_node": [
            "well-designed_pore_structure",
            "high_surface_area",
            "stability",
            "functionalization"
        ]
    },
    {
        "start_node": "COFs",
        "relationship": "application",
        "end_node": [
            "energy_storage",
            "gas_separation",
            "sensing",
            "photoluminescence",
            "proton_conduction",
            "magnetic_properties",
            "drug_delivery",
            "catalysis"
        ]
    },
    {
        "start_node": "metal_free_COFs",
        "relationship": "synthetic_strategy",
        "end_node": "catalyst_summary"
    },
    {
        "start_node": "metal_free_COFs",
        "relationship": "catalytic_reactions",
        "end_node": [
            "achiral_organic_catalysis",
            "chiral_organic_conversion",
            "photocatalysis",
            "photo_energy_conversion",
            "pollutant_degredation"
        ]
    },
    {
        "start_node": "COFs",
        "relationship": "remaining_challenges",
        "end_node": "future_prospects"
    }
]