[
    {
        "start_node": "COF",
        "relationship": "display specificity for",
        "end_node": "promoter types"
    },
    {
        "start_node": "COFs",
        "relationship": "communicate regulatory cues to",
        "end_node": "promoters"
    },
    {
        "start_node": "COFs",
        "relationship": "effect transcription activation",
        "end_node": "gene expression"
    },
    {
        "start_node": "COF",
        "relationship": "prefer",
        "end_node": "certain promoter types"
    },
    {
        "start_node": "promoter types",
        "relationship": "enriched for",
        "end_node": "sequence elements (TATA box, DPE, TCT motif)"
    },
    {
        "start_node": "CP types",
        "relationship": "differ in",
        "end_node": "H3K4me3, H3K4me1 marks"
    },
    {
        "start_node": "COF-CP compatibilities",
        "relationship": "exist in",
        "end_node": "additional Drosophila cell lines, human cells"
    },
    {
        "start_node": "COFs",
        "relationship": "prefer",
        "end_node": "TATA-box promoters (in human cells)"
    },
    {
        "start_node": "COFs",
        "relationship": "prefer",
        "end_node": "CpG-island promoters (in human cells)"
    },
    {
        "start_node": "COF-promoter compatibilities",
        "relationship": "explain",
        "end_node": "distinct transcriptional programs"
    }
]