[
    {
        "start_node": "COF",
        "relationship": "contain",
        "end_node": "SNW-1"
    },
    {
        "start_node": "COF",
        "relationship": "contain",
        "end_node": "Co(acac)(3)"
    },
    {
        "start_node": "mixed-matrix membrane",
        "relationship": "use",
        "end_node": "SNW-1"
    },
    {
        "start_node": "mixed-matrix membrane",
        "relationship": "use",
        "end_node": "Co(acac)(3)"
    },
    {
        "start_node": "mixed-matrix membrane",
        "relationship": "improve",
        "end_node": "O2 permeability"
    },
    {
        "start_node": "mixed-matrix membrane",
        "relationship": "enhance",
        "end_node": "O2/N2 selectivity"
    },
    {
        "start_node": "SNW-1",
        "relationship": "impact",
        "end_node": "O2 diffusivity"
    },
    {
        "start_node": "Co(acac)(3)",
        "relationship": "impact",
        "end_node": "O2 solubility"
    },
    {
        "start_node": "COF",
        "relationship": "synergistic effect",
        "end_node": "O2 permeability"
    },
    {
        "start_node": "COF",
        "relationship": "synergistic effect",
        "end_node": "O2/N2 selectivity"
    },
    {
        "start_node": "future efforts",
        "relationship": "focus on",
        "end_node": "asymmetric hollow fiber membrane"
    }
]