[
    {
        "start_node": "Transcription Factor",
        "relationship": "study",
        "end_node": "Cofactor Complex"
    },
    {
        "start_node": "High-Throughput Methods",
        "relationship": "implement",
        "end_node": "Transcription Factor - Cofactor Complex Studies"
    },
    {
        "start_node": "Array-Based Techniques",
        "relationship": "part_of",
        "end_node": "High-Throughput Methods"
    },
    {
        "start_node": "Novel Methods",
        "relationship": "include",
        "end_node": "Array-Based Techniques"
    },
    {
        "start_node": "Development",
        "relationship": "aim",
        "end_node": "Novel, High-Throughput Array-Based Methods"
    },
    {
        "start_node": "Implementation",
        "relationship": "follows",
        "end_node": "Development"
    },
    {
        "start_node": "Transcription Factor - Cofactor Recruitment",
        "relationship": "topic",
        "end_node": "TI"
    },
    {
        "start_node": "DNA",
        "relationship": "target",
        "end_node": "Transcription Factor - Cofactor Complex Recruitment"
    }
]