[
    {
        "start_node": "Salen-based Porous Framework",
        "relationship": "used_for",
        "end_node": "Lithium-Ion Battery"
    },
    {
        "start_node": "SPP",
        "relationship": "has_property",
        "end_node": "large conjugated skeleton"
    },
    {
        "start_node": "SPP",
        "relationship": "acts_as",
        "end_node": "anode"
    },
    {
        "start_node": "SPP",
        "relationship": "delivers",
        "end_node": "337 mA h g^(-1) at 0.1 C"
    },
    {
        "start_node": "SPP",
        "relationship": "rate_capacity",
        "end_node": "95.5 mA h g^(-1) at 32 C"
    },
    {
        "start_node": "SPP",
        "relationship": "cycling_performance",
        "end_node": "155.7 mA h g^(-1) at 8 C after 4000 cycles"
    },
    {
        "start_node": "SPP",
        "relationship": "lithium_storage_mechanism",
        "end_node": "X-ray photoelectron spectroscopy"
    },
    {
        "start_node": "C=N, -OH, benzene ring",
        "relationship": "responsible_for",
        "end_node": "lithium storage performance"
    },
    {
        "start_node": "SPP",
        "relationship": "promising_for",
        "end_node": "organic electrode for energy storage"
    }
]