[
    {
        "start_node": "risk_analysis",
        "relationship": "focus_on",
        "end_node": "slippery_surfaces"
    },
    {
        "start_node": "slip_risk",
        "relationship": "study_of",
        "end_node": "pedestrian_walking"
    },
    {
        "start_node": "surface_processing_techniques",
        "relationship": "aim_to_minimize",
        "end_node": "slippery_risk"
    },
    {
        "start_node": "environmental_conditions",
        "relationship": "impact_on",
        "end_node": "slip_coefficient"
    },
    {
        "start_node": "coefficients_of_friction",
        "relationship": "measured_for",
        "end_node": "rocks"
    },
    {
        "start_node": "five_rocks_types",
        "relationship": "used_in",
        "end_node": "COF_measurement"
    },
    {
        "start_node": "surface_roughness",
        "relationship": "influencing_factor",
        "end_node": "COF_values"
    },
    {
        "start_node": "linear_regression",
        "relationship": "applied_to",
        "end_node": "COF_vs_SR"
    },
    {
        "start_node": "R2_value",
        "relationship": "COF_correlation",
        "end_node": "≥0.864"
    },
    {
        "start_node": "classification_of_rocks",
        "relationship": "based_on",
        "end_node": "COF_and_SR"
    },
    {
        "start_node": "safe_use_areas",
        "relationship": "determined_by",
        "end_node": "COF_and_surface_roughness"
    }
]