[
    {
        "start_node": "study",
        "relationship": "reports",
        "end_node": "C2H2/C2H4 separation"
    },
    {
        "start_node": "strategy",
        "relationship": "focuses on",
        "end_node": "Cu-MOFs with open metal sites"
    },
    {
        "start_node": "Cu-paddlewheel-based MOFs",
        "relationship": "screened",
        "end_node": "916"
    },
    {
        "start_node": "materials",
        "relationship": "identified",
        "end_node": "excellent separation performance"
    },
    {
        "start_node": "structure-performance relationships",
        "relationship": "indicate",
        "end_node": "cavity diameter: 5-10 Å, pore volume: 0.3-1.0 cm³/g"
    },
    {
        "start_node": "novel MOFs",
        "relationship": "designed",
        "end_node": "fluorine functional group incorporated"
    },
    {
        "start_node": "Cu-OMS and -F groups",
        "relationship": "enhance",
        "end_node": "C2H2 adsorption"
    },
    {
        "start_node": "findings",
        "relationship": "offer",
        "end_node": "insight for experimental design"
    }
]