[
    {
        "start_node": "Paper",
        "relationship": "hasProperty",
        "end_node": "CoatingProperties"
    },
    {
        "start_node": "CoatingProperties",
        "relationship": "affects",
        "end_node": "PaperToPaperFriction"
    },
    {
        "start_node": "PaperToPaperFriction",
        "relationship": "causes",
        "end_node": "PrintingRunnability"
    },
    {
        "start_node": "PrintingRunnability",
        "relationship": "issue",
        "end_node": "DoubleFeeding"
    },
    {
        "start_node": "CoatingComposition",
        "relationship": "contains",
        "end_node": "PCC"
    },
    {
        "start_node": "PCC",
        "relationship": "ratioTo",
        "end_node": "Clay"
    },
    {
        "start_node": "PCC",
        "relationship": "increases",
        "end_node": "StaticCOF"
    },
    {
        "start_node": "PCC",
        "relationship": "increases",
        "end_node": "KineticCOF"
    },
    {
        "start_node": "Microroughness",
        "relationship": "correlatesWith",
        "end_node": "COF"
    },
    {
        "start_node": "Calendering",
        "relationship": "decreases",
        "end_node": "COF_at_large_PCC"
    },
    {
        "start_node": "GroundCalciumCarbonate",
        "relationship": "decreases",
        "end_node": "COF"
    },
    {
        "start_node": "StyreneButadieneLatex",
        "relationship": "decreases",
        "end_node": "COF"
    },
    {
        "start_node": "WaxType",
        "relationship": "decreases",
        "end_node": "COF"
    },
    {
        "start_node": "Lubricants",
        "relationship": "affects",
        "end_node": "DynamicFriction"
    },
    {
        "start_node": "CTInternationalConference",
        "relationship": "hosts",
        "end_node": "Bordeaux2002"
    }
]