[
    {
        "start_node": "COF",
        "relationship": "contains",
        "end_node": "Metallophthalocyanine"
    },
    {
        "start_node": "Molecular Engineering",
        "relationship": "applies_to",
        "end_node": "COF Materials"
    },
    {
        "start_node": "Functionality",
        "relationship": "emerges_from",
        "end_node": "Molecular Design"
    },
    {
        "start_node": "Optical Properties",
        "relationship": "embedded_in",
        "end_node": "MPc Monomers"
    },
    {
        "start_node": "Electrical Properties",
        "relationship": "embedded_in",
        "end_node": "MPc Monomers"
    },
    {
        "start_node": "Magnetic Properties",
        "relationship": "embedded_in",
        "end_node": "MPc Monomers"
    },
    {
        "start_node": "Electrochemical Properties",
        "relationship": "embedded_in",
        "end_node": "MPc Monomers"
    },
    {
        "start_node": "Self-Assembly",
        "relationship": "strategy_used",
        "end_node": "Controlled Assembly"
    },
    {
        "start_node": "Reticular Chemistry",
        "relationship": "strategy_used",
        "end_node": "Controlled Assembly"
    },
    {
        "start_node": "Complexity",
        "relationship": "principle",
        "end_node": "Molecular Engineering"
    },
    {
        "start_node": "Emergence",
        "relationship": "principle",
        "end_node": "Molecular Engineering"
    },
    {
        "start_node": "Controlled Positioning",
        "relationship": "outcome",
        "end_node": "Self-Assembly"
    },
    {
        "start_node": "Enhanced Orientation",
        "relationship": "outcome",
        "end_node": "Self-Assembly"
    },
    {
        "start_node": "Aggregation Control",
        "relationship": "outcome",
        "end_node": "Reticular Chemistry"
    },
    {
        "start_node": "Advances in MPc-Based Frameworks",
        "relationship": "focus",
        "end_node": "Review"
    },
    {
        "start_node": "Electronic Properties",
        "relationship": "emergence",
        "end_node": "MPc-Based Frameworks"
    },
    {
        "start_node": "Photophysical Properties",
        "relationship": "emergence",
        "end_node": "MPc-Based Frameworks"
    },
    {
        "start_node": "Magnetic and Electrochemical Properties",
        "relationship": "emergence",
        "end_node": "MPc-Based Frameworks"
    }
]