[
    {
        "start_node": "COF",
        "relationship": "contain",
        "end_node": "CBAP-1"
    },
    {
        "start_node": "COF",
        "relationship": "contain",
        "end_node": "CBAP-2"
    },
    {
        "start_node": "CBAP-1",
        "relationship": "synthesized_from",
        "end_node": "1,3,5-triphenylbenzene/biphenyl, terephthaloyl chloride, 1,3,5-benzenetricarbonyl trichloride"
    },
    {
        "start_node": "CBAP-2",
        "relationship": "synthesized_from",
        "end_node": "1,3,5-triphenylbenzene/biphenyl, terephthaloyl chloride, 1,3,5-benzenetricarbonyl trichloride"
    },
    {
        "start_node": "CBAP-1",
        "relationship": "functionalized_to",
        "end_node": "CBAP-1(EDA)"
    },
    {
        "start_node": "CBAP-2",
        "relationship": "functionalized_to",
        "end_node": "CBAP-2(EDA)"
    },
    {
        "start_node": "CBAP-1(EDA)",
        "relationship": "carbonization_product_of",
        "end_node": "microporous carbon material"
    },
    {
        "start_node": "CBAP-2(EDA)",
        "relationship": "carbonization_product_of",
        "end_node": "microporous carbon material"
    },
    {
        "start_node": "microporous carbon material",
        "relationship": "characterized_by",
        "end_node": "BET surface area, 1063 m²/g"
    },
    {
        "start_node": "microporous carbon material",
        "relationship": "tested_for",
        "end_node": "CO2 adsorption, CH4 capture"
    },
    {
        "start_node": "CBAP-1(EDA)",
        "relationship": "selectivity_for",
        "end_node": "CO2/N-2, 97.2, 273 K/I bar"
    },
    {
        "start_node": "CBAP-2(EDA)",
        "relationship": "selectivity_for",
        "end_node": "CO2/N-2, 87.8, 273 K/I bar"
    },
    {
        "start_node": "CBAP-1(EDA)",
        "relationship": "selectivity_for",
        "end_node": "CO2/CH4, 24.3, 273 K/I bar"
    },
    {
        "start_node": "CBAP-2(EDA)",
        "relationship": "selectivity_for",
        "end_node": "CO2/CH4, 22.3, 273 K/I bar"
    },
    {
        "start_node": "microporous carbon material",
        "relationship": "adsorption_capacity_for",
        "end_node": "CO2, 216.0-231.6 mg/g"
    },
    {
        "start_node": "microporous carbon material",
        "relationship": "adsorption_capacity_for",
        "end_node": "CH4, 36.6-38.1 mg/g"
    }
]