[
    {
        "start_node": "Investigation",
        "relationship": "focuses_on",
        "end_node": "Frictional Properties"
    },
    {
        "start_node": "Patterned Core-Shell Nanostructures",
        "relationship": "tested",
        "end_node": "Properties"
    },
    {
        "start_node": "Testing Parameters",
        "relationship": "affect",
        "end_node": "Friction"
    },
    {
        "start_node": "Frictional Properties",
        "relationship": "evaluated",
        "end_node": "Patterned Structures"
    },
    {
        "start_node": "Patterned Core-Shell Nanostructures",
        "relationship": "consist_of",
        "end_node": "Core-Shell Layers"
    },
    {
        "start_node": "Core-Shell Layers",
        "relationship": "patterned",
        "end_node": "Nanostructures"
    },
    {
        "start_node": "Testing Parameters",
        "relationship": "study",
        "end_node": "Core-Shell Design"
    },
    {
        "start_node": "Material Science",
        "relationship": "field",
        "end_node": "Investigation"
    },
    {
        "start_node": "Friction",
        "relationship": "property",
        "end_node": "Engineering"
    },
    {
        "start_node": "COF",
        "relationship": "not_applicable",
        "end_node": "N/A"
    }
]