[
    {
        "start_node": "COF",
        "relationship": "is",
        "end_node": "COF-K"
    },
    {
        "start_node": "COF-K",
        "relationship": "has-property",
        "end_node": "one-dimensional"
    },
    {
        "start_node": "COF-K",
        "relationship": "is-made-of",
        "end_node": "porphyrin-based"
    },
    {
        "start_node": "COF-K",
        "relationship": "synthesized-by",
        "end_node": "Schiff-based reaction"
    },
    {
        "start_node": "porphyrin building block",
        "relationship": "used-to-build",
        "end_node": "COF-K"
    },
    {
        "start_node": "nonlinear right-angle building block",
        "relationship": "used-to-build",
        "end_node": "COF-K"
    },
    {
        "start_node": "COF-K",
        "relationship": "has-characteristic",
        "end_node": "high BET surface area"
    },
    {
        "start_node": "COF-K",
        "relationship": "has-pore-size",
        "end_node": "1.25 nm"
    },
    {
        "start_node": "COF-K",
        "relationship": "has-capacity-for",
        "end_node": "CO2 adsorption"
    },
    {
        "start_node": "CO2",
        "relationship": "adsorbed-by",
        "end_node": "COF-K"
    },
    {
        "start_node": "COF-K",
        "relationship": "capacity-at",
        "end_node": "89 mg g^(-1)"
    },
    {
        "start_node": "COF-K",
        "relationship": "temperature",
        "end_node": "273K"
    },
    {
        "start_node": "COF-K",
        "relationship": "pressure",
        "end_node": "1 bar"
    }
]