[
    {
        "start_node": "COF",
        "relationship": "contain",
        "end_node": "CuxS nanocluster"
    },
    {
        "start_node": "CuxS nanocluster",
        "relationship": "anchored to",
        "end_node": "attapulgite (ATP)"
    },
    {
        "start_node": "ATP@CuxS",
        "relationship": "used for",
        "end_node": "mercury removal"
    },
    {
        "start_node": "ATP@CuxS",
        "relationship": "adsorption capacity",
        "end_node": "746.48 mg/g"
    },
    {
        "start_node": "Hg2+",
        "relationship": "adsorbed by",
        "end_node": "ATP@CuxS"
    },
    {
        "start_node": "wastewater",
        "relationship": "contains",
        "end_node": "mercury"
    },
    {
        "start_node": "wastewater",
        "relationship": "concentration",
        "end_node": "5 mg/L"
    },
    {
        "start_node": "conditions",
        "relationship": "applied for",
        "end_node": "pH 6.5, 20 min"
    },
    {
        "start_node": "interference",
        "relationship": "absence of",
        "end_node": "coexisting ions"
    },
    {
        "start_node": "interface engineering",
        "relationship": "provides",
        "end_node": "capacity, selectivity, reusability"
    },
    {
        "start_node": "reusability",
        "relationship": "tested",
        "end_node": "70% after 8 repetitions"
    }
]