[
    {
        "start_node": "COF",
        "relationship": "introduce",
        "end_node": "optimization criteria"
    },
    {
        "start_node": "COF",
        "relationship": "improve",
        "end_node": "conventional COFs"
    },
    {
        "start_node": "COF",
        "relationship": "include",
        "end_node": "weighting factor elimination"
    },
    {
        "start_node": "COF",
        "relationship": "aim",
        "end_node": "maximize resolution"
    },
    {
        "start_node": "sigmoidal functions",
        "relationship": "used in",
        "end_node": "COF construction"
    },
    {
        "start_node": "parameters",
        "relationship": "comprise",
        "end_node": "resolution, time, peaks"
    },
    {
        "start_node": "COF performance",
        "relationship": "evaluated by",
        "end_node": "simulated experiments"
    },
    {
        "start_node": "COF performance",
        "relationship": "correlated with",
        "end_node": "human judgment"
    },
    {
        "start_node": "COF",
        "relationship": "facilitate",
        "end_node": "selection process"
    }
]