[
    {
        "start_node": "COF",
        "relationship": "contain",
        "end_node": "CoPc-PT-COF"
    },
    {
        "start_node": "COF",
        "relationship": "growth_on",
        "end_node": "Cu-MOF"
    },
    {
        "start_node": "Cu-MOF",
        "relationship": "type_of",
        "end_node": "Cu-based MOF"
    },
    {
        "start_node": "strategy",
        "relationship": "based_on",
        "end_node": "COF@MOF heterostructure"
    },
    {
        "start_node": "heterostructure",
        "relationship": "consists_of",
        "end_node": "CoPc-PT-COF@Cu-MOF"
    },
    {
        "start_node": "CoPc-PT-COF@Cu-MOF",
        "relationship": "property",
        "end_node": "photoelectric beacon"
    },
    {
        "start_node": "CoPc-PT-COF@Cu-MOF",
        "relationship": "enhances",
        "end_node": "electro-activity, photo-activity"
    },
    {
        "start_node": "DNA",
        "relationship": "anchored_to",
        "end_node": "CoPc-PT-COF@Cu-MOF"
    },
    {
        "start_node": "biosensor",
        "relationship": "uses",
        "end_node": "PEC-EC mode"
    },
    {
        "start_node": "biosensor",
        "relationship": "detects",
        "end_node": "Cr(iii) ions"
    },
    {
        "start_node": "LOD",
        "relationship": "value_for",
        "end_node": "PEC",
        "end_node_detail": "14.5 fM"
    },
    {
        "start_node": "LOD",
        "relationship": "value_for",
        "end_node": "EC",
        "end_node_detail": "22.9 fM"
    },
    {
        "start_node": "applicability",
        "relationship": "for",
        "end_node": "analyzing trace Cr(iii) from diverse samples"
    }
]