[
    {
        "start_node": "COF",
        "relationship": "application",
        "end_node": "membrane-based CO2 separation"
    },
    {
        "start_node": "Porous Organic Materials",
        "relationship": "used_in",
        "end_node": "gas separation"
    },
    {
        "start_node": "Porous Organic Materials",
        "relationship": "used_in",
        "end_node": "catalysis"
    },
    {
        "start_node": "Porous Organic Materials",
        "relationship": "used_in",
        "end_node": "energy production"
    },
    {
        "start_node": "Porous Organic Materials",
        "relationship": "advantages",
        "end_node": "great surface area"
    },
    {
        "start_node": "Porous Organic Materials",
        "relationship": "advantages",
        "end_node": "high permeability"
    },
    {
        "start_node": "Porous Organic Materials",
        "relationship": "advantages",
        "end_node": "controllable pore size"
    },
    {
        "start_node": "Porous Organic Materials",
        "relationship": "advantages",
        "end_node": "appropriate functionalization"
    },
    {
        "start_node": "Porous Organic Materials",
        "relationship": "advantages",
        "end_node": "excellent processability"
    },
    {
        "start_node": "zeolites",
        "relationship": "comparison",
        "end_node": "traditional substance"
    },
    {
        "start_node": "Alumina",
        "relationship": "comparison",
        "end_node": "traditional substance"
    },
    {
        "start_node": "polymers",
        "relationship": "comparison",
        "end_node": "traditional substance"
    },
    {
        "start_node": "multifunctional POMs",
        "relationship": "described",
        "end_node": "selective membranes"
    },
    {
        "start_node": "Porous Organic Materials",
        "relationship": "classification",
        "end_node": "CO2 separation"
    },
    {
        "start_node": "challenges",
        "relationship": "discussed",
        "end_node": "tailored POMs"
    },
    {
        "start_node": "state-of-the-art POMs",
        "relationship": "reviewed",
        "end_node": "CO2 separation"
    }
]