[
    {
        "start_node": "TI",
        "relationship": "discusses",
        "end_node": "lithium-sulfur batteries"
    },
    {
        "start_node": "AB",
        "relationship": "describes",
        "end_node": "problems in Li-S batteries"
    },
    {
        "start_node": "MXenes",
        "relationship": "attracts attention due to",
        "end_node": "properties"
    },
    {
        "start_node": "MXene-based heterostructures",
        "relationship": "aim to solve",
        "end_node": "stacking problem"
    },
    {
        "start_node": "MXene-based heterostructures",
        "relationship": "offer",
        "end_node": "adsorption, catalysis"
    },
    {
        "start_node": "catalytic functions",
        "relationship": "involving",
        "end_node": "carbon materials, metal compounds, etc."
    },
    {
        "start_node": "sulfur cathodes",
        "relationship": "utilize",
        "end_node": "MXene-based heterostructures"
    },
    {
        "start_node": "lithium anodes",
        "relationship": "involve",
        "end_node": "MXene-based heterostructures"
    },
    {
        "start_node": "challenges",
        "relationship": "in Li-S batteries",
        "end_node": "dendrite formation, SEI cracking, volume changes"
    },
    {
        "start_node": "future prospects",
        "relationship": "for",
        "end_node": "high-energy-density Li-S batteries"
    }
]