[
    {
        "start_node": "Enzyme-Inspired",
        "relationship": "inspired_by",
        "end_node": "Enzymes"
    },
    {
        "start_node": "Host-Guest",
        "relationship": "optimize",
        "end_node": "High-Speed Enantioselective Catalysis"
    },
    {
        "start_node": "Substrate",
        "relationship": "suffers_from",
        "end_node": "Accelerated Kinetics"
    },
    {
        "start_node": "Multivariate Interactions",
        "relationship": "introduced_in",
        "end_node": "1D Channel (Chiral Catalyst)"
    },
    {
        "start_node": "Imidazolium Group",
        "relationship": "activates",
        "end_node": "C=O Unit (Ketone Substrate)"
    },
    {
        "start_node": "Counterion",
        "relationship": "binds",
        "end_node": "Hydrogen Donor (Isopropanol)"
    },
    {
        "start_node": "Catalytic Center",
        "relationship": "produces",
        "end_node": "Stereo-Induction"
    },
    {
        "start_node": "Acetophenone",
        "relationship": "asymmetric_hydrogenation",
        "end_node": "99.5% Yield, 99.5% ee"
    },
    {
        "start_node": "Catalyst",
        "relationship": "TOF",
        "end_node": "5160 h^(-1)"
    },
    {
        "start_node": "Ru-TsDPEN Catalyst",
        "relationship": "comparison",
        "end_node": "88 h^(-1) TOF"
    },
    {
        "start_node": "Catalyst (Resulting)",
        "relationship": "performance",
        "end_node": "Best (Till Date)"
    }
]