[
    {
        "start_node": "COF",
        "relationship": "prepared_by",
        "end_node": "LNU-9"
    },
    {
        "start_node": "COF",
        "relationship": "prepared_by",
        "end_node": "LNU-10"
    },
    {
        "start_node": "COF",
        "relationship": "prepared_by",
        "end_node": "LNU-11"
    },
    {
        "start_node": "LNU-9",
        "relationship": "characterized_by",
        "end_node": "FTIR"
    },
    {
        "start_node": "LNU-9",
        "relationship": "characterized_by",
        "end_node": "TGA"
    },
    {
        "start_node": "LNU-9",
        "relationship": "characterized_by",
        "end_node": "N2_adsorption_desorption"
    },
    {
        "start_node": "LNU-9",
        "relationship": "characterized_by",
        "end_node": "UV_spectroscopy"
    },
    {
        "start_node": "LNU-9",
        "relationship": "characterized_by",
        "end_node": "fluorescence_spectroscopy"
    },
    {
        "start_node": "LNU-10",
        "relationship": "same_characteristics_as",
        "end_node": "LNU-9"
    },
    {
        "start_node": "LNU-11",
        "relationship": "same_characteristics_as",
        "end_node": "LNU-9"
    },
    {
        "start_node": "LNU-9,10,11",
        "relationship": "amorphous_structure",
        "end_node": "PXRD,TEM"
    },
    {
        "start_node": "LNU-9,10,11",
        "relationship": "thermally_stable",
        "end_node": "TGA"
    },
    {
        "start_node": "LNU-9,10,11",
        "relationship": "chemically_stable",
        "end_node": "organic_solvents"
    },
    {
        "start_node": "LNU-9,10,11",
        "relationship": "large_surface_area",
        "end_node": "800-1500 m2/g"
    },
    {
        "start_node": "LNU-9,10,11",
        "relationship": "fluorescent_properties",
        "end_node": "nitro_explosives_detection"
    },
    {
        "start_node": "LNU-9,10,11",
        "relationship": "selectivity",
        "end_node": "nitro_compounds"
    },
    {
        "start_node": "LNU-9,10,11",
        "relationship": "sensor_application",
        "end_node": "portable_paper_sensor"
    },
    {
        "start_node": "portable_paper_sensor",
        "relationship": "detects",
        "end_node": "nitro_explosives"
    }
]