[
    {
        "start_node": "Knitting",
        "relationship": "yield",
        "end_node": "Hierarchical Porous Polymers"
    },
    {
        "start_node": "Hierarchical Porous Polymers",
        "relationship": "property",
        "end_node": "High Surface Area"
    },
    {
        "start_node": "Hierarchical Porous Polymers",
        "relationship": "property",
        "end_node": "Abundant N Sites"
    },
    {
        "start_node": "Hierarchical Porous Polymers",
        "relationship": "use",
        "end_node": "Pd Immobilization"
    },
    {
        "start_node": "Pd ions",
        "relationship": "reduce",
        "end_node": "Pd Nanoparticles"
    },
    {
        "start_node": "Indoline-based Polymers",
        "relationship": "contain",
        "end_node": "Indoline"
    },
    {
        "start_node": "Indole-based Polymers",
        "relationship": "contain",
        "end_node": "Indole"
    },
    {
        "start_node": "Indoline- and Indole-based Polymers",
        "relationship": "N content",
        "end_node": "7wt%"
    },
    {
        "start_node": "Pd Nanoparticles",
        "relationship": "stabilize",
        "end_node": "Ultrasmall"
    },
    {
        "start_node": "Pd-polymers",
        "relationship": "catalyst",
        "end_node": "Benzyl Alcohol Oxidation"
    },
    {
        "start_node": "Pd-polymers",
        "relationship": "catalytic activity",
        "end_node": "Solvent-Free"
    },
    {
        "start_node": "Pd-polymers",
        "relationship": "catalyst",
        "end_node": "O-2"
    }
]