[
    {
        "start_node": "COF",
        "relationship": "use",
        "end_node": "SiO2 templates"
    },
    {
        "start_node": "SiO2 templates",
        "relationship": "generate",
        "end_node": "hierarchical porous COFs"
    },
    {
        "start_node": "hierarchical porous COFs",
        "relationship": "serve as",
        "end_node": "sample pretreatment"
    },
    {
        "start_node": "pretreatment",
        "relationship": "applied to",
        "end_node": "foods"
    },
    {
        "start_node": "foods",
        "relationship": "containing",
        "end_node": "chemicals"
    },
    {
        "start_node": "chemicals",
        "relationship": "analyzed by",
        "end_node": "non-targeted analysis"
    }
]