[
    {
        "start_node": "FET",
        "relationship": "application_in",
        "end_node": "biosensor"
    },
    {
        "start_node": "biosensor",
        "relationship": "advantage",
        "end_node": "fast_response"
    },
    {
        "start_node": "biosensor",
        "relationship": "advantage",
        "end_node": "miniaturization"
    },
    {
        "start_node": "biosensor",
        "relationship": "advantage",
        "end_node": "high-throughput_screening"
    },
    {
        "start_node": "design_strategies",
        "relationship": "include",
        "end_node": "device_structure"
    },
    {
        "start_node": "design_strategies",
        "relationship": "include",
        "end_node": "functionalization_methods"
    },
    {
        "start_node": "design_strategies",
        "relationship": "include",
        "end_node": "semiconductor_materials"
    },
    {
        "start_node": "immunoassay",
        "relationship": "based_on",
        "end_node": "single_biosensor"
    },
    {
        "start_node": "immunoassay",
        "relationship": "for",
        "end_node": "disease_diagnosis"
    },
    {
        "start_node": "FET_biosensors",
        "relationship": "integration_into",
        "end_node": "large_area_array"
    },
    {
        "start_node": "multiplexing",
        "relationship": "provides",
        "end_node": "high-throughput_testing"
    },
    {
        "start_node": "FET_biosensors",
        "relationship": "integration_into",
        "end_node": "microfluidics"
    },
    {
        "start_node": "microfluidics",
        "relationship": "contribution_to",
        "end_node": "LOC_sensing_platforms"
    },
    {
        "start_node": "FET_biosensors",
        "relationship": "integration_with",
        "end_node": "other_sensors"
    },
    {
        "start_node": "multifunctional_applications"
    },
    {
        "start_node": "commercialization",
        "relationship": "prospects_for",
        "end_node": "FET_sensing_systems"
    }
]