[
    {
        "start_node": "COF",
        "relationship": "contain",
        "end_node": "phthalazine"
    },
    {
        "start_node": "catalyst",
        "relationship": "used_for",
        "end_node": "Tandem Synthesis"
    },
    {
        "start_node": "Ni(II) complex",
        "relationship": "is",
        "end_node": "catalyst"
    },
    {
        "start_node": "2,6-bis(phenylazo)pyridine",
        "relationship": "compound_of",
        "end_node": "Ni(II) complex"
    },
    {
        "start_node": "earthy-abundant metal",
        "relationship": "used_as",
        "end_node": "catalyst"
    },
    {
        "start_node": "milder conditions",
        "relationship": "required_for",
        "end_node": "reaction"
    },
    {
        "start_node": "aerobic conditions",
        "relationship": "used_in",
        "end_node": "reaction"
    },
    {
        "start_node": "alcohols",
        "relationship": "reactant",
        "end_node": "Tandem Synthesis"
    },
    {
        "start_node": "hydrazine hydrate",
        "relationship": "reactant",
        "end_node": "Tandem Synthesis"
    },
    {
        "start_node": "1,2-benzenedimethanol",
        "relationship": "specific_example",
        "end_node": "alcohols"
    },
    {
        "start_node": "hydrazine hydrate",
        "relationship": "specific_example",
        "end_node": "reactant"
    },
    {
        "start_node": "aza",
        "relationship": "redox_state",
        "end_node": "intermediate"
    },
    {
        "start_node": "hydrazo",
        "relationship": "redox_state",
        "end_node": "intermediate"
    },
    {
        "start_node": "ligand redox",
        "relationship": "controls",
        "end_node": "reaction"
    },
    {
        "start_node": "template",
        "relationship": "role_of",
        "end_node": "metal_center"
    }
]