[
    {
        "start_node": "COF",
        "relationship": "contain",
        "end_node": "cationic microporous polymer network"
    },
    {
        "start_node": "COF",
        "relationship": "property",
        "end_node": "microporous"
    },
    {
        "start_node": "COF",
        "relationship": "synthesis",
        "end_node": "metal catalysed C-C bond forming reactions"
    },
    {
        "start_node": "functionalised tetraphenylphosphonium ion",
        "relationship": "used as",
        "end_node": "tecton"
    },
    {
        "start_node": "functionalised tetraphenylphosphonium ion",
        "relationship": "in synthesis with",
        "end_node": "tetrakis(4-bromophenyl) methane (Yamamoto coupling)"
    },
    {
        "start_node": "functionalised tetraphenylphosphonium ion",
        "relationship": "in synthesis with",
        "end_node": "triethynylbenzene (Songashira-Hagihara reaction)"
    },
    {
        "start_node": "Yamamoto product",
        "relationship": "CO2 storage ability",
        "end_node": "2.49 mmol g^(-1) at 273 K and 1 bar"
    },
    {
        "start_node": "Yamamoto product",
        "relationship": "CO2 uptake after ion exchange",
        "end_node": "increased to 2.85 mmol g^(-1)"
    },
    {
        "start_node": "COF",
        "relationship": "property",
        "end_node": "apparent BET surface area (1455 m^2 g^(-1))"
    },
    {
        "start_node": "COF",
        "relationship": "property",
        "end_node": "apparent BET surface area (540 m^2 g^(-1))"
    }
]