[
    {
        "start_node": "COF",
        "relationship": "contain",
        "end_node": "Two-Dimensional Kagome Lattices"
    },
    {
        "start_node": "Kagome Lattices",
        "relationship": "made_of",
        "end_node": "Hetero Triangulenes"
    },
    {
        "start_node": "Heterotriangulene",
        "relationship": "has",
        "end_node": "D-3h point group"
    },
    {
        "start_node": "Heterotriangulene",
        "relationship": "contains",
        "end_node": "B, C, or N center atom"
    },
    {
        "start_node": "Bridge groups",
        "relationship": "controls",
        "end_node": "pi-conjugation"
    },
    {
        "start_node": "Electronic structure",
        "relationship": "controlled_by",
        "end_node": "Heteroatom"
    },
    {
        "start_node": "2D Kagome polymers",
        "relationship": "has",
        "end_node": "Dirac band"
    },
    {
        "start_node": "2D Kagome polymers",
        "relationship": "electronic_structure",
        "end_node": "flat bands"
    },
    {
        "start_node": "C center",
        "relationship": "type_of",
        "end_node": "Dirac semimetal"
    },
    {
        "start_node": "B center",
        "relationship": "type_of",
        "end_node": "single-band semiconductor (electrons)"
    },
    {
        "start_node": "N center",
        "relationship": "type_of",
        "end_node": "single-band semiconductor (holes)"
    },
    {
        "start_node": "Charge carriers",
        "relationship": "mobility",
        "end_node": "up to 8 x 10^3 cm^2 V^-1 s^-1"
    },
    {
        "start_node": "Comparison",
        "relationship": "comparable_to",
        "end_node": "crystalline silicon"
    }
]