[
    {
        "start_node": "COF",
        "relationship": "contain",
        "end_node": "Fluorescent Conjugated Microporous Polymer"
    },
    {
        "start_node": "COF",
        "relationship": "contain",
        "end_node": "Pyrazine Moieties"
    },
    {
        "start_node": "CMPs",
        "relationship": "prepared_from",
        "end_node": "DTPAPz"
    },
    {
        "start_node": "CMPs",
        "relationship": "prepared_from",
        "end_node": "TDPz"
    },
    {
        "start_node": "CMPs",
        "relationship": "prepared_from",
        "end_node": "TCT"
    },
    {
        "start_node": "CMPs",
        "relationship": "characteristic",
        "end_node": "High Thermal Stability"
    },
    {
        "start_node": "CMPs",
        "relationship": "adsorb",
        "end_node": "Iodine Vapor"
    },
    {
        "start_node": "CMPs",
        "relationship": "adsorption_performance",
        "end_node": "441%"
    },
    {
        "start_node": "CMPs",
        "relationship": "fluorescence_sensitivity",
        "end_node": "Electron-Deficient Iodine"
    },
    {
        "start_node": "CMPs",
        "relationship": "fluorescence_sensitivity",
        "end_node": "o-Nitrophenol"
    },
    {
        "start_node": "CMPs",
        "relationship": "fluorescence_sensitivity",
        "end_node": "Picric Acid"
    }
]