[
    {
        "start_node": "COF",
        "relationship": "contain",
        "end_node": "copper(II) complexes"
    },
    {
        "start_node": "COF",
        "relationship": "contain",
        "end_node": "[Cu-2(L-H)(2)]"
    },
    {
        "start_node": "COF",
        "relationship": "contain",
        "end_node": "[Cu-2(L-3OMe)(2)]"
    },
    {
        "start_node": "COF",
        "relationship": "contain",
        "end_node": "[Cu-2(L-4OMe)(2)]"
    },
    {
        "start_node": "COF",
        "relationship": "contain",
        "end_node": "[Cu-4(L-3OMe)(4)]"
    },
    {
        "start_node": "COF",
        "relationship": "contain",
        "end_node": "dinuclear"
    },
    {
        "start_node": "COF",
        "relationship": "contain",
        "end_node": "[Cu2(L-H)(2)(py)(2)]"
    },
    {
        "start_node": "COF",
        "relationship": "contain",
        "end_node": "[Cu-2(L-3OMe)(2)(py)(2)]"
    },
    {
        "start_node": "COF",
        "relationship": "contain",
        "end_node": "[Cu-2(L-4OMe)(2)(py)(2)]"
    },
    {
        "start_node": "COF",
        "relationship": "contain",
        "end_node": "[{Cu(L-H)}(2)(bpy)]"
    },
    {
        "start_node": "COF",
        "relationship": "contain",
        "end_node": "[{Cu(L-3OMe)}(2)(bpy)]"
    },
    {
        "start_node": "COF",
        "relationship": "contain",
        "end_node": "[{Cu(L-4OMe)}(2)(bpy)]"
    },
    {
        "start_node": "COF",
        "relationship": "contain",
        "end_node": "[Cu(LH)(phen)]"
    },
    {
        "start_node": "COF",
        "relationship": "contain",
        "end_node": "[Cu(L-3OMe)(phen)]"
    },
    {
        "start_node": "COF",
        "relationship": "contain",
        "end_node": "[Cu(L-4OMe)(phen)]"
    },
    {
        "start_node": "COF",
        "relationship": "contain",
        "end_node": "[{Cu(LH)}2(bpy)]"
    },
    {
        "start_node": "COF",
        "relationship": "contain",
        "end_node": "tetranuclear"
    },
    {
        "start_node": "COF",
        "relationship": "cytotoxicity",
        "end_node": "THP-1 cells"
    },
    {
        "start_node": "COF",
        "relationship": "cytotoxicity",
        "end_node": "HepG2 cells"
    }
]