[
    {
        "start_node": "method",
        "relationship": "develop",
        "end_node": "detection"
    },
    {
        "start_node": "detection",
        "relationship": "require",
        "end_node": "low_cost"
    },
    {
        "start_node": "detection",
        "relationship": "require",
        "end_node": "efficient"
    },
    {
        "start_node": "detection",
        "relationship": "selective_for",
        "end_node": "acaricide_residues"
    },
    {
        "start_node": "matrix_effects",
        "relationship": "reduce",
        "end_node": "samples"
    },
    {
        "start_node": "pretreatment",
        "relationship": "called",
        "end_node": "magnetic_solid_phase_extraction"
    },
    {
        "start_node": "method",
        "relationship": "optimize",
        "end_node": "limit_of_detection"
    },
    {
        "start_node": "method",
        "relationship": "validate",
        "end_node": "limit_of_detection"
    },
    {
        "start_node": "limit_of_detection",
        "relationship": "value",
        "end_node": "0.5-0.9 mu_g_L_1"
    },
    {
        "start_node": "limit_of_quantitation",
        "relationship": "calculate",
        "end_node": "1.7-3.1_mu_g_L_1"
    },
    {
        "start_node": "adsorption",
        "relationship": "investigate",
        "end_node": "behavior"
    },
    {
        "start_node": "adsorption",
        "relationship": "investigate",
        "end_node": "mechanism"
    },
    {
        "start_node": "adsorption",
        "relationship": "investigate",
        "end_node": "selectivity"
    },
    {
        "start_node": "experiment",
        "relationship": "perform",
        "end_node": "adsorption"
    },
    {
        "start_node": "environmental_samples",
        "relationship": "select",
        "end_node": "water_samples"
    },
    {
        "start_node": "method",
        "relationship": "verify",
        "end_node": "feasibility"
    },
    {
        "start_node": "recovery",
        "relationship": "range",
        "end_node": "87% to 116%"
    },
    {
        "start_node": "recovery",
        "relationship": "standard_deviation",
        "end_node": "0.27% to 9.41%"
    },
    {
        "start_node": "method",
        "relationship": "demonstrate",
        "end_node": "low_cost_efficient"
    },
    {
        "start_node": "method",
        "relationship": "demonstrate",
        "end_node": "selective"
    },
    {
        "start_node": "method",
        "relationship": "detect",
        "end_node": "multiple_ARs"
    }
]