[
    {
        "start_node": "Polymeric Carbon Nitrides",
        "relationship": "related_to",
        "end_node": "Carbon-based materials"
    },
    {
        "start_node": "Polymeric Carbon Nitrides",
        "relationship": "application_in",
        "end_node": "Photo- and electro-catalysis"
    },
    {
        "start_node": "Polymeric Carbon Nitrides",
        "relationship": "application_in",
        "end_node": "Sensors"
    },
    {
        "start_node": "Polymeric Carbon Nitrides",
        "relationship": "application_in",
        "end_node": "Bioimaging"
    },
    {
        "start_node": "Synthetic Methods",
        "relationship": "involve",
        "end_node": "Co-polymerization"
    },
    {
        "start_node": "Synthetic Methods",
        "relationship": "involve",
        "end_node": "Templating"
    },
    {
        "start_node": "Synthetic Methods",
        "relationship": "involve",
        "end_node": "Ionothermal Pathway"
    },
    {
        "start_node": "Synthetic Methods",
        "relationship": "involve",
        "end_node": "Supramolecular pre-organization"
    },
    {
        "start_node": "Carbon Nitrides",
        "relationship": "property",
        "end_node": "Chemical properties"
    },
    {
        "start_node": "Carbon Nitrides",
        "relationship": "property",
        "end_node": "Photophysical properties"
    },
    {
        "start_node": "Carbon Nitrides",
        "relationship": "property",
        "end_node": "Catalytic properties"
    },
    {
        "start_node": "Carbon Nitrides",
        "relationship": "property",
        "end_node": "Low price"
    },
    {
        "start_node": "Carbon Nitrides",
        "relationship": "property",
        "end_node": "Facile synthesis"
    },
    {
        "start_node": "Carbon Nitrides",
        "relationship": "property",
        "end_node": "High stability"
    },
    {
        "start_node": "Field Evolution",
        "relationship": "includes",
        "end_node": "Control over nanoscale features"
    },
    {
        "start_node": "Field Evolution",
        "relationship": "addresses",
        "end_node": "Current limitations"
    },
    {
        "start_node": "Field Evolution",
        "relationship": "focuses_on",
        "end_node": "Chemical composition control"
    },
    {
        "start_node": "Field Evolution",
        "relationship": "focuses_on",
        "end_node": "Electronic structure control"
    },
    {
        "start_node": "Field Evolution",
        "relationship": "focuses_on",
        "end_node": "Morphology control"
    }
]