[
    {
        "start_node": "COF",
        "relationship": "contain",
        "end_node": "porous organic polymers"
    },
    {
        "start_node": "porous organic polymers",
        "relationship": "synthesized_from",
        "end_node": "4-BINAP@POPs, 5-BINAP@POPs"
    },
    {
        "start_node": "4-BINAP@POPs",
        "relationship": "contains",
        "end_node": "chiral BINAP groups"
    },
    {
        "start_node": "5-BINAP@POPs",
        "relationship": "contains",
        "end_node": "chiral BINAP groups"
    },
    {
        "start_node": "chiral BINAP",
        "relationship": "used_in",
        "end_node": "4-BINAP@POPs, 5-BINAP@POPs"
    },
    {
        "start_node": "Ru",
        "relationship": "introduced_into",
        "end_node": "Ru/POP catalysts"
    },
    {
        "start_node": "Ru/POP catalysts",
        "relationship": "used_for",
        "end_node": "heterogeneous-asymmetric hydrogenation"
    },
    {
        "start_node": "heterogeneous-asymmetric hydrogenation",
        "relationship": "catalyzed_by",
        "end_node": "Ru/POP catalysts"
    },
    {
        "start_node": "beta-keto esters",
        "relationship": "subject_of",
        "end_node": "hydrogenation"
    },
    {
        "start_node": "Ru/POP catalysts",
        "relationship": "characteristics",
        "end_node": "high activity, stability, chiral inducibility"
    }
]