[
    {
        "start_node": "COF",
        "relationship": "type_of",
        "end_node": "Metal-free COFs"
    },
    {
        "start_node": "Metal-free COFs",
        "relationship": "challenge",
        "end_node": "Band structure regulation"
    },
    {
        "start_node": "Metal-free COFs",
        "relationship": "challenge",
        "end_node": "Catalytic site optimization"
    },
    {
        "start_node": "COFs",
        "relationship": "constructed_by",
        "end_node": "Knoevenagel condensation"
    },
    {
        "start_node": "COFs",
        "relationship": "constructed_by",
        "end_node": "Schiff base reaction"
    },
    {
        "start_node": "2D sp² carbon-linked COF",
        "relationship": "photocatalytic_activity",
        "end_node": "Water splitting"
    },
    {
        "start_node": "2D sp² carbon-linked COF",
        "relationship": "apparent_quantum_efficiency",
        "end_node": "2.53%"
    },
    {
        "start_node": "2D imine-linked COF",
        "relationship": "photocatalytic_activity",
        "end_node": "No water splitting"
    },
    {
        "start_node": "Cyanovinylene linkage",
        "relationship": "impact_on",
        "end_node": "Band structure"
    },
    {
        "start_node": "Cyanovinylene linkage",
        "relationship": "impact_on",
        "end_node": "Charge separation"
    },
    {
        "start_node": "Crystallinity",
        "relationship": "impact_on",
        "end_node": "Photocatalytic performance"
    },
    {
        "start_node": "2D sp² carbon-linked COF",
        "relationship": "crystallinity",
        "end_node": "High"
    },
    {
        "start_node": "Metal-free COFs",
        "relationship": "first_example_of",
        "end_node": "Overall water splitting"
    }
]