[
    {
        "start_node": "COF",
        "relationship": "study",
        "end_node": "magnetite reference material"
    },
    {
        "start_node": "method",
        "relationship": "developed",
        "end_node": "high-temperature pressure sintering"
    },
    {
        "start_node": "magnetite powder",
        "relationship": "processed",
        "end_node": "micron particles"
    },
    {
        "start_node": "micron particles",
        "relationship": "formed from",
        "end_node": "milled magnetite powder"
    },
    {
        "start_node": "particles",
        "relationship": "pressed into",
        "end_node": "cylinder"
    },
    {
        "start_node": "cylinder",
        "relationship": "sealed in",
        "end_node": "silver tube"
    },
    {
        "start_node": "cylinder",
        "relationship": "sintered at",
        "end_node": "500°C 1.2GPa"
    },
    {
        "start_node": "phase transformation",
        "relationship": "prevented by",
        "end_node": "high-temperature pressure sintering"
    },
    {
        "start_node": "reference material",
        "relationship": "suitable for",
        "end_node": "in-situ trace isotope analysis"
    },
    {
        "start_node": "MtTR-1",
        "relationship": "used for",
        "end_node": "electron probe microanalyzer LA-ICP-MS"
    },
    {
        "start_node": "homogeneity",
        "relationship": "confirmed by",
        "end_node": "signal intensity line profile analyses"
    },
    {
        "start_node": "ICP-OES ICP-MS",
        "relationship": "used to determine",
        "end_node": "element concentrations MtTR-1"
    },
    {
        "start_node": "MtTR-1",
        "relationship": "applicable to",
        "end_node": "other minerals rocks (optimizing conditions)"
    }
]