[
    {
        "start_node": "COF",
        "relationship": "contain",
        "end_node": "bimetallic catalyst"
    },
    {
        "start_node": "bimetallic catalyst",
        "relationship": "for",
        "end_node": "OER catalyst"
    },
    {
        "start_node": "OER catalyst",
        "relationship": "have",
        "end_node": "well-defined architecture"
    },
    {
        "start_node": "well-defined architecture",
        "relationship": "enable",
        "end_node": "decouple intrinsic activity"
    },
    {
        "start_node": "intrinsic activity",
        "relationship": "from",
        "end_node": "other factors"
    },
    {
        "start_node": "factors",
        "relationship": "affect",
        "end_node": "synergistic effect"
    },
    {
        "start_node": "synergistic effect",
        "relationship": "in",
        "end_node": "Ni, Co bimetallic centres"
    },
    {
        "start_node": "Ni, Co bimetallic centres",
        "relationship": "show",
        "end_node": "highest electrocatalytic activity"
    },
    {
        "start_node": "activity",
        "relationship": "achieved at",
        "end_node": "500 mV overpotential"
    }
]