[
    {
        "start_node": "COF",
        "relationship": "mention",
        "end_node": "hierarchical porous polymeric monoliths"
    },
    {
        "start_node": "COF",
        "relationship": "used_for",
        "end_node": "catalyst_support"
    },
    {
        "start_node": "Microporous polymer monoliths",
        "relationship": "property",
        "end_node": "robustness"
    },
    {
        "start_node": "Microporous polymer monoliths",
        "relationship": "property",
        "end_node": "recyclability"
    },
    {
        "start_node": "Microporous polymer monoliths",
        "relationship": "property",
        "end_node": "accessibility"
    },
    {
        "start_node": "functionalized hierarchical porous polymeric monoliths",
        "relationship": "synthesis",
        "end_node": "copolymerization"
    },
    {
        "start_node": "functionalized hierarchical porous polymeric monoliths",
        "relationship": "synthesis",
        "end_node": "external_knitting"
    },
    {
        "start_node": "SEM",
        "relationship": "analysis",
        "end_node": "hierarchical_structure"
    },
    {
        "start_node": "N-2 sorption",
        "relationship": "analysis",
        "end_node": "porosity"
    },
    {
        "start_node": "gold nanoparticles",
        "relationship": "loaded_on",
        "end_node": "functionalized_monoliths"
    },
    {
        "start_node": "gold nanoparticles",
        "relationship": "dispersion",
        "end_node": "uniform"
    },
    {
        "start_node": "gold nanoparticles",
        "relationship": "size_distribution",
        "end_node": "narrow"
    },
    {
        "start_node": "monolithic catalysts",
        "relationship": "performance",
        "end_node": "4-nitrophenol_reduction"
    }
]