[
    {
        "start_node": "Metallophthalocyanine",
        "relationship": "derive",
        "end_node": "MPc-CMPs"
    },
    {
        "start_node": "MPc-CMPs",
        "relationship": "used_for",
        "end_node": "photosensitizer"
    },
    {
        "start_node": "photosensitizer",
        "relationship": "property",
        "end_node": "high efficiency"
    },
    {
        "start_node": "high efficiency",
        "relationship": "achieved_by",
        "end_node": "O-1(2) generation"
    },
    {
        "start_node": "O-1(2) generation",
        "relationship": "method",
        "end_node": "irradiation with 700nm light"
    },
    {
        "start_node": "700nm light",
        "relationship": "used_for",
        "end_node": "O-1(2) generation"
    },
    {
        "start_node": "MPc-CMPs",
        "relationship": "absorption_capability",
        "end_node": "far-red region"
    },
    {
        "start_node": "far-red region",
        "relationship": "enhanced_by",
        "end_node": "extended conjugation systems"
    },
    {
        "start_node": "O-1(2)",
        "relationship": "produced_by",
        "end_node": "MPc-CMPs"
    },
    {
        "start_node": "Singlet oxygen",
        "relationship": "application",
        "end_node": "photodynamic therapy"
    },
    {
        "start_node": "Singlet oxygen",
        "relationship": "application",
        "end_node": "photooxidation"
    },
    {
        "start_node": "Singlet oxygen",
        "relationship": "application",
        "end_node": "photochemical synthesis"
    }
]