[
    {
        "start_node": "Photocatalytic CO2 Reduction",
        "relationship": "uses",
        "end_node": "Conjugated Polymers"
    },
    {
        "start_node": "Conjugated Polymers",
        "relationship": "property",
        "end_node": "band structures"
    },
    {
        "start_node": "Conjugated Polymers",
        "relationship": "challenge",
        "end_node": "low charge transfer efficiency"
    },
    {
        "start_node": "CPs (rational design)",
        "relationship": "design",
        "end_node": "P-2CN"
    },
    {
        "start_node": "P-2CN",
        "relationship": "performance",
        "end_node": "apparent quantum yield",
        "end_node_detail": "4.6% at 420 nm"
    },
    {
        "start_node": "P-2CN",
        "relationship": "product",
        "end_node": "CO"
    },
    {
        "start_node": "CO2 reduction selectivity",
        "relationship": "adjustable",
        "end_node": "P-2CN",
        "end_node_detail": "range of 0-80.5%"
    },
    {
        "start_node": "Electronic Transmission Channels",
        "relationship": "improves",
        "end_node": "charge transfer efficiency"
    },
    {
        "start_node": "Molecular Structure",
        "relationship": "impact",
        "end_node": "exciton binding energy (Eb)"
    },
    {
        "start_node": "CPs",
        "relationship": "surface modification",
        "end_node": "electron-output 'tentacles' and cocatalysts"
    },
    {
        "start_node": "Interfacial electron delivery",
        "relationship": "enhanced by",
        "end_node": "assembly of cocatalysts"
    }
]