[
    {
        "start_node": "COF",
        "relationship": "mention",
        "end_node": "Metal-Free"
    },
    {
        "start_node": "Metal-Free",
        "relationship": "homocoupling",
        "end_node": "Terminal Alkynes"
    },
    {
        "start_node": "Terminal Alkynes",
        "relationship": "on-surface synthesis",
        "end_node": "bisacetylene derivatives"
    },
    {
        "start_node": "bisacetylene derivatives",
        "relationship": "production",
        "end_node": "functional materials"
    },
    {
        "start_node": "homocoupling",
        "relationship": "previously",
        "end_node": "thermal activation, metal surfaces"
    },
    {
        "start_node": "thermal activation",
        "relationship": "unwanted",
        "end_node": "side reactions"
    },
    {
        "start_node": "Metal-Free",
        "relationship": "alternative",
        "end_node": "light-induced process"
    },
    {
        "start_node": "light-induced process",
        "relationship": "occurring on",
        "end_node": "HOPG"
    },
    {
        "start_node": "HOPG",
        "relationship": "material",
        "end_node": "highly oriented pyrolitic graphite"
    },
    {
        "start_node": "HOPG",
        "relationship": "supporting",
        "end_node": "self-assembled monolayer (SAM)"
    },
    {
        "start_node": "SAM",
        "relationship": "consists of",
        "end_node": "aryl-alkynes"
    },
    {
        "start_node": "aryl-alkynes",
        "relationship": "photochemical uncatalyzed homocoupling",
        "end_node": "butadiynyl derivatives"
    },
    {
        "start_node": "butadiynyl derivatives",
        "relationship": "topological C-C coupling",
        "end_node": "solid/liquid interface"
    },
    {
        "start_node": "topological C-C coupling",
        "relationship": "novel",
        "end_node": "interface technique"
    }
]