[
    {
        "start_node": "COF",
        "relationship": "application",
        "end_node": "rare earth element separation"
    },
    {
        "start_node": "membrane materials",
        "relationship": "improvement",
        "end_node": "utilizations"
    },
    {
        "start_node": "REEs",
        "relationship": "selective separation",
        "end_node": "membrane-based strategies"
    },
    {
        "start_node": "demands",
        "relationship": "increase",
        "end_node": "REEs"
    },
    {
        "start_node": "REEs separation",
        "relationship": "benefits",
        "end_node": "global"
    },
    {
        "start_node": "liquid membranes",
        "relationship": "problems",
        "end_node": "long-term utilization, stability"
    },
    {
        "start_node": "non-liquid membranes",
        "relationship": "shift",
        "end_node": "durable materials"
    },
    {
        "start_node": "imprinted membranes",
        "relationship": "type",
        "end_node": "non-liquid"
    },
    {
        "start_node": "polymer inclusion membranes",
        "relationship": "type",
        "end_node": "non-liquid"
    },
    {
        "start_node": "nanocomposite membranes",
        "relationship": "type",
        "end_node": "non-liquid"
    },
    {
        "start_node": "metal-/covalent organic frameworks",
        "relationship": "type",
        "end_node": "non-liquid"
    },
    {
        "start_node": "extraction performances",
        "relationship": "consideration",
        "end_node": "science"
    },
    {
        "start_node": "separation efficiency",
        "relationship": "consideration",
        "end_node": "science"
    },
    {
        "start_node": "REEs transport features",
        "relationship": "consideration",
        "end_node": "science"
    },
    {
        "start_node": "transport models",
        "relationship": "discussed",
        "end_node": "membrane stability"
    }
]