[
    {
        "start_node": "COF",
        "relationship": "contain",
        "end_node": "porous polymer"
    },
    {
        "start_node": "TFPT-CH3",
        "relationship": "synthesis",
        "end_node": "porous polymer"
    },
    {
        "start_node": "TFPT-PDAN",
        "relationship": "synthesis",
        "end_node": "porous polymer"
    },
    {
        "start_node": "TFPT-OCH3",
        "relationship": "synthesis",
        "end_node": "porous polymer"
    },
    {
        "start_node": "fully sp(2)-carbon-linked",
        "relationship": "property",
        "end_node": "TFPT-CH3, TFPT-PDAN, TFPT-OCH3"
    },
    {
        "start_node": "pi-delocalized skeletons",
        "relationship": "achieved by",
        "end_node": "full sp(2)-carbon linkages"
    },
    {
        "start_node": "physical properties",
        "relationship": "tailorable",
        "end_node": "TFPT-CH3, TFPT-PDAN, TFPT-OCH3"
    },
    {
        "start_node": "visible light harvesting",
        "relationship": "property",
        "end_node": "TFPT-CH3, TFPT-PDAN, TFPT-OCH3"
    },
    {
        "start_node": "band gaps",
        "relationship": "property",
        "end_node": "TFPT-CH3, TFPT-PDAN, TFPT-OCH3"
    },
    {
        "start_node": "hydrophilicity",
        "relationship": "property",
        "end_node": "TFPT-CH3, TFPT-PDAN, TFPT-OCH3"
    },
    {
        "start_node": "photocatalytic activity",
        "relationship": "property",
        "end_node": "TFPT-CH3, TFPT-PDAN, TFPT-OCH3"
    },
    {
        "start_node": "TFPT-OCH3",
        "relationship": "best performance",
        "end_node": "photocatalytic behavior"
    },
    {
        "start_node": "apparent quantum yield",
        "relationship": "value",
        "end_node": "1.03%"
    },
    {
        "start_node": "405 nm",
        "relationship": "light source",
        "end_node": "optimal performance"
    },
    {
        "start_node": "side-chain modification",
        "relationship": "strategy",
        "end_node": "improve photocatalytic water-splitting"
    }
]