[
    {
        "start_node": "COF",
        "relationship": "synthesized",
        "end_node": "HHTP"
    },
    {
        "start_node": "HHTP",
        "relationship": "characterized_by",
        "end_node": "electrochemistry"
    },
    {
        "start_node": "HHTP",
        "relationship": "characterized_by",
        "end_node": "spectroelectrochemistry"
    },
    {
        "start_node": "HHTP",
        "relationship": "characterized_by",
        "end_node": "electron_paramagnetic_resonance"
    },
    {
        "start_node": "HHTP",
        "relationship": "has_oxidation_state",
        "end_node": "tris-semiquinone_monoradical"
    },
    {
        "start_node": "HHTP",
        "relationship": "stored_and_formed",
        "end_node": "tris-semiquinone_monoradical"
    },
    {
        "start_node": "HHTP",
        "relationship": "cytotoxic_to",
        "end_node": "glioma_cells"
    },
    {
        "start_node": "HHTP",
        "relationship": "cytotoxic_to",
        "end_node": "lung_cancer_cells"
    },
    {
        "start_node": "HHTP",
        "relationship": "effect_on",
        "end_node": "cell_viability_decrease"
    },
    {
        "start_node": "HHTP",
        "relationship": "effect_on",
        "end_node": "DNA_fragmentation_increase"
    },
    {
        "start_node": "HHTP",
        "relationship": "effect_on",
        "end_node": "annexin_V_PI_positive_cells_increase"
    }
]