[
    {
        "start_node": "TI",
        "relationship": "discusses",
        "end_node": "Graphdiyne"
    },
    {
        "start_node": "Graphdiyne",
        "relationship": "is_a",
        "end_node": "carbon_allotrope"
    },
    {
        "start_node": "Graphdiyne",
        "relationship": "belongs_to",
        "end_node": "graphyne_family"
    },
    {
        "start_node": "Graphdiyne",
        "relationship": "has_applications_in",
        "end_node": "electronics"
    },
    {
        "start_node": "Graphdiyne",
        "relationship": "has_applications_in",
        "end_node": "catalysis"
    },
    {
        "start_node": "Graphdiyne",
        "relationship": "has_applications_in",
        "end_node": "energy_storage"
    },
    {
        "start_node": "Graphdiyne",
        "relationship": "has_applications_in",
        "end_node": "nonlinear_optics"
    },
    {
        "start_node": "few-layered GDY",
        "relationship": "important_for",
        "end_node": "electronic_apps"
    },
    {
        "start_node": "few-layered GDY",
        "relationship": "important_for",
        "end_node": "structural_char"
    },
    {
        "start_node": "work",
        "relationship": "summarizes",
        "end_node": "state-of-art GDY"
    },
    {
        "start_node": "work",
        "relationship": "focuses_on",
        "end_node": "approaches_synthesis"
    },
    {
        "start_node": "synthesis_obstacles",
        "relationship": "analyzed",
        "end_node": "GDY_synthesis"
    },
    {
        "start_node": "methods",
        "relationship": "discussed",
        "end_node": "copper_substrate"
    },
    {
        "start_node": "methods",
        "relationship": "discussed",
        "end_node": "chemical_vapor Deposition (CVD)"
    },
    {
        "start_node": "methods",
        "relationship": "discussed",
        "end_node": "interfacial_construction"
    },
    {
        "start_node": "methods",
        "relationship": "discussed",
        "end_node": "graphene_templates"
    },
    {
        "start_node": "GDY_crystalline_quality",
        "relationship": "perspective_on",
        "end_node": "research_directions"
    },
    {
        "start_node": "GDY_crystalline_quality",
        "relationship": "remaining_barrier",
        "end_node": "layer_controlled_synthesis"
    },
    {
        "start_node": "GDY_crystalline_quality",
        "relationship": "remaining_barrier",
        "end_node": "morphology_controlled_synthesis"
    }
]