[
    {
        "start_node": "COF",
        "relationship": "contains",
        "end_node": "Vinylene-linked conjugated microporous polymer"
    },
    {
        "start_node": "COF",
        "relationship": "property",
        "end_node": "electron-rich units"
    },
    {
        "start_node": "CMP",
        "relationship": "type",
        "end_node": "single-component white light emitting"
    },
    {
        "start_node": "CMP",
        "relationship": "synthesis",
        "end_node": "Horner-Wadsworth-Emmons reaction"
    },
    {
        "start_node": "CMP",
        "relationship": "composition",
        "end_node": "donor-acceptor system (TPA, anthracene)"
    },
    {
        "start_node": "TPA",
        "relationship": "function",
        "end_node": "blue-emissive core"
    },
    {
        "start_node": "anthracene",
        "relationship": "function",
        "end_node": "yellow-emissive core"
    },
    {
        "start_node": "CMP",
        "relationship": "emission",
        "end_node": "solution state (CIE: 0.29, 0.32)"
    },
    {
        "start_node": "CMP",
        "relationship": "application",
        "end_node": "flexible white light emitting device"
    }
]