[
    {
        "start_node": "COF",
        "relationship": "mention",
        "end_node": "Polyamide"
    },
    {
        "start_node": "TFN",
        "relationship": "type_of",
        "end_node": "thin-film composite"
    },
    {
        "start_node": "TFC",
        "relationship": "type_of",
        "end_node": "thin-film composite"
    },
    {
        "start_node": "PA",
        "relationship": "component_of",
        "end_node": "TFC membrane"
    },
    {
        "start_node": "TFN",
        "relationship": "problematic_in",
        "end_node": "selectivity"
    },
    {
        "start_node": "2D nanomaterials",
        "relationship": "used_as",
        "end_node": "interlayer"
    },
    {
        "start_node": "TFNi",
        "relationship": "type_of",
        "end_node": "TFN membrane"
    },
    {
        "start_node": "2D interlayers",
        "relationship": "part_of",
        "end_node": "TFNi membranes"
    },
    {
        "start_node": "trade-off",
        "relationship": "related_to",
        "end_node": "permeability, selectivity"
    },
    {
        "start_node": "membrane permeability",
        "relationship": "improved_by",
        "end_node": "2D interlayers"
    },
    {
        "start_node": "selectivity",
        "relationship": "potentially_improved_by",
        "end_node": "2D interlayers"
    }
]