[
    {
        "start_node": "COF",
        "relationship": "contains",
        "end_node": "Emerging Nanomaterials"
    },
    {
        "start_node": "Nuclear Energy",
        "relationship": "uses",
        "end_node": "Uranium Extraction"
    },
    {
        "start_node": "UES",
        "relationship": "aim",
        "end_node": "Sustainable Nuclear Energy"
    },
    {
        "start_node": "UES",
        "relationship": "addresses",
        "end_node": "Energy Transition"
    },
    {
        "start_node": "UES Materials",
        "relationship": "challenge",
        "end_node": "Low Uranium Concentration"
    },
    {
        "start_node": "UES Materials",
        "relationship": "affects",
        "end_node": "Kinetics, Capacity, Selectivity"
    },
    {
        "start_node": "UES Materials",
        "relationship": "impacted by",
        "end_node": "Marine Interference"
    },
    {
        "start_node": "UES Technologies",
        "relationship": "reviewed",
        "end_node": "Current Mainstream"
    },
    {
        "start_node": "Physiochemical Properties",
        "relationship": "correlates with",
        "end_node": "UES Performances"
    },
    {
        "start_node": "Design Strategies",
        "relationship": "influences",
        "end_node": "Physiochemical Properties"
    },
    {
        "start_node": "Materials-Properties-Activities",
        "relationship": "discussed",
        "end_node": "Mechanisms"
    },
    {
        "start_node": "Review",
        "relationship": "intends to",
        "end_node": "Inspire Innovative Ideas"
    }
]