[
    {
        "start_node": "Green Sample Prep",
        "relationship": "focus_on",
        "end_node": "Pharmaceutical Analysis"
    },
    {
        "start_node": "Miniaturization",
        "relationship": "approach_in",
        "end_node": "Green Sample Prep"
    },
    {
        "start_node": "2017-2021",
        "relationship": "time_frame",
        "end_node": "Review Period"
    },
    {
        "start_node": "Environmentally Friendly Solvents",
        "relationship": "used_in",
        "end_node": "Sample Prep"
    },
    {
        "start_node": "Sorbents",
        "relationship": "used_in",
        "end_node": "Sample Prep"
    },
    {
        "start_node": "Nanomaterials",
        "relationship": "used_in",
        "end_node": "Sample Prep"
    },
    {
        "start_node": "High Extraction Capacity Sorbents",
        "relationship": "used_in",
        "end_node": "Sample Prep"
    },
    {
        "start_node": "Reduced Solvent Volumes",
        "relationship": "goal_of",
        "end_node": "Miniaturization"
    },
    {
        "start_node": "Reduced Reagent Amounts",
        "relationship": "goal_of",
        "end_node": "Miniaturization"
    },
    {
        "start_node": "Sustainability",
        "relationship": "advantage",
        "end_node": "Miniaturized Sample Prep"
    }
]