[
    {
        "start_node": "COF",
        "relationship": "contain",
        "end_node": "ultrathin SSC"
    },
    {
        "start_node": "ultrathin SSC",
        "relationship": "fabricated by",
        "end_node": "assembly of metal-porphyrin molecules"
    },
    {
        "start_node": "assembly",
        "relationship": "result in",
        "end_node": "well-defined SSC"
    },
    {
        "start_node": "well-defined SSC",
        "relationship": "enable",
        "end_node": "precise identification of active sites"
    },
    {
        "start_node": "active sites",
        "relationship": "require",
        "end_node": "d-orbital energy engineering"
    },
    {
        "start_node": "energy engineering",
        "relationship": "aim to",
        "end_node": "optimize CO2 electroreduction"
    },
    {
        "start_node": "CO2 electroreduction",
        "relationship": "improve",
        "end_node": "activity of as-assembled products"
    },
    {
        "start_node": "activity",
        "relationship": "increase due to",
        "end_node": "lifting up dz2 orbital energy"
    },
    {
        "start_node": "dz2 orbitals",
        "relationship": "have effect on",
        "end_node": "Faradaic efficiency"
    },
    {
        "start_node": "Faradaic efficiency",
        "relationship": "reach",
        "end_node": "96% at 500 mV overpotential"
    },
    {
        "start_node": "overpotential",
        "relationship": "correspond to",
        "end_node": "500 mV"
    },
    {
        "start_node": "performance",
        "relationship": "exhibit",
        "end_node": "TOF of 4.21 s^-1"
    },
    {
        "start_node": "TOF",
        "relationship": "achieve",
        "end_node": "4.21 s^-1"
    },
    {
        "start_node": "TOF",
        "relationship": "remain stable",
        "end_node": "negligible decay over 48 hours"
    }
]