[
    {
        "start_node": "COF",
        "relationship": "contain",
        "end_node": "2,5,8,11-tetrabromo-1,6,7,12-tetrabutoxyperylene (Per-4Br)"
    },
    {
        "start_node": "Per-4Br",
        "relationship": "synthesized_from",
        "end_node": "3,6-dibromo-2,7-dioxylnaphthalene"
    },
    {
        "start_node": "3,6-dibromo-2,7-dioxylnaphthalene",
        "relationship": "via",
        "end_node": "oxidative radical coupling"
    },
    {
        "start_node": "Per-4Br",
        "relationship": "processed_into",
        "end_node": "various bay- and ortho-octasubstituted perylenes"
    },
    {
        "start_node": "bay- and ortho-octasubstituted perylenes",
        "relationship": "obtained_by",
        "end_node": "nucleophilic substitution"
    },
    {
        "start_node": "bay- and ortho-octasubstituted perylenes",
        "relationship": "obtained_by",
        "end_node": "Pd-catalyzed coupling reactions"
    },
    {
        "start_node": "Per-4Br",
        "relationship": "characteristic",
        "end_node": "twisted structure"
    },
    {
        "start_node": "twisted structure",
        "relationship": "caused_by",
        "end_node": "steric congestion at bay-regions"
    },
    {
        "start_node": "new perylene molecules",
        "relationship": "exhibit",
        "end_node": "moderate fluorescence quantum yields"
    },
    {
        "start_node": "new perylene molecules",
        "relationship": "optoelectronic_property",
        "end_node": "tunable"
    },
    {
        "start_node": "Per-4Br",
        "relationship": "function",
        "end_node": "versatile building block for perylene dyes"
    }
]