[
    {
        "start_node": "COF",
        "relationship": "form",
        "end_node": "2D COF solid solution"
    },
    {
        "start_node": "2D COF solid solution",
        "relationship": "consist_of",
        "end_node": "monomers"
    },
    {
        "start_node": "monomers",
        "relationship": "vary",
        "end_node": "length"
    },
    {
        "start_node": "monomers",
        "relationship": "incorporate",
        "end_node": "lattice"
    },
    {
        "start_node": "lattice",
        "relationship": "change",
        "end_node": "parameters"
    },
    {
        "start_node": "X-ray diffraction",
        "relationship": "measure",
        "end_node": "solid solutions"
    },
    {
        "start_node": "FTIR spectroscopy",
        "relationship": "analyze",
        "end_node": "solid solutions"
    },
    {
        "start_node": "Pawley refinement",
        "relationship": "confirm",
        "end_node": "random distribution"
    },
    {
        "start_node": "polymerization",
        "relationship": "method",
        "end_node": "solid solutions"
    },
    {
        "start_node": "linker exchange",
        "relationship": "not",
        "end_node": "formation process"
    },
    {
        "start_node": "bond-bending",
        "relationship": "involve",
        "end_node": "monomer incorporation"
    },
    {
        "start_node": "property tuning",
        "relationship": "enable",
        "end_node": "solid solutions"
    },
    {
        "start_node": "pore size",
        "relationship": "tunable",
        "end_node": "2D COFs"
    }
]