[
    {
        "start_node": "CO2",
        "relationship": "impact",
        "end_node": "climate change"
    },
    {
        "start_node": "excessive CO2 emission",
        "relationship": "cause",
        "end_node": "environmental problems"
    },
    {
        "start_node": "electrocatalytic CO2 reduction (CO2RR)",
        "relationship": "solution",
        "end_node": "utilise CO2"
    },
    {
        "start_node": "CO2RR electrocatalysts",
        "relationship": "aim for",
        "end_node": "selectivity and efficiency"
    },
    {
        "start_node": "single-atom catalysts",
        "relationship": "emergence",
        "end_node": "CO2 reduction catalysts"
    },
    {
        "start_node": "atomic- and molecular-level modulations",
        "relationship": "enabling",
        "end_node": "atomic-scale catalysts"
    },
    {
        "start_node": "catalyst preparations",
        "relationship": "summary",
        "end_node": "modulations and mechanisms"
    },
    {
        "start_node": "atomic-level modulations",
        "relationship": "discussed",
        "end_node": null
    },
    {
        "start_node": "molecular-level modulations",
        "relationship": "followed by",
        "end_node": "atomic-level modulations"
    },
    {
        "start_node": "current challenges",
        "relationship": "addressed",
        "end_node": "future opportunities"
    },
    {
        "start_node": "future opportunities",
        "relationship": "guidance for",
        "end_node": "catalyst developments"
    }
]