[
    {
        "start_node": "TI",
        "relationship": "discusses",
        "end_node": "exfoliation techniques"
    },
    {
        "start_node": "exfoliation techniques",
        "relationship": "applied_to",
        "end_node": "layered 2D materials"
    },
    {
        "start_node": "exfoliation techniques",
        "relationship": "applied_to",
        "end_node": "non-layered 2D materials"
    },
    {
        "start_node": "layered 2D materials",
        "relationship": "properties",
        "end_node": "unique properties"
    },
    {
        "start_node": "layered 2D materials",
        "relationship": "used_in",
        "end_node": "electronic devices"
    },
    {
        "start_node": "layered 2D materials",
        "relationship": "used_in",
        "end_node": "catalysis"
    },
    {
        "start_node": "layered 2D materials",
        "relationship": "used_in",
        "end_node": "bioelectronics"
    },
    {
        "start_node": "non-layered 2D materials",
        "relationship": "properties",
        "end_node": "active sites"
    },
    {
        "start_node": "non-layered 2D materials",
        "relationship": "used_in",
        "end_node": "energy storage"
    },
    {
        "start_node": "non-layered 2D materials",
        "relationship": "used_in",
        "end_node": "photodetectors"
    },
    {
        "start_node": "exfoliation",
        "relationship": "crucial_for",
        "end_node": "application of 2D materials"
    },
    {
        "start_node": "exfoliation techniques",
        "relationship": "summarizes",
        "end_node": "electronic devices, catalysis, batteries, and supercapacitors"
    },
    {
        "start_node": "outlook",
        "relationship": "provides",
        "end_node": "future research directions"
    },
    {
        "start_node": "exfoliation approaches",
        "relationship": "promises",
        "end_node": "2D materials"
    }
]