[
    {
        "start_node": "COF",
        "relationship": "contains",
        "end_node": "Polymer Photocatalyst"
    },
    {
        "start_node": "Polymer Photocatalyst",
        "relationship": "property",
        "end_node": "Solution-processible"
    },
    {
        "start_node": "Polymer Photocatalyst",
        "relationship": "activity",
        "end_node": "Sacrificial Hydrogen Production"
    },
    {
        "start_node": "Side Chain",
        "relationship": "influence",
        "end_node": "Planarity"
    },
    {
        "start_node": "Planarity",
        "relationship": "impact",
        "end_node": "Charge-carrier Energy Levels"
    },
    {
        "start_node": "Planarity",
        "relationship": "impact",
        "end_node": "Optical Gap"
    },
    {
        "start_node": "Planarity",
        "relationship": "impact",
        "end_node": "Wettability"
    },
    {
        "start_node": "Tri(ethylene glycol)",
        "relationship": "functionalization",
        "end_node": "Hydrophilic Polymer"
    },
    {
        "start_node": "Hydrophilic Polymer",
        "relationship": "activity",
        "end_node": "45.4 mu mol h^-1 (Sacrificial H2)"
    },
    {
        "start_node": "n-decyloxy",
        "relationship": "functionalization",
        "end_node": "Hydrophobic Polymer"
    },
    {
        "start_node": "Hydrophobic Polymer",
        "relationship": "activity",
        "end_node": "17.0 mu mol h^-1 (Sacrificial H2)"
    },
    {
        "start_node": "n-dodecyl",
        "relationship": "functionalization",
        "end_node": "Alkyl Side-chain"
    },
    {
        "start_node": "n-dodecyl",
        "relationship": "effect",
        "end_node": "No Hydrogen Evolution"
    }
]