[
    {
        "start_node": "COF",
        "relationship": "serve_as",
        "end_node": "enzyme_workstation"
    },
    {
        "start_node": "TFPPy-azine-COF",
        "relationship": "is",
        "end_node": "enzyme_like_workstation"
    },
    {
        "start_node": "RAFT",
        "relationship": "catalyzed_by",
        "end_node": "hydroxyl_radicals"
    },
    {
        "start_node": "photobionic_enzyme",
        "relationship": "used_in",
        "end_node": "RAFT_polymerization_system"
    },
    {
        "start_node": "aerobic_approaches",
        "relationship": "strategy_for",
        "end_node": "oxygen_blocked_polymerization"
    },
    {
        "start_node": "molecularly_diverse_COFs",
        "relationship": "platform_for",
        "end_node": "recyclable氧气-catalyzedRAFT_polymerization"
    }
]