[
    {
        "start_node": "COF",
        "relationship": "synthesized_by",
        "end_node": "KECMP-1"
    },
    {
        "start_node": "KECMP-1",
        "relationship": "contains_material",
        "end_node": "beta-ketoenamine-linked conjugated microporous polymer"
    },
    {
        "start_node": "KECMP-1",
        "relationship": "synthesis_method",
        "end_node": "Schiff base condensation"
    },
    {
        "start_node": "Schiff base condensation",
        "relationship": "uses_reactants",
        "end_node": "1,3,5-triformylphloroglucinol, m-phenylenediamine"
    },
    {
        "start_node": "KECMP-1",
        "relationship": "synthesis_conditions",
        "end_node": "conventional solvothermal synthesis"
    },
    {
        "start_node": "KECMP-1",
        "relationship": "property",
        "end_node": "microporous structure"
    },
    {
        "start_node": "KECMP-1",
        "relationship": "property",
        "end_node": "high Brunauer-Emmett-Teller surface area (691 m²/g)"
    },
    {
        "start_node": "KECMP-1",
        "relationship": "strategy",
        "end_node": "bottom-up strategy"
    },
    {
        "start_node": "KECMP-1",
        "relationship": "surfacemodification",
        "end_node": "N-H functionalized pore surface"
    },
    {
        "start_node": "KECMP-1",
        "relationship": "application",
        "end_node": "carbon dioxide capture"
    },
    {
        "start_node": "KECMP-1",
        "relationship": "CO2_adsorption_capacity",
        "end_node": "10.5 wt% at 273 K and 1.0 bar"
    },
    {
        "start_node": "KECMP-1",
        "relationship": "heat_of_adsorption",
        "end_node": "34.6 kJ/mol"
    }
]