[
    {
        "start_node": "COF",
        "relationship": "contain",
        "end_node": "Ca coated B_40"
    },
    {
        "start_node": "Ca coated B_40",
        "relationship": "study",
        "end_node": "density functional theory"
    },
    {
        "start_node": "density functional theory",
        "relationship": "investigate",
        "end_node": "adsorption behavior"
    },
    {
        "start_node": "adsorption behavior",
        "relationship": "toward",
        "end_node": "CO2 molecules"
    },
    {
        "start_node": "Ca atoms",
        "relationship": "on",
        "end_node": "B-40"
    },
    {
        "start_node": "Ca atoms",
        "relationship": "cluster",
        "end_node": "unlikely"
    },
    {
        "start_node": "CO2 molecules",
        "relationship": "adsorbed_on",
        "end_node": "Ca coated B_40"
    },
    {
        "start_node": "Ca coated B_40",
        "relationship": "adsorption_energy",
        "end_node": "-0.54 eV"
    },
    {
        "start_node": "adsorption_energy",
        "relationship": "ideal",
        "end_node": "range"
    },
    {
        "start_node": "Ca coated B_40",
        "relationship": "selectivity",
        "end_node": "CO2 from gas mixtures"
    },
    {
        "start_node": "gas mixtures",
        "relationship": "include",
        "end_node": "CO2/N-2"
    },
    {
        "start_node": "gas mixtures",
        "relationship": "include",
        "end_node": "CO2/H-2"
    },
    {
        "start_node": "gas mixtures",
        "relationship": "include",
        "end_node": "CO2/CH4"
    }
]