[
    {
        "start_node": "COF",
        "relationship": "contain",
        "end_node": "Hydrazone-linked Heptazine Polymeric Carbon Nitrides"
    },
    {
        "start_node": "Heptazine-based PCNs",
        "relationship": "type_of",
        "end_node": "Polymeric Carbon Nitrides"
    },
    {
        "start_node": "PCNs",
        "relationship": "property",
        "end_node": "Metal-free photocatalyst"
    },
    {
        "start_node": "Synthesis method",
        "relationship": "uses",
        "end_node": "Schiff base condensation"
    },
    {
        "start_node": "Melem-NH2",
        "relationship": "reactant",
        "end_node": "Hydrazone linkages"
    },
    {
        "start_node": "Amines",
        "relationship": "previously_used",
        "end_node": "Cyameluric chloride"
    },
    {
        "start_node": "Melem-NH2",
        "relationship": "alternative",
        "end_node": "Non-toxic, stable"
    },
    {
        "start_node": "Melem-NH2",
        "relationship": "synthesis_from",
        "end_node": "Melem and hydrazine"
    },
    {
        "start_node": "Photocatalytic activity",
        "relationship": "enhanced_by",
        "end_node": "Synergistic effect of hydrazone linkages and heptazine units"
    },
    {
        "start_node": "Example polymer",
        "relationship": "composition",
        "end_node": "Melem-NH2 and p-phthalaldehyde"
    },
    {
        "start_node": "Activity comparison",
        "relationship": "superior_to",
        "end_node": "17 times more active"
    },
    {
        "start_node": "Application",
        "relationship": "used_for",
        "end_node": "Visible-light-driven aerobic oxidation of benzyl alcohol to benzaldehyde"
    }
]