[
    {
        "start_node": "Membrane Technology",
        "relationship": "plays_role_in",
        "end_node": "Water Treatment"
    },
    {
        "start_node": "Click Reactions",
        "relationship": "characteristics",
        "end_node": "Simple Conditions"
    },
    {
        "start_node": "Thiol-Ene Click Reaction",
        "relationship": "focus_of",
        "end_node": "Review"
    },
    {
        "start_node": "Substrate Materials",
        "relationship": "undergoes",
        "end_node": "Thiolation"
    },
    {
        "start_node": "Properties",
        "relationship": "implications",
        "end_node": "Antifouling Property"
    },
    {
        "start_node": "Applications",
        "relationship": "reviewed",
        "end_node": "Ion Separation"
    },
    {
        "start_node": "Prospects",
        "relationship": "includes",
        "end_node": "Pre-functionalization Strategies"
    },
    {
        "start_node": "Prospects",
        "relationship": "includes",
        "end_node": "Product Prediction"
    },
    {
        "start_node": "Prospects",
        "relationship": "includes",
        "end_node": "Solute-Solute Separation Membrane"
    },
    {
        "start_node": "Thiol-ene Reactions",
        "relationship": "application_in",
        "end_node": "Separation Membrane Fabrication"
    }
]