[
    {
        "start_node": "COF",
        "relationship": "contain",
        "end_node": "Li2P"
    },
    {
        "start_node": "Li2P",
        "relationship": "feature",
        "end_node": "porphyrin sheet"
    },
    {
        "start_node": "Li2P",
        "relationship": "contain",
        "end_node": "Li-c"
    },
    {
        "start_node": "Li-c",
        "relationship": "bind",
        "end_node": "H-2 molecule (4 molecules)"
    },
    {
        "start_node": "Li2P",
        "relationship": "contain",
        "end_node": "Li-d"
    },
    {
        "start_node": "Li-d",
        "relationship": "bind",
        "end_node": "H-2 molecule (3 molecules)"
    },
    {
        "start_node": "Li-c",
        "relationship": "electric field",
        "end_node": "H-2 molecule"
    },
    {
        "start_node": "binding energy",
        "relationship": "attribute",
        "end_node": "0.12 eV to 0.22 eV"
    },
    {
        "start_node": "Li2P",
        "relationship": "hydrogen storage capacity",
        "end_node": "7.95 wt%"
    },
    {
        "start_node": "Li2P",
        "relationship": "material type",
        "end_node": "promising hydrogen storage material"
    }
]