[
    {
        "start_node": "Material-assisted",
        "relationship": "improves",
        "end_node": "MS"
    },
    {
        "start_node": "Low molecular weight compounds",
        "relationship": "used_in",
        "end_node": "biomedical applications"
    },
    {
        "start_node": "Laser desorption/ionization MS",
        "relationship": "has_limitation",
        "end_node": "small molecules"
    },
    {
        "start_node": "Conventional matrix",
        "relationship": "drawback_of",
        "end_node": "Laser desorption/ionization MS"
    },
    {
        "start_node": "Advanced materials",
        "relationship": "alternative_to",
        "end_node": "conventional matrix"
    },
    {
        "start_node": "Advanced materials",
        "relationship": "characteristics",
        "end_node": "low background interference, high LDI efficiency"
    },
    {
        "start_node": "Materials classification",
        "relationship": "includes",
        "end_node": "composition and structure summary"
    },
    {
        "start_node": "Matrix preparation protocols",
        "relationship": "aim_to_improve",
        "end_node": "selectivity, reproducibility"
    },
    {
        "start_node": "Material-assisted LDI MS",
        "relationship": "applied_in",
        "end_node": "tissue level"
    },
    {
        "start_node": "Material-assisted LDI MS",
        "relationship": "applied_in",
        "end_node": "bio-fluid level"
    },
    {
        "start_node": "Material-assisted LDI MS",
        "relationship": "applied_in",
        "end_node": "cellular level"
    },
    {
        "start_node": "Advanced materials",
        "relationship": "future_implications",
        "end_node": "real-case applications, clinical settings"
    }
]