[
    {
        "start_node": "Supramolecular",
        "relationship": "assemble",
        "end_node": "Channels"
    },
    {
        "start_node": "Channels",
        "relationship": "type",
        "end_node": "Non-Helical 1D"
    },
    {
        "start_node": "Channels",
        "relationship": "formed_from",
        "end_node": "DPFOH enantiomers"
    },
    {
        "start_node": "DPFOH enantiomers",
        "relationship": "property",
        "end_node": "racemic"
    },
    {
        "start_node": "DPFOH enantiomers",
        "relationship": "assemble",
        "end_node": "C-2-symmetric loop"
    },
    {
        "start_node": "C-2-symmetric loop",
        "relationship": "assembly",
        "end_node": "herringbone"
    },
    {
        "start_node": "Symmetry",
        "relationship": "derive_from",
        "end_node": "enantiomer pairs"
    },
    {
        "start_node": "Interactions",
        "relationship": "involve",
        "end_node": "supramolecular"
    },
    {
        "start_node": "Solvent molecules",
        "relationship": "padding",
        "end_node": "1D channels"
    },
    {
        "start_node": "1D channels",
        "relationship": "transform_to",
        "end_node": "microtubes"
    },
    {
        "start_node": "Microtubes",
        "relationship": "result_from",
        "end_node": "etching solvent"
    },
    {
        "start_node": "Microtubes",
        "relationship": "conductivity",
        "end_node": "1.77x10^-4 S cm^-1"
    },
    {
        "start_node": "Microtubes",
        "relationship": "potential",
        "end_node": "research value"
    }
]