[
    {
        "start_node": "TI",
        "relationship": "discusses",
        "end_node": "Fe-porphyrin aerogel-based PGM-free oxygen reduction reaction catalysts"
    },
    {
        "start_node": "AB",
        "relationship": "describes",
        "end_node": "Fe-N-C catalysts as ORR replacements"
    },
    {
        "start_node": "AB",
        "relationship": "highlights",
        "end_node": "optimizing structure for active site density and mass transport"
    },
    {
        "start_node": "AB",
        "relationship": "focuses on",
        "end_node": "hierarchical structure's impact on performance"
    },
    {
        "start_node": "AB",
        "relationship": "introduces",
        "end_node": "Fe porphyrin aerogels for tunable catalyst"
    },
    {
        "start_node": "AB",
        "relationship": "studies",
        "end_node": "pore structure influence on PEMFC performance"
    },
    {
        "start_node": "AB",
        "relationship": "mentions",
        "end_node": "active site distance affecting ORR catalysts"
    },
    {
        "start_node": "AB",
        "relationship": "applies to",
        "end_node": "proton exchange membrane fuel cells (PEMFCs)"
    }
]