[
    {
        "start_node": "COF",
        "relationship": "derive_from",
        "end_node": "Iron(II) clathrochelate polymers"
    },
    {
        "start_node": "Iron(II) clathrochelate polymers",
        "relationship": "property",
        "end_node": "intrinsic microporosity"
    },
    {
        "start_node": "PCL1",
        "relationship": "type_of",
        "end_node": "Iron(II) clathrochelate polymer"
    },
    {
        "start_node": "PCL1",
        "relationship": "characteristic",
        "end_node": "small size"
    },
    {
        "start_node": "PCL1",
        "relationship": "BET_surface_area",
        "end_node": "-396 m²/g"
    },
    {
        "start_node": "PCL2",
        "relationship": "type_of",
        "end_node": "Iron(II) clathrochelate polymer"
    },
    {
        "start_node": "PCL2",
        "relationship": "characteristic",
        "end_node": "contorted structure"
    },
    {
        "start_node": "PCL2",
        "relationship": "BET_surface_area",
        "end_node": "-275 m²/g"
    },
    {
        "start_node": "PCL3",
        "relationship": "type_of",
        "end_node": "Iron(II) clathrochelate polymer"
    },
    {
        "start_node": "PCL3",
        "relationship": "characteristic",
        "end_node": "free rotation axes"
    },
    {
        "start_node": "PCL4",
        "relationship": "type_of",
        "end_node": "Iron(II) clathrochelate polymer"
    },
    {
        "start_node": "PCL4",
        "relationship": "characteristic",
        "end_node": "laterally extended aromatic structure"
    },
    {
        "start_node": "PCL4",
        "relationship": "BET_surface_area",
        "end_node": "diminishes"
    }
]