[
    {
        "start_node": "COF",
        "relationship": "modified_with",
        "end_node": "IL"
    },
    {
        "start_node": "TPB-DMTP-COF",
        "relationship": "modified_by",
        "end_node": "IL@COF"
    },
    {
        "start_node": "IL@COF",
        "relationship": "used_in",
        "end_node": "MMMs"
    },
    {
        "start_node": "MMMs",
        "relationship": "type",
        "end_node": "mixed matrix membranes"
    },
    {
        "start_node": "MMMs",
        "relationship": "contains",
        "end_node": "IL@COF/PIM-1"
    },
    {
        "start_node": "PIM-1",
        "relationship": "part_of",
        "end_node": "IL@COF/PIM-1 MMMs"
    },
    {
        "start_node": "CO2",
        "relationship": "separated_by",
        "end_node": "IL@COF/PIM-1 MMMs"
    },
    {
        "start_node": "N2",
        "relationship": "separated_by",
        "end_node": "IL@COF/PIM-1 MMMs"
    },
    {
        "start_node": "IL@COF/PIM-1 MMMs",
        "relationship": "CO2_permeability",
        "end_node": "9137.7 Barrer"
    },
    {
        "start_node": "IL@COF/PIM-1 MMMs",
        "relationship": "CO2/N2_selectivity",
        "end_node": "20.2"
    },
    {
        "start_node": "COF",
        "relationship": "potential_for",
        "end_node": "gas_separation"
    },
    {
        "start_node": "climate_change",
        "relationship": "concern",
        "end_node": null
    },
    {
        "start_node": "Robeson_upper_bound",
        "relationship": "exceeded_by",
        "end_node": "IL@COF/PIM-1 MMMs"
    }
]