[
    {
        "start_node": "COF",
        "relationship": "contains",
        "end_node": "Pyridine-Functionalized Naphthalene Diimide-Based Cross-Linked Polymer"
    },
    {
        "start_node": "Polymer",
        "relationship": "is_used_for",
        "end_node": "Supercapacitor Applications"
    },
    {
        "start_node": "NDI-PY-AC",
        "relationship": "synthesized_from",
        "end_node": "NDA, PY-AC"
    },
    {
        "start_node": "PNDI-PY-AC",
        "relationship": "derived_from",
        "end_node": "NDI-PY-AC"
    },
    {
        "start_node": "PNDI-PY-AC",
        "relationship": "analyzed_by",
        "end_node": "C-13 NMR, FT-IR"
    },
    {
        "start_node": "PNDI-PY-AC",
        "relationship": "morphology_examined_by",
        "end_node": "FE-SEM, TEM"
    },
    {
        "start_node": "PNDI-PY-AC",
        "relationship": "characterized_by",
        "end_node": "specific surface area, porosity (BET)"
    },
    {
        "start_node": "PNDI-PY-AC/GF electrode",
        "relationship": "used_in",
        "end_node": "Swagelok cell assembly, SSC device"
    },
    {
        "start_node": "PNDI-PY-AC/GF",
        "relationship": "electrode_type",
        "end_node": "cathode, anode (SSC)"
    },
    {
        "start_node": "PNDI-PY-AC/GF",
        "relationship": "capacitance",
        "end_node": "202.85 F g^(-1) at 0.5 A g^(-1)"
    },
    {
        "start_node": "SSC device",
        "relationship": "performance",
        "end_node": "energy density: 49.69 Wh kg^(-1), power density: 1259.99 W kg^(-1) at 0.5 A g^(-1)"
    },
    {
        "start_node": "PNDI-PY-AC/GF",
        "relationship": "cycle_life",
        "end_node": "92.86% retention after 5000 GCD cycles at 2 A g^(-1)"
    }
]