[
    {
        "start_node": "carbon-based materials",
        "relationship": "used_in",
        "end_node": "electrochemical water splitting"
    },
    {
        "start_node": "environmental crises",
        "relationship": "caused_by",
        "end_node": "fossil fuel burning"
    },
    {
        "start_node": "hydrogen",
        "relationship": "as_energy_carrier",
        "end_node": "clean, renewable"
    },
    {
        "start_node": "hydrogen",
        "relationship": "alternative_to",
        "end_node": "fossil fuels"
    },
    {
        "start_node": "electrochemical water splitting",
        "relationship": "produces",
        "end_node": "H2"
    },
    {
        "start_node": "water electrolysis",
        "relationship": "method_for",
        "end_node": "hydrogen production"
    },
    {
        "start_node": "low power consumption",
        "relationship": "goal_for",
        "end_node": "efficient water splitting"
    },
    {
        "start_node": "electrocatalysts",
        "relationship": "requirement_for",
        "end_node": "efficient, durable, affordable"
    },
    {
        "start_node": "carbon-based materials",
        "relationship": "obstacle",
        "end_node": "overpotentials"
    },
    {
        "start_node": "carbon neutrality",
        "relationship": "promoted_by",
        "end_node": "hydrogen production via water splitting"
    },
    {
        "start_node": "Elsevier B.V.",
        "relationship": "publisher",
        "end_node": "mini-review"
    }
]