[
    {
        "start_node": "Test_Method",
        "relationship": "describes",
        "end_node": "Grip_Adhesion_Characterization"
    },
    {
        "start_node": "Grip_Adhesion_Characterization",
        "relationship": "applies_to",
        "end_node": "Protective_Gloves"
    },
    {
        "start_node": "Protective_Gloves",
        "relationship": "reduces",
        "end_node": "Hand_Injuries"
    },
    {
        "start_node": "Protective_Gloves",
        "relationship": "impairs",
        "end_node": "Grip_Strength"
    },
    {
        "start_node": "Grip_Depends",
        "relationship": "on",
        "end_node": "Coefficient_of_Friction(COF)"
    },
    {
        "start_node": "COF",
        "relationship": "measures",
        "end_node": "Glove_Grip"
    },
    {
        "start_node": "Existing_Test_Methods",
        "relationship": "inapplicable_to",
        "end_node": "Gloves"
    },
    {
        "start_node": "Modified_TDM-100",
        "relationship": "proposed_by",
        "end_node": "Previous_Study"
    },
    {
        "start_node": "Static_COF",
        "relationship": "part_of",
        "end_node": "Friction_Force_vs_Displacement_Curve"
    },
    {
        "start_node": "Dynamic_COF",
        "relationship": "part_of",
        "end_node": "Friction_Force_vs_Displacement_Curve"
    },
    {
        "start_node": "Neoprene",
        "relationship": "tested_with",
        "end_node": "Test_Method"
    },
    {
        "start_node": "Nitrile_Rubber",
        "relationship": "tested_with",
        "end_node": "Test_Method"
    },
    {
        "start_node": "Six_Thermoplastic_Materials",
        "relationship": "tested_with",
        "end_node": "Test_Method"
    },
    {
        "start_node": "Appropriate_Load",
        "relationship": "value",
        "end_node": "10_N"
    },
    {
        "start_node": "Probe_Roughness",
        "relationship": "value",
        "end_node": "1.0_or_2.0_mu_m"
    },
    {
        "start_node": "Coefficient_of_Variation",
        "relationship": "less_than",
        "end_node": "15%"
    },
    {
        "start_node": "Test_Protocol",
        "relationship": "well_adapted_to",
        "end_node": "Grip_Adhesion_Characterization"
    }
]