[
    {
        "start_node": "Synthetic",
        "relationship": "topic",
        "end_node": "Two-Dimensional Polymers"
    },
    {
        "start_node": "2DPs",
        "relationship": "subclass_of",
        "end_node": "2D materials"
    },
    {
        "start_node": "2DPs",
        "relationship": "synthesis_method",
        "end_node": "mild and rational"
    },
    {
        "start_node": "2DPs",
        "relationship": "structure",
        "end_node": "molecular fisherman's net"
    },
    {
        "start_node": "2DPs",
        "relationship": "differ_from",
        "end_node": "conventional linear polymers"
    },
    {
        "start_node": "2DPs",
        "relationship": "application",
        "end_node": "gas separation"
    },
    {
        "start_node": "2DPs",
        "relationship": "application",
        "end_node": "nonlinear optics"
    },
    {
        "start_node": "2DPs",
        "relationship": "application",
        "end_node": "optical device miniaturization"
    },
    {
        "start_node": "development",
        "relationship": "describes",
        "end_node": "first proven representatives"
    },
    {
        "start_node": "access_routes",
        "relationship": "compared",
        "end_node": "main"
    },
    {
        "start_node": "application_aspects",
        "relationship": "given",
        "end_node": "insights"
    },
    {
        "start_node": "alternative_synthesis_routes",
        "relationship": "presented"
    },
    {
        "start_node": "analytical_issues",
        "relationship": "critical",
        "end_node": "analytical"
    },
    {
        "start_node": "Structure_analysis",
        "relationship": "challenge",
        "end_node": "proving periodic structure"
    },
    {
        "start_node": "article",
        "relationship": "aim",
        "end_node": "stimulate interest"
    },
    {
        "start_node": "community",
        "relationship": "invites",
        "end_node": "interdisciplinary"
    }
]