[
    {
        "start_node": "Electrochemical",
        "relationship": "topic",
        "end_node": "CO2_reduction"
    },
    {
        "start_node": "CO2_reduction",
        "relationship": "focus_on",
        "end_node": "Heterogeneous_Catalysts"
    },
    {
        "start_node": "Heterogeneous_Catalysts",
        "relationship": "in",
        "end_node": "Aqueous_Solution"
    },
    {
        "start_node": "Aqueous_Solution",
        "relationship": "for",
        "end_node": "CO2_reduction"
    },
    {
        "start_node": "CO2_reduction",
        "relationship": "aim",
        "end_node": " Fuels"
    },
    {
        "start_node": "Value-added_chemicals",
        "relationship": "solution_for",
        "end_node": "Depletion_of_fossil_fuels"
    },
    {
        "start_node": "Depletion_of_fossil_fuels",
        "relationship": "cause",
        "end_node": "Greenhouse_effects"
    },
    {
        "start_node": "Greenhouse_effects",
        "relationship": "caused_by",
        "end_node": "Excessive_carbon_emissions"
    },
    {
        "start_node": "Recent_progress",
        "relationship": "part_of",
        "end_node": "CO2_reduction_study"
    },
    {
        "start_node": "CO2_reduction_study",
        "relationship": "includes",
        "end_node": "Mechanistic_studies"
    },
    {
        "start_node": "Mechanistic_studies",
        "relationship": "and",
        "end_node": "Novel_catalyst_constructions"
    },
    {
        "start_node": "Novel_catalyst_constructions",
        "relationship": "in",
        "end_node": "Review"
    },
    {
        "start_node": "Review",
        "relationship": "focus",
        "end_node": "Current_stage"
    },
    {
        "start_node": "Future_development",
        "relationship": "outlook_for",
        "end_node": "CO2_reduction"
    },
    {
        "start_node": "CO2_reduction",
        "relationship": "concludes_with",
        "end_node": "Outlook"
    }
]