[
    {
        "start_node": "COF",
        "relationship": "synthesis_strategy",
        "end_node": "dynamic_covalent_chemistry_metal_ligand_coordination"
    },
    {
        "start_node": "single_crystal",
        "relationship": "is_example_of",
        "end_node": "1D_metallo_COF"
    },
    {
        "start_node": "strategy",
        "relationship": "results_in",
        "end_node": "single_crystal_structure"
    },
    {
        "start_node": "non_centrosymmetric_metallo_COF",
        "relationship": "property",
        "end_node": "second_harmonic_generation"
    },
    {
        "start_node": "syntactic_pendant_amine_groups",
        "relationship": "allows",
        "end_node": "cross_linking"
    },
    {
        "start_node": "polymer_crystals",
        "relationship": "difficulty",
        "end_node": "few_direct_solution_synthesis"
    },
    {
        "start_node": "COF",
        "relationship": "contain",
        "end_node": "metallo_polymer_crystal"
    }
]