[
    {
        "start_node": "COF",
        "relationship": "discussed_in",
        "end_node": "review"
    },
    {
        "start_node": "anisotropic nanomaterials",
        "relationship": "focus_of",
        "end_node": "review"
    },
    {
        "start_node": "asymmetric synthesis",
        "relationship": "progress_in",
        "end_node": "review"
    },
    {
        "start_node": "1D nanostructures",
        "relationship": "considered_in",
        "end_node": "review"
    },
    {
        "start_node": "2D nanostructures",
        "relationship": "considered_in",
        "end_node": "review"
    },
    {
        "start_node": "3D nanostructures",
        "relationship": "considered_in",
        "end_node": "review"
    },
    {
        "start_node": "nanomaterials (catalysts)",
        "relationship": "offer_opportunities_for",
        "end_node": "asymmetric_catalysis"
    },
    {
        "start_node": "surface area",
        "relationship": "advantage_of",
        "end_node": "nanostructures"
    },
    {
        "start_node": "confinement effects",
        "relationship": "impact_on",
        "end_node": "chemical_reactivity"
    },
    {
        "start_node": "enantioselectivity",
        "relationship": "discussed_in",
        "end_node": "review"
    },
    {
        "start_node": "opportunities",
        "relationship": "analyzed_in",
        "end_node": "conclusions_and_outlook"
    },
    {
        "start_node": "challenges",
        "relationship": "analyzed_in",
        "end_node": "conclusions_and_outlook"
    }
]