[
    {
        "start_node": "Fabrication",
        "relationship": "describes",
        "end_node": "2D Platelets"
    },
    {
        "start_node": "2D Platelets",
        "relationship": "property",
        "end_node": "Heat-Resistant Luminescence"
    },
    {
        "start_node": "2D Platelets",
        "relationship": "property",
        "end_node": "Large Two-Photon Absorption Cross Sections"
    },
    {
        "start_node": "Strategy",
        "relationship": "employs",
        "end_node": "Cooperative Solution/Solid Self-Assembly"
    },
    {
        "start_node": "Living Self-Assembly",
        "relationship": "step",
        "end_node": "Precursor 2D Platelets"
    },
    {
        "start_node": "Donor-Acceptor Fluorophore",
        "relationship": "component",
        "end_node": "Solution Phase Assembly"
    },
    {
        "start_node": "Volatile Coformer",
        "relationship": "component",
        "end_node": "Propanol"
    },
    {
        "start_node": "Annealing",
        "relationship": "process",
        "end_node": "Release Propanol"
    },
    {
        "start_node": "New Intermolecular Bonds",
        "relationship": "formed",
        "end_node": "Annealing Result"
    },
    {
        "start_node": "2D Platelets (post-annealing)",
        "relationship": "result",
        "end_node": "Controllable Morphology"
    },
    {
        "start_node": "Temperature",
        "relationship": "tolerance",
        "end_node": "200 degrees C"
    },
    {
        "start_node": "Luminescence",
        "relationship": "performance",
        "end_node": "Heat Resistance"
    },
    {
        "start_node": "Two-Photon Absorption Cross Section",
        "relationship": "value",
        "end_node": "19,000 GM at 760 nm laser excitation"
    }
]