[
    {
        "start_node": "Synthesis",
        "relationship": "study_of",
        "end_node": "polymers"
    },
    {
        "start_node": "structures",
        "relationship": "investigated_in",
        "end_node": "polymers"
    },
    {
        "start_node": "density_functional_theory",
        "relationship": "computational_study_of",
        "end_node": "polymers"
    },
    {
        "start_node": "Schiff-base_condensation_reaction",
        "relationship": "method",
        "end_node": "synthesis"
    },
    {
        "start_node": "aryl_aldehydes",
        "relationship": "reactant",
        "end_node": "Schiff-base_condensation_reaction"
    },
    {
        "start_node": "2,6-diaminopyridine",
        "relationship": "reactant",
        "end_node": "Schiff-base_condensation_reaction"
    },
    {
        "start_node": "spectrochemical_characterization",
        "relationship": "used_for",
        "end_node": "confirmation"
    },
    {
        "start_node": "IR",
        "relationship": "technique",
        "end_node": "spectrochemical_characterization"
    },
    {
        "start_node": "H-1-NMR",
        "relationship": "technique",
        "end_node": "spectrochemical_characterization"
    },
    {
        "start_node": "C-13-NMR",
        "relationship": "technique",
        "end_node": "spectrochemical_characterization"
    },
    {
        "start_node": "elemental_analysis",
        "relationship": "technique",
        "end_node": "spectrochemical_characterization"
    },
    {
        "start_node": "UV-vis_absorption_spectroscopy",
        "relationship": "investigation",
        "end_node": "electronic_properties"
    },
    {
        "start_node": "DFT",
        "relationship": "calculation_method",
        "end_node": "electronic_properties"
    },
    {
        "start_node": "solvent_effect",
        "relationship": "considered_in",
        "end_node": "DFT_calculation"
    },
    {
        "start_node": "HOMO",
        "relationship": "calculated_in",
        "end_node": "optimized_structures"
    },
    {
        "start_node": "LUMO",
        "relationship": "calculated_in",
        "end_node": "optimized_structures"
    },
    {
        "start_node": "optical_band_gap",
        "relationship": "calculated_in",
        "end_node": "optimized_structures"
    },
    {
        "start_node": "total_energy",
        "relationship": "calculated_in",
        "end_node": "optimized_structures"
    },
    {
        "start_node": "thiophene_rings",
        "relationship": "impact_on",
        "end_node": "E-g_and_E-T_values"
    },
    {
        "start_node": "thermal_stability",
        "relationship": "affected_by",
        "end_node": "polymers"
    },
    {
        "start_node": "Poly(terthienyl-azomethine-pyridine-azomethine)",
        "relationship": "example",
        "end_node": "lowest_E-g"
    },
    {
        "start_node": "fluorination",
        "relationship": "effect_on",
        "end_node": "thermal_stability"
    },
    {
        "start_node": "Poly[(2,5-dithienyl-1,4-difluorobenzene)-azomethine-pyridine-azomethine]",
        "relationship": "example",
        "end_node": "highest_E-g"
    }
]