[
    {
        "start_node": "COF",
        "relationship": "used_in",
        "end_node": "Hg-CoTPP"
    },
    {
        "start_node": "Hg-CoTPP",
        "relationship": "contains",
        "end_node": "mercurated_graphyne"
    },
    {
        "start_node": "mercurated_graphyne",
        "relationship": "enhances",
        "end_node": "HER_overpotential"
    },
    {
        "start_node": "Hg-CoTPP",
        "relationship": "focus_for",
        "end_node": "CO2_reduction"
    },
    {
        "start_node": "Hg-CoTPP",
        "relationship": "high_FE",
        "end_node": "95.6% (-0.76 V vs RHE)"
    },
    {
        "start_node": "Hg-CoTPP",
        "relationship": "competes_with",
        "end_node": "hydrogen_evolution_reaction"
    },
    {
        "start_node": "Hg-CoTPP",
        "relationship": "stability_tested",
        "end_node": "360 h (420 mA/cm²)"
    },
    {
        "start_node": "Hg-CoTPP/NG",
        "relationship": "improvement",
        "end_node": "nearly 100% CO FE (1.2 A/cm²)"
    },
    {
        "start_node": "Hg-CoTPP/NG",
        "relationship": "design_concept",
        "end_node": "efficient_electrocatalyst"
    },
    {
        "start_node": "Hg-MTPP",
        "relationship": "type",
        "end_node": "two-dimensional_materials"
    }
]