[
    {
        "start_node": "COF",
        "relationship": "contains",
        "end_node": "BTz@Mn0.2Cd0.8S"
    },
    {
        "start_node": "BTz@Mn0.2Cd0.8S",
        "relationship": "heterojunction",
        "end_node": "S-scheme"
    },
    {
        "start_node": "S-scheme",
        "relationship": "facilitates",
        "end_node": "photosynthesis"
    },
    {
        "start_node": "BTz@Mn0.2Cd0.8S",
        "relationship": "catalyst",
        "end_node": "H2O2 production"
    },
    {
        "start_node": "H2O2",
        "relationship": "produced_by",
        "end_node": "BTz@Mn0.2Cd0.8S"
    },
    {
        "start_node": "BTz@Mn0.2Cd0.8S",
        "relationship": "uses",
        "end_node": "O-2 (from WOR)"
    },
    {
        "start_node": "O-2",
        "relationship": "used_in",
        "end_node": "ORR"
    },
    {
        "start_node": "ORR",
        "relationship": "part_of",
        "end_node": "overall photosynthesis"
    },
    {
        "start_node": "DFT",
        "relationship": "provides_insights",
        "end_node": "mechanisms"
    },
    {
        "start_node": "S-scheme heterojunction",
        "relationship": "highlights",
        "end_node": "non-sacrificial"
    }
]