[
    {
        "start_node": "Polymerization-Cutting Strategy",
        "relationship": "described_in",
        "end_node": "TI"
    },
    {
        "start_node": "Thiol-Based Nanoporous Adsorbents",
        "relationship": "synthesized_by",
        "end_node": "Polymerization-Cutting Strategy"
    },
    {
        "start_node": "Efficient Mercury Removal",
        "relationship": "aim_of",
        "end_node": "Thiol-Based Nanoporous Adsorbents"
    },
    {
        "start_node": "Mercury Ions (Hg2+)",
        "relationship": "threat_to",
        "end_node": "Human Life and Environment"
    },
    {
        "start_node": "Self-Protection Synthesis",
        "relationship": "method",
        "end_node": "Thiol-Based Nanoporous Adsorbents"
    },
    {
        "start_node": "Divinyl Disulfide Derivative",
        "relationship": "used_in",
        "end_node": "Polymerization"
    },
    {
        "start_node": "Disulfide Linkage",
        "relationship": "cut_from",
        "end_node": "Divinyl Disulfide Derivative"
    },
    {
        "start_node": "Nanoporous Adsorbents (NAs-SH)",
        "relationship": "result",
        "end_node": "Cutting Process"
    },
    {
        "start_node": "Saturation Uptake Capacity",
        "relationship": "property",
        "end_node": "NAs-SH",
        "value": "1240 mg g(-1)"
    },
    {
        "start_node": "Reused Ability",
        "relationship": "feature_of",
        "end_node": "NAs-SH"
    },
    {
        "start_node": "Removal from Water Solution",
        "relationship": "application_for",
        "end_node": "NAs-SH"
    },
    {
        "start_node": "Proposed Strategy",
        "relationship": "future_implication",
        "end_node": "Cost-Effective Method"
    }
]