[
    {
        "start_node": "COF",
        "relationship": "contain",
        "end_node": "conjugated microporous polymers (CMPs)"
    },
    {
        "start_node": "CMPs",
        "relationship": "property",
        "end_node": "high surface area"
    },
    {
        "start_node": "CMPs",
        "relationship": "property",
        "end_node": "strong light-harvesting capabilities"
    },
    {
        "start_node": "CMPs",
        "relationship": "property",
        "end_node": "tunable optical properties"
    },
    {
        "start_node": "CMPs",
        "relationship": "structural_strategy",
        "end_node": "donor engineering"
    },
    {
        "start_node": "CMPs",
        "relationship": "contain",
        "end_node": "trifluoromethylphenyl core"
    },
    {
        "start_node": "CbzCMP-5",
        "relationship": "derived_from",
        "end_node": "9,9',9''-(2-(trifluoromethyobenzene-1,3,S-triyl)tris(9H-carbazole))"
    },
    {
        "start_node": "CbzCMP-5",
        "relationship": "enhance",
        "end_node": "photogenerated carrier transfer efficiency"
    },
    {
        "start_node": "CbzCMP-5",
        "relationship": "application",
        "end_node": "functionalization of thiophenols"
    },
    {
        "start_node": "CbezCMP-5",
        "relationship": "yield",
        "end_node": "thiocarbamates and 3-sulfenylindoles"
    },
    {
        "start_node": "CbezCMP-5",
        "relationship": "catalytic_efficiency",
        "end_node": "high photocatalytic efficiency"
    },
    {
        "start_node": "carrier-transfer processes",
        "relationship": "insight_into",
        "end_node": "optimization and rational design of photoactive polymers"
    }
]