[
    {
        "start_node": "COF",
        "relationship": "contain",
        "end_node": "boronate dynamic nanostructures"
    },
    {
        "start_node": "boronate dynamic nanostructures",
        "relationship": "property",
        "end_node": "dynamic bonds"
    },
    {
        "start_node": "boronate dynamic nanostructures",
        "relationship": "feature",
        "end_node": "robustness of covalent bonds"
    },
    {
        "start_node": "boronate dynamic nanostructures",
        "relationship": "feature",
        "end_node": "error-correction capability"
    },
    {
        "start_node": "boronate dynamic nanostructures",
        "relationship": "property",
        "end_node": "room-temperature dynamic reversibility"
    },
    {
        "start_node": "boronate dynamic nanostructures",
        "relationship": "property",
        "end_node": "multi-stimuli responsiveness"
    },
    {
        "start_node": "BDNs",
        "relationship": "morphology",
        "end_node": "nanospheres"
    },
    {
        "start_node": "BDNs",
        "relationship": "morphology",
        "end_node": "nanoflowers"
    },
    {
        "start_node": "BDNs",
        "relationship": "morphology",
        "end_node": "nanowires"
    },
    {
        "start_node": "BDNs",
        "relationship": "morphology",
        "end_node": "nanorods"
    },
    {
        "start_node": "BDNs",
        "relationship": "morphology",
        "end_node": "nanocanes"
    },
    {
        "start_node": "BDNs",
        "relationship": "morphology",
        "end_node": "nanobelts"
    },
    {
        "start_node": "composition",
        "relationship": "impact",
        "end_node": "morphogenesis"
    },
    {
        "start_node": "linking group",
        "relationship": "type",
        "end_node": "crucial factor"
    },
    {
        "start_node": "spacer",
        "relationship": "type",
        "end_node": "crucial factor"
    },
    {
        "start_node": "spacer length",
        "relationship": "impact",
        "end_node": "morphogenesis"
    },
    {
        "start_node": "spacer flexibility/rigidity",
        "relationship": "impact",
        "end_node": "morphogenesis"
    },
    {
        "start_node": "interchain interaction",
        "relationship": "impact",
        "end_node": "morphogenesis"
    },
    {
        "start_node": "BDNs",
        "relationship": "structure-property relationship",
        "end_node": "future applications"
    }
]