[
    {
        "start_node": "Nanomaterials",
        "relationship": "enabled",
        "end_node": "Active Food Packaging"
    },
    {
        "start_node": "Active Food Packaging",
        "relationship": "focus_on",
        "end_node": "Food Shelf Life Extension"
    },
    {
        "start_node": "Nanomaterials",
        "relationship": "characteristics",
        "end_node": "High Aspect Ratio"
    },
    {
        "start_node": "Nanomaterials",
        "relationship": "characteristics",
        "end_node": "Numerous Active Sites"
    },
    {
        "start_node": "Green Synthesis",
        "relationship": "used_in",
        "end_node": "Nanomaterials Synthesis"
    },
    {
        "start_node": "Plant Extracts",
        "relationship": "used_in",
        "end_node": "Green Synthesis"
    },
    {
        "start_node": "Agricultural By-Products",
        "relationship": "used_in",
        "end_node": "Green Synthesis"
    },
    {
        "start_node": "Microbes",
        "relationship": "used_in",
        "end_node": "Green Synthesis"
    },
    {
        "start_node": "Microwave-Assisted Approaches",
        "relationship": "used_in",
        "end_node": "Green Synthesis"
    },
    {
        "start_node": "Nanomaterials-enabled Active Food Packaging",
        "relationship": "function",
        "end_node": "Delay Food Deterioration"
    },
    {
        "start_node": "Nanomaterials-enabled Active Food Packaging",
        "relationship": "function",
        "end_node": "Extend Food Shelf Life"
    },
    {
        "start_node": "Nanomaterials-enabled Active Food Packaging",
        "relationship": "concerns_and_prospects",
        "end_node": "Future Prospects"
    }
]