[
    {
        "start_node": "COF",
        "relationship": "used_for",
        "end_node": "H2_adsorption"
    },
    {
        "start_node": "carbon_sorbents",
        "relationship": "derived_from",
        "end_node": "cyanobacteria_waste"
    },
    {
        "start_node": "ACK-2-8",
        "relationship": "activation_process",
        "end_node": "KOH_ZnCl2"
    },
    {
        "start_node": "ACK-2-8",
        "relationship": "adsorption_characteristics",
        "end_node": "S BET 1951 m^2/g"
    },
    {
        "start_node": "ACK-2-8",
        "relationship": "H2_capacity",
        "end_node": "17.3 mg/g @ 196°C, 1 bar"
    },
    {
        "start_node": "ACK-2-8",
        "relationship": "modification",
        "end_node": "N-doped, P-doped"
    },
    {
        "start_node": "ACK-2-8-2",
        "relationship": "P_doping",
        "end_node": "enhanced_H2_capture"
    },
    {
        "start_node": "ACK-2-8-3",
        "relationship": "comparison",
        "end_node": "smaller_S BET, better_capacity"
    },
    {
        "start_node": "H2_adsorption_capacity",
        "relationship": "non_linear_relationship",
        "end_node": "SBET"
    },
    {
        "start_node": "ACK-2-8-2",
        "relationship": "best_performance",
        "end_node": "25.2 mg/g"
    },
    {
        "start_node": "ACK-2-8",
        "relationship": "application_potential",
        "end_node": "hydrogen_capture_storage"
    }
]