[
    {
        "start_node": "probe",
        "relationship": "synthesized_from",
        "end_node": "RQ"
    },
    {
        "start_node": "RQS",
        "relationship": "constructed_from",
        "end_node": "RQ"
    },
    {
        "start_node": "RQS",
        "relationship": "targeted_to",
        "end_node": "mitochondria"
    },
    {
        "start_node": "RQS",
        "relationship": "used_for",
        "end_node": "detection_of_Hg2+"
    },
    {
        "start_node": "RQS",
        "relationship": "property",
        "end_node": "high_selectivity"
    },
    {
        "start_node": "RQS",
        "relationship": "property",
        "end_node": "high_sensitivity"
    },
    {
        "start_node": "RQS",
        "relationship": "detection_limit",
        "end_node": "2_nM"
    },
    {
        "start_node": "RQS",
        "relationship": "capable_of",
        "end_node": "specific_distribution_in_mitochondria"
    },
    {
        "start_node": "RQS",
        "relationship": "application",
        "end_node": "studying_cytotoxic_mechanisms_of_Hg2+"
    }
]