[
    {
        "start_node": "COF",
        "relationship": "used_in",
        "end_node": "Microchannel Membrane"
    },
    {
        "start_node": "Microchannel Membrane",
        "relationship": "feature",
        "end_node": "Highflux"
    },
    {
        "start_node": "Highflux",
        "relationship": "limitation",
        "end_node": "Poor enantioselectivity"
    },
    {
        "start_node": "Enantioselectivity",
        "relationship": "improvement",
        "end_node": "L-Phe-P6@AuNPs"
    },
    {
        "start_node": "L-Phe-P6@AuNPs",
        "relationship": "functionalization",
        "end_node": "Gold Nanoparticles"
    },
    {
        "start_node": "Gold Nanoparticles",
        "relationship": "incorporated_in",
        "end_node": "Microchannel Membrane"
    },
    {
        "start_node": "Microchannel Membrane",
        "relationship": "contains",
        "end_node": "L-Phe-P6@AuNPs"
    },
    {
        "start_node": "L-Phe-P6@AuNPs microchannel",
        "relationship": "selectivity_for",
        "end_node": "R-PGC"
    },
    {
        "start_node": "L-Phe-P6@AuNPs microchannel",
        "relationship": "flux",
        "end_node": "140.35 nmol/cm^2/h"
    },
    {
        "start_node": "L-Phe-P6@AuNPs microchannel",
        "relationship": "advantage",
        "end_node": "Enantioselectivity and flux"
    },
    {
        "start_node": "L-Phe-P6@AuNPs microchannel",
        "relationship": "comparison",
        "end_node": "Literature nanochannel membranes"
    }
]