[
    {
        "start_node": "Synthesis",
        "relationship": "describes",
        "end_node": "Pyrene-Fused Pyrazaacenes"
    },
    {
        "start_node": "Metal Surfaces",
        "relationship": "involves",
        "end_node": "Au(111)"
    },
    {
        "start_node": "Metal Surfaces",
        "relationship": "involves",
        "end_node": "Ag(111)"
    },
    {
        "start_node": "Metal Surfaces",
        "relationship": "involves",
        "end_node": "Cu(111)"
    },
    {
        "start_node": "Schiff Base Formation",
        "relationship": "method",
        "end_node": "ultrahigh vacuum conditions"
    },
    {
        "start_node": "Tetraketone",
        "relationship": "reactant",
        "end_node": "Ag(111)"
    },
    {
        "start_node": "Tetraamine",
        "relationship": "reactant",
        "end_node": "Ag(111)"
    },
    {
        "start_node": "Cyclocondensation",
        "relationship": "product",
        "end_node": "pyrene-fused pyrazaacene oligomers"
    },
    {
        "start_node": "Scanning Tunneling Microscopy",
        "relationship": "used_for",
        "end_node": "visualization"
    },
    {
        "start_node": "Submolecular Resolution",
        "relationship": "provides",
        "end_node": "unique insight"
    },
    {
        "start_node": "X-ray Photoelectron Spectroscopy",
        "relationship": "analyzed",
        "end_node": "reaction mechanism"
    },
    {
        "start_node": "Annealing Temperature",
        "relationship": "impact_on",
        "end_node": "reaction outcome"
    },
    {
        "start_node": "Au(111)",
        "relationship": "behavior",
        "end_node": "desorption before reaction"
    },
    {
        "start_node": "Cu(111)",
        "relationship": "behavior",
        "end_node": "decomposition during treatment"
    }
]