[
    {
        "start_node": "COF",
        "relationship": "contain",
        "end_node": "g-C9N7"
    },
    {
        "start_node": "g-C9N7",
        "relationship": "used_for",
        "end_node": "CO2 capture and separation"
    },
    {
        "start_node": "Approach",
        "relationship": "involve",
        "end_node": "charge/strain-regulated"
    },
    {
        "start_node": "Charge engineering",
        "relationship": "strategy",
        "end_node": "electrochemical methods"
    },
    {
        "start_node": "g-C9N7",
        "relationship": "property",
        "end_node": "high CO2 permeance (5.94x10^7 GPU)"
    },
    {
        "start_node": "Tensile strain",
        "relationship": "effect_on",
        "end_node": "CO2 permeance increase"
    },
    {
        "start_node": "g-C9N7",
        "relationship": "max_permeance",
        "end_node": "3.61x10^7 GPU (7.5% strained)"
    },
    {
        "start_node": "Synergistic effect",
        "relationship": "explored",
        "end_node": "charged state + strain engineering"
    },
    {
        "start_node": "Combination",
        "relationship": "results_in",
        "end_node": "3.18x10^7 GPU (1 e(-) charge, 3% strain)"
    },
    {
        "start_node": "g-C9N7",
        "relationship": "temperature_effect",
        "end_node": "ambient conditions suitable for CO2/CH4 separation"
    }
]