[
    {
        "start_node": "COF",
        "relationship": "contain",
        "end_node": "Nanoparticulate Conjugated Microporous Polymer"
    },
    {
        "start_node": "Nanoparticulate Conjugated Microporous Polymer",
        "relationship": "property",
        "end_node": "Nanoscale (41 +/- 4 nm)"
    },
    {
        "start_node": "Nanoparticulate Conjugated Microporous Polymer",
        "relationship": "synthesized from",
        "end_node": "Sonogashira coupling"
    },
    {
        "start_node": "Sonogashira coupling",
        "relationship": "uses",
        "end_node": "1,3,5-triethynylbenzene, 1,4-diiodobenzene"
    },
    {
        "start_node": "Nanoparticulate Conjugated Microporous Polymer",
        "relationship": "contains",
        "end_node": "diphenylacetylene moiety"
    },
    {
        "start_node": "Nanoparticulate Conjugated Microporous Polymer",
        "relationship": "modified",
        "end_node": "Nanoparticulate CMP-BZ (N-CMP-BZ)"
    },
    {
        "start_node": "N-CMP-BZ",
        "relationship": "prepared by",
        "end_node": "FeCl3-catalyzed oxidation"
    },
    {
        "start_node": "N-CMP-BZ",
        "relationship": "application",
        "end_node": "pseudocapacitor electrode material"
    },
    {
        "start_node": "N-CMP-BZ",
        "relationship": "comparison with",
        "end_node": "CMP, CMP-BZ, N-CMP"
    },
    {
        "start_node": "N-CMP-BZ",
        "relationship": "electrochemical property",
        "end_node": "enhanced performance"
    },
    {
        "start_node": "N-CMP-BZ",
        "relationship": "redox behavior",
        "end_node": "benzil moieties, two-electron reduction"
    }
]