[
    {
        "start_node": "study",
        "relationship": "reports",
        "end_node": "ionic porous polymers"
    },
    {
        "start_node": "ionic porous polymers",
        "relationship": "constructed with",
        "end_node": "P(Ph3Im-Br-nDVB)"
    },
    {
        "start_node": "strategy",
        "relationship": "provides",
        "end_node": "rational control"
    },
    {
        "start_node": "polymers",
        "relationship": "feature",
        "end_node": "high ionic density"
    },
    {
        "start_node": "polymers",
        "relationship": "feature",
        "end_node": "microporous surface area"
    },
    {
        "start_node": "polymers",
        "relationship": "used for",
        "end_node": "selective separation"
    },
    {
        "start_node": "challenge",
        "relationship": "addressed by",
        "end_node": "C2H2/CO2 selectivity"
    },
    {
        "start_node": "selectivity",
        "relationship": "value",
        "end_node": "17.9"
    },
    {
        "start_node": "polymers",
        "relationship": "suitable for",
        "end_node": "binary C2H2/CO2 mixtures"
    },
    {
        "start_node": "modeling studies",
        "relationship": "reveal",
        "end_node": "anions as binding sites"
    },
    {
        "start_node": "anions",
        "relationship": "interactions with",
        "end_node": "C2H2"
    },
    {
        "start_node": "study",
        "relationship": "implications for",
        "end_node": "functionalized materials"
    },
    {
        "start_node": "materials",
        "relationship": "application in",
        "end_node": "gas molecule separation"
    }
]