[
    {
        "start_node": "COF",
        "relationship": "design",
        "end_node": "TFPT-TCPB COF"
    },
    {
        "start_node": "TFPT-TCPB COF",
        "relationship": "property",
        "end_node": "photocatalytic potential"
    },
    {
        "start_node": "TFPT-TCPB COF",
        "relationship": "activation",
        "end_node": "PMS"
    },
    {
        "start_node": "TFPT-TCPB COF",
        "relationship": "removal efficiency",
        "end_node": "olefin-linked, k=0.048 min^(-1)"
    },
    {
        "start_node": "TFPT-TCPB COF",
        "relationship": "comparison",
        "end_node": "TFPT-TAPB COF (k=0.014 min^(-1))"
    },
    {
        "start_node": "TFPT-TCPB COF",
        "relationship": "enhancement",
        "end_node": "triazine units, k=0.013 min^(-1)"
    },
    {
        "start_node": "TFPB-TCPB COF",
        "relationship": "comparison",
        "end_node": "benzene rings, k=0.013 min^(-1)"
    },
    {
        "start_node": "TFPT-TCPB COF",
        "relationship": "modification",
        "end_node": "COOH, k=0.081 min^(-1)"
    },
    {
        "start_node": "TFPT-TCPB COF-COOH",
        "relationship": "comparison",
        "end_node": "TFPT-TCPB COF, k increase: 69%"
    },
    {
        "start_node": "TFPT-TCPB COF-COOH",
        "relationship": "comparison",
        "end_node": "g-C3N4, k=0.013 min^(-1)"
    },
    {
        "start_node": "TFPT-TCPB COF",
        "relationship": "stability",
        "end_node": "high chemical stability"
    },
    {
        "start_node": "TFPT-TCPB COF",
        "relationship": "reusability",
        "end_node": "yes"
    },
    {
        "start_node": "TFPT-TCPB COF",
        "relationship": "toxicity",
        "end_node": "low biotoxicity"
    },
    {
        "start_node": "TFPT-TCPB COF",
        "relationship": "application",
        "end_node": "metal-free photocatalyst, environment remediation"
    }
]