[
    {
        "start_node": "Photocatalysis",
        "relationship": "synergy_with",
        "end_node": "Flow reactors"
    },
    {
        "start_node": "Flow reactors",
        "relationship": "shift",
        "end_node": "photochemistry_paradigms"
    },
    {
        "start_node": "State-of-the-art",
        "relationship": "use_of",
        "end_node": "Homogeneous TMCs"
    },
    {
        "start_node": "Homogeneous TMCs",
        "relationship": "drawbacks",
        "end_node": "toxicity"
    },
    {
        "start_node": "Homogeneous TMCs",
        "relationship": "drawbacks",
        "end_node": "limited_availability"
    },
    {
        "start_node": "Homogeneous TMCs",
        "relationship": "drawbacks",
        "end_node": "cost"
    },
    {
        "start_node": "Heterogeneous photocatalysts",
        "relationship": "alternative_to",
        "end_node": "Homogeneous TMCs"
    },
    {
        "start_node": "Heterogeneous photocatalysts",
        "relationship": "advantage",
        "end_node": "less_separation_purification"
    },
    {
        "start_node": "Flow chemical reactors",
        "relationship": "mitigate",
        "end_node": "efficiency_loss"
    },
    {
        "start_node": "Review",
        "relationship": "focus_on",
        "end_node": "Heterogeneous photocatalytic_materials"
    },
    {
        "start_node": "Application",
        "relationship": "in",
        "end_node": "Sustainable_organic_synthesis"
    },
    {
        "start_node": "Continuous flow HPCats",
        "relationship": "application_in",
        "end_node": "Environmental_remediation"
    }
]