[
    {
        "start_node": "CMP",
        "relationship": "study",
        "end_node": "conjugated microporous polymer"
    },
    {
        "start_node": "CMP",
        "relationship": "characteristics",
        "end_node": "porosity"
    },
    {
        "start_node": "CMP",
        "relationship": "characteristics",
        "end_node": "stable network structure"
    },
    {
        "start_node": "CMP",
        "relationship": "characteristics",
        "end_node": "versatile functionality"
    },
    {
        "start_node": "CMP",
        "relationship": "problem",
        "end_node": "processability"
    },
    {
        "start_node": "CMP",
        "relationship": "multi-scale",
        "end_node": "micro/nanometer-size microspheres"
    },
    {
        "start_node": "CMP",
        "relationship": "multi-scale",
        "end_node": "macroscopic films, coatings, or gels"
    },
    {
        "start_node": "soluble CMP-like polymer",
        "relationship": "strategy",
        "end_node": "CMP synthesis"
    },
    {
        "start_node": "solution-dispersible CMP microspheres",
        "relationship": "strategy",
        "end_node": "CMP synthesis"
    },
    {
        "start_node": "CMP-based film",
        "relationship": "strategy",
        "end_node": "CMP synthesis"
    },
    {
        "start_node": "CMP-supporting organogel",
        "relationship": "strategy",
        "end_node": "CMP synthesis"
    },
    {
        "start_node": "polymerization methods",
        "relationship": "used in",
        "end_node": "CMP synthesis"
    },
    {
        "start_node": "catalysts",
        "relationship": "used in",
        "end_node": "CMP synthesis"
    },
    {
        "start_node": "functional monomers",
        "relationship": "used in",
        "end_node": "CMP synthesis"
    },
    {
        "start_node": "optical sensing",
        "relationship": "improved by",
        "end_node": "CMP"
    },
    {
        "start_node": "photoelectric conversion",
        "relationship": "improved by",
        "end_node": "CMP"
    },
    {
        "start_node": "energy storage",
        "relationship": "improved by",
        "end_node": "CMP"
    },
    {
        "start_node": "heterogeneous catalysis",
        "relationship": "improved by",
        "end_node": "CMP"
    }
]