[
    {
        "start_node": "COF",
        "relationship": "synthesis",
        "end_node": "copper-metalated acetylenic polymer"
    },
    {
        "start_node": "strategy",
        "relationship": "described",
        "end_node": "solvent-mediated engineering"
    },
    {
        "start_node": "acetylenic polymer",
        "relationship": "type",
        "end_node": "carbon-based scaffold"
    },
    {
        "start_node": "metal atoms",
        "relationship": "enhance",
        "end_node": "properties (physical, chemical, electronic)"
    },
    {
        "start_node": "Cu-metallation",
        "relationship": "improves",
        "end_node": "light absorption, charge transport"
    },
    {
        "start_node": "Cu-metallated acetylenic polymer",
        "relationship": "application",
        "end_node": "photocathode"
    },
    {
        "start_node": "photocurrent density",
        "relationship": "increased",
        "end_node": "7-70 μA/cm²"
    },
    {
        "start_node": "performance",
        "relationship": "improved",
        "end_node": "hydrogen evolution (0.3 V vs. RHE)"
    },
    {
        "start_node": "metal-free counterpart",
        "relationship": "comparison",
        "end_node": "lower photocurrent density"
    },
    {
        "start_node": "work",
        "relationship": "offers",
        "end_node": "modulating Cu-metalation strategy"
    },
    {
        "start_node": "field",
        "relationship": "inspires",
        "end_node": "further studies on acetylenic polymers"
    }
]