[
    {
        "start_node": "Supramolecular Design",
        "relationship": "focuses_on",
        "end_node": "Direct Ink Writing"
    },
    {
        "start_node": "3D-Printing",
        "relationship": "application_in",
        "end_node": "Soft Materials"
    },
    {
        "start_node": "Direct Ink Writing (DIW)",
        "relationship": "method_in",
        "end_node": "Soft Material Fabrication"
    },
    {
        "start_node": "DIW Inks",
        "relationship": "requirement",
        "end_node": "Viscoelastic Properties"
    },
    {
        "start_node": "Molecular Understanding",
        "relationship": "connects_to",
        "end_node": "Supramolecular Binding Motifs"
    },
    {
        "start_node": "Extrudable Inks",
        "relationship": "type_of",
        "end_node": "Non-self-supportive"
    },
    {
        "start_node": "3D-Printable Inks",
        "relationship": "type_of",
        "end_node": "Self-supportive"
    },
    {
        "start_node": "Noncovalent Interactions",
        "relationship": "used_in",
        "end_node": "Polymeric Materials"
    },
    {
        "start_node": "Hydrogen Bonding",
        "relationship": "example_of",
        "end_node": "Noncovalent Interactions"
    },
    {
        "start_node": "Host-Guest Inclusion",
        "relationship": "example_of",
        "end_node": "Noncovalent Interactions"
    },
    {
        "start_node": "Metal-Ligand Coordination",
        "relationship": "example_of",
        "end_node": "Noncovalent Interactions"
    },
    {
        "start_node": "Micro-crystallization",
        "relationship": "example_of",
        "end_node": "Noncovalent Interactions"
    },
    {
        "start_node": "Van der Waals Interaction",
        "relationship": "example_of",
        "end_node": "Noncovalent Interactions"
    },
    {
        "start_node": "Rheological Distinctions",
        "relationship": "discussed_in",
        "end_node": "Supramolecular Design Perspective"
    },
    {
        "start_node": "Hierarchical Control",
        "relationship": "challenge_in",
        "end_node": "DIW Inks"
    },
    {
        "start_node": "Characterization",
        "relationship": "challenge_in",
        "end_node": "DIW Inks"
    },
    {
        "start_node": "Supramolecular Binding Motifs",
        "relationship": "potential_in",
        "end_node": "DIW Printing"
    },
    {
        "start_node": "Top-down 3D-Printing",
        "relationship": "combined_with",
        "end_node": "Bottom-up Supramolecular Design"
    }
]