[
    {
        "start_node": "COF",
        "relationship": "focus_on",
        "end_node": "photocatalysts"
    },
    {
        "start_node": "photocatalysts",
        "relationship": "belong_to",
        "end_node": "sustainable development"
    },
    {
        "start_node": "efficient",
        "relationship": "related_to",
        "end_node": "hydrogen evolution"
    },
    {
        "start_node": "solar-driven",
        "relationship": "part_of",
        "end_node": "water splitting"
    },
    {
        "start_node": "water splitting",
        "relationship": "aim_for",
        "end_node": "H-2 production"
    },
    {
        "start_node": "high-performance",
        "relationship": "goal_of",
        "end_node": "COF-based photocatalysts"
    },
    {
        "start_node": "cost-effectiveness",
        "relationship": "desire_for",
        "end_node": "photocatalysts"
    },
    {
        "start_node": "2D COFs",
        "relationship": "type_of",
        "end_node": "photocatalysts"
    },
    {
        "start_node": "tunable optical bandgaps",
        "relationship": "property_of",
        "end_node": "2D COFs"
    },
    {
        "start_node": "tailor-made functionality",
        "relationship": "property_of",
        "end_node": "2D COFs"
    },
    {
        "start_node": "crystallinity",
        "relationship": "property_of",
        "end_node": "2D COFs"
    },
    {
        "start_node": "specific surface area",
        "relationship": "property_of",
        "end_node": "2D COFs"
    },
    {
        "start_node": "photo- and chemical stability",
        "relationship": "property_of",
        "end_node": "2D COFs"
    },
    {
        "start_node": "Review",
        "relationship": "title_of",
        "end_node": "2D Covalent Organic Frameworks"
    },
    {
        "start_node": "remaining challenges",
        "relationship": "discussed_in",
        "end_node": "Review"
    }
]