[
    {
        "start_node": "Investigation",
        "relationship": "focuses_on",
        "end_node": "synthesis"
    },
    {
        "start_node": "synthesis",
        "relationship": "method",
        "end_node": "poly(dioxaborolane)s"
    },
    {
        "start_node": "poly(dioxaborolane)s",
        "relationship": "characterization",
        "end_node": "material"
    },
    {
        "start_node": "characterization",
        "relationship": "requires",
        "end_node": "analysis"
    },
    {
        "start_node": "analysis",
        "relationship": "includes",
        "end_node": "structural_properties"
    },
    {
        "start_node": "structural_properties",
        "relationship": "investigated_in",
        "end_node": "poly(dioxaborolane)s"
    },
    {
        "start_node": "poly(dioxaborolane)s",
        "relationship": "property",
        "end_node": "thermodynamic_properties"
    },
    {
        "start_node": "thermodynamic_properties",
        "relationship": "measured_for",
        "end_node": "poly(dioxaborolane)s"
    },
    {
        "start_node": "poly(dioxaborolane)s",
        "relationship": "contain",
        "end_node": "COF (COF name in text)"
    }
]