[
    {
        "start_node": "strategy",
        "relationship": "establish",
        "end_node": "plasma proteomics"
    },
    {
        "start_node": "plasma proteomics",
        "relationship": "challenge",
        "end_node": "signal suppression"
    },
    {
        "start_node": "deep mining strategy",
        "relationship": "address",
        "end_node": "signal suppression"
    },
    {
        "start_node": "DMB beads",
        "relationship": "component",
        "end_node": "Fe3O4@TpPa-1"
    },
    {
        "start_node": "DMB beads",
        "relationship": "form",
        "end_node": "protein corona"
    },
    {
        "start_node": "protein corona",
        "relationship": "used in",
        "end_node": "deep mining strategy"
    },
    {
        "start_node": "DIA-MS",
        "relationship": "method",
        "end_node": "detection"
    },
    {
        "start_node": "DIA-NN library",
        "relationship": "used in",
        "end_node": "deep mining strategy"
    },
    {
        "start_node": "depth",
        "relationship": "property",
        "end_node": "2000+ proteins"
    },
    {
        "start_node": "stability",
        "relationship": "measure",
        "end_node": "87% CV < 20%"
    },
    {
        "start_node": "accuracy",
        "relationship": "test",
        "end_node": "E. coli protein gradient"
    },
    {
        "start_node": "time efficiency",
        "relationship": "improvement",
        "end_node": "5h processing time"
    },
    {
        "start_node": "neurological disease-related proteins",
        "relationship": "enriched by",
        "end_node": "deep mining strategy"
    },
    {
        "start_node": "SNCA",
        "relationship": "example",
        "end_node": "neurological disease protein"
    },
    {
        "start_node": "BDNF",
        "relationship": "example",
        "end_node": "neurological disease protein"
    },
    {
        "start_node": "pilot study",
        "relationship": "application",
        "end_node": "multiple system atrophy (MSA)"
    },
    {
        "start_node": "ELISA",
        "relationship": "validation",
        "end_node": "ENPP2, SLC2A1/Glut1"
    }
]