[
    {
        "start_node": "COF",
        "relationship": "form",
        "end_node": "host-guest molecular crystal"
    },
    {
        "start_node": "diamino-4,4-bithiazole (1)",
        "relationship": "contain",
        "end_node": "COF"
    },
    {
        "start_node": "COF",
        "relationship": "interact_with",
        "end_node": "organic guest molecules"
    },
    {
        "start_node": "pyridine (Py)",
        "relationship": "adsorb",
        "end_node": "COF"
    },
    {
        "start_node": "benzonitrile (PhCN)",
        "relationship": "adsorb",
        "end_node": "COF"
    },
    {
        "start_node": "piperidine (Pipe)",
        "relationship": "adsorb",
        "end_node": "COF"
    },
    {
        "start_node": "DMF",
        "relationship": "adsorb",
        "end_node": "COF"
    },
    {
        "start_node": "THF",
        "relationship": "adsorb",
        "end_node": "COF"
    },
    {
        "start_node": "1,4-dioxane (Diox)",
        "relationship": "adsorb",
        "end_node": "COF"
    },
    {
        "start_node": "CH3OH",
        "relationship": "adsorb",
        "end_node": "COF"
    },
    {
        "start_node": "aniline (Ani)",
        "relationship": "adsorb",
        "end_node": "COF"
    },
    {
        "start_node": "coumarin (Coum)",
        "relationship": "adsorb",
        "end_node": "COF"
    },
    {
        "start_node": "nitrobenzene (PhNO2)",
        "relationship": "adsorb",
        "end_node": "COF"
    },
    {
        "start_node": "hexamethylenetetramine (HMTA)",
        "relationship": "adsorb",
        "end_node": "COF"
    },
    {
        "start_node": "quinoline (Quino)",
        "relationship": "adsorb",
        "end_node": "COF"
    },
    {
        "start_node": "crystalline powder",
        "relationship": "desorb",
        "end_node": "guest molecule"
    },
    {
        "start_node": "reversible molecular motions",
        "relationship": "occur_in",
        "end_node": "host-guest molecular crystals"
    },
    {
        "start_node": "1 center dot(guest) or 1 center dot(guest)(2)",
        "relationship": "crystal_structure",
        "end_node": "host-guest molecular crystals"
    },
    {
        "start_node": "double N-H center dot center dot center dot N hydrogen-bonded",
        "relationship": "interaction",
        "end_node": "crystal structure"
    },
    {
        "start_node": "pi-stacking",
        "relationship": "interaction",
        "end_node": "crystal structure"
    },
    {
        "start_node": "S center dot center dot center dot S interactions",
        "relationship": "interaction",
        "end_node": "crystal structure"
    },
    {
        "start_node": "lattice flexibility",
        "relationship": "demonstrated_by",
        "end_node": "hydrogen-bonding molecular assemblies"
    }
]