[
    {
        "start_node": "Synthesis",
        "relationship": "describes",
        "end_node": "Nanoporous Copolymers"
    },
    {
        "start_node": "Nanoporous Copolymers",
        "relationship": "has_property",
        "end_node": "Gas Storage"
    },
    {
        "start_node": "Nanoporous Copolymers",
        "relationship": "application",
        "end_node": "Potential Gas Storage"
    },
    {
        "start_node": "Characterization",
        "relationship": "includes",
        "end_node": "Nanoporous Copolymers"
    },
    {
        "start_node": "Gas Storage",
        "relationship": "related_to",
        "end_node": "Applications"
    },
    {
        "start_node": "COF",
        "relationship": "mentioned_in",
        "end_node": "Nanoporous Copolymers"
    }
]