[
    {
        "start_node": "Friction",
        "relationship": "study",
        "end_node": "Wear of Metals"
    },
    {
        "start_node": "Wear Modes",
        "relationship": "consists_of",
        "end_node": [
            "Micro-abrasion",
            "Wet Sliding",
            "Dry Sliding"
        ]
    },
    {
        "start_node": "Micro-abrasion",
        "relationship": "includes",
        "end_node": [
            "Rolling",
            "Mixed Rolling/Grooving"
        ]
    },
    {
        "start_node": "Materials",
        "relationship": "tested",
        "end_node": [
            "AISI 6061-T6",
            "AISI 316 L",
            "ASTM F1537 CoCrMo"
        ]
    },
    {
        "start_node": "AISI 6061-T6",
        "relationship": "tested_in",
        "end_node": [
            "Micro-abrasion",
            "Wet Sliding",
            "Dry Sliding"
        ]
    },
    {
        "start_node": "AISI 316 L",
        "relationship": "tested_in",
        "end_node": [
            "Micro-abrasion",
            "Wet Sliding",
            "Dry Sliding"
        ]
    },
    {
        "start_node": "ASTM F1537 CoCrMo",
        "relationship": "tested_in",
        "end_node": [
            "Micro-abrasion",
            "Wet Sliding",
            "Dry Sliding"
        ]
    },
    {
        "start_node": "Coefficient of Friction (CoF)",
        "relationship": "affected_by",
        "end_node": "Wear Modes"
    },
    {
        "start_node": "Wear Rates",
        "relationship": "affected_by",
        "end_node": "Wear Modes"
    },
    {
        "start_node": "Pure Rolling",
        "relationship": "highest_wear_rate",
        "end_node": [
            "AISI 6061-T6",
            "AISI 316 L",
            "ASTM F1537 CoCrMo"
        ]
    },
    {
        "start_node": "Mixed Rolling/Grooving",
        "relationship": "lower_wear_rate",
        "end_node": [
            "AISI 6061-T6",
            "AISI 316 L",
            "ASTM F1537 CoCrMo"
        ]
    },
    {
        "start_node": "Wet Sliding",
        "relationship": "highest_CoF",
        "end_node": [
            "AISI 316L SS",
            "AISI 6061-T6"
        ]
    },
    {
        "start_node": "Dry Sliding",
        "relationship": "lowest_CoF",
        "end_node": [
            "AISI 6061-T6",
            "AISI 316 L",
            "ASTM F1537 CoCrMo"
        ]
    }
]