[
    {
        "start_node": "COF",
        "relationship": "contain",
        "end_node": "MOF-74"
    },
    {
        "start_node": "MOF-74",
        "relationship": "property",
        "end_node": "functionalization"
    },
    {
        "start_node": "functionalization",
        "relationship": "limit",
        "end_node": "dative PSM"
    },
    {
        "start_node": "MOF-74",
        "relationship": "structure",
        "end_node": "organic ligand"
    },
    {
        "start_node": "MOF-74",
        "relationship": "structure",
        "end_node": "framework"
    },
    {
        "start_node": "amine-tagged Ni-MOF-74",
        "relationship": "preparation",
        "end_node": "solvothermal synthesis"
    },
    {
        "start_node": "amine-tagged Ni-MOF-74",
        "relationship": "use",
        "end_node": "covalent PSM"
    },
    {
        "start_node": "amine group",
        "relationship": "modification",
        "end_node": "metal binding sites"
    },
    {
        "start_node": "amine-tagged Ni-MOF-74",
        "relationship": "post-synthesis",
        "end_node": "Pd-II metalation"
    },
    {
        "start_node": "Pd-II-incorporated Ni-MOF-74",
        "relationship": "catalyst",
        "end_node": "Suzuki-Miyaura reaction"
    },
    {
        "start_node": "strategy",
        "relationship": "applicability",
        "end_node": "amine-tagged Ni-2(DOBPDC)"
    },
    {
        "start_node": "amine-tagged Ni-2(DOBPDC)",
        "relationship": "analogue",
        "end_node": "MOF-74"
    }
]