[
    {
        "start_node": "COF",
        "relationship": "contain",
        "end_node": "microporous COF"
    },
    {
        "start_node": "COF",
        "relationship": "contain",
        "end_node": "mesoporous COF"
    },
    {
        "start_node": "one-step synthesis",
        "relationship": "method",
        "end_node": "dual-pore COF"
    },
    {
        "start_node": "PXRD investigation",
        "relationship": "analysis",
        "end_node": "dual-pore COF"
    },
    {
        "start_node": "nitrogen adsorption-desorption study",
        "relationship": "analysis",
        "end_node": "dual-porous structure"
    },
    {
        "start_node": "theoretical calculations",
        "relationship": "confirmation",
        "end_node": "dual-pore COF"
    },
    {
        "start_node": "properties",
        "relationship": "regulate",
        "end_node": "COF"
    },
    {
        "start_node": "type",
        "relationship": "affect",
        "end_node": "pores"
    },
    {
        "start_node": "size",
        "relationship": "affect",
        "end_node": "pores"
    }
]