[
    {
        "start_node": "COF",
        "relationship": "utilize",
        "end_node": "Utilizing CT-1"
    },
    {
        "start_node": "Utilizing CT-1",
        "relationship": "for",
        "end_node": "Mixed Matrix Membrane"
    },
    {
        "start_node": "Mixed Matrix Membrane",
        "relationship": "contains",
        "end_node": "CT-1"
    },
    {
        "start_node": "CT-1",
        "relationship": "material",
        "end_node": "Covalent Triazine Framework"
    },
    {
        "start_node": "Mixed Matrix Membrane",
        "relationship": "made of",
        "end_node": "polysulfone (PSF)"
    },
    {
        "start_node": "CO2",
        "relationship": "removal",
        "end_node": "industrial sectors"
    },
    {
        "start_node": "Mixed Matrix Membrane",
        "relationship": "evaluate",
        "end_node": "FTIR, FESEM, TGA"
    },
    {
        "start_node": "FTIR, FESEM, TGA",
        "relationship": "used for",
        "end_node": "performance assessment"
    },
    {
        "start_node": "CO2 permeance",
        "relationship": "increase with",
        "end_node": "0-0.8 wt% CT-1 loading"
    },
    {
        "start_node": "Selectivity",
        "relationship": "increase with",
        "end_node": "0-0.8 wt% CT-1 loading"
    },
    {
        "start_node": "0.8 wt%",
        "relationship": "threshold",
        "end_node": "optimal CT-1 loading"
    },
    {
        "start_node": "Selectivity",
        "relationship": "drop after",
        "end_node": "0.8 wt% CT-1 loading"
    },
    {
        "start_node": "Pressure",
        "relationship": "effect on",
        "end_node": "CO2 permeance, selectivity"
    },
    {
        "start_node": "Feed stream",
        "relationship": "impact on",
        "end_node": "CO2 separation"
    },
    {
        "start_node": "Improving technique",
        "relationship": "described",
        "end_node": "mixed matrix membranes"
    }
]