[
    {
        "start_node": "COF",
        "relationship": "mention",
        "end_node": "metal-organic and covalent organic frameworks"
    },
    {
        "start_node": "COF",
        "relationship": "contain",
        "end_node": "mesogens"
    },
    {
        "start_node": "LCs",
        "relationship": "type_of",
        "end_node": "liquid crystals"
    },
    {
        "start_node": "free space",
        "relationship": "found_in",
        "end_node": "liquid crystals"
    },
    {
        "start_node": "rational design",
        "relationship": "approach_in",
        "end_node": "molecular design"
    },
    {
        "start_node": "shuttlecock mesogens",
        "relationship": "example_of",
        "end_node": "unconventional mesophases"
    },
    {
        "start_node": "discotic mesogens",
        "relationship": "related_to",
        "end_node": "complementary polytopic interactions"
    },
    {
        "start_node": "shape-persistent star mesogens",
        "relationship": "example_of",
        "end_node": "filled columnar liquid crystals"
    },
    {
        "start_node": "intrinsic free space",
        "relationship": "filling_strategy",
        "end_node": "guest molecules"
    },
    {
        "start_node": "organic electronic materials",
        "relationship": "potential_application",
        "end_node": "filled liquid-crystalline matter"
    }
]