[
    {
        "start_node": "TI",
        "relationship": "discusses",
        "end_node": "tetracycline hydrochloride"
    },
    {
        "start_node": "TI",
        "relationship": "addresses",
        "end_node": "antibiotic wastewater treatment"
    },
    {
        "start_node": "TI",
        "relationship": "focuses on",
        "end_node": "Mg@Fe-MIL-101/TpPa-1-COF"
    },
    {
        "start_node": "AB",
        "relationship": "explains",
        "end_node": "photo-degradation method"
    },
    {
        "start_node": "AB",
        "relationship": "highlights",
        "end_node": "synergistic effect of Mg and Fe"
    },
    {
        "start_node": "AB",
        "relationship": "improves",
        "end_node": "electronic structure of heterometallic Mg@Fe-MIL-101"
    },
    {
        "start_node": "AB",
        "relationship": "features",
        "end_node": "porous property for catalytic sites"
    },
    {
        "start_node": "AB",
        "relationship": "enhances",
        "end_node": "mass transport ability"
    },
    {
        "start_node": "AB",
        "relationship": "facilitates",
        "end_node": "electron migration (heterojunction)"
    },
    {
        "start_node": "AB",
        "relationship": "utilizes",
        "end_node": "stainless steel mesh for light harvesting/recycling"
    },
    {
        "start_node": "AB",
        "relationship": "demonstrates",
        "end_node": "photocatalytic TCH degradation (94.0% @ 80 min)"
    },
    {
        "start_node": "AB",
        "relationship": "provides",
        "end_node": "fluorescent detection for TCH"
    },
    {
        "start_node": "AB",
        "relationship": "evaluates",
        "end_node": "aquatic toxicity reduction"
    },
    {
        "start_node": "AB",
        "relationship": "uses as indicator",
        "end_node": "Paramecia, S.aureus, E.coli"
    }
]