[
    {
        "start_node": "TI",
        "relationship": "discusses",
        "end_node": "Integrated CMPs/CNT composite"
    },
    {
        "start_node": "CMPs",
        "relationship": "belong_to",
        "end_node": "conjugated microporous polymers"
    },
    {
        "start_node": "CMPs",
        "relationship": "feature",
        "end_node": "redox-active sites"
    },
    {
        "start_node": "CMPs",
        "relationship": "used_in",
        "end_node": "LIBs"
    },
    {
        "start_node": "problem",
        "relationship": "limits",
        "end_node": "electrical conductivity"
    },
    {
        "start_node": "problem",
        "relationship": "limits",
        "end_node": "active site utilization"
    },
    {
        "start_node": "solution",
        "relationship": "employs",
        "end_node": "carbon nanotubes"
    },
    {
        "start_node": "TB-CMP@CNT",
        "relationship": "is",
        "end_node": "composite"
    },
    {
        "start_node": "TBP-CMP@CNT",
        "relationship": "is",
        "end_node": "composite"
    },
    {
        "start_node": "TB-CMP@CNT",
        "relationship": "has_property",
        "end_node": "good electrochemical performance"
    },
    {
        "start_node": "TBP-CMP@CNT",
        "relationship": "achieves",
        "end_node": "high reversible capacity"
    },
    {
        "start_node": "TBP-CMP@CNT",
        "relationship": "at_rate",
        "end_node": "2 A g^(-1)"
    },
    {
        "start_node": "TBP-CMP@CNT",
        "relationship": "cycle_stability",
        "end_node": "1000 cycles, no capacity drop"
    }
]