[
    {
        "start_node": "COF",
        "relationship": "design",
        "end_node": "porphyrin-based 2D POF"
    },
    {
        "start_node": "porphyrin-based 2D POF",
        "relationship": "catalyst",
        "end_node": "photochemical CO2 reduction"
    },
    {
        "start_node": "POF(Co)",
        "relationship": "outperforms",
        "end_node": "POF(Zn)"
    },
    {
        "start_node": "POF(Co)",
        "relationship": "CO generation rate",
        "end_node": "1104 μmol/g·h"
    },
    {
        "start_node": "POF(Co)",
        "relationship": "H2 generation rate",
        "end_node": "3981 μmol/g·h"
    },
    {
        "start_node": "Co-based POF",
        "relationship": "mechanism",
        "end_node": "electron transfer from Ru-sensitizer to CoII site"
    },
    {
        "start_node": "POF(Co)",
        "relationship": "dilute gas compatibility",
        "end_node": "13% CO2"
    },
    {
        "start_node": "sunlight",
        "relationship": "enhancement",
        "end_node": "syngas generation"
    },
    {
        "start_node": "POF(Co)",
        "relationship": "natural sunlight conditions",
        "end_node": "performance increase"
    },
    {
        "start_node": "greenhouse gas",
        "relationship": "utilization",
        "end_node": "CO2"
    },
    {
        "start_node": "protons",
        "relationship": "reactant",
        "end_node": "syngas generation"
    },
    {
        "start_node": "mild eco-friendly conditions",
        "relationship": "operation",
        "end_node": "synthesis"
    }
]