[
    {
        "start_node": "Displacement-Controlled Fretting",
        "relationship": "investigates",
        "end_node": "Hemisphere-Flat Block Contact"
    },
    {
        "start_node": "3D Finite Element Analysis (FEA)",
        "relationship": "employs",
        "end_node": "Displacement-Controlled Fretting"
    },
    {
        "start_node": "Steel-on-Steel",
        "relationship": "studied first",
        "end_node": "Displacement-Controlled Fretting"
    },
    {
        "start_node": "Copper-on-Copper",
        "relationship": "studied next",
        "end_node": "Displacement-Controlled Fretting"
    },
    {
        "start_node": "Normal Interference",
        "relationship": "applied",
        "end_node": "Contact Onset"
    },
    {
        "start_node": "Transverse Cyclic Oscillations",
        "relationship": "follows",
        "end_node": "Normal Interference"
    },
    {
        "start_node": "Maximum von Mises Stress",
        "relationship": "behaves",
        "end_node": "Small COFs"
    },
    {
        "start_node": "Maximum von Mises Stress",
        "relationship": "reaches",
        "end_node": "Contacting Surface",
        "condition": "Large COFs"
    },
    {
        "start_node": "Plastic Strains",
        "relationship": "forms",
        "end_node": "Ring Patterns",
        "condition": "Sufficiently Large COFs"
    },
    {
        "start_node": "Junction Growth",
        "relationship": "observed",
        "end_node": "Stretching Direction"
    },
    {
        "start_node": "Pileups",
        "relationship": "appear",
        "end_node": "Edges of Contact",
        "condition": "Large COFs"
    },
    {
        "start_node": "Fretting Loops",
        "relationship": "recorded",
        "end_node": "Initial Cycles"
    },
    {
        "start_node": "Work Consumption",
        "relationship": "quantified",
        "end_node": "Fretting"
    },
    {
        "start_node": "COF",
        "relationship": "correlates with",
        "end_node": "Work Magnitude",
        "condition": "Determines Slip Type"
    },
    {
        "start_node": "Normalization Scheme",
        "relationship": "proposed",
        "end_node": "Elasto-Plastic Materials"
    },
    {
        "start_node": "Normalized Results",
        "relationship": "characterize",
        "end_node": "Diverse Material Pairs"
    }
]