[
    {
        "start_node": "COF",
        "relationship": "synthesis_method",
        "end_node": "melt polymerization"
    },
    {
        "start_node": "COF foam",
        "relationship": "property",
        "end_node": "robust"
    },
    {
        "start_node": "COF foam",
        "relationship": "type",
        "end_node": "olefin-linked"
    },
    {
        "start_node": "COF foam",
        "relationship": "fabrication_process",
        "end_node": "one-step thermomolding"
    },
    {
        "start_node": "COF foam",
        "relationship": "application",
        "end_node": "oil-water separation"
    },
    {
        "start_node": "COF foam",
        "relationship": "efficiency",
        "end_node": "99% removal"
    },
    {
        "start_node": "COF foam",
        "relationship": "reusability",
        "end_node": "100+ cycles"
    },
    {
        "start_node": "COF",
        "relationship": "novelty",
        "end_node": "smallest eclipsed stacking pore (0.58 nm)"
    },
    {
        "start_node": "COF",
        "relationship": "application",
        "end_node": "C2H2 purification"
    },
    {
        "start_node": "COF foam",
        "relationship": "benchmark",
        "end_node": "current materials"
    },
    {
        "start_node": "method",
        "relationship": "impact",
        "end_node": "green routes to COF synthesis"
    },
    {
        "start_node": "COF foam",
        "relationship": "diversity",
        "end_node": "broad range of new designs"
    }
]