[
    {
        "start_node": "COF",
        "relationship": "contain",
        "end_node": "HOF material"
    },
    {
        "start_node": "HOF material",
        "relationship": "property",
        "end_node": "fluorescence behavior"
    },
    {
        "start_node": "HOF material",
        "relationship": "application",
        "end_node": "LED"
    },
    {
        "start_node": "T12-apo",
        "relationship": "type",
        "end_node": "COF"
    },
    {
        "start_node": "T12-apo",
        "relationship": "spectral characterization",
        "end_node": "S-0 -> S-1 transition"
    },
    {
        "start_node": "T12",
        "relationship": "composition",
        "end_node": "T12-apo"
    },
    {
        "start_node": "T12-Ester",
        "relationship": "derivative",
        "end_node": "T12"
    },
    {
        "start_node": "T12-Ester",
        "relationship": "photodynamic behavior",
        "end_node": "size-dependent"
    },
    {
        "start_node": "crystals (T12-Ester)",
        "relationship": "emission",
        "end_node": "multiple components"
    },
    {
        "start_node": "T12-apo",
        "relationship": "crystal type",
        "end_node": "pi-pi stacking, H-bonded"
    },
    {
        "start_node": "anisotropy measurements",
        "relationship": "confirm",
        "end_node": "pi-pi stacking, H-bonding"
    },
    {
        "start_node": "HOF",
        "relationship": "use for",
        "end_node": "white-LED"
    }
]