[
    {
        "start_node": "Design",
        "relationship": "describe",
        "end_node": "NFIF"
    },
    {
        "start_node": "NFIF",
        "relationship": "geometric_stability_tested_by",
        "end_node": "first-principles_molecular_dynamics"
    },
    {
        "start_node": "NFIF",
        "relationship": "decorated_with",
        "end_node": "lithium"
    },
    {
        "start_node": "lithium",
        "relationship": "binding_energy",
        "end_node": "2.79_eV"
    },
    {
        "start_node": "NFIF",
        "relationship": "hydrogen_storage_analysis",
        "end_node": "DFT"
    },
    {
        "start_node": "NFIF",
        "relationship": "hydrogen_capture_pattern",
        "end_node": "four_H_2_per_Li"
    },
    {
        "start_node": "H-2",
        "relationship": "binding_energy",
        "end_node": "0.30_eV"
    },
    {
        "start_node": "NFIF",
        "relationship": "gravimetric_density",
        "end_node": "8.4_wt%"
    },
    {
        "start_node": "NFIF",
        "relationship": "hydrogen_storage_capacity",
        "end_node": "7.7_wt%_298K",
        "additional_info": "233K: 9.2_wt%"
    },
    {
        "start_node": "DFT",
        "relationship": "simulation_method",
        "end_node": "Grand_canonical_Monte_Carlo"
    }
]