[
    {
        "start_node": "COF",
        "relationship": "contain",
        "end_node": "2D erucamide"
    },
    {
        "start_node": "2D erucamide",
        "relationship": "property",
        "end_node": "single-crystalline"
    },
    {
        "start_node": "single-crystalline 2D erucamide",
        "relationship": "have",
        "end_node": "facile synthesis method"
    },
    {
        "start_node": "2D erucamide",
        "relationship": "property",
        "end_node": "2 layers (4 nm thick)"
    },
    {
        "start_node": "2D erucamide",
        "relationship": "size",
        "end_node": "lateral size (micrometers)"
    },
    {
        "start_node": "2D erucamide",
        "relationship": "transform",
        "end_node": "crystalline-to-amorphous"
    },
    {
        "start_node": "2D erucamide",
        "relationship": "impact",
        "end_node": "electron beam irradiation"
    },
    {
        "start_node": "crystalline 2D erucamide",
        "relationship": "tribology property",
        "end_node": "ultralow friction"
    },
    {
        "start_node": "crystalline 2D erucamide",
        "relationship": "property",
        "end_node": "enhanced thermal conductivity"
    },
    {
        "start_node": "crystalline 2D erucamide",
        "relationship": "application",
        "end_node": "nanoscale lubrication"
    },
    {
        "start_node": "crystalline 2D erucamide",
        "relationship": "application",
        "end_node": "thermal management"
    }
]