[
    {
        "start_node": "COF",
        "relationship": "contain",
        "end_node": "Lyocell"
    },
    {
        "start_node": "Lyocell",
        "relationship": "problem",
        "end_node": "fibrillation"
    },
    {
        "start_node": "fibrillation",
        "relationship": "restriction",
        "end_node": "application"
    },
    {
        "start_node": "study",
        "relationship": "focus",
        "end_node": "hydration lubrication"
    },
    {
        "start_node": "HDIt",
        "relationship": "used",
        "end_node": "RHT-PU synthesis"
    },
    {
        "start_node": "RHT-PU",
        "relationship": "synthesis",
        "end_node": "reactive hydrophilic"
    },
    {
        "start_node": "RHT-PU",
        "relationship": "construct",
        "end_node": "water lubrication layer"
    },
    {
        "start_node": "lubrication layer",
        "relationship": "on",
        "end_node": "lyocell fiber surface"
    },
    {
        "start_node": "layer",
        "relationship": "formed by",
        "end_node": "H-bonding"
    },
    {
        "start_node": "H-bonding",
        "relationship": "between",
        "end_node": "polyoxyethylene ether, water"
    },
    {
        "start_node": "CoF",
        "relationship": "affected by",
        "end_node": "PEG molecular weight, grafting density"
    },
    {
        "start_node": "PEG",
        "relationship": "effect on",
        "end_node": "CoF (decreased)"
    },
    {
        "start_node": "temperature",
        "relationship": "impact on",
        "end_node": "CoF (lower)"
    },
    {
        "start_node": "normal load",
        "relationship": "impact on",
        "end_node": "CoF (higher)"
    },
    {
        "start_node": "mechanical friction",
        "relationship": "test on",
        "end_node": "modified fabrics"
    },
    {
        "start_node": "household washing",
        "relationship": "test on",
        "end_node": "modified fabrics"
    },
    {
        "start_node": "modified fabrics",
        "relationship": "improvement",
        "end_node": "surface abrasion"
    },
    {
        "start_node": "modified fabrics",
        "relationship": "improvement",
        "end_node": "color fading (grade 4-5)"
    },
    {
        "start_node": "water lubricated interfaces",
        "relationship": "effect",
        "end_node": "reduced fibrillation"
    }
]