[
    {
        "start_node": "TI",
        "relationship": "discusses",
        "end_node": "Epithelium-Poor Type Central Odontogenic Fibroma"
    },
    {
        "start_node": "AB",
        "relationship": "details",
        "end_node": "epithelium-poor COF characteristics"
    },
    {
        "start_node": "epithelium-poor COF",
        "relationship": "is_a",
        "end_node": "central odontogenic fibroma"
    },
    {
        "start_node": "study objective",
        "relationship": "aim",
        "end_node": "correct diagnosis"
    },
    {
        "start_node": "rarity",
        "relationship": "attribute",
        "end_node": "low incidence"
    },
    {
        "start_node": "report",
        "relationship": "includes",
        "end_node": "mandibular case"
    },
    {
        "start_node": "immunohistochemistry",
        "relationship": "used_for",
        "end_node": "analysis"
    },
    {
        "start_node": "vimentin",
        "relationship": "positive_for",
        "end_node": "COFs"
    },
    {
        "start_node": "desmin",
        "relationship": "negative_for",
        "end_node": "COFs"
    },
    {
        "start_node": "a-smooth muscle actin (alpha-SMA)",
        "relationship": "negative_for",
        "end_node": "COFs"
    },
    {
        "start_node": "previous literature review",
        "relationship": "provides",
        "end_node": "knowledge expansion"
    }
]