[
    {
        "start_node": "COF",
        "relationship": "contain",
        "end_node": "Schiff base network framework"
    },
    {
        "start_node": "Schiff base network framework",
        "relationship": "part_of",
        "end_node": "MMMs"
    },
    {
        "start_node": "MMMs",
        "relationship": "constructed_with",
        "end_node": "poly(vinyl alcohol)"
    },
    {
        "start_node": "PVA",
        "relationship": "used_in",
        "end_node": "MMMs"
    },
    {
        "start_node": "MMMs",
        "relationship": "improves",
        "end_node": "hydrophilicity"
    },
    {
        "start_node": "MMMs",
        "relationship": "enhances",
        "end_node": "swelling resistance"
    },
    {
        "start_node": "SNW-1",
        "relationship": "enriches",
        "end_node": "membrane surface"
    },
    {
        "start_node": "SNW-1",
        "relationship": "interacts_with",
        "end_node": "PVA matrix"
    },
    {
        "start_node": "SNW-1",
        "relationship": "increases",
        "end_node": "mechanical stability"
    },
    {
        "start_node": "SNW-1",
        "relationship": "improves",
        "end_node": "heat-resistance"
    },
    {
        "start_node": "SNW-1",
        "relationship": "increases",
        "end_node": "separation performance"
    },
    {
        "start_node": "MMMs",
        "relationship": "applied_for",
        "end_node": "ethanol dehydration"
    },
    {
        "start_node": "MMMs",
        "relationship": "long_term_stability",
        "end_node": "excellent"
    },
    {
        "start_node": "MMMs",
        "relationship": "operating_condition",
        "end_node": "120 h, 75°C"
    }
]