[
    {
        "start_node": "COF",
        "relationship": "cathode_material_for",
        "end_node": "all-solid-state_LIB"
    },
    {
        "start_node": "COF-TRO",
        "relationship": "is",
        "end_node": "cathode_material"
    },
    {
        "start_node": "COF-TRO",
        "relationship": "has",
        "end_node": "high_capacity"
    },
    {
        "start_node": "COF-TRO",
        "relationship": "specific_capacity",
        "end_node": "268mAhg^-1"
    },
    {
        "start_node": "COF-TRO",
        "relationship": "theoretical_capacity",
        "end_node": "calculated"
    },
    {
        "start_node": "COF-TRO",
        "relationship": "capacity_retention",
        "end_node": "99.9% after 100 cycles"
    },
    {
        "start_node": "COF-TRO",
        "relationship": "application",
        "end_node": "energy_storage"
    },
    {
        "start_node": "truxenone-based_COFs",
        "relationship": "potential_in",
        "end_node": "energy_storage"
    }
]