[
    {
        "start_node": "Context-aware",
        "relationship": "problem",
        "end_node": "Outstanding Fact Mining"
    },
    {
        "start_node": "Mining",
        "relationship": "introduce",
        "end_node": "Context-aware Outstanding Facts (COFs)"
    },
    {
        "start_node": "COFs",
        "relationship": "requirement",
        "end_node": "context"
    },
    {
        "start_node": "FMINER",
        "relationship": "framework",
        "end_node": "COF mining"
    },
    {
        "start_node": "FMINER",
        "relationship": "method",
        "end_node": "two-step process"
    },
    {
        "start_node": "Step 1",
        "relationship": "discovery",
        "end_node": "top-k relevant relationships"
    },
    {
        "start_node": "Step 1",
        "relationship": "optimization",
        "end_node": "pruning techniques"
    },
    {
        "start_node": "Step 2",
        "relationship": "extraction",
        "end_node": "top-l COFs"
    },
    {
        "start_node": "COF mining",
        "relationship": "modeled as",
        "end_node": "top-(k, l) search problem"
    },
    {
        "start_node": "Context-awareness",
        "relationship": "ensured by",
        "end_node": "relevant relationships with context entity"
    },
    {
        "start_node": "FMINER",
        "relationship": "evaluation",
        "end_node": "extensive experiments, user study"
    },
    {
        "start_node": "FMINER",
        "relationship": "conference",
        "end_node": "ACM SIGKDD International Conference on KDD (KDD)"
    },
    {
        "start_node": "Conference",
        "relationship": "date",
        "end_node": "AUG 14-18, 2021"
    }
]