[
    {
        "start_node": "COF",
        "relationship": "synthesis",
        "end_node": "Pd-azo-POPs"
    },
    {
        "start_node": "Pd-azo-POPs",
        "relationship": "property",
        "end_node": "porous polymer matrix"
    },
    {
        "start_node": "Pd-azo-POPs",
        "relationship": "contains",
        "end_node": "Pd complex"
    },
    {
        "start_node": "Pd complex",
        "relationship": "anchored_by",
        "end_node": "azo"
    },
    {
        "start_node": "azo-POPs",
        "relationship": "catalyst_for",
        "end_node": "4-nitrophenol reduction"
    },
    {
        "start_node": "Pd-azo-POPs-80",
        "relationship": "catalytic_activity",
        "end_node": "174.7 min^(-1) mM^(-1)"
    },
    {
        "start_node": "Pd-azo-POPs-80",
        "relationship": "cycling_stability",
        "end_node": "90% (4-nitrophenol)"
    },
    {
        "start_node": "Pd-azo-POPs-80",
        "relationship": "catalyzes",
        "end_node": "Suzuki-Miyaura coupling"
    },
    {
        "start_node": "Pd-azo-POPs-80",
        "relationship": "yield",
        "end_node": "94.5% (Suzuki-Miyaura, 5 cycles)"
    },
    {
        "start_node": "Suzuki-Miyaura coupling",
        "relationship": "conditions",
        "end_node": "mild"
    }
]