[
    {
        "start_node": "MOF@COF",
        "relationship": "growth_on",
        "end_node": "corncob"
    },
    {
        "start_node": "corncob",
        "relationship": "natural_resource",
        "end_node": "sustainable"
    },
    {
        "start_node": "corncob",
        "relationship": "cellulose_rich",
        "end_node": ""
    },
    {
        "start_node": "UiO-66-NH2",
        "relationship": "grafted_on",
        "end_node": "corncob"
    },
    {
        "start_node": "corncob",
        "relationship": "esterification",
        "end_node": "critic_acid"
    },
    {
        "start_node": "UiO-66-NH2",
        "relationship": "constructed_with",
        "end_node": "TpBD"
    },
    {
        "start_node": "TpBD",
        "relationship": "Schiff_base_reaction",
        "end_node": "UiO-66-NH2"
    },
    {
        "start_node": "corncob@UiO-66-NH2@TpBD",
        "relationship": "optimized_ratio",
        "end_node": "5:3"
    },
    {
        "start_node": "sulphonamides",
        "relationship": "adsorption_capacity",
        "end_node": "adsorbent"
    },
    {
        "start_node": "corncob@UiO-66-NH2@TpBD",
        "relationship": "binding_energy",
        "end_node": "-37.45 Kcal/mol"
    },
    {
        "start_node": "adsorbent",
        "relationship": "interactions_with",
        "end_node": "SAs"
    },
    {
        "start_node": "corncob@UiO-66-NH2@TpBD",
        "relationship": "method",
        "end_node": "IS-SPE"
    },
    {
        "start_node": "UPLC",
        "relationship": "used_for",
        "end_node": "sensitivity"
    },
    {
        "start_node": "corncob@UiO-66-NH2@TpBD",
        "relationship": "reproducibility",
        "end_node": "RSDs 3.1%-3.4%"
    },
    {
        "start_node": "adsorbent",
        "relationship": "adsorption_desorption",
        "end_node": "20 recycles"
    },
    {
        "start_node": "corncob@UiO-66-NH2@TpBD",
        "relationship": "renewability",
        "end_node": "good"
    },
    {
        "start_node": "corncob@UiO-66-NH2@TpBD",
        "relationship": "application_potential",
        "end_node": "industrial_adsorption"
    }
]