[
    {
        "start_node": "COF",
        "relationship": "derive_from",
        "end_node": "mesoscopic organic nanosheets"
    },
    {
        "start_node": "mesoscopic organic nanosheets",
        "relationship": "property",
        "end_node": "water-soluble"
    },
    {
        "start_node": "mesoscopic organic nanosheets",
        "relationship": "application",
        "end_node": "nanocarriers"
    },
    {
        "start_node": "bulk 2D organic covalent framework polymers",
        "relationship": "process",
        "end_node": "mesoscopic organic nanosheets"
    },
    {
        "start_node": "2D covalent frameworks",
        "relationship": "contain",
        "end_node": "stacked"
    }
]