[
    {
        "start_node": "MXene",
        "relationship": "new_member_of",
        "end_node": "layered_materials"
    },
    {
        "start_node": "MXene",
        "relationship": "application",
        "end_node": "water_purification"
    },
    {
        "start_node": "MXene",
        "relationship": "application",
        "end_node": "desalination"
    },
    {
        "start_node": "MXene",
        "relationship": "application",
        "end_node": "gas_separation"
    },
    {
        "start_node": "MXene",
        "relationship": "application",
        "end_node": "pervaporation"
    },
    {
        "start_node": "MXene-based_membranes",
        "relationship": "study_as",
        "end_node": "separation_membrane"
    },
    {
        "start_node": "MXene",
        "relationship": "properties",
        "end_node": "high_mechanical_strength"
    },
    {
        "start_node": "MXene",
        "relationship": "properties",
        "end_node": "large_surface_area"
    },
    {
        "start_node": "MXene",
        "relationship": "properties",
        "end_node": "chemical_stability"
    },
    {
        "start_node": "MXene",
        "relationship": "properties",
        "end_node": "thermal_stability"
    },
    {
        "start_node": "MXene",
        "relationship": "properties",
        "end_node": "functionalizability"
    },
    {
        "start_node": "MXene",
        "relationship": "properties",
        "end_node": "hydrophilic_surface"
    },
    {
        "start_node": "MXene-based_membranes",
        "relationship": "reviewed_in",
        "end_node": "recent_advances"
    },
    {
        "start_node": "fabrication_methods",
        "relationship": "applied_to",
        "end_node": "MXene-based_membranes"
    },
    {
        "start_node": "computational_aspects",
        "relationship": "reviewed_in",
        "end_node": "recent_advances"
    }
]