[
    {
        "start_node": "TI",
        "relationship": "discusses",
        "end_node": "Design"
    },
    {
        "start_node": "Design",
        "relationship": "focuses_on",
        "end_node": "Animal Protein-Based Thermoset Polymers"
    },
    {
        "start_node": "Animal Protein-Based Thermoset Polymers",
        "relationship": "and",
        "end_node": "Covalent Organic Frameworks"
    },
    {
        "start_node": "Thermoset Polymers",
        "relationship": "are",
        "end_node": "synthesized"
    },
    {
        "start_node": "Synthesis",
        "relationship": "involves",
        "end_node": "Animal Proteins"
    },
    {
        "start_node": "Synthesis",
        "relationship": "followed_by",
        "end_node": "Applications"
    },
    {
        "start_node": "Applications",
        "relationship": "include",
        "end_node": "Sustainable"
    },
    {
        "start_node": "Sustainable",
        "relationship": "uses",
        "end_node": "Animal Protein-Based Thermoset Polymers"
    },
    {
        "start_node": "Sustainable",
        "relationship": "and",
        "end_node": "Covalent Organic Frameworks"
    },
    {
        "start_node": "Covalent Organic Frameworks",
        "relationship": "combined_with",
        "end_node": "Thermoset Polymers"
    },
    {
        "start_node": "Covalent Organic Frameworks",
        "relationship": "for",
        "end_node": "Sustainable Development"
    },
    {
        "start_node": "TI",
        "relationship": "covers",
        "end_node": "Cooperative Research"
    }
]