[
    {
        "start_node": "COF",
        "relationship": "contain",
        "end_node": "magnetic MOF@COF"
    },
    {
        "start_node": "magnetic MOF@COF",
        "relationship": "enrichment",
        "end_node": "glyco-proteins"
    },
    {
        "start_node": "magnetic MOF@COF",
        "relationship": "enrichment",
        "end_node": "phospho-proteins"
    },
    {
        "start_node": "urine",
        "relationship": "reflect",
        "end_node": "physiological conditions"
    },
    {
        "start_node": "urine",
        "relationship": "reflect",
        "end_node": "pathological conditions"
    },
    {
        "start_node": "urine",
        "relationship": "contain",
        "end_node": "glyco- and phospho-proteins"
    },
    {
        "start_node": "glyco-proteins",
        "relationship": "indicate",
        "end_node": "kidney diseases biomarkers"
    },
    {
        "start_node": "acetone extraction",
        "relationship": "pretreatment",
        "end_node": "urine samples"
    },
    {
        "start_node": "ultrafiltration concentration",
        "relationship": "pretreatment",
        "end_node": "urine samples"
    },
    {
        "start_node": "MOF@COF",
        "relationship": "covalent integration",
        "end_node": "magnetic core"
    },
    {
        "start_node": "Ti-O groups",
        "relationship": "property",
        "end_node": "MOF"
    },
    {
        "start_node": "COF",
        "relationship": "hydrophilicity",
        "end_node": "high"
    },
    {
        "start_node": "magnetic MOF@COF",
        "relationship": "efficient enrichment",
        "end_node": "urine samples"
    },
    {
        "start_node": "nephrotic syndrome",
        "relationship": "distinguish",
        "end_node": "glycoproteins, phosphoproteins"
    },
    {
        "start_node": "porous hybrid material",
        "relationship": "idea for",
        "end_node": "efficient enrichment"
    },
    {
        "start_node": "biosmarker discovery",
        "relationship": "broadens",
        "end_node": "urine-based liquid biopsy"
    }
]