[
    {
        "start_node": "COF",
        "relationship": "contain",
        "end_node": "COF1"
    },
    {
        "start_node": "COF1",
        "relationship": "synergistic_catalysis_with",
        "end_node": "TEOA"
    },
    {
        "start_node": "COF1",
        "relationship": "fabricated_by",
        "end_node": "COF1-g-C3N4"
    },
    {
        "start_node": "COF1",
        "relationship": "interaction_with",
        "end_node": "hydrazine_units"
    },
    {
        "start_node": "TEOA",
        "relationship": "enhanced_light_absorption",
        "end_node": "light"
    },
    {
        "start_node": "photo_electrons",
        "relationship": "transfer_to",
        "end_node": "g-C3N4"
    },
    {
        "start_node": "dynamic_interface",
        "relationship": "promotes",
        "end_node": "syngas_production"
    },
    {
        "start_node": "syngas_production",
        "relationship": "yield",
        "end_node": "165.6 mu mol.g^(-1).h^(-1)"
    },
    {
        "start_node": "CO2_reduction",
        "relationship": "using",
        "end_node": "simulated_exhaust_gas"
    },
    {
        "start_node": "COF1-g-C3N4",
        "relationship": "metal_free_catalyst",
        "end_node": "rank"
    },
    {
        "start_node": "COF1-g-C3N4",
        "relationship": "rank",
        "end_node": "highest_yield"
    }
]