[
    {
        "start_node": "COF",
        "relationship": "contain",
        "end_node": "water-soluble Pd4 molecular tweezer"
    },
    {
        "start_node": "water-soluble Pd4 molecular tweezer",
        "relationship": "for",
        "end_node": "selective encapsulation of isomeric quinones"
    },
    {
        "start_node": "quinones",
        "relationship": "belong to",
        "end_node": "diesel exhaust particulates"
    },
    {
        "start_node": "quinones",
        "relationship": "effect on",
        "end_node": "human health"
    },
    {
        "start_node": "molecular tweezer",
        "relationship": "contains",
        "end_node": "host-guest complexes"
    },
    {
        "start_node": "complexes",
        "relationship": "formed with",
        "end_node": "quinones"
    },
    {
        "start_node": "quinones",
        "relationship": "isomer",
        "end_node": "phenanthrenequinone (PQ)"
    },
    {
        "start_node": "quinones",
        "relationship": "isomer",
        "end_node": "anthraquinone (AQ)"
    },
    {
        "start_node": "MT",
        "relationship": "binds stronger",
        "end_node": "phenanthrenequinone (PQ)"
    },
    {
        "start_node": "MT",
        "relationship": "extraction from",
        "end_node": "PQ/AQ mixture"
    },
    {
        "start_node": "MT",
        "relationship": "purity achieved",
        "end_node": "91%"
    },
    {
        "start_node": "MT",
        "relationship": "reusability",
        "end_node": "many cycles"
    }
]