[
    {
        "start_node": "COF",
        "relationship": "synthesized_from",
        "end_node": "HTT"
    },
    {
        "start_node": "HTT",
        "relationship": "reacted_with",
        "end_node": "PtCl2"
    },
    {
        "start_node": "CMOF",
        "relationship": "contains",
        "end_node": "COvalent_Metal-Dithiolene_links"
    },
    {
        "start_node": "CMOF",
        "relationship": "property",
        "end_node": "porosity"
    },
    {
        "start_node": "CMOF",
        "relationship": "property",
        "end_node": "redox_activity"
    },
    {
        "start_node": "CMOF",
        "relationship": "property",
        "end_node": "ion_exchange_capability"
    },
    {
        "start_node": "CMOF",
        "relationship": "type",
        "end_node": "COvalent_Metal-Organic_Framework"
    }
]