[
    {
        "start_node": "COF",
        "relationship": "used_for",
        "end_node": "lithium-sulfur batteries"
    },
    {
        "start_node": "lithium-sulfur batteries",
        "relationship": "challenge",
        "end_node": "dendrite growth"
    },
    {
        "start_node": "lithium-sulfur batteries",
        "relationship": "challenge",
        "end_node": "shuttle effect"
    },
    {
        "start_node": "COFs",
        "relationship": "designed_as",
        "end_node": "ionic sieve membranes"
    },
    {
        "start_node": "COFs",
        "relationship": "controlled_by",
        "end_node": "electrostatic polarity"
    },
    {
        "start_node": "counter anions",
        "relationship": "impact_on",
        "end_node": "electrostatic polarity"
    },
    {
        "start_node": "bigger anion",
        "relationship": "effect_on",
        "end_node": "higher electrostatic polarity"
    },
    {
        "start_node": "COFs",
        "relationship": "property",
        "end_node": "one-dimensional nanochannels"
    },
    {
        "start_node": "COFs",
        "relationship": "function",
        "end_node": "suppression of polysulfide crossover"
    },
    {
        "start_node": "COFs",
        "relationship": "function",
        "end_node": "facilitation of Li+ conduction"
    },
    {
        "start_node": "COF-based ionic sieve membrane",
        "relationship": "improvement",
        "end_node": "long-cyclable"
    },
    {
        "start_node": "Li-S cell",
        "relationship": "performance",
        "end_node": "low capacity degradation"
    },
    {
        "start_node": "Li-S cell",
        "relationship": "cycling",
        "end_node": "1000 cycles at 1 C"
    }
]