[
    {
        "start_node": "COF",
        "relationship": "contain",
        "end_node": "nitrogen, oxygen-codoped hierarchically porous biochar"
    },
    {
        "start_node": "biochar",
        "relationship": "used_for",
        "end_node": "enrichment of o-xylene, hydroxyl metabolites"
    },
    {
        "start_node": "NHPBC",
        "relationship": "property",
        "end_node": "high specific surface area, heteroatoms"
    },
    {
        "start_node": "NHPBC",
        "relationship": "suitable_for",
        "end_node": "o-xylene, hydroxyl metabolites analysis"
    },
    {
        "start_node": "NHPBC-coated fiber",
        "relationship": "enhancement",
        "end_node": "enrichment factors (2384-6949)"
    }
]