[
    {
        "start_node": "Diffusion",
        "relationship": "study_in",
        "end_node": "Molecular Modeling"
    },
    {
        "start_node": "Molecular Modeling",
        "relationship": "applies_to",
        "end_node": "Organic Systems"
    },
    {
        "start_node": "Condensed Systems",
        "relationship": "type_of",
        "end_node": "Organic Systems"
    },
    {
        "start_node": "COF",
        "relationship": "contains",
        "end_node": "Organic Frameworks"
    },
    {
        "start_node": "COF",
        "relationship": "part_of",
        "end_node": "Condensed Organic Systems"
    },
    {
        "start_node": "Diffusion",
        "relationship": "in",
        "end_node": "Condensed Organic Systems"
    },
    {
        "start_node": "COF",
        "relationship": "models",
        "end_node": "Diffusion Processes"
    }
]