[
    {
        "start_node": "Photocatalysis",
        "relationship": "topic",
        "end_node": "Beyond C3N4 π-conjugated polymers"
    },
    {
        "start_node": "Beyond C3N4",
        "relationship": "is_type_of",
        "end_node": "π-conjugated metal-free polymer"
    },
    {
        "start_node": "Metal-free catalysts",
        "relationship": "promising_for",
        "end_node": "non-polluting energy production"
    },
    {
        "start_node": "Catalytic mechanisms",
        "relationship": "discussed_in",
        "end_node": "metal-free photocatalysts"
    },
    {
        "start_node": "Pi-conjugation enlargement",
        "relationship": "focus_on",
        "end_node": "design principles"
    },
    {
        "start_node": "Charge separation",
        "relationship": "component_of",
        "end_node": "design strategies"
    },
    {
        "start_node": "Electronic structures",
        "relationship": "optimized_in",
        "end_node": "polymeric photocatalysts"
    },
    {
        "start_node": "Band structures",
        "relationship": "analyzed_in",
        "end_node": "polymeric photocatalysts"
    },
    {
        "start_node": "Functional units",
        "relationship": "selected_and_constructed",
        "end_node": "polymeric photocatalysts"
    },
    {
        "start_node": "Connecting bonds",
        "relationship": "determined_by",
        "end_node": "pi-conjugated polymeric structure"
    },
    {
        "start_node": "Dimensions",
        "relationship": "influenced_by",
        "end_node": "pi-conjugated polymeric photocatalysts"
    },
    {
        "start_node": "Applications",
        "relationship": "summarized",
        "end_node": "photocatalytic chemical transformations"
    },
    {
        "start_node": "Challenges",
        "relationship": "addressed_by",
        "end_node": "strategies for catalyst development"
    }
]