[
    {
        "start_node": "COF",
        "relationship": "contain",
        "end_node": "ladder-type heteroarene"
    },
    {
        "start_node": "ladder-type heteroarene",
        "relationship": "transform",
        "end_node": "all-acceptor copolymer"
    },
    {
        "start_node": "all-acceptor copolymer",
        "relationship": "improve",
        "end_node": "efficiency"
    },
    {
        "start_node": "all-acceptor copolymer",
        "relationship": "based on",
        "end_node": "sulfide-oxidized"
    },
    {
        "start_node": "sulfide",
        "relationship": "react with",
        "end_node": "ladder-type heteroarene"
    },
    {
        "start_node": "CPs",
        "relationship": "serve as",
        "end_node": "photocatalyst"
    },
    {
        "start_node": "CPs",
        "relationship": "limit",
        "end_node": "performance"
    },
    {
        "start_node": "PBDTTTSOS",
        "relationship": "exhibit",
        "end_node": "quantum yield"
    },
    {
        "start_node": "PBDTTTSOS",
        "relationship": "achieve",
        "end_node": "hydrogen evolution rate"
    },
    {
        "start_node": "PBDTTTSOS",
        "relationship": "state",
        "end_node": "thin film"
    },
    {
        "start_node": "strategy",
        "relationship": "provide",
        "end_node": "high efficiency"
    },
    {
        "start_node": "strategy",
        "relationship": "address",
        "end_node": "applicability"
    }
]