[
    {
        "start_node": "CPN",
        "relationship": "synthesis",
        "end_node": "CPN-3"
    },
    {
        "start_node": "CPN-3",
        "relationship": "target",
        "end_node": "99TcO4-"
    },
    {
        "start_node": "CPN-3",
        "relationship": "feature",
        "end_node": "high performance"
    },
    {
        "start_node": "CPN-3",
        "relationship": "condition",
        "end_node": "strong alkaline"
    },
    {
        "start_node": "CPN-3",
        "relationship": "incorporates",
        "end_node": "branched alkyl chains"
    },
    {
        "start_node": "CPN-3",
        "relationship": "optimizes",
        "end_node": "framework anion density"
    },
    {
        "start_node": "CPN-3",
        "relationship": "stability",
        "end_node": "alkaline, radioactive"
    },
    {
        "start_node": "CPN-3",
        "relationship": "property",
        "end_node": "fast kinetics"
    },
    {
        "start_node": "CPN-3",
        "relationship": "property",
        "end_node": "high adsorption capacity"
    },
    {
        "start_node": "CPN-3",
        "relationship": "selectivity",
        "end_node": "99TcO4-, ReO4-"
    },
    {
        "start_node": "CPN-3",
        "relationship": "reusability",
        "end_node": "full"
    },
    {
        "start_node": "CPN-3",
        "relationship": "application",
        "end_node": "99TcO4-/ReO4- removal"
    },
    {
        "start_node": "CPN-3",
        "relationship": "capacity",
        "end_node": "1052 mg/g (ReO4-)"
    },
    {
        "start_node": "CPN-3",
        "relationship": "treatment",
        "end_node": "1 M NaOH aqueous solutions"
    },
    {
        "start_node": "CPN-3",
        "relationship": "removal_rate",
        "end_node": "99TcO4- (Hanford, SRS waste streams)"
    },
    {
        "start_node": "CPN-3",
        "relationship": "mechanism",
        "end_node": "alkaline stability, 99TcO4- capture"
    },
    {
        "start_node": "CPN-3",
        "relationship": "study",
        "end_node": "combined experimental, computational"
    },
    {
        "start_node": "CPN-3",
        "relationship": "application",
        "end_node": "nuclear waste management"
    }
]