[
    {
        "start_node": "COF",
        "relationship": "study",
        "end_node": "4,4'-diamino-p-terphenyl"
    },
    {
        "start_node": "4,4'-diamino-p-terphenyl",
        "relationship": "adsorption",
        "end_node": "Cu(111)"
    },
    {
        "start_node": "Cu(111)",
        "relationship": "lattice_mismatch",
        "end_node": "symmetry_breaking"
    },
    {
        "start_node": "symmetry_breaking",
        "relationship": "cause",
        "end_node": "adsorption_geometry"
    },
    {
        "start_node": "adsorption_geometry",
        "relationship": "manifestation",
        "end_node": "asymmetric_geometries"
    },
    {
        "start_node": "asymmetric_geometries",
        "relationship": "observed_by",
        "end_node": "AFM"
    },
    {
        "start_node": "AFM",
        "relationship": "method",
        "end_node": "low_temperature"
    },
    {
        "start_node": "AFM",
        "relationship": "functionalization",
        "end_node": "CO-tip"
    },
    {
        "start_node": "Au(111)",
        "relationship": "comparison",
        "end_node": "retained_symmetry"
    },
    {
        "start_node": "4,4'-diamino-p-terphenyl",
        "relationship": "adsorption",
        "end_node": "Au(111)"
    },
    {
        "start_node": "4,4'-diamino-p-terphenyl",
        "relationship": "binding_affinity_change",
        "end_node": "amine_groups"
    },
    {
        "start_node": "amine_groups",
        "relationship": "affected_by",
        "end_node": "scanning_tip"
    },
    {
        "start_node": "scanning_tip",
        "relationship": "impact",
        "end_node": "non-stationary_behavior"
    },
    {
        "start_node": "4,4'-diamino-p-terphenyl",
        "relationship": "application",
        "end_node": "self-assembly"
    },
    {
        "start_node": "self-assembly",
        "relationship": "strategy",
        "end_node": "side-preferential_attachment"
    },
    {
        "start_node": "side-preferential_attachment",
        "relationship": "used_with",
        "end_node": "2-triphenylenecarbaldehyde"
    },
    {
        "start_node": "findings",
        "relationship": "conclusion",
        "end_node": "surface-induced_dissymmetric_activation"
    },
    {
        "start_node": "surface-induced_dissymmetric_activation",
        "relationship": "route",
        "end_node": "complex_organic_macromolecules"
    }
]