[
    {
        "start_node": "COF",
        "relationship": "develop",
        "end_node": "PAF-1-SMe"
    },
    {
        "start_node": "PAF-1-SMe",
        "relationship": "property",
        "end_node": "porous aromatic framework"
    },
    {
        "start_node": "PAF-1-SMe",
        "relationship": "functionalization",
        "end_node": "thioether groups"
    },
    {
        "start_node": "PAF-1-SMe",
        "relationship": "selectivity",
        "end_node": "copper"
    },
    {
        "start_node": "PAF-1-SMe",
        "relationship": "capacity",
        "end_node": "600 mg/g"
    },
    {
        "start_node": "PAF-1-SMe",
        "relationship": "application",
        "end_node": "copper detection"
    },
    {
        "start_node": "copper",
        "relationship": "disease",
        "end_node": "Wilson's disease"
    },
    {
        "start_node": "copper",
        "relationship": "disease",
        "end_node": "Menkes disease"
    },
    {
        "start_node": "copper",
        "relationship": "disease",
        "end_node": "neurodegenerative diseases"
    },
    {
        "start_node": "PAF-1-SMe",
        "relationship": "combination",
        "end_node": "8-hydroxyquinoline"
    },
    {
        "start_node": "PAF-1-SMe",
        "relationship": "application",
        "end_node": "colorimetric indicator"
    },
    {
        "start_node": "PAF-1-SMe",
        "relationship": "use",
        "end_node": "diagnostic tool"
    }
]