[
    {
        "start_node": "COF",
        "relationship": "contain",
        "end_node": "g-C3N4-C2N"
    },
    {
        "start_node": "COF",
        "relationship": "contain",
        "end_node": "hexaazatriphenylene (HAT)"
    },
    {
        "start_node": "g-C3N4",
        "relationship": "co-planar grafting",
        "end_node": "C2N"
    },
    {
        "start_node": "g-C3N4",
        "relationship": "donor-acceptor relationship",
        "end_node": "C2N"
    },
    {
        "start_node": "g-C3N4-C2N",
        "relationship": "oxygen doping",
        "end_node": "CC-O"
    },
    {
        "start_node": "CC-O",
        "relationship": "photoconversion performance",
        "end_node": "CO2 reduction"
    },
    {
        "start_node": "CC-O0.2",
        "relationship": "photocatalytic efficiency",
        "end_node": "28.64 μmol/g h^-1"
    },
    {
        "start_node": "CC-O0.2",
        "relationship": "selectivity",
        "end_node": "99%"
    }
]