[
    {
        "start_node": "COF",
        "relationship": "contain",
        "end_node": "TZ-COF"
    },
    {
        "start_node": "COF",
        "relationship": "contain",
        "end_node": "OZ-COF"
    },
    {
        "start_node": "COF",
        "relationship": "contain",
        "end_node": "IZ-COF"
    },
    {
        "start_node": "TZ-COF",
        "relationship": "feature",
        "end_node": "donor-π}-acceptor structure"
    },
    {
        "start_node": "TZ-COF",
        "relationship": "improve",
        "end_node": "charge transfer accessibility"
    },
    {
        "start_node": "TZ-COF",
        "relationship": "reduce",
        "end_node": "photoexcited charge recombination"
    },
    {
        "start_node": "DFT calculations",
        "relationship": "support",
        "end_node": "experimental studies"
    },
    {
        "start_node": "thiazole linkage",
        "relationship": "favor",
        "end_node": "*O-2 intermediate formation"
    },
    {
        "start_node": "OZ-COF",
        "relationship": "comparison",
        "end_node": "thiazole linkage"
    },
    {
        "start_node": "IZ-COF",
        "relationship": "comparison",
        "end_node": "thiazole linkage"
    },
    {
        "start_node": "active sites",
        "relationship": "locate at",
        "end_node": "benzene ring (pyrene unit and azole linkage)"
    },
    {
        "start_node": "COFs",
        "relationship": "application",
        "end_node": "artificial H2O2 photosynthesis"
    }
]