[
    {
        "start_node": "Preparation",
        "relationship": "describes",
        "end_node": "Capillary electrochromatography"
    },
    {
        "start_node": "Capillary electrochromatography",
        "relationship": "application",
        "end_node": "enantioseparation"
    },
    {
        "start_node": "Enantioseparation",
        "relationship": "uses",
        "end_node": "capillary electrochromatography"
    },
    {
        "start_node": "Chirality",
        "relationship": "concern",
        "end_node": "pharmaceutical industry"
    },
    {
        "start_node": "Porous Organic Cages (POCs)",
        "relationship": "type",
        "end_node": "porous materials"
    },
    {
        "start_node": "POCs",
        "relationship": "different_from",
        "end_node": "zeolites, metal-organic frameworks, COFs, mesoporous silica"
    },
    {
        "start_node": "Synthesis",
        "relationship": "method",
        "end_node": "homochiral POCs"
    },
    {
        "start_node": "Homochiral POCs",
        "relationship": "feature",
        "end_node": "hydroxyl groups"
    },
    {
        "start_node": "NMR spectroscopy",
        "relationship": "used_for",
        "end_node": "characterization"
    },
    {
        "start_node": "FT-IR spectroscopy",
        "relationship": "used_for",
        "end_node": "characterization"
    },
    {
        "start_node": "XRD analysis",
        "relationship": "used_for",
        "end_node": "characterization"
    },
    {
        "start_node": "Dichloromethane",
        "relationship": "coating_material",
        "end_node": "capillary wall"
    },
    {
        "start_node": "Electrochromatography column",
        "relationship": "prepared_with",
        "end_node": "POCs"
    },
    {
        "start_node": "Joule heat",
        "relationship": "negligible",
        "end_node": "open-tubular column"
    },
    {
        "start_node": "Test compounds",
        "relationship": "include",
        "end_node": [
            "dihydroflavone",
            "praziquantel",
            "naproxen",
            "3,5-dinitro-N-(1-phenylethyl)benzamide"
        ]
    },
    {
        "start_node": "Separation conditions",
        "relationship": "optimized_for",
        "end_node": "enantiomeric resolution"
    },
    {
        "start_node": "Voltage",
        "relationship": "applied",
        "end_node": "10-20 kV"
    },
    {
        "start_node": "13 kV",
        "relationship": "recommended_for",
        "end_node": "dihydroflavones"
    },
    {
        "start_node": "12 kV",
        "relationship": "recommended_for",
        "end_node": "3,5-dinitro-N-(1-phenylethyl)benzamide"
    },
    {
        "start_node": "14 kV",
        "relationship": "recommended_for",
        "end_node": "praziquantel, naproxen"
    },
    {
        "start_node": "Buffer solution",
        "relationship": "conditions",
        "end_node": "pH 3.51"
    },
    {
        "start_node": "Resolutions",
        "relationship": "achieved",
        "end_node": [
            2.99,
            2.1,
            2.58,
            3.59
        ]
    },
    {
        "start_node": "Positional isomers",
        "relationship": "separated",
        "end_node": [
            "o,m,p-nitrophenol",
            "o,m,p-nitrophenilamine"
        ]
    },
    {
        "start_node": "POC chiral column",
        "relationship": "exhibits",
        "end_node": "good chiral recognition"
    }
]