[
    {
        "start_node": "COF",
        "relationship": "study",
        "end_node": " Templated 2D Polymer Heterojunctions"
    },
    {
        "start_node": "COF",
        "relationship": "potential应用",
        "end_node": "photocatalytic hydrogen production"
    },
    {
        "start_node": "2D polymers",
        "relationship": "as",
        "end_node": "organic photocatalysts"
    },
    {
        "start_node": "2D polymers",
        "relationship": "tunability",
        "end_node": "advantage"
    },
    {
        "start_node": "heterojunction",
        "relationship": "formed by",
        "end_node": "templating approach"
    },
    {
        "start_node": "donor polymer",
        "relationship": "combined with",
        "end_node": "acceptor polymer"
    },
    {
        "start_node": "Knoevenagel condensation",
        "relationship": "method for",
        "end_node": "acceptor polymer synthesis"
    },
    {
        "start_node": "activity",
        "relationship": "improvement in",
        "end_node": "templated heterojunction"
    },
    {
        "start_node": "rate",
        "relationship": "hydrogen evolution",
        "end_node": ">20 mmol h^(-1) m^(-2)"
    },
    {
        "start_node": "templated material",
        "relationship": "uses",
        "end_node": "ascorbic acid hole scavenger"
    },
    {
        "start_node": "templated material",
        "relationship": "uses",
        "end_node": "water and cobalt-based mediator"
    },
    {
        "start_node": "Z-scheme formation",
        "relationship": "suggested for",
        "end_node": "improved charge-separation"
    }
]