[
    {
        "start_node": "COF",
        "relationship": "application",
        "end_node": "soil"
    },
    {
        "start_node": "manure",
        "relationship": "used_in",
        "end_node": "COF"
    },
    {
        "start_node": "COF",
        "relationship": "increase",
        "end_node": "antibiotics_residues"
    },
    {
        "start_node": "COF",
        "relationship": "increase",
        "end_node": "ARGs"
    },
    {
        "start_node": "COF",
        "relationship": "increase",
        "end_node": "intI1"
    },
    {
        "start_node": "application",
        "relationship": "effect",
        "end_node": "antibiotics_dissipation"
    },
    {
        "start_node": "application",
        "relationship": "impact",
        "end_node": "ARGs_background_levels"
    },
    {
        "start_node": "repeated_application",
        "relationship": "comparison",
        "end_node": "first_application_ARGs"
    },
    {
        "start_node": "animal_manure",
        "relationship": "treatment",
        "end_node": "effective"
    },
    {
        "start_node": "animal_manure",
        "relationship": "use",
        "end_node": "agriculture_organisms"
    }
]