[
    {
        "start_node": "COF",
        "relationship": "contain",
        "end_node": "conjugated microporous polymers"
    },
    {
        "start_node": "CMPs",
        "relationship": "synthesized from",
        "end_node": "1,3,6,8-tetrabromocarbazole"
    },
    {
        "start_node": "CMPs",
        "relationship": "synthesized from",
        "end_node": "alkylated derivative"
    },
    {
        "start_node": "CMPs",
        "relationship": "properties tunable by",
        "end_node": "linker geometry"
    },
    {
        "start_node": "CMPs",
        "relationship": "properties tunable by",
        "end_node": "alkyl substitution"
    },
    {
        "start_node": "CMPs",
        "relationship": "high",
        "end_node": "isosteric heat of CO2 adsorption"
    },
    {
        "start_node": "PPTBC",
        "relationship": "property",
        "end_node": "high Brunauer Emmett Teller surface area"
    },
    {
        "start_node": "PPTBC",
        "relationship": "property",
        "end_node": "CO2 uptake ability"
    },
    {
        "start_node": "PPTBC",
        "relationship": "application",
        "end_node": "post-combustion CO2 capture"
    },
    {
        "start_node": "PPTBC",
        "relationship": "application",
        "end_node": "sequestration technology"
    }
]