[
    {
        "start_node": "COF",
        "relationship": "synthesized",
        "end_node": "Cyclophosphazene-Based Hybrid Nanoporous Materials"
    },
    {
        "start_node": "CHNMs",
        "relationship": "synthesis_method",
        "end_node": "solvothermal"
    },
    {
        "start_node": "pyrrole",
        "relationship": "reactant",
        "end_node": "CHNMs"
    },
    {
        "start_node": "phosphonitrilic chloride trimer",
        "relationship": "reactant",
        "end_node": "CHNMs"
    },
    {
        "start_node": "4-hydroxybenzaldehyde",
        "relationship": "reactant",
        "end_node": "CHNMs"
    },
    {
        "start_node": "CHNMs",
        "relationship": "property",
        "end_node": "high surface area"
    },
    {
        "start_node": "CHNMs",
        "relationship": "specific_surface_area",
        "end_node": "1328 m²/g"
    },
    {
        "start_node": "CHNMs",
        "relationship": "pore_structure",
        "end_node": "hierarchical"
    },
    {
        "start_node": "CHNMs",
        "relationship": "micropores",
        "end_node": "1.18 nm"
    },
    {
        "start_node": "CHNMs",
        "relationship": "mesopores",
        "end_node": "2.6-3.6 nm"
    },
    {
        "start_node": "CHNMs",
        "relationship": "application",
        "end_node": "metal-free adsorbent"
    },
    {
        "start_node": "CHNMs",
        "relationship": "CO_gas_sorption",
        "end_node": "22.8 wt% at 273 K and 1 bar"
    },
    {
        "start_node": "CHNMs",
        "relationship": "H2_gas_sorption",
        "end_node": "2.02 wt% at 77 K and 1 bar"
    },
    {
        "start_node": "CHNMs",
        "relationship": "advantage",
        "end_node": "energy and environmental applications"
    }
]