[
    {
        "start_node": "COF",
        "relationship": "contains",
        "end_node": "SMIL-n"
    },
    {
        "start_node": "SMIL-n",
        "relationship": "preparation",
        "end_node": "silica"
    },
    {
        "start_node": "SMIL-n",
        "relationship": "grafted_with",
        "end_node": "double poly(ionic liquid) copolymer"
    },
    {
        "start_node": "double poly(ionic liquid) copolymer",
        "relationship": "composed_of",
        "end_node": [
            "hydrophilic 1-vinyl-3-ethylimidazolium bromide",
            "hydrophobic 1-vinyl-3-octylimidazolium bromide"
        ]
    },
    {
        "start_node": "SMIL-n",
        "relationship": "adsorption_target",
        "end_node": "ReO4-"
    },
    {
        "start_node": "SMIL-n",
        "relationship": "adsorption_property",
        "end_node": "equilibrium_reached",
        "value": "45 min"
    },
    {
        "start_node": "SMIL-n",
        "relationship": "adsorption_capacity",
        "end_node": "152-171 mg/g"
    },
    {
        "start_node": "SMIL-n",
        "relationship": "adsorption_model",
        "end_node": "Langmuir model"
    },
    {
        "start_node": "SMIL-n",
        "relationship": "selectivity",
        "end_node": "ReO4-",
        "condition": "increased with hydrophobic ionic liquid content"
    },
    {
        "start_node": "SMIL-n",
        "relationship": "property",
        "end_node": [
            "reusability",
            "acid_resistance",
            "irradiation_resistance"
        ]
    },
    {
        "start_node": "SMIL-n",
        "relationship": "application",
        "end_node": "Removal of ReO4- from Beishan groundwater, radioactive wastewater"
    }
]