[
    {
        "start_node": "COF",
        "relationship": "contain",
        "end_node": "porous covalent triazine framework (CTF)"
    },
    {
        "start_node": "COF",
        "relationship": "functionality",
        "end_node": "bipyridine"
    },
    {
        "start_node": "Cu(I)",
        "relationship": "integrated with",
        "end_node": "Cu(I)@bipy-CTF"
    },
    {
        "start_node": "Cu(I)@bipy-CTF",
        "relationship": "performance",
        "end_node": "carbon capture and fixation"
    },
    {
        "start_node": "Cu(I)@bipy-CTF",
        "relationship": "product",
        "end_node": "alpha-alkylidene cyclic carbonates (alpha-aCCs)"
    },
    {
        "start_node": "Cu(I)@bipy-CTF",
        "relationship": "affinity",
        "end_node": "CO2",
        "additional_info": "interaction energy: 44.09 kJ/mol"
    },
    {
        "start_node": "Cu(I)@bipy-CTF",
        "relationship": "catalytic sites",
        "end_node": "CO2-philic nitrogen and alkynophilic Cu(I)"
    },
    {
        "start_node": "Cu(I)@bipy-CTF",
        "relationship": "application",
        "end_node": "CO2 fixation from dilute gas"
    },
    {
        "start_node": "Cu(I)@bipy-CTF",
        "relationship": "conditions",
        "end_node": "atmospheric pressure, mild"
    },
    {
        "start_node": "Cu(I)@bipy-CTF",
        "relationship": "recyclability",
        "end_node": "high"
    },
    {
        "start_node": "Cu(I)@bipy-CTF",
        "relationship": "stability",
        "end_node": "chemical, multiple cycles"
    },
    {
        "start_node": "work",
        "relationship": "represents",
        "end_node": "rare example of COF-based recyclable catalyst"
    }
]