[
    {
        "start_node": "COF",
        "relationship": "model",
        "end_node": "Two-Dimensional π-Conjugated Frameworks"
    },
    {
        "start_node": "Energy Storage",
        "relationship": "focus",
        "end_node": "Multielectron Transfer Mechanism"
    },
    {
        "start_node": "Electrochemical Storage",
        "relationship": "issue",
        "end_node": "High Energy Density Material"
    },
    {
        "start_node": "Machine Learning",
        "relationship": "dependency",
        "end_node": "Microscopic Understanding"
    },
    {
        "start_node": "2D π-Conjugated Frameworks",
        "relationship": "replacement",
        "end_node": "Polyanion/Li-rich Layered Oxides"
    },
    {
        "start_node": "Electronic Structures",
        "relationship": "tuning",
        "end_node": "2D π-Conjugated Frameworks"
    },
    {
        "start_node": "Structure-Electrochemical Reactions",
        "relationship": "investigation",
        "end_node": "Periodicity & Coordination Environment"
    },
    {
        "start_node": "Linkers",
        "relationship": "impact",
        "end_node": "Electrochemical Energy Storage Reaction"
    },
    {
        "start_node": "Metal Ions",
        "relationship": "impact",
        "end_node": "Electrochemical Energy Storage Reaction"
    },
    {
        "start_node": "Local Configurations",
        "relationship": "determinant",
        "end_node": "Energy Storage Mechanism"
    },
    {
        "start_node": "Cation-Anion Co-Redox",
        "relationship": "mechanism",
        "end_node": "2D π-Conjugated Frameworks"
    },
    {
        "start_node": "Anion-Insertion",
        "relationship": "mechanism",
        "end_node": "2D π-Conjugated Frameworks"
    },
    {
        "start_node": "Inductive Effect",
        "relationship": "feature",
        "end_node": "2D π-Conjugated Frameworks"
    },
    {
        "start_node": "Oxides",
        "relationship": "link",
        "end_node": "Practical Electrode Materials"
    },
    {
        "start_node": "Microscopic Principles",
        "relationship": "extraction",
        "end_node": "2D π-Conjugated Frameworks"
    },
    {
        "start_node": "Clean Energy Technology",
        "relationship": "accelerator",
        "end_node": "Decarbonization"
    }
]