[
    {
        "start_node": "COF",
        "relationship": "contain",
        "end_node": "Bifunctionalized Conjugated Microporous Polymer"
    },
    {
        "start_node": "BFCMP-2",
        "relationship": "is_a",
        "end_node": "COF"
    },
    {
        "start_node": "BFCMP-2",
        "relationship": "property",
        "end_node": "specific_surface_area",
        "value": "1470 m²/g"
    },
    {
        "start_node": "BFCMP-2",
        "relationship": "property",
        "end_node": "hydrogen_uptake",
        "value": "156 cm³/g"
    },
    {
        "start_node": "BFCMP-2",
        "relationship": "property",
        "end_node": "CO2_uptake_capacity",
        "value": "2.77 mmol/g"
    },
    {
        "start_node": "BFCMP-2",
        "relationship": "has_functional_group",
        "end_node": "sultone"
    },
    {
        "start_node": "BFCMP-2",
        "relationship": "has_functional_group",
        "end_node": "hydroxyl"
    },
    {
        "start_node": "BFCMP-2",
        "relationship": "CO2_affinity",
        "end_node": "enhanced"
    },
    {
        "start_node": "strategy",
        "relationship": "implies",
        "end_node": "introduction_of_strong_polar_groups"
    },
    {
        "start_node": "CO2",
        "relationship": "binds_with",
        "end_node": "BFCMP-2"
    }
]