[
    {
        "start_node": "COF",
        "relationship": "contain",
        "end_node": "COF-1"
    },
    {
        "start_node": "COF",
        "relationship": "contain",
        "end_node": "COF-2"
    },
    {
        "start_node": "COF-1",
        "relationship": "transform",
        "end_node": "S-COF-1"
    },
    {
        "start_node": "COF-2",
        "relationship": "transform",
        "end_node": "S-COF-2"
    },
    {
        "start_node": "S-COF-1",
        "relationship": "improve",
        "end_node": "lithium-sulfur batteries performance"
    },
    {
        "start_node": "S-COF-2",
        "relationship": "improve",
        "end_node": "lithium-sulfur batteries performance"
    },
    {
        "start_node": "S-COF-2",
        "relationship": "capacity",
        "end_node": "1293 mAh g^-1"
    },
    {
        "start_node": "S-COF-2",
        "relationship": "rate_performance",
        "end_node": "692 mA h g^-1 at 3C"
    },
    {
        "start_node": "S-COF-2",
        "relationship": "cycling_life",
        "end_node": "0.09% per cycle at 1C"
    },
    {
        "start_node": "inverse_vulcanization",
        "relationship": "method",
        "end_node": "S-COF-2 synthesis"
    },
    {
        "start_node": "physical_confinement",
        "relationship": "strategy",
        "end_node": "LSB performance"
    },
    {
        "start_node": "chemical_linking",
        "relationship": "synergistic",
        "end_node": "LSB performance (S-COF-2)"
    }
]