[
    {
        "start_node": "COF",
        "relationship": "contain",
        "end_node": "covalent triazine framework"
    },
    {
        "start_node": "COF",
        "relationship": "contain",
        "end_node": "pyridine CTF (CTF-Py)"
    },
    {
        "start_node": "NH2-TiO2",
        "relationship": "contain",
        "end_node": "TiO2"
    },
    {
        "start_node": "NH2-TiO2",
        "relationship": "grafted_on",
        "end_node": "CTF-Py"
    },
    {
        "start_node": "TiO2@CTF-Py",
        "relationship": "covalent_linking",
        "end_node": "inorganic semiconductor"
    },
    {
        "start_node": "TiO2@CTF-Py",
        "relationship": "covalent_linking",
        "end_node": "nitrogen-rich porous, conjugated"
    },
    {
        "start_node": "TiO2@CTF-Py",
        "relationship": "covalent_linking",
        "end_node": "coordination organic functionality"
    },
    {
        "start_node": "Co2+-modified TiO2@CTF-Py",
        "relationship": "photocatalyst_for",
        "end_node": "CO2 reduction"
    },
    {
        "start_node": "Co2+-modified TiO2@CTF-Py",
        "relationship": "reduce_to",
        "end_node": "CO"
    },
    {
        "start_node": "CO2 reduction",
        "relationship": "uses_water_as",
        "end_node": "electron Donor"
    },
    {
        "start_node": "CO2 reduction",
        "relationship": "selectivity",
        "end_node": "high"
    },
    {
        "start_node": "semiconductors",
        "relationship": "covalent_connection_with",
        "end_node": "NNN coordination group"
    }
]