[
    {
        "start_node": "humidity",
        "relationship": "effect_on",
        "end_node": "sliding friction"
    },
    {
        "start_node": "humidity",
        "relationship": "impact_on",
        "end_node": "friction coefficients"
    },
    {
        "start_node": "static COF",
        "relationship": "affected_by",
        "end_node": "humidity exposure time"
    },
    {
        "start_node": "humidity",
        "relationship": "cause_of_increase",
        "end_node": "static COF"
    },
    {
        "start_node": "dynamic COF",
        "relationship": "affected_by",
        "end_node": "humidity exposure time"
    },
    {
        "start_node": "humidity",
        "relationship": "cause_of_increase",
        "end_node": "dynamic COF"
    },
    {
        "start_node": "humidity",
        "relationship": "increase_in",
        "end_node": "adhesion"
    },
    {
        "start_node": "pressure",
        "relationship": "effect_on",
        "end_node": "static COF (dry air)"
    },
    {
        "start_node": "pressure",
        "relationship": "effect_on",
        "end_node": "kinetic COF (dry air)"
    },
    {
        "start_node": "humidity",
        "relationship": "no_effect_on",
        "end_node": "pressure (high humidity)"
    },
    {
        "start_node": "humidity",
        "relationship": "increase_in",
        "end_node": "stick-slip amplitude"
    },
    {
        "start_node": "humidity",
        "relationship": "cause_of",
        "end_node": "friction instability at slow speeds"
    },
    {
        "start_node": "creep groan",
        "relationship": "observed_at",
        "end_node": "humid weather"
    }
]