[
    {
        "start_node": "COF",
        "relationship": "occur_in",
        "end_node": "Maxillo-Mandibular"
    },
    {
        "start_node": "Maxillo-Mandibular",
        "relationship": "contain",
        "end_node": "Cemento-ossifying Fibroma"
    },
    {
        "start_node": "Cemento-ossifying Fibroma",
        "relationship": "type_of",
        "end_node": "benign fibro osseous lesion"
    },
    {
        "start_node": "jaw",
        "relationship": "location",
        "end_node": "Cemento-ossifying Fibroma"
    },
    {
        "start_node": "mandible",
        "relationship": "majority_location",
        "end_node": "Cemento-ossifying Fibroma"
    },
    {
        "start_node": "maxillary sinus",
        "relationship": "rare_location",
        "end_node": "Cemento-ossifying Fibroma"
    },
    {
        "start_node": "bilateral COFs",
        "relationship": "case_report",
        "end_node": "maxilla_and_mandible"
    },
    {
        "start_node": "recurrence_rate",
        "relationship": "low",
        "end_node": "Cemento-ossifying Fibroma"
    },
    {
        "start_node": "treatment",
        "relationship": "common",
        "end_node": "enucleation"
    },
    {
        "start_node": "present_case",
        "relationship": "uncommon",
        "end_node": "maxilla_and_mandible_COF"
    },
    {
        "start_node": "previous_case",
        "relationship": "reference",
        "end_node": "Takeda_Fujioka_1987"
    }
]