[
    {
        "start_node": "Graphene",
        "relationship": "used_in",
        "end_node": "Membrane"
    },
    {
        "start_node": "Membrane",
        "relationship": "improvement_for",
        "end_node": "Water Desalination"
    },
    {
        "start_node": "2D Frameworks",
        "relationship": "include",
        "end_node": "Graphene"
    },
    {
        "start_node": "Population Growth",
        "relationship": "causes",
        "end_node": "Water Complications"
    },
    {
        "start_node": "Climate Variation",
        "relationship": "consequence_of",
        "end_node": "Population Growth, Industrial Expansion"
    },
    {
        "start_node": "Global Water Shortage",
        "relationship": "problematic",
        "end_node": "Climate Variation"
    },
    {
        "start_node": "Traditional Polymeric Membranes",
        "relationship": "compared_to",
        "end_node": "Graphene-Based Membranes"
    },
    {
        "start_node": "Membrane Fouling",
        "relationship": "discussed_in",
        "end_node": "Review"
    },
    {
        "start_node": "Separation Mechanisms",
        "relationship": "explained_in",
        "end_node": "Review"
    },
    {
        "start_node": "2D Materials",
        "relationship": "used_as",
        "end_node": "Building Blocks (Membrane)"
    },
    {
        "start_node": "Prospects",
        "relationship": "related_to",
        "end_node": "2D-Enabled Membranes"
    },
    {
        "start_node": "Selectivity Improvement",
        "relationship": "requirement",
        "end_node": "Long-Term Setup"
    },
    {
        "start_node": "Water Permeability Optimization",
        "relationship": "requirement",
        "end_node": "Long-Term Setup"
    },
    {
        "start_node": "Layer-by-Layer Spacing",
        "relationship": "design_strategy",
        "end_node": "Membrane Sturdiness"
    },
    {
        "start_node": "Pore Size Optimization",
        "relationship": "design_strategy",
        "end_node": "Membrane Consistency"
    },
    {
        "start_node": "Current Research Growth",
        "relationship": "summarized",
        "end_node": "2D Materials (Desalination)"
    },
    {
        "start_node": "Future Research Directions",
        "relationship": "proposed",
        "end_node": "Membrane-Based Desalination"
    }
]