[
    {
        "start_node": "COF",
        "relationship": "contain",
        "end_node": "imidazolium"
    },
    {
        "start_node": "imidazolium",
        "relationship": "part_of",
        "end_node": "COF"
    },
    {
        "start_node": "COF",
        "relationship": "catalyst",
        "end_node": "organocatalyst"
    },
    {
        "start_node": "organocatalyst",
        "relationship": "active_in",
        "end_node": "carbene-catalyzed umpolung reaction"
    },
    {
        "start_node": "solid-state NMR",
        "relationship": "used_for",
        "end_node": "structural integrity"
    },
    {
        "start_node": "XPS experiments",
        "relationship": "used_for",
        "end_node": "structural integrity"
    }
]