[
    {
        "start_node": "COF",
        "relationship": "contain",
        "end_node": "Porous Organic/Inorganic Polymers"
    },
    {
        "start_node": "Porous Organic/Inorganic Polymers",
        "relationship": "based_on",
        "end_node": "Double-Deckers Silsesquioxane"
    },
    {
        "start_node": "TPE-DDSQ POIP",
        "relationship": "material",
        "end_node": "Porous Organic Inorganic Polymer"
    },
    {
        "start_node": "Car-DDSQ POIP",
        "relationship": "material",
        "end_node": "Porous Organic Inorganic Polymer"
    },
    {
        "start_node": "TPE-DDSQ POIP",
        "relationship": "prepared_by",
        "end_node": "Sonogashira-Hagihara Coupling Reaction"
    },
    {
        "start_node": "Sonogashira-Hagihara Coupling Reaction",
        "relationship": "uses",
        "end_node": "TPE-T"
    },
    {
        "start_node": "TPE-T",
        "relationship": "reactant",
        "end_node": "1,1,2,2-tetrakis(4-ethynylphenyl)ethene"
    },
    {
        "start_node": "Car-DDSQ POIP",
        "relationship": "prepared_by",
        "end_node": "Sonogashira-Hagihara Coupling Reaction"
    },
    {
        "start_node": "Sonogashira-Hagihara Coupling Reaction",
        "relationship": "uses",
        "end_node": "Car-T"
    },
    {
        "start_node": "Car-T",
        "relationship": "reactant",
        "end_node": "3,3',6,6'-tetraethynyl-9,9'-bicarbazole"
    },
    {
        "start_node": "TPE-DDSQ POIP",
        "relationship": "property",
        "end_node": "thermal_stability"
    },
    {
        "start_node": "Car-DDSQ POIP",
        "relationship": "property",
        "end_node": "high_thermal_degradation_temperature"
    },
    {
        "start_node": "Car-DDSQ POIP",
        "relationship": "property",
        "end_node": "char_yield"
    },
    {
        "start_node": "TPE-DDSQ POIP",
        "relationship": "specific_capacitance",
        "end_node": "22 F g^(-1)"
    },
    {
        "start_node": "Car-DDSQ POIP",
        "relationship": "specific_capacitance",
        "end_node": "23 F g^(-1)"
    },
    {
        "start_node": "TPE-DDSQ POIP",
        "relationship": "electrochemical_test",
        "end_node": "3-electrode_with_KOH_solution"
    },
    {
        "start_node": "Car-DDSQ POIP",
        "relationship": "electrochemical_test",
        "end_node": "3-electrode_with_KOH_solution"
    },
    {
        "start_node": "TPE-DDSQ POIP",
        "relationship": "capacitance_retention",
        "end_node": "93%"
    },
    {
        "start_node": "TPE-DDSQ POIP",
        "relationship": "cycle_test",
        "end_node": "2000 galvanostatic charge-discharge cycles"
    }
]