[
    {
        "start_node": "TI",
        "relationship": "discusses",
        "end_node": "Interface-Assisted Synthesis"
    },
    {
        "start_node": "Interface-Assisted Synthesis",
        "relationship": "includes",
        "end_node": "2D Materials"
    },
    {
        "start_node": "2D Materials",
        "relationship": "consists_of",
        "end_node": "graphene"
    },
    {
        "start_node": "2DMs",
        "relationship": "synthesis_strategies",
        "end_node": "exfoliation"
    },
    {
        "start_node": "2DMs",
        "relationship": "synthesis_strategies",
        "end_node": "chemical vapor deposition"
    },
    {
        "start_node": "2DMs",
        "relationship": "synthesis_strategies",
        "end_node": "solution synthesis"
    },
    {
        "start_node": "interfacial roles",
        "relationship": "affects",
        "end_node": "controlled synthesis"
    },
    {
        "start_node": "interfaces",
        "relationship": "facilitates",
        "end_node": "2DM synthesis"
    },
    {
        "start_node": "inorganic 2DMs",
        "relationship": "classified_by",
        "end_node": "interfacial synthesis"
    },
    {
        "start_node": "organic 2DMs",
        "relationship": "classified_by",
        "end_node": "interfacial synthesis"
    },
    {
        "start_node": "emerging organic 2DMs",
        "relationship": "emphasizes",
        "end_node": "structural control"
    },
    {
        "start_node": "challenges",
        "relationship": "addressed_in",
        "end_node": "interface-assisted synthesis"
    },
    {
        "start_node": "future development",
        "relationship": "prospect_for",
        "end_node": "diverse structural and functional control"
    }
]