[
    {
        "start_node": "COF",
        "relationship": "developed_from",
        "end_node": "acylhydrazone gel"
    },
    {
        "start_node": "acylhydrazone gel",
        "relationship": "stable_under",
        "end_node": "various_conditions"
    },
    {
        "start_node": "acylhydrazone gel",
        "relationship": "reversible_adsorption",
        "end_node": "Cu2+"
    },
    {
        "start_node": "acylhydrazone gel",
        "relationship": "versatile_adsorbent_for",
        "end_node": "organic_contaminants"
    },
    {
        "start_node": "acylhydrazone gel",
        "relationship": "adsorbent_for",
        "end_node": "dyes (rhodamine_B, methyl_orange)"
    },
    {
        "start_node": "acylhydrazone gel",
        "relationship": "adsorbent_for",
        "end_node": "amines (aniline, p-chloroaniline, 4-methylaniline, p-aminobenzoic_acid)"
    },
    {
        "start_node": "acylhydrazone gel",
        "relationship": "adsorbent_for",
        "end_node": "phenols (phenol, 1-naphthol, p-methylphenol, bisphenol_A)"
    },
    {
        "start_node": "acylhydrazone gel",
        "relationship": "adsorbent_for",
        "end_node": "metal_ions (Cu2+, Cr3+, Hg2+)"
    },
    {
        "start_node": "acylhydrazone gel",
        "relationship": "maximum_adsorption_capacity",
        "end_node": "107.5_mg_g^-1 (Cu2+)"
    },
    {
        "start_node": "acylhydrazone gel",
        "relationship": "equilibrium_adsorption_time",
        "end_node": "30_min"
    },
    {
        "start_node": "acylhydrazone gel",
        "relationship": "regenerable",
        "end_node": "yes"
    },
    {
        "start_node": "acylhydrazone gel",
        "relationship": "repeated_use",
        "end_node": "efficiently"
    }
]