[
    {
        "start_node": "COF",
        "relationship": "functionalization",
        "end_node": "NH2-MIL-101(Fe)"
    },
    {
        "start_node": "NH2-MIL-101(Fe)",
        "relationship": "covalent_bonding",
        "end_node": "GO"
    },
    {
        "start_node": "NH2-MIL-101(Fe)",
        "relationship": "synthesis",
        "end_node": "NH2-MIL-101(Fe)-GO"
    },
    {
        "start_node": "NH2-MIL-101(Fe)-GO",
        "relationship": "morphology_analysis",
        "end_node": "SEM"
    },
    {
        "start_node": "NH2-MIL-101(Fe)-GO",
        "relationship": "structure_analysis",
        "end_node": "TEM"
    },
    {
        "start_node": "NH2-MIL-101(Fe)-GO",
        "relationship": "spectroscopy",
        "end_node": "UV-vis"
    },
    {
        "start_node": "NH2-MIL-101(Fe)-GO",
        "relationship": "analysis",
        "end_node": "FTIR"
    },
    {
        "start_node": "NH2-MIL-101(Fe)-GO",
        "relationship": "spectroscopy",
        "end_node": "XPS"
    },
    {
        "start_node": "NH2-MIL-101(Fe)-GO",
        "relationship": "crystal_structure",
        "end_node": "XRD"
    },
    {
        "start_node": "NH2-MIL-101(Fe)-GO",
        "relationship": "spectroscopy",
        "end_node": "Raman"
    },
    {
        "start_node": "NH2-MIL-101(Fe)-GO",
        "relationship": "electrode",
        "end_node": "electrochemically_reduced"
    },
    {
        "start_node": "electrochemically_reduced_NH2-MIL-101(Fe)-GO",
        "relationship": "stability",
        "end_node": "ultrastable"
    },
    {
        "start_node": "electrochemically_reduced_NH2-MIL-101(Fe)-GO",
        "relationship": "sensitivity",
        "end_node": "high"
    },
    {
        "start_node": "electrochemically_reduced_NH2-MIL-101(Fe)-GO",
        "relationship": "target",
        "end_node": "purine_metabolites"
    },
    {
        "start_node": "purine_metabolites",
        "relationship": "derivative",
        "end_node": "uric_acid"
    },
    {
        "start_node": "purine_metabolites",
        "relationship": "derivative",
        "end_node": "xanthine"
    },
    {
        "start_node": "purine_metabolites",
        "relationship": "derivative",
        "end_node": "hypoxanthine"
    },
    {
        "start_node": "electrochemically_reduced_NH2-MIL-101(Fe)-GO",
        "relationship": "performance",
        "end_node": "no_signal_fading"
    }
]