[
    {
        "start_node": "COF",
        "relationship": "synthesized_by",
        "end_node": "Meso-macroporous Polymer"
    },
    {
        "start_node": "Meso-macroporous Polymer",
        "relationship": "synthesis_method",
        "end_node": "aqueous and template-free"
    },
    {
        "start_node": "Meso-macroporous Polymer",
        "relationship": "contains_functionality",
        "end_node": "nitrogen"
    },
    {
        "start_node": "1-(4-vinylbenzyl)-1,3,5,7-tetraazaadamantan-1-ium chloride",
        "relationship": "reactant",
        "end_node": "Meso-macroporous Polymer"
    },
    {
        "start_node": "hexamethylenetetramine",
        "relationship": "decomposition_product",
        "end_node": "Meso-macroporous Polymer"
    },
    {
        "start_node": "hexamethylenetetramine",
        "relationship": "forms",
        "end_node": "ammonia"
    },
    {
        "start_node": "hexamethylenetetramine",
        "relationship": "forms",
        "end_node": "formaldehyde"
    },
    {
        "start_node": "Meso-macroporous Polymer",
        "relationship": "meso-macroporosity",
        "end_node": "structure"
    },
    {
        "start_node": "Meso-macroporous Polymer",
        "relationship": "CO2_capacity",
        "end_node": "0.37-1.58 mmolg^-1"
    },
    {
        "start_node": "Meso-macroporous Polymer",
        "relationship": "selectivity",
        "end_node": "155-324"
    },
    {
        "start_node": "Meso-macroporous Polymer",
        "relationship": "catalytic_activity",
        "end_node": "cycloaddition of propylene oxide with CO2"
    },
    {
        "start_node": "Meso-macroporous Polymer",
        "relationship": "catalyst",
        "end_node": "metal ions"
    }
]