[
    {
        "start_node": "COF",
        "relationship": "synthesized_by",
        "end_node": "In2S3@HLZU-1"
    },
    {
        "start_node": "In2S3@HLZU-1",
        "relationship": "characterized_as",
        "end_node": "hyper-crosslinked photocatalyst"
    },
    {
        "start_node": "LZU-1",
        "relationship": "improved_by",
        "end_node": "molecular expansion",
        "attributes": {
            "increase_in_surface_area": "11.3 times",
            "increase_in_pore_volume": "3.6 times"
        }
    },
    {
        "start_node": "In2S3@HLZU-1",
        "relationship": "photocatalytic_performance",
        "end_node": "degrades_TC_solution",
        "attributes": {
            "percentage_degradation": "90%",
            "time": "1 h",
            "solution": "50 ml, 40 ppm TC"
        }
    },
    {
        "start_node": "In2S3@HLZU-1",
        "relationship": "max_hydrogen_production",
        "end_node": "11,920.42 μmol/g/h"
    },
    {
        "start_node": "In2S3@HLZU-1",
        "relationship": "features",
        "end_node": "band_structure_matching",
        "attributes": "hole-electron_separation"
    },
    {
        "start_node": "In2S3@HLZU-1",
        "relationship": "features",
        "end_node": "hyper-crosslinking",
        "attributes": "photo-absorption, photocatalytic_properties"
    },
    {
        "start_node": "mechanism",
        "relationship": "proposed",
        "end_node": "Z-type photocatalytic"
    },
    {
        "start_node": "In2S3@HLZU-1",
        "relationship": "used_for",
        "end_node": "environmental_energy_fields"
    },
    {
        "start_node": "strategy",
        "relationship": "developed",
        "end_node": "molecular_expansion_for_COFs"
    }
]