[
    {
        "start_node": "Environmental Atmosphere",
        "relationship": "impact_on",
        "end_node": "Lubrication Performance"
    },
    {
        "start_node": "Gallium-based Liquid Metal",
        "relationship": "used_for",
        "end_node": "Lubrication"
    },
    {
        "start_node": "Lubricated Bearing Steel",
        "relationship": "material",
        "end_node": "Friction Pair"
    },
    {
        "start_node": "Nitrogen",
        "relationship": "comparison_with",
        "end_node": "Anaerobic Environments"
    },
    {
        "start_node": "Air",
        "relationship": "comparison_with",
        "end_node": "Aerobic Environments"
    },
    {
        "start_node": "Oxygen",
        "relationship": "comparison_with",
        "end_node": "Aerobic Environments"
    },
    {
        "start_node": "Coefficient of Friction (COF)",
        "relationship": "affected_by",
        "end_node": "Environment"
    },
    {
        "start_node": "Wear Rate",
        "relationship": "affected_by",
        "end_node": "Environment"
    },
    {
        "start_node": "Humidity",
        "relationship": "effect_on",
        "end_node": "Wear Rates/COFs (air)"
    },
    {
        "start_node": "Rotation Speed",
        "relationship": "effect_on",
        "end_node": "COFs (initial few minutes, air)"
    },
    {
        "start_node": "GBLM",
        "relationship": "transition_to",
        "end_node": "Paste (aerobic) due to oxidation"
    },
    {
        "start_node": "Oxidized GBLM",
        "relationship": "adhesion_to",
        "end_node": "Metal Surfaces"
    },
    {
        "start_node": "Working Environments",
        "relationship": "importance_to",
        "end_node": "Lubrication with GBLM"
    }
]