[
    {
        "start_node": "COF",
        "relationship": "type_of",
        "end_node": "Ionic COFs"
    },
    {
        "start_node": "Ionic COFs",
        "relationship": "property",
        "end_node": "stable frameworks"
    },
    {
        "start_node": "Ionic COFs",
        "relationship": "property",
        "end_node": "high surface area"
    },
    {
        "start_node": "Ionic COFs",
        "relationship": "property",
        "end_node": "controllable pore environments"
    },
    {
        "start_node": "Ionic COFs",
        "relationship": "property",
        "end_node": "well-defined catalytic sites"
    },
    {
        "start_node": "Ionic COFs",
        "relationship": "application",
        "end_node": "ion extraction"
    },
    {
        "start_node": "Ionic COFs",
        "relationship": "application",
        "end_node": "electro/photo catalysis"
    },
    {
        "start_node": "cationic/anionic materials",
        "relationship": "related_to",
        "end_node": "Ionic COFs"
    },
    {
        "start_node": "mechanisms of adsorption",
        "relationship": "part_of",
        "end_node": "Ionic COFs"
    },
    {
        "start_node": "mechanisms of catalysis",
        "relationship": "part_of",
        "end_node": "Ionic COFs"
    },
    {
        "start_node": "future development",
        "relationship": "discussed_in",
        "end_node": "Ionic COFs"
    },
    {
        "start_node": "design strategies",
        "relationship": "future_development",
        "end_node": "Ionic COFs"
    },
    {
        "start_node": "catalysis and adsorption",
        "relationship": "field",
        "end_node": "Ionic COFs"
    },
    {
        "start_node": "ionic structures",
        "relationship": "influence_on",
        "end_node": "properties"
    }
]