[
    {
        "start_node": "HOF",
        "relationship": "contain",
        "end_node": "HOF-FJU-46"
    },
    {
        "start_node": "HOF-FJU-46",
        "relationship": "property",
        "end_node": "microporous"
    },
    {
        "start_node": "HOF-FJU-46",
        "relationship": "constructed_from",
        "end_node": "hydrogen-bonding tetramers"
    },
    {
        "start_node": "HOF-FJU-46",
        "relationship": "structure",
        "end_node": "4-fold interpenetrated diamond networks"
    },
    {
        "start_node": "HOF-FJU-46",
        "relationship": "stability",
        "end_node": "excellent chemical and thermal"
    },
    {
        "start_node": "HOF-FJU-46",
        "relationship": "gas_separation",
        "end_node": "Xe/Kr separation"
    },
    {
        "start_node": "HOF-FJU-46",
        "relationship": "Xe_uptake",
        "end_node": "2.51 mmol g^-1"
    },
    {
        "start_node": "HOF-FJU-46",
        "relationship": "selectivity",
        "end_node": "19.9 (Xe/Kr)"
    },
    {
        "start_node": "HOF-FJU-46",
        "relationship": "productivity",
        "end_node": "110 mL g^-1 (Kr)"
    },
    {
        "start_node": "HOF-FJU-46",
        "relationship": "recyclability",
        "end_node": "good"
    },
    {
        "start_node": "HOF-FJU-46",
        "relationship": "crystal_structure",
        "end_node": "single crystal X-ray diffraction"
    },
    {
        "start_node": "HOF-FJU-46",
        "relationship": "molecular_interactions",
        "end_node": "C-H & sdot;& sdot;& sdot;Xe"
    },
    {
        "start_node": "HOF-FJU-46",
        "relationship": "building_block",
        "end_node": "tetrakis(4-(1H-pyrazol-4-yl) phenyl) silane"
    },
    {
        "start_node": "HOF-FJU-46",
        "relationship": "comparison",
        "end_node": "highest Xe uptake and IAST selectivity"
    }
]