[
    {
        "start_node": "HOF",
        "relationship": "contain",
        "end_node": "HOF-21"
    },
    {
        "start_node": "HOF-21",
        "relationship": "property",
        "end_node": "permanent porosity"
    },
    {
        "start_node": "HOF-21",
        "relationship": "property",
        "end_node": "selective separation (C2H2/C2H4)"
    },
    {
        "start_node": "HOF-21",
        "relationship": "attribute",
        "end_node": "microporous"
    },
    {
        "start_node": "HOF-21",
        "relationship": "bond_type",
        "end_node": "coordination bonds"
    },
    {
        "start_node": "HOF-21",
        "relationship": "bond_type",
        "end_node": "hydrogen bonds"
    },
    {
        "start_node": "HOF-21",
        "relationship": "functionality",
        "end_node": "SiF62- interaction"
    },
    {
        "start_node": "HOF-21",
        "relationship": "restoration",
        "end_node": "water or salt solution"
    },
    {
        "start_node": "HOF-21",
        "relationship": "stability",
        "end_node": "extraordinary water stability"
    },
    {
        "start_node": "HOF-21",
        "relationship": "application",
        "end_node": "industrial usage"
    }
]