[
    {
        "start_node": "HOF",
        "relationship": "contain",
        "end_node": "horseradish peroxidase (HRP)"
    },
    {
        "start_node": "HRP",
        "relationship": "encapsulated_in",
        "end_node": "HOF@HRP nanocomposites"
    },
    {
        "start_node": "HOF@HRP nanocomposites",
        "relationship": "property",
        "end_node": "ultrahigh protein content"
    },
    {
        "start_node": "HOF@HRP nanocomposites",
        "relationship": "catalytic_activity",
        "end_node": "comparable to free enzyme"
    },
    {
        "start_node": "HOF",
        "relationship": "protective_shield",
        "end_node": "enzymes"
    },
    {
        "start_node": "HOF@HRP",
        "relationship": "application",
        "end_node": "dual-modal enzyme-linked immunosorbent assay"
    },
    {
        "start_node": "HOF@HRP biosensor",
        "relationship": "used_for",
        "end_node": "prostate-specific antigen detection"
    },
    {
        "start_node": "HOF@HRP biosensor",
        "relationship": "property",
        "end_node": "good linear range, excellent sensitivity, and selectivity"
    },
    {
        "start_node": "HOF@HRP biosensor",
        "relationship": "field",
        "end_node": "diagnostic medicine"
    }
]