[
    {
        "start_node": "NTO Sensing",
        "relationship": "study",
        "end_node": "Fluorescence Quenching"
    },
    {
        "start_node": "Pyoverdine",
        "relationship": "isolated_from",
        "end_node": "Pseudomonas sp."
    },
    {
        "start_node": "PVD",
        "relationship": "used_for",
        "end_node": "nitrotriazolone (NTO) sensor"
    },
    {
        "start_node": "NTO",
        "relationship": "detected_by",
        "end_node": "PVD"
    },
    {
        "start_node": "limit_of_detection",
        "relationship": "estimated",
        "end_node": "12 nM"
    },
    {
        "start_node": "fluorescence intensity",
        "relationship": "versus",
        "end_node": "NTO concentration"
    },
    {
        "start_node": "time delay fluorescence spectroscopy",
        "relationship": "measured_for",
        "end_node": "PVD-NTO solution"
    },
    {
        "start_node": "in silico absorption",
        "relationship": "analysis",
        "end_node": "emission peak"
    },
    {
        "start_node": "quenching mechanism",
        "relationship": "includes",
        "end_node": "dynamic and static quenching"
    },
    {
        "start_node": "static quenching",
        "relationship": "dominant_over",
        "end_node": "dynamic quenching"
    },
    {
        "start_node": "static quenching",
        "relationship": "attributed_to",
        "end_node": "ground-state complex formation"
    }
]