[
    {
        "start_node": "TI",
        "relationship": "discusses",
        "end_node": "Energy-Structure-Function Maps"
    },
    {
        "start_node": "Energy-Structure-Function Maps",
        "relationship": "approach",
        "end_node": "structural design"
    },
    {
        "start_node": "Metal-Organic Frameworks",
        "relationship": "example",
        "end_node": "ESF Maps"
    },
    {
        "start_node": "Molecular crystals",
        "relationship": "contrast",
        "end_node": "Metal-Organic Frameworks"
    },
    {
        "start_node": "Molecular crystals",
        "relationship": "defined by",
        "end_node": "intermolecular forces"
    },
    {
        "start_node": "Molecular solids",
        "relationship": "empirical rules",
        "end_node": "less reliable"
    },
    {
        "start_node": "Energy-Structure-Function maps",
        "relationship": "discovery tool",
        "end_node": "functional organic crystals"
    },
    {
        "start_node": "Recent discovery",
        "relationship": "example",
        "end_node": "porous molecular crystal"
    },
    {
        "start_node": "Porous molecular crystal",
        "relationship": "properties",
        "end_node": "high methane deliverable capacity"
    },
    {
        "start_node": "Porous molecular crystal",
        "relationship": "properties",
        "end_node": "lowest density"
    },
    {
        "start_node": "Density",
        "relationship": "value",
        "end_node": "0.41 g/cm³"
    },
    {
        "start_node": "Surface Area (BET)",
        "relationship": "value",
        "end_node": "3425 m²/g"
    },
    {
        "start_node": "ESF maps",
        "relationship": "future opportunities",
        "end_node": "design strategy"
    },
    {
        "start_node": "ESF maps",
        "relationship": "challenges",
        "end_node": "computed maps"
    }
]