[
    {
        "start_node": "Zinc-coordinated",
        "relationship": "synthesized",
        "end_node": "MOFs complexes"
    },
    {
        "start_node": "MOFs complexes",
        "relationship": "regulated",
        "end_node": "hydrogen bonds"
    },
    {
        "start_node": "MOFs complexes",
        "relationship": "synthesis",
        "end_node": "1, 2"
    },
    {
        "start_node": "1",
        "relationship": "compound",
        "end_node": "Zn(apc)(2)·H2O"
    },
    {
        "start_node": "2",
        "relationship": "compound",
        "end_node": "Zn(apc)(2)(H2O)2"
    },
    {
        "start_node": "1",
        "relationship": "characterized by",
        "end_node": "SC-XRD, EA, IR, TG"
    },
    {
        "start_node": "1",
        "relationship": "structure",
        "end_node": "pillared-layer framework, {8(3)}(2){8(6)}"
    },
    {
        "start_node": "2",
        "relationship": "structure",
        "end_node": "3D framework, hydrogen bonds"
    },
    {
        "start_node": "2",
        "relationship": "super unit",
        "end_node": "Zn(apc)(2)(H2O)(2)"
    },
    {
        "start_node": "1, 2",
        "relationship": "luminescent properties",
        "end_node": "discussed"
    }
]