[
    {
        "start_node": "Zinc Coordination Polymer",
        "relationship": "synthesized",
        "end_node": "1"
    },
    {
        "start_node": "Zn(CH3COO)(2)(INH)",
        "relationship": "contains",
        "end_node": "INH (isonicotinic acid hydrazid)"
    },
    {
        "start_node": "1",
        "relationship": "structure",
        "end_node": "2D infinite layer framework"
    },
    {
        "start_node": "1",
        "relationship": "connects_by",
        "end_node": "hydrogen bonds"
    },
    {
        "start_node": "1",
        "relationship": "crystalline",
        "end_node": "monoclinic P2(1)/c"
    },
    {
        "start_node": "2",
        "relationship": "synthesized",
        "end_node": "2"
    },
    {
        "start_node": "Zn(CH3COO)(2)(2-APy)",
        "relationship": "contains",
        "end_node": "2-APy (2-aminopyridine)"
    },
    {
        "start_node": "2",
        "relationship": "structure",
        "end_node": "1D zig-zag chain"
    },
    {
        "start_node": "2",
        "relationship": "crystalline",
        "end_node": "triclinic P (1) over bar"
    },
    {
        "start_node": "polymers",
        "relationship": "luminescent_properties",
        "end_node": "room temperature"
    },
    {
        "start_node": "1",
        "relationship": "CCDC",
        "end_node": "870030"
    },
    {
        "start_node": "2",
        "relationship": "CCDC",
        "end_node": "1524913"
    }
]