[
    {
        "start_node": "Cucurbit[8]uril",
        "relationship": "used_in",
        "end_node": "Supramolecular Framework"
    },
    {
        "start_node": "Supramolecular Framework",
        "relationship": "contains",
        "end_node": "Q[8]-(4-AP)"
    },
    {
        "start_node": "Q[8]-(4-AP)",
        "relationship": "capable_of",
        "end_node": "iodine_capture"
    },
    {
        "start_node": "Q[8]-(4-AP)",
        "relationship": "adsorption_capacity",
        "end_node": "1.74 g/g"
    },
    {
        "start_node": "Iodine",
        "relationship": "adsorbed_by",
        "end_node": "Q[8]-(4-AP)"
    },
    {
        "start_node": "Q[8]-(4-AP)",
        "relationship": "removes_from",
        "end_node": "organic_solution",
        "end_node_value": "95%"
    },
    {
        "start_node": "Q[8]-(4-AP)",
        "relationship": "removes_from",
        "end_node": "aqueous_solution",
        "end_node_value": "91%"
    },
    {
        "start_node": "I2@Q[8]-(4-AP)",
        "relationship": "has_structure",
        "end_node": "single_crystal"
    },
    {
        "start_node": "I2@Q[8]-(4-AP)",
        "relationship": "hydrogen_bonds",
        "end_node": "iodine_molecule"
    },
    {
        "start_node": "self-assembly",
        "relationship": "property",
        "end_node": "reusability"
    },
    {
        "start_node": "self-assembly_material",
        "relationship": "iodine_capture",
        "end_node": "high_reusability"
    },
    {
        "start_node": "Cucurbit[8]uril",
        "relationship": "application",
        "end_node": "nuclear_waste_reprocessing"
    },
    {
        "start_node": "Cucurbit[8]uril",
        "relationship": "application",
        "end_node": "environmental_industries"
    },
    {
        "start_node": "Supramolecular Framework",
        "relationship": "impact_on",
        "end_node": "safe_management",
        "end_node_value": "iodine"
    }
]