[
    {
        "start_node": "Synthesis",
        "relationship": "describes",
        "end_node": "Coordination polymers"
    },
    {
        "start_node": "Structure",
        "relationship": "part_of",
        "end_node": "Coordination polymers"
    },
    {
        "start_node": "Photocatalytic properties",
        "relationship": "evaluates",
        "end_node": "Coordination polymers"
    },
    {
        "start_node": "Compound 1",
        "relationship": "is",
        "end_node": "Coordination polymer"
    },
    {
        "start_node": "Compound 2",
        "relationship": "is",
        "end_node": "Coordination polymer"
    },
    {
        "start_node": "Compound 3",
        "relationship": "has_structure",
        "end_node": "Supramolecular"
    },
    {
        "start_node": "hpcH(3)",
        "relationship": "ligand_in",
        "end_node": "Compounds 1, 2, 3"
    },
    {
        "start_node": "Coordination mode",
        "relationship": "varies_in",
        "end_node": "hpcH(3)"
    },
    {
        "start_node": "Proton loss",
        "relationship": "occurs_in",
        "end_node": "Compounds 1, 2"
    },
    {
        "start_node": "Proton loss",
        "relationship": "occurs_in",
        "end_node": "Compound 3"
    },
    {
        "start_node": "Photocatalytic activity",
        "relationship": "tested_on",
        "end_node": "Methylene blue (MB)"
    },
    {
        "start_node": "Compound 2",
        "relationship": "photocatalytic_efficiency",
        "end_node": "96.7% (90 min)"
    },
    {
        "start_node": "Photodegradation mechanism",
        "relationship": "analyzed_for",
        "end_node": "CPs 1-2"
    },
    {
        "start_node": "Trapping experiment",
        "relationship": "used_to",
        "end_node": "Investigation"
    },
    {
        "start_node": "Theoretical calculations",
        "relationship": "involved_in",
        "end_node": "Photocatalytic mechanism"
    }
]