[
    {
        "start_node": "HOF",
        "relationship": "contain",
        "end_node": "Hexanuclear Lanthanide(III) Cocrystal Complex"
    },
    {
        "start_node": "HOF",
        "relationship": "contain",
        "end_node": "Syntheses"
    },
    {
        "start_node": "Syntheses",
        "relationship": "describe",
        "end_node": "Two complexes [Dy(1) and Tb(2)]"
    },
    {
        "start_node": "HOF",
        "relationship": "contain",
        "end_node": "Structures"
    },
    {
        "start_node": "Structures",
        "relationship": "belong_to",
        "end_node": "Triclinic system (P1̅)"
    },
    {
        "start_node": "HOF",
        "relationship": "contain",
        "end_node": "Magnetic Properties"
    },
    {
        "start_node": "Compound 1",
        "relationship": "display",
        "end_node": "Slow relaxation of magnetism"
    }
]