[
    {
        "start_node": "H3L",
        "relationship": "used_for",
        "end_node": "coordination polymers"
    },
    {
        "start_node": "Co salts",
        "relationship": "reaction_with",
        "end_node": "complex_1"
    },
    {
        "start_node": "Ni salts",
        "relationship": "reaction_with",
        "end_node": "complex_3"
    },
    {
        "start_node": "Mn salts",
        "relationship": "reaction_with",
        "end_node": "complex_4"
    },
    {
        "start_node": "complex_1",
        "relationship": "structure",
        "end_node": "3D diamondoid framework"
    },
    {
        "start_node": "complex_2",
        "relationship": "structure",
        "end_node": "2D layered, stacked 3D"
    },
    {
        "start_node": "complex_3",
        "relationship": "structure",
        "end_node": "3D interconnected layers"
    },
    {
        "start_node": "complex_4",
        "relationship": "structure",
        "end_node": "3D Mn-3(mu(3)-OH) cluster"
    },
    {
        "start_node": "H3L",
        "relationship": "building_block",
        "end_node": "metal-organic frameworks"
    },
    {
        "start_node": "complex_1-4",
        "relationship": "thermogravimetric_properties",
        "end_node": "investigated"
    },
    {
        "start_node": "complex_4",
        "relationship": "magnetic_properties",
        "end_node": "studied"
    }
]