[
    {
        "start_node": "Syntheses",
        "relationship": "describes",
        "end_node": "Coordination Polymer 1"
    },
    {
        "start_node": "Crystal Structures",
        "relationship": "part_of",
        "end_node": "Coordination Polymer 1"
    },
    {
        "start_node": "NBO Calculation",
        "relationship": "analyzed",
        "end_node": "Coordination Polymer 1"
    },
    {
        "start_node": "Complex 1",
        "relationship": "is",
        "end_node": "Zn(II)/Co(II) coordination polymer"
    },
    {
        "start_node": "Complex 2",
        "relationship": "is",
        "end_node": "Zn(II)/Co(II) coordination polymer"
    },
    {
        "start_node": "Preparation",
        "relationship": "method",
        "end_node": "Coordination Polymer 1 and 2"
    },
    {
        "start_node": "Hydrothermal Conditions",
        "relationship": "used_for",
        "end_node": "Coordination Polymer 1 and 2"
    },
    {
        "start_node": "Single-crystal X-ray diffraction",
        "relationship": "determined",
        "end_node": "Structures"
    },
    {
        "start_node": "Elemental Analysis",
        "relationship": "confirmed",
        "end_node": "Coordination Polymers"
    },
    {
        "start_node": "IR Spectra",
        "relationship": "characterized",
        "end_node": "Coordination Polymers"
    },
    {
        "start_node": "TG Analysis",
        "relationship": "confirmed",
        "end_node": "Coordination Polymers"
    },
    {
        "start_node": "Solid-state Luminescent Property",
        "relationship": "tested",
        "end_node": "Coordination Polymer 1"
    },
    {
        "start_node": "Photoluminescence Properties",
        "relationship": "observed",
        "end_node": "Coordination Polymer 1"
    },
    {
        "start_node": "Sensing Property",
        "relationship": "examined",
        "end_node": "Coordination Polymer 1"
    },
    {
        "start_node": "Quantum-chemical Calculations",
        "relationship": "performed",
        "end_node": "Complex 1",
        "end_node_details": {
            "method": "PBE0/LANL2DZ",
            "program": "Gaussian 16"
        }
    },
    {
        "start_node": "Molecular Fragments",
        "relationship": "extracted",
        "end_node": "Complex 1"
    }
]