[
    {
        "start_node": "MFC@Mn-NH2-UiO-66@IL",
        "relationship": "used_for",
        "end_node": "removal_of_MB"
    },
    {
        "start_node": "adsorption",
        "relationship": "technique",
        "end_node": "wastewater_treatment"
    },
    {
        "start_node": "Fenton_catalysis",
        "relationship": "technique",
        "end_node": "wastewater_treatment"
    },
    {
        "start_node": "Zr-MOF",
        "relationship": "contains",
        "end_node": "Mn-doped_magnetic_hierarchical_porousity"
    },
    {
        "start_node": "MFC@Mn-NH2-UiO-66@IL",
        "relationship": "property",
        "end_node": "laminar_and_porous"
    },
    {
        "start_node": "BMIMI[PF6]",
        "relationship": "interaction_with",
        "end_node": "MB",
        "description": "electrostatic_interactions, hydrogen_bonds, pi-pi_stacking_interactions"
    },
    {
        "start_node": "H2O2",
        "relationship": "decomposed_in",
        "end_node": "Zr-MOF_and_Fe3O4_system"
    },
    {
        "start_node": "Zr-MOF",
        "relationship": "catalytic_role",
        "end_node": "electron_transfer"
    },
    {
        "start_node": "MFC@Mn-NH2-UiO-66@IL",
        "relationship": "adsorption_capacity",
        "end_node": "high"
    },
    {
        "start_node": "MB_solution",
        "relationship": "treated_with",
        "end_node": "MFC@Mn-NH2-UiO-66@IL"
    },
    {
        "start_node": "MFC@Mn-NH2-UiO-66@IL",
        "relationship": "removal_efficiency",
        "end_node": "98%",
        "timeframe": "90_min"
    }
]