[
    {
        "start_node": "HOF",
        "relationship": "contain",
        "end_node": "tri-layer structure"
    },
    {
        "start_node": "tri-layer structure",
        "relationship": "consist_of",
        "end_node": "heptacobaltate clusters"
    },
    {
        "start_node": "heptacobaltate clusters",
        "relationship": "contain",
        "end_node": "single cobalt centers"
    },
    {
        "start_node": "single cobalt centers",
        "relationship": "bridged_by",
        "end_node": "5-tert-butyl isophthalate"
    },
    {
        "start_node": "compound",
        "relationship": "have",
        "end_node": "2D tri-layer compound"
    },
    {
        "start_node": "2D tri-layer compound",
        "relationship": "formula",
        "end_node": "[Co-8(tbip)(6)(H2O)(9)(OH)(4)]·12(H2O)"
    },
    {
        "start_node": "complex",
        "relationship": "represent",
        "end_node": "homometallic coordination polymer"
    },
    {
        "start_node": "homometallic coordination polymer",
        "relationship": "built_from",
        "end_node": "heptanuclear metal clusters, single metal centers"
    },
    {
        "start_node": "complex",
        "relationship": "exhibit",
        "end_node": "antiferromagnetic coupling"
    },
    {
        "start_node": "magnetic investigation",
        "relationship": "reveal",
        "end_node": "antiferromagnetic coupling"
    }
]