[
    {
        "start_node": "synthesis",
        "relationship": "result",
        "end_node": "Coordination polymers"
    },
    {
        "start_node": "complexes",
        "relationship": "consist_of",
        "end_node": "[Cu(BDC-I-4)(MeOH)(4)](H2BDC-I-4)(MeOH)(2) (1)"
    },
    {
        "start_node": "complexes",
        "relationship": "consist_of",
        "end_node": "[Cu(BDC-I-4)(dioxane)(MeOH)(2)] (2)"
    },
    {
        "start_node": "ligand",
        "relationship": "used_in",
        "end_node": "2,3,5,6-tetraiodo-1,4-benzenedicarboxylic acid (H2BDC-I-4)"
    },
    {
        "start_node": "complex_1_structure",
        "relationship": "has_structure",
        "end_node": "1-D linear"
    },
    {
        "start_node": "complex_1_structure",
        "relationship": "forms",
        "end_node": "2-D layer"
    },
    {
        "start_node": "complex_2_structure",
        "relationship": "has_structure",
        "end_node": "1-D zigzag"
    },
    {
        "start_node": "complex_2_structure",
        "relationship": "extends_to",
        "end_node": "2-D supramolecular network"
    },
    {
        "start_node": "Cu-II_in_complex_1",
        "relationship": "coordination_sphere",
        "end_node": "distorted octahedral (CuO6)"
    },
    {
        "start_node": "Cu-II_in_complex_2",
        "relationship": "coordination_sphere",
        "end_node": "nearly ideal square-pyramidal (CuO5)"
    },
    {
        "start_node": "solvent_effect",
        "relationship": "impacts",
        "end_node": "coordination architecture"
    },
    {
        "start_node": "properties",
        "relationship": "investigated",
        "end_node": "luminescent properties"
    },
    {
        "start_node": "H2BDC-I-4",
        "relationship": "has_property",
        "end_node": "solid state luminescence"
    }
]