[
    {
        "start_node": "Synthesis",
        "relationship": "describes",
        "end_node": "Coordination Polymer"
    },
    {
        "start_node": "Crystal Structure",
        "relationship": "part_of",
        "end_node": "Coordination Polymer"
    },
    {
        "start_node": "Cobalt II",
        "relationship": "contains",
        "end_node": "1D Polymer"
    },
    {
        "start_node": "1D Coordination Polymer",
        "relationship": "name",
        "end_node": "[CoCl2(bbbm)(2)](n) . DMF(n)"
    },
    {
        "start_node": "bbbm",
        "relationship": "ligand",
        "end_node": "Coordination Polymer"
    },
    {
        "start_node": "Coordination Mode",
        "relationship": "coordination",
        "end_node": "bis-monodentate"
    },
    {
        "start_node": "Triclinic System",
        "relationship": "crystal_system",
        "end_node": "Structure"
    },
    {
        "start_node": "Space Group",
        "relationship": "belongs_to",
        "end_node": "P1"
    },
    {
        "start_node": "Unit Cell Parameters",
        "relationship": "includes",
        "end_node": "a, b, c, alpha, beta, gamma, V, Z"
    },
    {
        "start_node": "Cobalt Geometry",
        "relationship": "geometry",
        "end_node": "tetrahedral"
    },
    {
        "start_node": "Hydrogen Bonding",
        "relationship": "forms",
        "end_node": "CH . Cl"
    },
    {
        "start_node": "2D Supramolecular Motif",
        "relationship": "results_from",
        "end_node": "Hydrogen Bonding"
    },
    {
        "start_node": "Catalytic Properties",
        "relationship": "investigated",
        "end_node": "Degradation of Congo Red"
    },
    {
        "start_node": "Congo Red",
        "relationship": "catalyzed_by",
        "end_node": "Complex 1"
    },
    {
        "start_node": "Fenton-like Process",
        "relationship": "used_in",
        "end_node": "Catalytic Properties"
    },
    {
        "start_node": "Sodium Persulfate",
        "relationship": "oxidant",
        "end_node": "Fenton-like Process"
    }
]