[
    {
        "start_node": "N-doped Carbon",
        "relationship": "prepared_from",
        "end_node": "HPDV"
    },
    {
        "start_node": "N-doped Carbon",
        "relationship": "prepared_from",
        "end_node": "HPDN"
    },
    {
        "start_node": "HPDV",
        "relationship": "carbonization_process",
        "end_node": "KOH activation"
    },
    {
        "start_node": "HPDN",
        "relationship": "carbonization_process",
        "end_node": "KOH activation"
    },
    {
        "start_node": "Carbonization Temperature",
        "relationship": "effect_on",
        "end_node": "porosity"
    },
    {
        "start_node": "KOH Dosage",
        "relationship": "effect_on",
        "end_node": "chemical_structure"
    },
    {
        "start_node": "N-doped Microporous Carbon",
        "properties": {
            "microporosity": "80.00-90.00%"
        },
        "relationship": "type_of",
        "end_node": "HPDV Carbon"
    },
    {
        "start_node": "N-doped Microporous Carbon",
        "properties": {
            "microporosity": "80.00-90.00%"
        },
        "relationship": "type_of",
        "end_node": "HPDN Carbon"
    },
    {
        "start_node": "HPDV Carbon",
        "relationship": "CO2_capture",
        "end_node": "3.93-6.56 mmol/g"
    },
    {
        "start_node": "HPDN Carbon",
        "relationship": "CO2_capture",
        "end_node": "3.93-6.56 mmol/g"
    },
    {
        "start_node": "HPDV Carbon",
        "relationship": "selectivity",
        "end_node": "21.5-39.7"
    },
    {
        "start_node": "HPDN Carbon",
        "relationship": "selectivity",
        "end_node": "21.5-39.7"
    },
    {
        "start_node": "HPDV Carbon",
        "relationship": "isosteric_heat_of_adsorption",
        "end_node": "20.3-41.8 kJ/mol"
    },
    {
        "start_node": "HPDN Carbon",
        "relationship": "isosteric_heat_of_adsorption",
        "end_node": "20.3-41.8 kJ/mol"
    },
    {
        "start_node": "DFT Calculation",
        "relationship": "indicated",
        "end_node": "adsorption_energy_improvement"
    },
    {
        "start_node": "N-functional_groups",
        "relationship": "improvement_in",
        "end_node": "CO2_uptake"
    },
    {
        "start_node": "Ultramicropores (V-ultra d < 0.8 nm)",
        "relationship": "key_role_in",
        "end_node": "CO2_capture"
    }
]