[
    {
        "start_node": "Monoclinic",
        "relationship": "sphere_packing",
        "end_node": "P2/c"
    },
    {
        "start_node": "Monoclinic",
        "relationship": "sphere_packing",
        "end_node": "P2_1/c"
    },
    {
        "start_node": "Trivariant lattice complex",
        "relationship": "belong_to",
        "end_node": "Monoclinic"
    },
    {
        "start_node": "Homogeneous sphere packings",
        "relationship": "derived_from",
        "end_node": "Trivariant lattice complex"
    },
    {
        "start_node": "55 types",
        "relationship": "found",
        "end_node": "sphere_packings"
    },
    {
        "start_node": "Maximal inherent symmetry",
        "relationship": "monoclinic",
        "end_node": "17 types"
    },
    {
        "start_node": "Cubic",
        "relationship": "symmetry_type",
        "end_node": "four cases"
    },
    {
        "start_node": "Hexagonal",
        "relationship": "symmetry_type",
        "end_node": "six cases"
    },
    {
        "start_node": "Tetragonal",
        "relationship": "symmetry_type",
        "end_node": "eight cases"
    },
    {
        "start_node": "Orthorhombic",
        "relationship": "symmetry_type",
        "end_node": "20 cases"
    }
]