[
    {
        "start_node": "HOF",
        "relationship": "contain",
        "end_node": "Effects of auxiliary ligands"
    },
    {
        "start_node": "Effects of auxiliary ligands",
        "relationship": "study",
        "end_node": "synthesis"
    },
    {
        "start_node": "synthesis",
        "relationship": "result",
        "end_node": "complexes"
    },
    {
        "start_node": "complexes",
        "relationship": "include",
        "end_node": "[Co(L)(2)(SCN)(2)] (1)"
    },
    {
        "start_node": "complexes",
        "relationship": "include",
        "end_node": "[Co(2)(L)(4)(μ-N(3))(2)](ClO(4))(2)(H(2)O)(1.5) (2)"
    },
    {
        "start_node": "complexes",
        "relationship": "include",
        "end_node": "[Ni(L)(3)](ClO(4))(2)-(CH(3)OH)(2) (3)"
    },
    {
        "start_node": "[Co(L)(2)(SCN)(2)] (1)",
        "relationship": "crystallize",
        "end_node": "monoclinic system"
    },
    {
        "start_node": "[Co(2)(L)(4)(μ-N(3))(2)](ClO(4))(2)(H(2)O)(1.5) (2)",
        "relationship": "crystallize",
        "end_node": "monoclinic system"
    },
    {
        "start_node": "[Ni(L)(3)](ClO(4))(2)-(CH(3)OH)(2) (3)",
        "relationship": "crystallize",
        "end_node": "monoclinic system"
    },
    {
        "start_node": "[Co(L)(2)(SCN)(2)] (1)",
        "relationship": "coordination",
        "end_node": "distorted octahedral"
    },
    {
        "start_node": "[Co(2)(L)(4)(μ-N(3))(2)](ClO(4))(2)(H(2)O)(1.5) (2)",
        "relationship": "coordination",
        "end_node": "binuclear"
    },
    {
        "start_node": "[Ni(L)(3)](ClO(4))(2)-(CH(3)OH)(2) (3)",
        "relationship": "coordination",
        "end_node": "distorted octahedral"
    },
    {
        "start_node": "complexes",
        "relationship": "analyze",
        "end_node": "X-ray"
    },
    {
        "start_node": "X-ray",
        "relationship": "analyze",
        "end_node": "crystal structures"
    },
    {
        "start_node": "complexes",
        "relationship": "analyze",
        "end_node": "properties"
    },
    {
        "start_node": "electronic absorption spectra",
        "relationship": "discuss",
        "end_node": "title compounds"
    },
    {
        "start_node": "Effects of auxiliary ligands",
        "relationship": "study",
        "end_node": "structures and properties"
    }
]