[
    {
        "start_node": "Porous",
        "relationship": "contain",
        "end_node": "Dipeptide Crystals"
    },
    {
        "start_node": "Dipeptide Crystals",
        "relationship": "absorb",
        "end_node": "Volatile Fluorinated Ethers"
    },
    {
        "start_node": "Volatile Fluorinated Ethers",
        "relationship": "used as",
        "end_node": "Anesthetics"
    },
    {
        "start_node": "Anesthetics",
        "relationship": "reduce",
        "end_node": "Vapor Pressure"
    },
    {
        "start_node": "Dipeptide Crystals",
        "relationship": "show",
        "end_node": "Selective Sorption"
    },
    {
        "start_node": "Narrowest Pores",
        "relationship": "pressure threshold",
        "end_node": "Observed"
    },
    {
        "start_node": "H-1",
        "relationship": "NMR technique",
        "end_node": "Analysis"
    },
    {
        "start_node": "C-13",
        "relationship": "NMR technique",
        "end_node": "Analysis"
    },
    {
        "start_node": "F-19",
        "relationship": "NMR technique",
        "end_node": "Analysis"
    },
    {
        "start_node": "Conformations",
        "relationship": "analyzed by",
        "end_node": "Ab initio"
    },
    {
        "start_node": "Grand Canonical Monte Carlo Simulations",
        "relationship": "simulate",
        "end_node": "Guest Loading"
    },
    {
        "start_node": "Nanochannels",
        "relationship": "host",
        "end_node": "Anesthetics"
    },
    {
        "start_node": "Anesthetics",
        "relationship": "accommodate in",
        "end_node": "Biochemical Receptors"
    }
]