[
    {
        "start_node": "HOF",
        "relationship": "contain",
        "end_node": "Three Two-Folded Interpenetrating 3D Metal-Organic Frameworks"
    },
    {
        "start_node": "HOF",
        "relationship": "consist_of",
        "end_node": "coordination polymers"
    },
    {
        "start_node": "coordination polymers",
        "relationship": "have",
        "end_node": "[M(ip-OH)(Bimb)(0.5)](n)"
    },
    {
        "start_node": "HOF",
        "relationship": "feature",
        "end_node": "dinuclear metal units"
    },
    {
        "start_node": "dinuclear metal units",
        "relationship": "in",
        "end_node": "1-3"
    },
    {
        "start_node": "HOF",
        "relationship": "synthesized_by",
        "end_node": "hydrothermal reactions"
    },
    {
        "start_node": "HOF",
        "relationship": "use",
        "end_node": "H(2)ip-OH, Bimb, and MCl2"
    },
    {
        "start_node": "HOF",
        "relationship": "with",
        "end_node": "base"
    },
    {
        "start_node": "1-3",
        "relationship": "have_structure",
        "end_node": "single-crystal X-ray diffraction studies"
    },
    {
        "start_node": "1-3",
        "relationship": "form",
        "end_node": "[M(ip-OH)](n) layers"
    },
    {
        "start_node": "1-3",
        "relationship": "interpenetrate_with",
        "end_node": "Bimb"
    },
    {
        "start_node": "1-3",
        "relationship": "generate",
        "end_node": "3D alpha-Po networks"
    },
    {
        "start_node": "Bimb",
        "relationship": "conformation",
        "end_node": "gauche-antigauche"
    },
    {
        "start_node": "1-3",
        "relationship": "attribute",
        "end_node": "large void, hydrogen bonds"
    },
    {
        "start_node": "HOF",
        "relationship": "display",
        "end_node": "two-folded interpenetrating architectures"
    },
    {
        "start_node": "HOF",
        "relationship": "have_separated",
        "end_node": "secondary building units"
    },
    {
        "start_node": "1-3",
        "relationship": "magnetic_data_fit_to",
        "end_node": "dimeric modes"
    },
    {
        "start_node": "1-3",
        "relationship": "indicate",
        "end_node": "antiferromagnetic exchange"
    }
]