[
    {
        "start_node": "HOF",
        "relationship": "contain",
        "end_node": "Exceptional Superbasicity"
    },
    {
        "start_node": "HOF",
        "relationship": "study",
        "end_node": "Computational"
    },
    {
        "start_node": "Proton Sponge",
        "relationship": "feature",
        "end_node": "Bis(guanidine) bis(secododecahedrane)"
    },
    {
        "start_node": "Skeleton",
        "relationship": "type",
        "end_node": "bis(secododecahedrane)"
    },
    {
        "start_node": "Nitrogen Lone Pairs",
        "relationship": "proximity",
        "end_node": "close"
    },
    {
        "start_node": "Rigidity",
        "relationship": "guarantees",
        "end_node": "Acid/Base Properties"
    },
    {
        "start_node": "Amine Functionalization",
        "relationship": "increases",
        "end_node": "Basicity"
    },
    {
        "start_node": "DFT Computation",
        "relationship": "predicts",
        "end_node": "High Basicity"
    },
    {
        "start_node": "Proton Affinity",
        "relationship": "value",
        "end_node": "288.7 kcal/mol"
    },
    {
        "start_node": "Gas Phase Basicity",
        "relationship": "value",
        "end_node": "284.3 kcal/mol"
    },
    {
        "start_node": "Acetonitrile PA",
        "relationship": "value",
        "end_node": "319.4 kcal/mol"
    },
    {
        "start_node": "pK(a)",
        "relationship": "estimate",
        "end_node": "38.5"
    },
    {
        "start_node": "Substitution",
        "relationship": "effect",
        "end_node": "Increased PA"
    },
    {
        "start_node": "pK(a)",
        "relationship": "increase",
        "end_node": "46"
    }
]