[
    {
        "start_node": "Crystal",
        "relationship": "structure",
        "end_node": "bis-(propane-1,3-diaminium) hexa-fluorido-aluminate di-aqua-tetra-fluorido-aluminate tetra-hydrate"
    },
    {
        "start_node": "Title compound",
        "relationship": "contains",
        "end_node": "C3H12N2"
    },
    {
        "start_node": "Title compound",
        "relationship": "contains",
        "end_node": "[AlF6]"
    },
    {
        "start_node": "Title compound",
        "relationship": "contains",
        "end_node": "[AlF4(H2O)2]"
    },
    {
        "start_node": "Title compound",
        "relationship": "contains",
        "end_node": "4H2O"
    },
    {
        "start_node": "Method",
        "relationship": "uses",
        "end_node": "solvothermal"
    },
    {
        "start_node": "Method",
        "relationship": "uses",
        "end_node": "ethanol"
    },
    {
        "start_node": "Method",
        "relationship": "uses",
        "end_node": "aluminium hydroxide"
    },
    {
        "start_node": "Method",
        "relationship": "uses",
        "end_node": "HF"
    },
    {
        "start_node": "Method",
        "relationship": "uses",
        "end_node": "1,3-di-amino-propane"
    },
    {
        "start_node": "Propane-1,3-diaminium dicat-ion",
        "relationship": "type_of",
        "end_node": "[AlF6](3-)"
    },
    {
        "start_node": "Propane-1,3-diaminium dicat-ion",
        "relationship": "type_of",
        "end_node": "[AlF4(H2O)2](-)"
    },
    {
        "start_node": "Water molecules",
        "relationship": "part_of",
        "end_node": "special position (mm)"
    },
    {
        "start_node": "Disordered water molecule",
        "relationship": "disordered_in",
        "end_node": "mirror plane"
    },
    {
        "start_node": "Hydrogen bonds",
        "relationship": "forms",
        "end_node": "N-H⋯F"
    },
    {
        "start_node": "Hydrogen bonds",
        "relationship": "forms",
        "end_node": "O-H⋯F"
    },
    {
        "start_node": "Three-dimensional framework",
        "relationship": "created_by",
        "end_node": "cations and anions"
    },
    {
        "start_node": "Water molecules",
        "relationship": "fills",
        "end_node": "voids"
    },
    {
        "start_node": "Water molecules",
        "relationship": "forms",
        "end_node": "O-H⋯O hydrogen bonds"
    },
    {
        "start_node": "Packing",
        "relationship": "consolidated_by",
        "end_node": "O-H⋯O hydrogen bonds"
    }
]