[
    {
        "start_node": "HOF",
        "relationship": "contain",
        "end_node": "Ag(I) complexes"
    },
    {
        "start_node": "Ag(I) complexes",
        "relationship": "constructed_by",
        "end_node": "unsymmetrical bent-shaped ligand"
    },
    {
        "start_node": "ligand",
        "relationship": "name",
        "end_node": "2-(pyridine-4-ylthio)pyrazine"
    },
    {
        "start_node": "complexes",
        "relationship": "synthesis",
        "end_node": "single crystal X-ray diffraction"
    },
    {
        "start_node": "complexes",
        "relationship": "synthesis",
        "end_node": "FT-IR spectra"
    },
    {
        "start_node": "complexes",
        "relationship": "synthesis",
        "end_node": "elemental analyses"
    },
    {
        "start_node": "complexes",
        "relationship": "variants",
        "end_node": "[Ag(2-pTp)(2)]·ClO4 (1)"
    },
    {
        "start_node": "complexes",
        "relationship": "variants",
        "end_node": "[[Ag-2(2-PTP)(2)(CF3CO2)(2)]·(H2O)](∞) (2)"
    },
    {
        "start_node": "complexes",
        "relationship": "variants",
        "end_node": "[[Ag(2-PTP)(NO2)]](∞) (3)"
    },
    {
        "start_node": "complexes",
        "relationship": "variants",
        "end_node": "[[Ag-3(2-PTP)(2)(CF3SO3)(2)]·CF3SO3·H2O](∞) (4)"
    },
    {
        "start_node": "complexes",
        "relationship": "variants",
        "end_node": "[[Ag-2(2-PTP)(2)(SO4)]·9H2O](∞) (5)"
    },
    {
        "start_node": "complexes",
        "relationship": "coordination_mode",
        "end_node": "versatile"
    },
    {
        "start_node": "complexes",
        "relationship": "interactions",
        "end_node": "weak interactions"
    },
    {
        "start_node": "interactions",
        "relationship": "type",
        "end_node": "hydrogen bonding"
    },
    {
        "start_node": "interactions",
        "relationship": "type",
        "end_node": "π···π interactions"
    },
    {
        "start_node": "complexes",
        "relationship": "structural_diversity",
        "end_node": "anion influence"
    }
]