[
    {
        "start_node": "HOF",
        "relationship": "contain",
        "end_node": "Adenine nucleobase directed supramolecular architectures"
    },
    {
        "start_node": "Compound",
        "relationship": "form",
        "end_node": "[Cu-7(mu-adeninato)(6)(mu(3)-OH)(6)(mu-H2O)(6)](2+)"
    },
    {
        "start_node": "Supramolecular architecture",
        "relationship": "based on",
        "end_node": "ferrimagnetic heptanuclear copper(II) entities"
    },
    {
        "start_node": "Organic anions",
        "relationship": "selected as",
        "end_node": "pi-stacking intercalators"
    },
    {
        "start_node": "Benzoate anion",
        "relationship": "interaction with",
        "end_node": "heptameric entities"
    },
    {
        "start_node": "Terephthalate anion",
        "relationship": "interaction with",
        "end_node": "adeninato ligands"
    },
    {
        "start_node": "Structure",
        "relationship": "features",
        "end_node": "porous open"
    },
    {
        "start_node": "Interactions",
        "relationship": "type",
        "end_node": "pi-stacking, hydrogen bonding"
    },
    {
        "start_node": "Magnetic properties",
        "relationship": "state",
        "end_node": "S-T = 5/2 ferrimagnetic"
    },
    {
        "start_node": "Water adsorption/desorption",
        "relationship": "ability",
        "end_node": "reversible, 20 degrees C"
    },
    {
        "start_node": "Crystalline structure",
        "relationship": "expansion/shrinkage",
        "end_node": "temperature-dependent"
    }
]