[
    {
        "start_node": "Synthesis",
        "relationship": "describes",
        "end_node": "Structures"
    },
    {
        "start_node": "Three compounds",
        "relationship": "are",
        "end_node": "1-aminoethylidenediphosphonate"
    },
    {
        "start_node": "M(phen)(AEDPH(3))(2)·4H2O",
        "relationship": "is",
        "end_node": "1 (Zn)"
    },
    {
        "start_node": "M(phen)(AEDPH(3))(2)·4H2O",
        "relationship": "is",
        "end_node": "2 (Ni)"
    },
    {
        "start_node": "Cu(phen)(AEDPH(3))(2)·H2O",
        "relationship": "is",
        "end_node": "4"
    },
    {
        "start_node": "previously reported",
        "relationship": "includes",
        "end_node": "Co(phen)(AEDPH(3))(2)·4H2O (3)"
    },
    {
        "start_node": "Cu(2,2'-bipy)(H2O)(HEDPH2)·2H2O",
        "relationship": "is",
        "end_node": "5"
    },
    {
        "start_node": "Cu(phen)(H2O)(HEDPH2)·2H2O",
        "relationship": "is",
        "end_node": "6"
    },
    {
        "start_node": "synthesized",
        "relationship": "at",
        "end_node": "80 degrees C"
    },
    {
        "start_node": "1, 2, and 3",
        "relationship": "are isomorphous with",
        "end_node": "three-dimensional (3D) structure"
    },
    {
        "start_node": "hydrogen bonds",
        "relationship": "and",
        "end_node": "pi-pi stacking interactions"
    },
    {
        "start_node": "Compound 4",
        "relationship": "differs from others",
        "end_node": "five-coordinate Cu2+"
    },
    {
        "start_node": "AEDPH4 vs HEDPH4",
        "relationship": "difference in",
        "end_node": "deprotonated degree"
    },
    {
        "start_node": "coordination models",
        "relationship": "compare",
        "end_node": "copper(II) diphosphonates"
    },
    {
        "start_node": "Elsevier B.V.",
        "relationship": "published_by",
        "end_node": "(C) 2007"
    }
]