[
    {
        "start_node": "Synthesis",
        "relationship": "describes",
        "end_node": "new Cd(II) complex"
    },
    {
        "start_node": "Crystal Structure",
        "relationship": "characterizes",
        "end_node": "[Cd-2(mip)(2)(1,3-btp)(H2O)(2)](n)"
    },
    {
        "start_node": "Luminescence Properties",
        "relationship": "investigated",
        "end_node": "title complex"
    },
    {
        "start_node": "HOF",
        "relationship": "contain",
        "end_node": "Cd(II) complex"
    },
    {
        "start_node": "Elemental Analysis",
        "relationship": "used_to_verify",
        "end_node": "crystal structure"
    },
    {
        "start_node": "IR Spectroscopy",
        "relationship": "confirmed",
        "end_node": "structural features"
    },
    {
        "start_node": "Single Crystal X-ray Diffraction",
        "relationship": "determined",
        "end_node": "crystal system, space group, and parameters"
    },
    {
        "start_node": "Triclinic System",
        "relationship": "crystal_system",
        "end_node": "complex"
    },
    {
        "start_node": "P (1) over bar space group",
        "relationship": "space_group",
        "end_node": "complex"
    },
    {
        "start_node": "Coordination Geometry",
        "relationship": "formed_by",
        "end_node": "dinuclear Cd(II) units"
    },
    {
        "start_node": "1D Chain",
        "relationship": "bridged_by",
        "end_node": "mip(2-) ligands"
    },
    {
        "start_node": "2D Layer",
        "relationship": "formed_by",
        "end_node": "1D chains and 1,3-btp co-ligands"
    },
    {
        "start_node": "Weak Hydrogen Bonding",
        "relationship": "connects",
        "end_node": "2D double layers"
    },
    {
        "start_node": "Thermal Behavior",
        "relationship": "studied",
        "end_node": "title complex"
    }
]