[
    {
        "start_node": "HOF",
        "relationship": "contain",
        "end_node": "Three Hybrid Organic-Inorganic Assemblies"
    },
    {
        "start_node": "assembly",
        "relationship": "belong_to",
        "end_node": "HOF"
    },
    {
        "start_node": "1",
        "relationship": "is",
        "end_node": "assembly"
    },
    {
        "start_node": "2",
        "relationship": "is",
        "end_node": "assembly"
    },
    {
        "start_node": "3",
        "relationship": "is",
        "end_node": "assembly"
    },
    {
        "start_node": "As6CuMo6O30",
        "relationship": "cluster_in",
        "end_node": "1"
    },
    {
        "start_node": "[Cu(imi)(4)]",
        "relationship": "complex_bridge",
        "end_node": "1"
    },
    {
        "start_node": "As3Mo3O15",
        "relationship": "cluster_in",
        "end_node": "2"
    },
    {
        "start_node": "[Cu(enMe)(2)]",
        "relationship": "complex_bridge",
        "end_node": "2"
    },
    {
        "start_node": "[AsMo6O21(OAc)(3)]",
        "relationship": "functionalized_polanion_in",
        "end_node": "3"
    },
    {
        "start_node": "[Cu(H2O)(4)][AsMo6O21(OAc)(3)]",
        "relationship": "dimeric_polanion",
        "end_node": "3"
    },
    {
        "start_node": "2D framework",
        "relationship": "topology_of",
        "end_node": "1"
    },
    {
        "start_node": "honeycomb framework",
        "relationship": "topology_of",
        "end_node": "2"
    },
    {
        "start_node": "3D supramolecular structure",
        "relationship": "topology_of",
        "end_node": "3"
    },
    {
        "start_node": "intense emission",
        "relationship": "property",
        "end_node": "1"
    },
    {
        "start_node": "399 nm",
        "relationship": "emission_wavelength",
        "end_node": "1"
    },
    {
        "start_node": "photofunctional material",
        "relationship": "potential_application",
        "end_node": "1"
    }
]