[
    {
        "start_node": "Bioinspired",
        "relationship": "related_to",
        "end_node": "Suprahelical Frameworks"
    },
    {
        "start_node": "Suprahelical Frameworks",
        "relationship": "serve_as",
        "end_node": "Scaffolds"
    },
    {
        "start_node": "Scaffolds",
        "relationship": "for",
        "end_node": "Artificial Photosynthesis"
    },
    {
        "start_node": "Amide-based bioorganic building blocks",
        "relationship": "consist_of",
        "end_node": "Dipeptides"
    },
    {
        "start_node": "Dipeptides",
        "relationship": "and",
        "end_node": "Dipeptide Nucleic Acids"
    },
    {
        "start_node": "Dipeptide Nucleic Acids",
        "relationship": "self_assemble_into",
        "end_node": "Suprahelices"
    },
    {
        "start_node": "Suprahelices",
        "relationship": "with",
        "end_node": "Controlled handedness"
    },
    {
        "start_node": "Handedness",
        "relationship": "determines",
        "end_node": "Cavities"
    },
    {
        "start_node": "Cavities",
        "relationship": "tunable",
        "end_node": "Hydrophilic/hydrophobic"
    },
    {
        "start_node": "Mechanical rigidity",
        "relationship": "result_of",
        "end_node": "Hydrogen bonding networks"
    },
    {
        "start_node": "Optoelectronic properties",
        "relationship": "attributed_to",
        "end_node": "Hydrogen bonding networks"
    },
    {
        "start_node": "Suprahelical frameworks",
        "relationship": "display",
        "end_node": "Semiconductivity"
    },
    {
        "start_node": "Amide-based suprahelix architectures",
        "relationship": "as",
        "end_node": "Bioinspired supramolecular frameworks"
    },
    {
        "start_node": "Constituents portfolio",
        "relationship": "expanded_by",
        "end_node": "Suprahelical frameworks"
    },
    {
        "start_node": "Artificial Photosynthesis",
        "relationship": "feasibility_increased_for",
        "end_node": "Suprahelical frameworks"
    }
]