[
    {
        "start_node": "HOF",
        "relationship": "contain",
        "end_node": "Silver Coordination Polymer"
    },
    {
        "start_node": "Silver Coordination Polymer",
        "relationship": "is_composed_of",
        "end_node": "Ag(C24H28N2)1.5]NO3"
    },
    {
        "start_node": "Ag(C24H28N2)1.5]NO3",
        "relationship": "has_complex",
        "end_node": "AgLNO3"
    },
    {
        "start_node": "Ag(C24H28N2)1.5]NO3",
        "relationship": "has_complex",
        "end_node": "AgL1.5]NO3"
    },
    {
        "start_node": "AgLNO3",
        "relationship": "contains",
        "end_node": "Ag+ ion"
    },
    {
        "start_node": "Ag+ ion",
        "relationship": "coordinates_to",
        "end_node": "nitrogen atoms of L"
    },
    {
        "start_node": "Ag+ ion",
        "relationship": "coordination_shape",
        "end_node": "distorted T-shaped"
    },
    {
        "start_node": "AgL1.5]NO3",
        "relationship": "polymer_chain",
        "end_node": "[Ag(L)](infinity)(+)"
    },
    {
        "start_node": "[Ag(L)](infinity)(+)",
        "relationship": "bridging_ligand",
        "end_node": "ligand L"
    },
    {
        "start_node": "[Ag(L)](infinity)(+)",
        "relationship": "structural_feature",
        "end_node": "cations"
    },
    {
        "start_node": "ligand L",
        "relationship": "forms_tapes",
        "end_node": "infinite tapes"
    },
    {
        "start_node": "infinite tapes",
        "relationship": "direction",
        "end_node": "[010]"
    },
    {
        "start_node": "noncoordinated NO3- anion",
        "relationship": "participates_in",
        "end_node": "N-H···O hydrogen bonds"
    },
    {
        "start_node": "N-H···O hydrogen bonds",
        "relationship": "forms",
        "end_node": "3D supramolecular assembly"
    }
]