[
    {
        "start_node": "study",
        "relationship": "reports",
        "end_node": "Hierarchical porous UiO-66"
    },
    {
        "start_node": "Hierarchical porous UiO-66",
        "relationship": "modified_by",
        "end_node": "dual competitive strategy"
    },
    {
        "start_node": "dual competitive strategy",
        "relationship": "aim",
        "end_node": "improve oxytetracycline adsorption"
    },
    {
        "start_node": "defect-rich hierarchical porous UiO-66",
        "relationship": "prepared_from",
        "end_node": "UiO-66"
    },
    {
        "start_node": "But-HP-UiO-66",
        "relationship": "example_of",
        "end_node": "defect-rich hierarchical porous UiO-66"
    },
    {
        "start_node": "But-HP-UiO-66",
        "relationship": "adsorption_performance",
        "end_node": "209.97 mg/g at pH=6.0"
    },
    {
        "start_node": "But-HP-UiO-66",
        "relationship": "enhancement_factor",
        "end_node": "9.89 times greater than UiO-66"
    },
    {
        "start_node": "adsorption",
        "relationship": "modeled_by",
        "end_node": "Elovich model"
    },
    {
        "start_node": "adsorption",
        "relationship": "modeled_by",
        "end_node": "Freundlich model"
    },
    {
        "start_node": "response surface model",
        "relationship": "used_in",
        "end_node": "design"
    },
    {
        "start_node": "ButHP-UiO-66",
        "relationship": "adsorption_effect",
        "end_node": "excellent"
    },
    {
        "start_node": "ButHP-UiO-66",
        "relationship": "anti-jamming_ability",
        "end_node": "strong"
    },
    {
        "start_node": "MOFs",
        "relationship": "application",
        "end_node": "antibiotic elimination"
    },
    {
        "start_node": "adsorption mechanism",
        "relationship": "includes",
        "end_node": "electrostatic interactions"
    },
    {
        "start_node": "adsorption mechanism",
        "relationship": "includes",
        "end_node": "metal-organic complexation"
    },
    {
        "start_node": "adsorption mechanism",
        "relationship": "includes",
        "end_node": "pore adsorption"
    },
    {
        "start_node": "adsorption mechanism",
        "relationship": "includes",
        "end_node": "hydrogen bonding"
    },
    {
        "start_node": "adsorption mechanism",
        "relationship": "includes",
        "end_node": "7C-7C interactions"
    }
]