[
    {
        "start_node": "HOF",
        "relationship": "contains",
        "end_node": "Metal complexes"
    },
    {
        "start_node": "Metal complexes",
        "relationship": "based_on",
        "end_node": "Native cyclodextrins"
    },
    {
        "start_node": "Native cyclodextrins",
        "relationship": "property",
        "end_node": "hydrophobic cavity"
    },
    {
        "start_node": "Native cyclodextrins",
        "relationship": "property",
        "end_node": "hydrophilic surface"
    },
    {
        "start_node": "Cyclodextrins",
        "relationship": "ability",
        "end_node": "host guest inclusion complexes"
    },
    {
        "start_node": "Metal complexes",
        "relationship": "application",
        "end_node": "Supramolecular chemistry"
    },
    {
        "start_node": "Metal complexes",
        "relationship": "application",
        "end_node": "Catalysis"
    },
    {
        "start_node": "Metal complexes",
        "relationship": "application",
        "end_node": "Drug carrier systems"
    },
    {
        "start_node": "Metal complexes",
        "relationship": "application",
        "end_node": "Food industry"
    },
    {
        "start_node": "Metal complexes",
        "relationship": "application",
        "end_node": "Cosmetics"
    },
    {
        "start_node": "Metal complexes",
        "relationship": "rareness",
        "end_node": "Structurally well-defined"
    },
    {
        "start_node": "Synthesis",
        "relationship": "related_to",
        "end_node": "Metal complexes"
    },
    {
        "start_node": "Reactivity",
        "relationship": "related_to",
        "end_node": "Metal complexes"
    },
    {
        "start_node": "Structural diversity",
        "relationship": "related_to",
        "end_node": "Metal complexes"
    },
    {
        "start_node": "Monomeric species",
        "relationship": "type_of",
        "end_node": "Metal complexes"
    },
    {
        "start_node": "Dinuclear systems",
        "relationship": "type_of",
        "end_node": "Metal complexes"
    },
    {
        "start_node": "Homo- and heterometallic sandwich-type complexes",
        "relationship": "type_of",
        "end_node": "Metal complexes"
    },
    {
        "start_node": "Cylindrical structures",
        "relationship": "type_of",
        "end_node": "Metal complexes"
    },
    {
        "start_node": "Extended structures",
        "relationship": "type_of",
        "end_node": "Metal complexes"
    },
    {
        "start_node": "Metal ions",
        "relationship": "influence",
        "end_node": "Aggregation and supramolecular arrangement"
    },
    {
        "start_node": "Intra- and/or intermolecular hydrogen bonds",
        "relationship": "impact",
        "end_node": "Aggregation and supramolecular arrangement"
    }
]