[
    {
        "start_node": "Synthesis",
        "relationship": "describes",
        "end_node": "ionothermal"
    },
    {
        "start_node": "Compounds",
        "relationship": "are",
        "end_node": "EMIm(2) [Zn-3(C6H4(COO)(2))(3)Cl-2] (I)"
    },
    {
        "start_node": "Compounds",
        "relationship": "are",
        "end_node": "BMIm(2)[Zn-3(C6H4(COO)(2))(3)Cl-2] (II)"
    },
    {
        "start_node": "Solvents",
        "relationship": "used",
        "end_node": "1-ethyl-3-methylimidazolium chloride (EMIm-Cl)"
    },
    {
        "start_node": "Solvents",
        "relationship": "used",
        "end_node": "1-butyl-3-methylimidazolium chloride (BMIm-Cl)"
    },
    {
        "start_node": "Characterization",
        "relationship": "includes",
        "end_node": "X-ray diffraction"
    },
    {
        "start_node": "Characterization",
        "relationship": "includes",
        "end_node": "elemental analyses"
    },
    {
        "start_node": "Characterization",
        "relationship": "includes",
        "end_node": "vibrational and optical spectroscopies"
    },
    {
        "start_node": "Characterization",
        "relationship": "includes",
        "end_node": "thermogravimetric analysis"
    },
    {
        "start_node": "Structure",
        "relationship": "has",
        "end_node": "anionic two-dimensional"
    },
    {
        "start_node": "Composition",
        "relationship": "is",
        "end_node": "[Zn-3(C6H4(COO)(2))(3)Cl-2](2-)"
    },
    {
        "start_node": "Stability",
        "relationship": "displayed by",
        "end_node": "above 300 degrees C"
    },
    {
        "start_node": "Transformation",
        "relationship": "from",
        "end_node": "anionic layered compounds (II)"
    },
    {
        "start_node": "Transformation",
        "relationship": "to",
        "end_node": "neutral one-dimensional"
    },
    {
        "start_node": "Neutral compound",
        "relationship": "has",
        "end_node": "composition Zn(C6H4(COO)(2))(H2O)(2)"
    },
    {
        "start_node": "Thermal robustness",
        "relationship": "better in",
        "end_node": "neutral compound"
    },
    {
        "start_node": "Luminescence",
        "relationship": "observed in",
        "end_node": "parent and transformed structures"
    },
    {
        "start_node": "Luminescence origin",
        "relationship": "arises from",
        "end_node": "ligand centered pi -> pi* and n -> pi* transitions"
    }
]