[
    {
        "start_node": "Benzimidazole-COF",
        "relationship": "used_for",
        "end_node": "QCM Sensor"
    },
    {
        "start_node": "Babenil-TFPy COF",
        "relationship": "synthesized_from",
        "end_node": "BABE, TFPy"
    },
    {
        "start_node": "Babenil-TFPy COF",
        "relationship": "property",
        "end_node": "crystallinity, high porosity, chemical stability, benzimidazole sites"
    },
    {
        "start_node": "Babenil-TFPy COF",
        "relationship": "application",
        "end_node": "COF coated QCM sensor"
    },
    {
        "start_node": "COF coated QCM",
        "relationship": "specificity",
        "end_node": "CEES detection"
    },
    {
        "start_node": "COF coated QCM",
        "relationship": "sensitivity",
        "end_node": "0.96 ppm (CEES)"
    },
    {
        "start_node": "Babenil-TFPy COF",
        "relationship": "interaction",
        "end_node": "dual-hydrogen bonding with CEES"
    }
]