[
    {
        "start_node": "Protein Folding",
        "relationship": "study",
        "end_node": "Topology"
    },
    {
        "start_node": "Topology",
        "relationship": "impact",
        "end_node": "Secondary Structural Formation"
    },
    {
        "start_node": "C-alpha Models",
        "relationship": "used_for",
        "end_node": "Qualitative Understanding"
    },
    {
        "start_node": "Qualitative Understanding",
        "relationship": "aim_to_improve",
        "end_node": "Quantitative Connections"
    },
    {
        "start_node": "Quantitative Connections",
        "relationship": "require",
        "end_node": "Tractable Protein Representations"
    },
    {
        "start_node": "Tractable Protein Representations",
        "relationship": "balance",
        "end_node": "C-alpha vs All-Atom"
    },
    {
        "start_node": "Complexity",
        "relationship": "reduce",
        "end_node": "Computational Expense"
    },
    {
        "start_node": "Model",
        "relationship": "include",
        "end_node": "Side-chain Packing"
    },
    {
        "start_node": "Side-chain Packing",
        "relationship": "investigate",
        "end_node": "Native Side-chain Contacts"
    },
    {
        "start_node": "Native Side-chain Contacts",
        "relationship": "compete_with",
        "end_node": "Nonspecific Backbone Hydrogen Bonds"
    },
    {
        "start_node": "Nonspecific Backbone Hydrogen Bonds",
        "relationship": "forced_to",
        "end_node": "Native Configurations"
    },
    {
        "start_node": "Funneled Landscape",
        "relationship": "emerge_from",
        "end_node": "Tertiary Contacts and Dihedrals"
    },
    {
        "start_node": "Angular Component",
        "relationship": "prevent",
        "end_node": "Non-native Conformations"
    },
    {
        "start_node": "Hydrogen Bond Interaction",
        "relationship": "incorporate",
        "end_node": "Angular Component"
    }
]