[
    {
        "start_node": "HOF",
        "relationship": "contain",
        "end_node": "Coordination polymers"
    },
    {
        "start_node": "Coordination polymers",
        "relationship": "feature",
        "end_node": "proton conduction"
    },
    {
        "start_node": "Coordination polymers",
        "relationship": "feature",
        "end_node": "luminescence"
    },
    {
        "start_node": "Complex 1",
        "relationship": "is",
        "end_node": "Coordination polymer 1"
    },
    {
        "start_node": "Complex 2",
        "relationship": "is",
        "end_node": "Coordination polymer 2"
    },
    {
        "start_node": "Complex 1",
        "relationship": "composition",
        "end_node": "Cd2+"
    },
    {
        "start_node": "Complex 2",
        "relationship": "composition",
        "end_node": "Zn2+"
    },
    {
        "start_node": "Complexes",
        "relationship": "synthesis",
        "end_node": "hydrothermal conditions"
    },
    {
        "start_node": "Complex 1",
        "relationship": "conductivity",
        "end_node": "1.58 x 10^-3 S cm^-1"
    },
    {
        "start_node": "Complex 2",
        "relationship": "conductivity",
        "end_node": "5.27 x 10^-4 S cm^-1"
    },
    {
        "start_node": "Hybrid membrane 1@SPEEK-5",
        "relationship": "contains",
        "end_node": "Complex 1"
    },
    {
        "start_node": "Hybrid membrane 2@SPEEK-5",
        "relationship": "contains",
        "end_node": "Complex 2"
    },
    {
        "start_node": "Hybrid membranes",
        "relationship": "improved property",
        "end_node": "proton conductivity"
    },
    {
        "start_node": "Hybrid membrane 1@SPEEK-5",
        "relationship": "proton conductivity",
        "end_node": "197 times higher"
    },
    {
        "start_node": "Hybrid membrane 2@SPEEK-5",
        "relationship": "proton conductivity",
        "end_node": "158 times higher"
    },
    {
        "start_node": "Complex 1",
        "relationship": "fluorescent sensor",
        "end_node": "Cr2O72-"
    },
    {
        "start_node": "Complex 2",
        "relationship": "fluorescent sensor",
        "end_node": "Cr2O72-"
    },
    {
        "start_node": "Complex 1",
        "relationship": "detection limit",
        "end_node": "0.8 μM"
    },
    {
        "start_node": "Complex 2",
        "relationship": "detection limit",
        "end_node": "1 μM"
    }
]