[
    {
        "start_node": "DFT Study",
        "relationship": "focuses_on",
        "end_node": "IRMOF-3 Catalysed Knoevenagel Condensation"
    },
    {
        "start_node": "IRMOF-3",
        "relationship": "acts_as",
        "end_node": "catalyst"
    },
    {
        "start_node": "IRMOF-3",
        "relationship": "enhances",
        "end_node": "basicity"
    },
    {
        "start_node": "amino moieties",
        "relationship": "embedded_in",
        "end_node": "IRMOF-3"
    },
    {
        "start_node": "basicity",
        "relationship": "explained_by",
        "end_node": "protonated conjugate derivatives"
    },
    {
        "start_node": "protonated conjugate derivatives",
        "relationship": "formed_with",
        "end_node": "hydrogen-bonds"
    },
    {
        "start_node": "IRMOF-3",
        "relationship": "features",
        "end_node": "quasi-planar 6-term rings"
    },
    {
        "start_node": "catalytic cycle",
        "relationship": "analysed_in",
        "end_node": "DFT framework"
    },
    {
        "start_node": "deactivation paths",
        "relationship": "investigated_in",
        "end_node": "DFT framework"
    },
    {
        "start_node": "Knoevenagel condensation",
        "relationship": "proposed_mechanism_for",
        "end_node": "IRMOF-3"
    },
    {
        "start_node": "activity increase",
        "relationship": "linked_to",
        "end_node": "water adsorption ability"
    },
    {
        "start_node": "IRMOF-3",
        "relationship": "activity_related_to",
        "end_node": "preserved amino moieties"
    }
]