[
    {
        "start_node": "HOF",
        "relationship": "contain",
        "end_node": "One-Step Synthesis"
    },
    {
        "start_node": "HOF",
        "relationship": "contain",
        "end_node": "Photoluminescent Nitrogen-Rich Carbon Nanodots"
    },
    {
        "start_node": "HOF",
        "relationship": "contain",
        "end_node": "Allylamine"
    },
    {
        "start_node": "HOF",
        "relationship": "method",
        "end_node": "hydrothermal route"
    },
    {
        "start_node": "NC-dots",
        "relationship": "property",
        "end_node": "2.88 +/- 0.4 nm"
    },
    {
        "start_node": "NC-dots",
        "relationship": "property",
        "end_node": "blue fluorescence"
    },
    {
        "start_node": "NC-dots",
        "relationship": "property",
        "end_node": "fluorescence quantum yield of 15%"
    },
    {
        "start_node": "NC-dots",
        "relationship": "application",
        "end_node": "sensing of TNP"
    },
    {
        "start_node": "NC-dots",
        "relationship": "mechanism",
        "end_node": "fluorescence resonance energy transfer, electron transfer, hydrogen-bond interactions"
    },
    {
        "start_node": "HOF",
        "relationship": "application",
        "end_node": "fluorescent ink"
    },
    {
        "start_node": "HOF",
        "relationship": "mechanism",
        "end_node": "self-polymerization and carbonization"
    },
    {
        "start_node": "TNP",
        "relationship": "target",
        "end_node": "trinitrophenol"
    }
]