[
    {
        "start_node": "Construction",
        "relationship": "describes",
        "end_node": "Coordination Polymer"
    },
    {
        "start_node": "Coordination Polymer",
        "relationship": "has_property",
        "end_node": "selective fluorescence recognition"
    },
    {
        "start_node": "Coordination Polymer",
        "relationship": "has_property",
        "end_node": "efficient adsorption of tryptophan"
    },
    {
        "start_node": "L-tryptophan (L-Trp)",
        "relationship": "target_of_adsorption",
        "end_node": "Coordination Polymer"
    },
    {
        "start_node": "1,1'-binaphthyl-based copper coordination polymer (R-Cu CP)",
        "relationship": "is",
        "end_node": "Coordination Polymer"
    },
    {
        "start_node": "R-Cu CP",
        "relationship": "constructed_with",
        "end_node": "dicarboxylate ligand (R)-H3L"
    },
    {
        "start_node": "R-H3L",
        "relationship": "derived_from",
        "end_node": "1,1'-binaphthyl phosphoric acid"
    },
    {
        "start_node": "R-Cu CP",
        "relationship": "has_cavity",
        "end_node": "17 x 8 A"
    },
    {
        "start_node": "R-Cu CP",
        "relationship": "adsorption_capacity",
        "end_node": "1055 mg/g"
    },
    {
        "start_node": "ultrasonic exfoliation",
        "relationship": "results_in",
        "end_node": "2D CP nanosheets (CPNs)"
    },
    {
        "start_node": "2D CP nanosheets (CPNs)",
        "relationship": "property",
        "end_node": "specific fluorescence quenching response"
    },
    {
        "start_node": "R-Cu CP",
        "relationship": "mechanism",
        "end_node": "photoinduced electron transfer, competitive absorption"
    },
    {
        "start_node": "X-ray photoelectron spectroscopy",
        "relationship": "provides_evidence_for",
        "end_node": "adsorption mechanism"
    },
    {
        "start_node": "density functional theory calculations",
        "relationship": "confirms",
        "end_node": "adsorption interactions"
    }
]