[
    {
        "start_node": "Solvothermal",
        "relationship": "yield",
        "end_node": "N,N'-(ethane-1,2-diyl) diformamide"
    },
    {
        "start_node": "DMF decomposition",
        "relationship": "process",
        "end_node": "N,N'-(ethane-1,2-diyl) diformamide"
    },
    {
        "start_node": "Cadmium acetate",
        "relationship": "reactant",
        "end_node": "N,N'-(ethane-1,2-diyl) diformamide"
    },
    {
        "start_node": "3-carboxyphenylboronic acid",
        "relationship": "reactant",
        "end_node": "N,N'-(ethane-1,2-diyl) diformamide"
    },
    {
        "start_node": "aminophylline",
        "relationship": "reactant",
        "end_node": "N,N'-(ethane-1,2-diyl) diformamide"
    },
    {
        "start_node": "formylation reaction",
        "relationship": "catalyzed_by",
        "end_node": "Cd2+"
    },
    {
        "start_node": "temperature",
        "relationship": "condition",
        "end_node": "high"
    },
    {
        "start_node": "co-crystallization",
        "relationship": "result",
        "end_node": "theophylline"
    },
    {
        "start_node": "P (1) over bar-",
        "relationship": "crystal_system",
        "end_node": "N,N'-(ethane-1,2-diyl) diformamide co-crystal"
    },
    {
        "start_node": "triclinic",
        "relationship": "space_group",
        "end_node": "N,N'-(ethane-1,2-diyl) diformamide co-crystal"
    },
    {
        "start_node": "intermolecular hydrogen bonds",
        "relationship": "stabilizes",
        "end_node": "N,N'-(ethane-1,2-diyl) diformamide co-crystal"
    },
    {
        "start_node": "excess theophylline",
        "relationship": "polymorphic_form",
        "end_node": "new"
    },
    {
        "start_node": "Pn",
        "relationship": "space_group",
        "end_node": "excess theophylline"
    }
]