[
    {
        "start_node": "Synthesis",
        "relationship": "describes",
        "end_node": "Hydrothermal reaction"
    },
    {
        "start_node": "Hydrothermal reaction",
        "relationship": "uses",
        "end_node": "Gd(III) nitrate"
    },
    {
        "start_node": "Hydrothermal reaction",
        "relationship": "uses",
        "end_node": "H2O3PCH2)(2)N-(CH2)(4)-N(CH2PO3H2)(2) (H8L) (H8L)"
    },
    {
        "start_node": "Reaction product",
        "relationship": "yields",
        "end_node": "Gd[(O3PCH2)(HO3PCH2)N(H)(CH2)(4)N(H)(CH2PO3H)(2)]·2H2O"
    },
    {
        "start_node": "Reaction product",
        "relationship": "alias",
        "end_node": "[Gd(H5L)]·2H2O"
    },
    {
        "start_node": "Crystal structure",
        "relationship": "analyzed_by",
        "end_node": "single-crystal X-ray diffraction"
    },
    {
        "start_node": "Gd(III) ion",
        "relationship": "coordination",
        "end_node": "8 phosphonate oxygen atoms"
    },
    {
        "start_node": "Phosphonate groups",
        "relationship": "comprises",
        "end_node": "5 different phosphonic ligands"
    },
    {
        "start_node": "Gd(III) ions",
        "relationship": "connects",
        "end_node": "through phosphonate oxygens"
    },
    {
        "start_node": "Structure",
        "relationship": "forms",
        "end_node": "gadolinium phosphonate slab"
    },
    {
        "start_node": "Slab",
        "relationship": "oriented",
        "end_node": "a-axis"
    },
    {
        "start_node": "Slabs",
        "relationship": "bridged_by",
        "end_node": "tetraphosphonate H5L anions"
    },
    {
        "start_node": "Layer",
        "relationship": "type",
        "end_node": "0 1 1  layer"
    },
    {
        "start_node": "Layers",
        "relationship": "interlinked_by",
        "end_node": "hydrogen bonds"
    },
    {
        "start_node": "Interlayer space",
        "relationship": "contains",
        "end_node": "butane groups"
    },
    {
        "start_node": "Supermolecular structure",
        "relationship": "formed_by",
        "end_node": "strong hydrogen bonds"
    },
    {
        "start_node": "Fluorescent properties",
        "relationship": "exhibits",
        "end_node": "blue fluorescent emission band"
    },
    {
        "start_node": "Emission band",
        "relationship": "wavelength",
        "end_node": "441 nm"
    }
]