[
    {
        "start_node": "HOF",
        "relationship": "contain",
        "end_node": "Concise template synthesis"
    },
    {
        "start_node": "HOF",
        "relationship": "contain",
        "end_node": "Gallium phosphates"
    },
    {
        "start_node": "Gallium phosphates",
        "relationship": "method",
        "end_node": "in situ-template-synthesis"
    },
    {
        "start_node": "strategy",
        "relationship": "used_in",
        "end_node": "in situ-template-synthesis"
    },
    {
        "start_node": "templates",
        "relationship": "derived_from",
        "end_node": "methylation"
    },
    {
        "start_node": "templates",
        "relationship": "templates",
        "end_node": "dmdabco(2+)"
    },
    {
        "start_node": "templates",
        "relationship": "templates",
        "end_node": "tmpip(2+)"
    },
    {
        "start_node": "templates",
        "relationship": "templates",
        "end_node": "mpy(+)"
    },
    {
        "start_node": "templates",
        "relationship": "templates",
        "end_node": "dmbpy(2+)"
    },
    {
        "start_node": "precursors",
        "relationship": "reacted_with",
        "end_node": "aliphatic 1,4-diazabicyclo[2,2,2]octane (dabco)"
    },
    {
        "start_node": "precursors",
        "relationship": "reacted_with",
        "end_node": "1,4-dimethylpiperazine"
    },
    {
        "start_node": "precursors",
        "relationship": "reacted_with",
        "end_node": "1-methylpiperazine"
    },
    {
        "start_node": "precursors",
        "relationship": "reacted_with",
        "end_node": "pyridine (py)"
    },
    {
        "start_node": "precursors",
        "relationship": "reacted_with",
        "end_node": "4,4' -bipyridine (bpy)"
    },
    {
        "start_node": "compound_1",
        "relationship": "structure",
        "end_node": "infinite inorganic chains"
    },
    {
        "start_node": "compound_1",
        "relationship": "supramolecular_framework",
        "end_node": "3D"
    },
    {
        "start_node": "compound_2",
        "relationship": "isomorphic_to",
        "end_node": "compound_3"
    },
    {
        "start_node": "compound_2",
        "relationship": "Ga6P6 SBUs",
        "end_node": "3D pcu architecture"
    },
    {
        "start_node": "compound_4",
        "relationship": "structure",
        "end_node": "inorganic layered structure"
    },
    {
        "start_node": "compound_5",
        "relationship": "structure",
        "end_node": "3D open-framework"
    },
    {
        "start_node": "compound_5",
        "relationship": "channels",
        "end_node": "helical"
    }
]