[
    {
        "start_node": "Syntheses",
        "relationship": "describe",
        "end_node": "Coordination polymers"
    },
    {
        "start_node": "Coordination polymers",
        "relationship": "consist_of",
        "end_node": "Compound 1"
    },
    {
        "start_node": "Compound 1",
        "relationship": "property",
        "end_node": "2D/3D structure"
    },
    {
        "start_node": "Compound 1",
        "relationship": "property",
        "end_node": "Linear chain"
    },
    {
        "start_node": "Compound 1",
        "relationship": "property",
        "end_node": "Pi stacking"
    },
    {
        "start_node": "Compound 1",
        "relationship": "catalytic_activity",
        "end_node": "NaNO2 reduction"
    },
    {
        "start_node": "Compound 1",
        "relationship": "catalytic_activity",
        "end_node": "H2O2 reduction"
    },
    {
        "start_node": "Coordination polymers",
        "relationship": "consist_of",
        "end_node": "Compound 2"
    },
    {
        "start_node": "Compound 2",
        "relationship": "structure",
        "end_node": "Two 1D chains"
    },
    {
        "start_node": "Compound 2",
        "relationship": "structure",
        "end_node": "Linear chain"
    },
    {
        "start_node": "Compound 2",
        "relationship": "structure",
        "end_node": "Ladder chain"
    },
    {
        "start_node": "Compound 2",
        "relationship": "structure",
        "end_node": "3D structure"
    },
    {
        "start_node": "Compound 2",
        "relationship": "interaction",
        "end_node": "Pi stacking"
    },
    {
        "start_node": "Compound 2",
        "relationship": "interaction",
        "end_node": "Hydrogen bonding"
    },
    {
        "start_node": "Coordination polymers",
        "relationship": "consist_of",
        "end_node": "Compound 3"
    },
    {
        "start_node": "Compound 3",
        "relationship": "material",
        "end_node": "La (3)"
    },
    {
        "start_node": "Coordination polymers",
        "relationship": "consist_of",
        "end_node": "Compound 4"
    },
    {
        "start_node": "Compound 4",
        "relationship": "material",
        "end_node": "Pr (4)"
    },
    {
        "start_node": "Compound 4",
        "relationship": "structure",
        "end_node": "2D/3D structure"
    },
    {
        "start_node": "Compound 4",
        "relationship": "material",
        "end_node": "Hcptpy"
    },
    {
        "start_node": "Compound 4",
        "relationship": "material",
        "end_node": "phdat"
    },
    {
        "start_node": "Electrochemical analysis",
        "relationship": "evaluate",
        "end_node": "Compound 1"
    },
    {
        "start_node": "Magnetic analysis",
        "relationship": "indicate",
        "end_node": "Antiferromagnetic behavior"
    }
]