[
    {
        "start_node": "HOF",
        "relationship": "contain",
        "end_node": "MIL-101"
    },
    {
        "start_node": "MIL-101",
        "relationship": "modified_by",
        "end_node": "carbonization and nitrogen doping"
    },
    {
        "start_node": "modified MIL-101",
        "relationship": "property",
        "end_node": "graphite skeletons"
    },
    {
        "start_node": "modified MIL-101",
        "relationship": "property",
        "end_node": "mesoporous volume"
    },
    {
        "start_node": "MCN-800",
        "relationship": "variant_of",
        "end_node": "modified MIL-101"
    },
    {
        "start_node": "MCN-800",
        "relationship": "adsorptive_capacity",
        "end_node": "100% increase"
    },
    {
        "start_node": "pyridinic-N",
        "relationship": "interaction_with_benzene",
        "end_node": "stronger"
    },
    {
        "start_node": "pyrrolic-N",
        "relationship": "interaction_with_benzene",
        "end_node": "weaker"
    },
    {
        "start_node": "graphite-N",
        "relationship": "interaction_with_benzene",
        "end_node": "weaker"
    },
    {
        "start_node": "benzene",
        "relationship": "pollution",
        "end_node": "low-concentration"
    },
    {
        "start_node": "density functional theory (DFT)",
        "relationship": "used_for",
        "end_node": "interaction mechanism exploration"
    }
]