[
    {
        "start_node": "Lanthanide complexes",
        "relationship": "study",
        "end_node": "Structure variation"
    },
    {
        "start_node": "Structure variation",
        "relationship": "impact",
        "end_node": "Crystal structures"
    },
    {
        "start_node": "Crystal structures",
        "relationship": "dictated by",
        "end_node": "Metal ions"
    },
    {
        "start_node": "ligands",
        "relationship": "flexibility",
        "end_node": "Crystal structure tuning"
    },
    {
        "start_node": "Ln contraction effect",
        "relationship": "influences",
        "end_node": "Crystal structures"
    },
    {
        "start_node": "Luminescence properties",
        "relationship": "investigated",
        "end_node": "Naphthalene complexes"
    },
    {
        "start_node": "methoxyl substituents",
        "relationship": "effect on",
        "end_node": "Triplet energy"
    },
    {
        "start_node": "Triplet energy",
        "relationship": "change in",
        "end_node": "Luminescent behaviors"
    },
    {
        "start_node": "Eual and Tb-III complexes",
        "relationship": "unique behavior",
        "end_node": "Different from literature"
    },
    {
        "start_node": "Tb complex",
        "relationship": "features",
        "end_node": "Ligand fluorescence"
    },
    {
        "start_node": "back-energy transfer",
        "relationship": "from",
        "end_node": "Tb-III ion to ligand"
    },
    {
        "start_node": "salicylamide pendant arms",
        "relationship": "first example in",
        "end_node": "Lanthanide complexes"
    }
]