[
    {
        "start_node": "HOF",
        "relationship": "contain",
        "end_node": "mixed pyrazole-diamine/Ni(II) complex"
    },
    {
        "start_node": "complex",
        "relationship": "formulated_by",
        "end_node": "[2Ni(L1)(2).2Ni(L1)(L2)].2(NO3)4"
    },
    {
        "start_node": "complex",
        "relationship": "components",
        "end_node": "Ni(NO3)2,6H2O"
    },
    {
        "start_node": "complex",
        "relationship": "components",
        "end_node": "L1: N1((3,5-dimethyl-1H-pyrazol-1-yl)methyl)propane-1,2-diamine"
    },
    {
        "start_node": "complex",
        "relationship": "components",
        "end_node": "L2: N2-((3,5-dimethyl-1H-pyrazol-1-yl)methyl)propane-1,2-diamine"
    },
    {
        "start_node": "complex",
        "relationship": "structure",
        "end_node": "triclinic, P1 symmetry"
    },
    {
        "start_node": "complex",
        "relationship": "characterized_by",
        "end_node": "FT-IR, EDX, UV-Vis, XRD"
    },
    {
        "start_node": "complex",
        "relationship": "coexists_with",
        "end_node": "H2O, NO3"
    },
    {
        "start_node": "complex",
        "relationship": "hydrogen_bonds",
        "end_node": "crystal lattice"
    },
    {
        "start_node": "complex",
        "relationship": "thermal_study",
        "end_node": "TG/DTG"
    },
    {
        "start_node": "complex",
        "relationship": "antibacterial_test",
        "end_node": "Gram-negative and Gram-positive bacteria"
    }
]