[
    {
        "start_node": "New Cd(II) CP",
        "relationship": "is",
        "end_node": "Coordination Polymer"
    },
    {
        "start_node": "Coordination Polymer",
        "relationship": "property",
        "end_node": "Photocatalyst"
    },
    {
        "start_node": "New Cd(II) CPs",
        "relationship": "derive_from",
        "end_node": "Y-shaped ligand"
    },
    {
        "start_node": "Y-shaped ligand",
        "relationship": "contain",
        "end_node": "1,3,5-tris(4-carbonylphenyloxy)benzene (H3L)"
    },
    {
        "start_node": "Y-shaped ligand",
        "relationship": "contain",
        "end_node": "1,10-phenanthroline (phen)"
    },
    {
        "start_node": "CP 1",
        "relationship": "structure",
        "end_node": "3D pillar-layer framework"
    },
    {
        "start_node": "CP 2",
        "relationship": "structure",
        "end_node": "wave-like 1D chains"
    },
    {
        "start_node": "CP 1",
        "relationship": "photocatalytic_activity",
        "end_node": "methyl violet (MV)"
    },
    {
        "start_node": "CP 1",
        "relationship": "photocatalytic_activity",
        "end_node": "methyl orange (MO)"
    },
    {
        "start_node": "CP 1",
        "relationship": "photocatalytic_activity",
        "end_node": "methylene blue (MB)"
    },
    {
        "start_node": "CP 1",
        "relationship": "photocatalytic_activity",
        "end_node": "rhodamine B (RhB)"
    },
    {
        "start_node": "CP 2",
        "relationship": "photocatalytic_activity",
        "end_node": "methyl violet (MV), MO, MB, RhB"
    },
    {
        "start_node": "Mechanical Study",
        "relationship": "involved_in",
        "end_node": "degradation mechanism"
    },
    {
        "start_node": "LC-MS studies",
        "relationship": "used_for",
        "end_node": "mechanistic understanding"
    },
    {
        "start_node": "Band gap calculations",
        "relationship": "proposed",
        "end_node": "mechanistic pathway"
    },
    {
        "start_node": "Hirshfeld surface analysis",
        "relationship": "corroborated",
        "end_node": "mechanistic pathway"
    }
]