[
    {
        "start_node": "Dibenzylammonium",
        "relationship": "is_compound",
        "end_node": "trichloroacetate"
    },
    {
        "start_node": "compound 1",
        "relationship": "is",
        "end_node": "Dibenzylammonium trichloroacetate"
    },
    {
        "start_node": "Dibenzylammonium trichloroacetate",
        "relationship": "has_property",
        "end_node": "switchable dielectric"
    },
    {
        "start_node": "synthesized",
        "relationship": "action_performed_by",
        "end_node": "compound 1"
    },
    {
        "start_node": "compound 1",
        "relationship": "phase_transition_at",
        "end_node": "329 K"
    },
    {
        "start_node": "T_c",
        "relationship": "refers_to",
        "end_node": "329 K"
    },
    {
        "start_node": "DSC",
        "relationship": "used_for",
        "end_node": "confirming phase transition"
    },
    {
        "start_node": "dielectric measurements",
        "relationship": "used_for",
        "end_node": "confirming phase transition"
    },
    {
        "start_node": "powder X-ray diffraction",
        "relationship": "used_for",
        "end_node": "structural analysis"
    },
    {
        "start_node": "N-H center dot center dot center dot O hydrogen bonds",
        "relationship": "forms",
        "end_node": "supramolecular architecture"
    },
    {
        "start_node": "chain-like",
        "relationship": "characterizes",
        "end_node": "supramolecular architecture"
    },
    {
        "start_node": "variable-temperature single-crystal X-ray diffraction",
        "relationship": "discloses",
        "end_node": "order-disorder feature"
    },
    {
        "start_node": "trichloroacetate anions",
        "relationship": "disorders",
        "end_node": "upon heating"
    },
    {
        "start_node": "dielectric constants",
        "relationship": "display",
        "end_node": "step-like anomaly"
    },
    {
        "start_node": "T_c",
        "relationship": "controls",
        "end_node": "dielectric responses"
    },
    {
        "start_node": "Dibenzylammonium trichloroacetate",
        "relationship": "potential_application",
        "end_node": "controllable dielectric performance"
    }
]