[
    {
        "start_node": "Synthesis",
        "relationship": "describes",
        "end_node": "lanthanide_complexes"
    },
    {
        "start_node": "Crystal_Structure",
        "relationship": "part_of",
        "end_node": "lanthanide_complexes"
    },
    {
        "start_node": "Thermal_Behavior",
        "relationship": "investigates",
        "end_node": "lanthanide_complexes"
    },
    {
        "start_node": "Fluorescence_Property",
        "relationship": "characterizes",
        "end_node": "lanthanide_complexes"
    },
    {
        "start_node": "Complex_1",
        "relationship": "contains",
        "end_node": "[Eu(2,6-DMBA)(3)(phen)](2)"
    },
    {
        "start_node": "Complex_2",
        "relationship": "contains",
        "end_node": "[Gd(2,6-DMBA)(3)(phen)(2)·1.5H2O(2)]"
    },
    {
        "start_node": "Complex_3",
        "relationship": "contains",
        "end_node": "[Tb(2,6-DMBA)(3)(phen)](2)·2.5H2O(3)"
    },
    {
        "start_node": "Raman_Spectroscopy",
        "relationship": "analyzed",
        "end_node": "Complex_1,2,3"
    },
    {
        "start_node": "Infrared_Spectroscopy",
        "relationship": "analyzed",
        "end_node": "Complex_1,2,3"
    },
    {
        "start_node": "X-ray_Diffraction",
        "relationship": "used_to",
        "end_node": "Complex_1,2,3"
    },
    {
        "start_node": "Elemental_Analysis",
        "relationship": "performed_on",
        "end_node": "Complex_1,2,3"
    },
    {
        "start_node": "TG-DSC/FTIR",
        "relationship": "studied",
        "end_node": "Complex_1,2,3"
    },
    {
        "start_node": "Hydrogen_Bond",
        "relationship": "forms",
        "end_node": "structural_units"
    },
    {
        "start_node": "1D_Chain_Structure",
        "relationship": "results_from",
        "end_node": "structural_units"
    },
    {
        "start_node": "Fluorescence",
        "relationship": "observed_in",
        "end_node": "Complex_1",
        "end_node_2": "strong_red_light"
    },
    {
        "start_node": "Fluorescence",
        "relationship": "observed_in",
        "end_node": "Complex_3",
        "end_node_2": "strong_green_light"
    }
]