[
    {
        "start_node": "HOF",
        "relationship": "contain",
        "end_node": "North China University of Science and Technology (NCUST)"
    },
    {
        "start_node": "NCST-2",
        "relationship": "synthesized_from",
        "end_node": "Co(II)-based ternary coordination polymer"
    },
    {
        "start_node": "Co(II)-based ternary coordination polymer",
        "relationship": "has_formula",
        "end_node": "[Co(BTC)(0.5)(L)(H2O)]·3H2O"
    },
    {
        "start_node": "L",
        "relationship": "component",
        "end_node": "1,2-bis(thiabendazol-1-ylmethyl)benzene"
    },
    {
        "start_node": "H4BTC",
        "relationship": "component",
        "end_node": "butane-1,2,3,4-tetracarboxylic acid"
    },
    {
        "start_node": "NCST-2",
        "relationship": "crystal_structure",
        "end_node": "1D zigzag chain"
    },
    {
        "start_node": "zigzag chain",
        "relationship": "part_of",
        "end_node": "NCST-2"
    },
    {
        "start_node": "NCST-2",
        "relationship": "extends_to",
        "end_node": "three-dimensional supramolecular network"
    },
    {
        "start_node": "NCST-2",
        "relationship": "interactions",
        "end_node": "O-H···O hydrogen bond, π···π stacking"
    },
    {
        "start_node": "NCST-2",
        "relationship": "property",
        "end_node": "fluorescence sensing"
    },
    {
        "start_node": "NCST-2",
        "relationship": "selectivity",
        "end_node": "Fe3+"
    },
    {
        "start_node": "NCST-2",
        "relationship": "detection_range",
        "end_node": "0-400 μM"
    },
    {
        "start_node": "NCST-2",
        "relationship": "detection_limit",
        "end_node": "0.12 μM"
    },
    {
        "start_node": "NCST-2",
        "relationship": "photocatalytic_activity",
        "end_node": "methylene blue (MB) degradation"
    },
    {
        "start_node": "NCST-2",
        "relationship": "mechanism",
        "end_node": "UV irradiation"
    }
]