[
    {
        "start_node": "method",
        "relationship": "report",
        "end_node": "extraction_enrichment"
    },
    {
        "start_node": "Fe3O4@MIL-100(Fe)",
        "relationship": "prepare",
        "end_node": "MNPs"
    },
    {
        "start_node": "MNPs",
        "relationship": "property",
        "end_node": "porosity_conjugated_structure"
    },
    {
        "start_node": "MNPs",
        "relationship": "promote",
        "end_node": "adsorption PUHs"
    },
    {
        "start_node": "MNPs",
        "relationship": "application",
        "end_node": "adsorb_extract PUHs"
    },
    {
        "start_node": "desorption",
        "relationship": "followed_by",
        "end_node": "acetonitrile"
    },
    {
        "start_node": "PUH concentration",
        "relationship": "determined_by",
        "end_node": "HPLC-DAD"
    },
    {
        "start_node": "limits_of_detection",
        "relationship": "apply_to",
        "end_node": "environmental_water_samples"
    },
    {
        "start_node": "limits_of_detection",
        "relationship": "value_range",
        "end_node": "0.037-0.166 ng mL^(-1)"
    },
    {
        "start_node": "limits_of_detection",
        "relationship": "applies_to",
        "end_node": "rice_samples"
    },
    {
        "start_node": "determination_coefficients",
        "relationship": "range",
        "end_node": "0.9986-0.9993"
    },
    {
        "start_node": "Fe3O4@MIL-100(Fe) NPs",
        "relationship": "suitable_for",
        "end_node": "MSPE PUHs"
    },
    {
        "start_node": "stability_effectiveness",
        "relationship": "attributed_to",
        "end_node": "synthesized MNPs"
    }
]