[
    {
        "start_node": "Synthesis",
        "relationship": "describes",
        "end_node": "Coordination polymers"
    },
    {
        "start_node": "structures",
        "relationship": "part_of",
        "end_node": "Coordination polymers"
    },
    {
        "start_node": "photoluminescence",
        "relationship": "property_of",
        "end_node": "Coordination polymers"
    },
    {
        "start_node": "Zn(ant)(2)",
        "relationship": "is",
        "end_node": "Compound"
    },
    {
        "start_node": "Zn-ant",
        "relationship": "alias",
        "end_node": "Zn(ant)(2)"
    },
    {
        "start_node": "hydrothermal reactions",
        "relationship": "method",
        "end_node": "synthesis"
    },
    {
        "start_node": "FT-IR spectra",
        "relationship": "analysis",
        "end_node": "characterization"
    },
    {
        "start_node": "elemental analysis",
        "relationship": "analysis",
        "end_node": "characterization"
    },
    {
        "start_node": "X-ray diffraction",
        "relationship": "method",
        "end_node": "characterization"
    },
    {
        "start_node": "CdBa(aip)(2)(H2O)(2)",
        "relationship": "is",
        "end_node": "Compound"
    },
    {
        "start_node": "CdBa-aip",
        "relationship": "alias",
        "end_node": "CdBa(aip)(2)(H2O)(2)"
    },
    {
        "start_node": "Cd-3(aip)(2)(C2O4)(H2O)(6)",
        "relationship": "is",
        "end_node": "Compound"
    },
    {
        "start_node": "Cd-aipox",
        "relationship": "alias",
        "end_node": "Cd-3(aip)(2)(C2O4)(H2O)(6)"
    },
    {
        "start_node": "2D interlaced-bilayer structure",
        "relationship": "structure",
        "end_node": "Zn-ant"
    },
    {
        "start_node": "2D pillared-bilayer structure",
        "relationship": "structure",
        "end_node": "CdBa-aip, Cd-aipox"
    },
    {
        "start_node": "hydrogen bonds",
        "relationship": "interaction",
        "end_node": "supramolecular network"
    },
    {
        "start_node": "pi...pi stacking interactions",
        "relationship": "interaction",
        "end_node": "supramolecular network"
    },
    {
        "start_node": "deprotonating reagent-induced effect",
        "relationship": "cause",
        "end_node": "CdBa-aip, Cd-aipox"
    },
    {
        "start_node": "photoluminescent properties",
        "relationship": "investigated",
        "end_node": "Zn-ant, CdBa-aip, Cd-aipox"
    },
    {
        "start_node": "room temperature",
        "relationship": "condition",
        "end_node": "photoluminescence study"
    },
    {
        "start_node": "Elsevier B.V.",
        "relationship": "publisher",
        "end_node": "copyright"
    }
]