[
    {
        "start_node": "HOF",
        "relationship": "study",
        "end_node": "benzyl dihydrazone"
    },
    {
        "start_node": "HOF",
        "relationship": "study",
        "end_node": "thiosemicarbazone"
    },
    {
        "start_node": "benzyl dihydrazone",
        "relationship": "coordination mode",
        "end_node": "CoN6"
    },
    {
        "start_node": "thiosemicarbazone",
        "relationship": "coordination mode",
        "end_node": "CoN4S2"
    },
    {
        "start_node": "benzyl dihydrazone",
        "relationship": "forms",
        "end_node": "CoN6 complex (1-3)"
    },
    {
        "start_node": "thiosemicarbazone",
        "relationship": "forms",
        "end_node": "CoN4S2 complex (4, 5)"
    },
    {
        "start_node": "steric bulk",
        "relationship": "effect on",
        "end_node": "coordination sphere arrangement"
    },
    {
        "start_node": "reactivity",
        "relationship": "towards",
        "end_node": "cobalt(II) thiocyanate"
    },
    {
        "start_node": "Hirshfeld surface analysis",
        "relationship": "reveals",
        "end_node": "substituent effect"
    },
    {
        "start_node": "H bonding",
        "relationship": "in",
        "end_node": "4 and 5"
    },
    {
        "start_node": "DFT approach",
        "relationship": "computes",
        "end_node": "interaction energies"
    },
    {
        "start_node": "antielectrostatic H bonds",
        "relationship": "example of",
        "end_node": "dimer in 5"
    },
    {
        "start_node": "supramolecular systems",
        "relationship": "generation of",
        "end_node": "CoN6 and CoN4S2"
    }
]