[
    {
        "start_node": "HOF",
        "relationship": "contain",
        "end_node": "Enhanced iodine capture"
    },
    {
        "start_node": "HOF",
        "relationship": "strategy",
        "end_node": "hydrogen bond reconstruction"
    },
    {
        "start_node": "Radioactive iodine",
        "relationship": "hazard",
        "end_node": "environment"
    },
    {
        "start_node": "Radioactive iodine",
        "relationship": "hazard",
        "end_node": "human beings"
    },
    {
        "start_node": "CILs",
        "relationship": "type",
        "end_node": "curcumin-based"
    },
    {
        "start_node": "CILs",
        "relationship": "property",
        "end_node": "intermolecular hydrogen bonding"
    },
    {
        "start_node": "[Emim][Cur]",
        "relationship": "capture_capacity",
        "end_node": "5.13 g g^-1"
    },
    {
        "start_node": "[Bmim][Cur]",
        "relationship": "capture_capacity",
        "end_node": "5.14 g g^-1"
    },
    {
        "start_node": "[Emim][Cur]",
        "relationship": "iodine_amount",
        "end_node": "1463 mg g^-1"
    },
    {
        "start_node": "[Bmim][Cur]",
        "relationship": "iodine_amount",
        "end_node": "1395 mg g^-1"
    },
    {
        "start_node": "charge transfer",
        "relationship": "cause",
        "end_node": "polyiodide anions"
    },
    {
        "start_node": "FT-IR, Raman, XPS spectra",
        "relationship": "reveal",
        "end_node": "charge transfer and structure"
    },
    {
        "start_node": "DFT analysis",
        "relationship": "confirm",
        "end_node": "hydrogen bond reconstruction, halogen bond"
    },
    {
        "start_node": "curcumin anions",
        "relationship": "intermolecular_bond",
        "end_node": "weaker"
    },
    {
        "start_node": "curcumin anions",
        "relationship": "react_with",
        "end_node": "iodine"
    },
    {
        "start_node": "strong halogen bond",
        "relationship": "formed",
        "end_node": "iodine and keto oxygen"
    }
]