[
    {
        "start_node": "HOF",
        "relationship": "contain",
        "end_node": "antibacterial Co(II) compound"
    },
    {
        "start_node": "HOF",
        "relationship": "contain",
        "end_node": "[Co(L1)(2)(H2O)]·2H2O (1)"
    },
    {
        "start_node": "HOF",
        "relationship": "derive_from",
        "end_node": "3,5-dichlorosalicylaldehyde thiosemicarbazone (L2)"
    },
    {
        "start_node": "L2",
        "relationship": "synthesized_from",
        "end_node": "3,5-dichlorosalicylic aldehyde and thiosemicarbazide"
    },
    {
        "start_node": "1",
        "relationship": "structure",
        "end_node": "mononuclear, L1 coordinated"
    },
    {
        "start_node": "1",
        "relationship": "feature",
        "end_node": "1D supramolecular chain"
    },
    {
        "start_node": "1",
        "relationship": "assembly",
        "end_node": "2D supramolecular layer"
    },
    {
        "start_node": "1",
        "relationship": "interaction",
        "end_node": "hydrogen bonding"
    },
    {
        "start_node": "HOF",
        "relationship": "property",
        "end_node": "antibacterial (E. coli: 89.41%, MRSA: 93.17%)"
    },
    {
        "start_node": "HOF",
        "relationship": "compare",
        "end_node": "L1 (E. coli: 29.09%, MRSA: 38.54%)"
    },
    {
        "start_node": "HOF",
        "relationship": "photoluminescence",
        "end_node": "solid and liquid"
    },
    {
        "start_node": "L1",
        "relationship": "comparison",
        "end_node": "photoluminescence"
    }
]