[
    {
        "start_node": "Copper(II) Acetate/SCS System",
        "relationship": "synthesis",
        "end_node": "Coordination Compounds"
    },
    {
        "start_node": "Compounds",
        "relationship": "obtained_by",
        "end_node": "Copper(II) Acetate + SCS"
    },
    {
        "start_node": "1",
        "relationship": "compound",
        "end_node": "[Cu-2(AcO)(4)(SCS)]"
    },
    {
        "start_node": "2",
        "relationship": "compound",
        "end_node": "[Cu-2(AcO)(4)(SCS)]cdot solv"
    },
    {
        "start_node": "3",
        "relationship": "compound",
        "end_node": "[Cu-4(AcO)(8)(SCS)(5)(H2O)(6)]cdot 4H2O"
    },
    {
        "start_node": "4",
        "relationship": "compound",
        "end_node": "[Cu-4(OH)(2)(AcO)(6)(SCS)(2)]cdot 10H2O"
    },
    {
        "start_node": "Structural Diversity",
        "relationship": "achieved_by",
        "end_node": "copper acetate + SCS flexibility"
    },
    {
        "start_node": "Motifs",
        "relationship": "found_in",
        "end_node": "1: linear chains, 2: zigzag chains, 3: undulated tetramers, 4: ladder-like chains"
    },
    {
        "start_node": "Hydrogen bonding",
        "relationship": "interaction",
        "end_node": "2-4, solvent molecules"
    },
    {
        "start_node": "Guest molecules",
        "relationship": "influence",
        "end_node": "crystal system (2-4)"
    },
    {
        "start_node": "2",
        "relationship": "SC-SC transformation",
        "end_node": "temperature-induced"
    },
    {
        "start_node": "2-3 to 1",
        "relationship": "phase_transition",
        "end_node": "desolvation/recrystallization (irreversible)"
    }
]