[
    {
        "start_node": "Synthesis",
        "relationship": "describes",
        "end_node": "Complex 1"
    },
    {
        "start_node": "Complex 1",
        "relationship": "has_structure",
        "end_node": "sandwich-type"
    },
    {
        "start_node": "sandwich-type",
        "relationship": "contains",
        "end_node": "[(Na(H2O)(2))(3)(Cu(H2O))(3)(BiW9O33)(2)](9-) anion"
    },
    {
        "start_node": "Complex 1",
        "relationship": "contains",
        "end_node": "[Na-2(H2O)(7)(C6H16O3N)](3+) cations"
    },
    {
        "start_node": "Complex 1",
        "relationship": "contains",
        "end_node": "Na(H2O)(6)(+) cation"
    },
    {
        "start_node": "Complex 1",
        "relationship": "contains",
        "end_node": "free C6H16O3N+ units"
    },
    {
        "start_node": "[(Na(H2O)(2))(3)(Cu(H2O))(3)(BiW9O33)(2)](9-) anion",
        "relationship": "forms_cluster_with",
        "end_node": "[Na-2(H2O)(7)(C6H16O3N)](3+) cations"
    },
    {
        "start_node": "new 3D structure",
        "relationship": "constructed_by",
        "end_node": "hydrogen bonding"
    },
    {
        "start_node": "Crystal data",
        "relationship": "belongs_to",
        "end_node": "Cu3Na8Bi2W18C24H150O121N4"
    },
    {
        "start_node": "Crystal data",
        "relationship": "space_group",
        "end_node": "monoclinic, C2/c"
    },
    {
        "start_node": "Crystal data",
        "relationship": "unit_cell",
        "end_node": "a = 14.5668(13) angstrom, b = 23.0405(13) angstrom, c = 37.412(2) angstrom, beta = 91.569(10) degrees"
    }
]