[
    {
        "start_node": "HOF",
        "relationship": "contain",
        "end_node": "binary tetrahydrofuran + O2 clathrate hydrate"
    },
    {
        "start_node": "HOF",
        "relationship": "contain",
        "end_node": "3-hydroxytetrahydrofuran + O2 clathrate hydrate"
    },
    {
        "start_node": "binary tetrahydrofuran + O2 clathrate hydrate",
        "relationship": "structure determined by",
        "end_node": "Rietveld analysis"
    },
    {
        "start_node": "3-hydroxytetrahydrofuran + O2 clathrate hydrate",
        "relationship": "structure determined by",
        "end_node": "Rietveld analysis"
    },
    {
        "start_node": "structural determination",
        "relationship": "method",
        "end_node": "direct space method"
    },
    {
        "start_node": "hydroxyl substituent effect",
        "relationship": "impact on",
        "end_node": "guest-host interactions"
    },
    {
        "start_node": "hydrogen bonding",
        "relationship": "observed between",
        "end_node": "5(12)6(4) cage and water molecules"
    },
    {
        "start_node": "hydrogen bonding",
        "relationship": "absent between",
        "end_node": "THF guests and host framework"
    },
    {
        "start_node": "hydrogen bonding",
        "relationship": "induces",
        "end_node": "larger 5(12) cages"
    },
    {
        "start_node": "disorder dynamics",
        "relationship": "affected by",
        "end_node": "hydrogen bonding of larger guest molecules"
    }
]