[
    {
        "start_node": "HOF",
        "relationship": "contain",
        "end_node": "photochromic coordination compounds"
    },
    {
        "start_node": "photochromic compounds",
        "relationship": "impact",
        "end_node": "coordination"
    },
    {
        "start_node": "compounds",
        "relationship": "feature",
        "end_node": "compound 1"
    },
    {
        "start_node": "compound 1",
        "relationship": "structure",
        "end_node": "isolated"
    },
    {
        "start_node": "compound 1",
        "relationship": "uncoordinated",
        "end_node": "photoactive CEbpy ligands"
    },
    {
        "start_node": "photoactive CEbpy ligands",
        "relationship": "connect",
        "end_node": "hexahydrated zinc ions"
    },
    {
        "start_node": "compound 1",
        "relationship": "comparison",
        "end_node": "compound 2"
    },
    {
        "start_node": "compound 2",
        "relationship": "structure",
        "end_node": "1-D chain"
    },
    {
        "start_node": "compound 2",
        "relationship": "coordination",
        "end_node": "CEbpy ligands to zinc ions"
    },
    {
        "start_node": "compound 1",
        "relationship": "coloration speed",
        "end_node": "faster"
    },
    {
        "start_node": "coordination",
        "relationship": "effect",
        "end_node": "slower photochromism"
    },
    {
        "start_node": "compounds",
        "relationship": "show",
        "end_node": "photoluminescence quenching"
    },
    {
        "start_node": "compound 1",
        "relationship": "intensity contrast",
        "end_node": "larger"
    },
    {
        "start_node": "design",
        "relationship": "aim",
        "end_node": "high-performance photochromic compounds"
    }
]