[
    {
        "start_node": "HOF",
        "relationship": "contain",
        "end_node": "Template-directed assembly"
    },
    {
        "start_node": "HOF",
        "relationship": "yield",
        "end_node": "cadmium diphosphonate 1"
    },
    {
        "start_node": "HOF",
        "relationship": "yield",
        "end_node": "cadmium diphosphonate 2"
    },
    {
        "start_node": "cadmium diphosphonate 1",
        "relationship": "SDA",
        "end_node": "2, 2'-biimidazole (2, 2'-biim)"
    },
    {
        "start_node": "cadmium diphosphonate 2",
        "relationship": "SDA",
        "end_node": "2, 2'-bipyridine (2, 2'-bipy)"
    },
    {
        "start_node": "HOF",
        "relationship": "property",
        "end_node": "diverse structures"
    },
    {
        "start_node": "HOF",
        "relationship": "property",
        "end_node": "thermal stability"
    },
    {
        "start_node": "HOF",
        "relationship": "property",
        "end_node": "luminescent properties"
    },
    {
        "start_node": "cadmium diphosphonate 1",
        "relationship": "structure",
        "end_node": "3D supramolecular"
    },
    {
        "start_node": "cadmium diphosphonate 2",
        "relationship": "structure",
        "end_node": "3D supramolecular"
    },
    {
        "start_node": "cadmium diphosphonate 1",
        "relationship": "interaction",
        "end_node": "pi-pi stacking"
    },
    {
        "start_node": "cadmium diphosphonate 2",
        "relationship": "interaction",
        "end_node": "hydrogen-bond"
    },
    {
        "start_node": "cadmium diphosphonate 1",
        "relationship": "property",
        "end_node": "higher thermal stability"
    },
    {
        "start_node": "cadmium diphosphonate 1",
        "relationship": "property",
        "end_node": "luminescent"
    },
    {
        "start_node": "cadmium diphosphonate 2",
        "relationship": "property",
        "end_node": "no luminescence"
    },
    {
        "start_node": "cadmium diphosphonate 1",
        "relationship": "application",
        "end_node": "luminescent sensor for Hg2+"
    },
    {
        "start_node": "cadmium diphosphonate 1",
        "relationship": "detection limit",
        "end_node": "3.1 x 10(-7) M"
    },
    {
        "start_node": "HOF",
        "relationship": "mechanism",
        "end_node": "weak interaction between O sites and Hg2+"
    }
]