[
    {
        "start_node": "MOF",
        "relationship": "synthesized",
        "end_node": "1"
    },
    {
        "start_node": "MOF",
        "relationship": "synthesized",
        "end_node": "2"
    },
    {
        "start_node": "1",
        "relationship": "contains",
        "end_node": "binuclear Mn-2 unit"
    },
    {
        "start_node": "2",
        "relationship": "contains",
        "end_node": "tetranuclear Zn-4 unit"
    },
    {
        "start_node": "1",
        "relationship": "bridged_by",
        "end_node": "HBTC2-"
    },
    {
        "start_node": "2",
        "relationship": "bridged_by",
        "end_node": "BTC3-"
    },
    {
        "start_node": "1",
        "relationship": "network_type",
        "end_node": "(4,4) 2D network"
    },
    {
        "start_node": "2",
        "relationship": "network_type",
        "end_node": "(3,6) 2D network"
    },
    {
        "start_node": "1",
        "relationship": "interaction",
        "end_node": "hydrogen bonds"
    },
    {
        "start_node": "1",
        "relationship": "interaction",
        "end_node": "pi center dot center dot center dot pi"
    },
    {
        "start_node": "1",
        "relationship": "magnetism",
        "end_node": "ferromagnetic"
    },
    {
        "start_node": "2",
        "relationship": "photoluminescence",
        "end_node": "437 nm (excitation at 365 nm)"
    }
]