[
    {
        "start_node": "HOF",
        "relationship": "contain",
        "end_node": "Stereoselective association"
    },
    {
        "start_node": "Stereoselective association",
        "relationship": "result",
        "end_node": "Coordination polymers"
    },
    {
        "start_node": "Coordination polymers",
        "relationship": "formed_by",
        "end_node": "racemic molecular clips SS- and RR-1,1'-bis(1-(1,2,4-triazol-1-yl)ethyl)ferrocene (FcTz)"
    },
    {
        "start_node": "molecular clips",
        "relationship": "type",
        "end_node": "FcTz"
    },
    {
        "start_node": "molecular clips",
        "relationship": "stereoisomer",
        "end_node": "Zn(CH3COO)(2)·4 H2O"
    },
    {
        "start_node": "Zn(CH3COO)(2)·4 H2O",
        "relationship": "induces",
        "end_node": "homochiral chains"
    },
    {
        "start_node": "homochiral chains",
        "relationship": "enantiomer",
        "end_node": "1 (right-handed)"
    },
    {
        "start_node": "homochiral chains",
        "relationship": "enantiomer",
        "end_node": "1' (left-handed)"
    },
    {
        "start_node": "homochiral chains",
        "relationship": "CD spectrum",
        "end_node": "opposite Cotton response"
    },
    {
        "start_node": "meso-type association",
        "relationship": "results_in",
        "end_node": "centro-symmetric two-dimensional sheets"
    },
    {
        "start_node": "meso-type association",
        "relationship": "using",
        "end_node": "CdI2"
    },
    {
        "start_node": "metal center",
        "relationship": "coordination",
        "end_node": "tetrahedral"
    },
    {
        "start_node": "metal center",
        "relationship": "geometry",
        "end_node": "mirror symmetric tetragonal pyramidal"
    },
    {
        "start_node": "weak intermolecular interactions",
        "relationship": "controls",
        "end_node": "homochiral aggregation"
    },
    {
        "start_node": "homochiral aggregation",
        "relationship": "type",
        "end_node": "helical polymers"
    },
    {
        "start_node": "homochiral aggregation",
        "relationship": "type",
        "end_node": "achiral sheets"
    }
]