[
    {
        "start_node": "HOF",
        "relationship": "derive_from",
        "end_node": "Microporous MXene/Polyurethane Gel"
    },
    {
        "start_node": "Microporous MXene/Polyurethane Gel",
        "relationship": "use_for",
        "end_node": "Pressure Sensor"
    },
    {
        "start_node": "Pressure Sensor",
        "relationship": "characteristic",
        "end_node": "High Performance"
    },
    {
        "start_node": "Pressure Sensor",
        "relationship": "property",
        "end_node": "Large Compressive Range (2.6 MPa)"
    },
    {
        "start_node": "Pressure Sensor",
        "relationship": "property",
        "end_node": "60% Deformation"
    },
    {
        "start_node": "Pressure Sensor",
        "relationship": "durability",
        "end_node": "Excellent Cycling Durability (12000 cycles)"
    },
    {
        "start_node": "Pressure Sensor",
        "relationship": "stability",
        "end_node": "Long-Term Stability (20 days, 20000 cycles)"
    },
    {
        "start_node": "Pressure Sensor",
        "relationship": "sensitivity",
        "end_node": "0.96144 kPa(-1)"
    },
    {
        "start_node": "Pressure Sensor",
        "relationship": "application",
        "end_node": "Plantar Health Monitoring"
    },
    {
        "start_node": "Pressure Sensor",
        "relationship": "potential",
        "end_node": "Human Health Care, Rehabilitation"
    },
    {
        "start_node": "Microporous MXene/Polyurethane Gel",
        "relationship": "use_for",
        "end_node": "Triboelectric Nanogenerator"
    },
    {
        "start_node": "MXene/PU Gel",
        "relationship": "field",
        "end_node": "Advanced Wearable Electronic Sensors"
    }
]