[
    {
        "start_node": "HOF",
        "relationship": "contain",
        "end_node": "Four new dinuclear uranyl complexes"
    },
    {
        "start_node": "complexes",
        "relationship": "belong_to",
        "end_node": "syntheses"
    },
    {
        "start_node": "syntheses",
        "relationship": "describe",
        "end_node": "structures"
    },
    {
        "start_node": "structures",
        "relationship": "consist_of",
        "end_node": "uranyl units"
    },
    {
        "start_node": "units",
        "relationship": "bridged_by",
        "end_node": "benzoic acid ligands"
    },
    {
        "start_node": "ligands",
        "relationship": "form",
        "end_node": "dinuclear units"
    },
    {
        "start_node": "dinuclear units",
        "relationship": "have",
        "end_node": "C2/c (1) and P (2) space groups"
    },
    {
        "start_node": "polymorph forms",
        "relationship": "correspond_to",
        "end_node": "1 and 2"
    },
    {
        "start_node": "forms",
        "relationship": "assembled_into",
        "end_node": "3D network"
    },
    {
        "start_node": "network",
        "relationship": "constructed_by",
        "end_node": "hydrogen bonds, pi stacking"
    },
    {
        "start_node": "complexes",
        "relationship": "exhibit",
        "end_node": "photocatalytic properties"
    },
    {
        "start_node": "properties",
        "relationship": "tested_for",
        "end_node": "degradation of rhodamine-B"
    },
    {
        "start_node": "complexes",
        "relationship": "analyzed_by",
        "end_node": "elemental analysis, IR spectroscopy"
    },
    {
        "start_node": "analysis",
        "relationship": "performed",
        "end_node": "thermogravimetric analysis, DRS"
    },
    {
        "start_node": "luminescence",
        "relationship": "discussed",
        "end_node": "luminescent properties"
    },
    {
        "start_node": "copyright",
        "relationship": "applies_to",
        "end_node": "Elsevier B.V., all rights reserved"
    }
]