[
    {
        "start_node": "Effects",
        "relationship": "study",
        "end_node": "Adsorption"
    },
    {
        "start_node": "Adsorption",
        "relationship": "on",
        "end_node": "M-3(HIB)(2) Surface"
    },
    {
        "start_node": "M-3(HIB)(2) Surface",
        "relationship": "belongsto",
        "end_node": "Two-Dimensional Metal-hexaiminobenzene Frameworks"
    },
    {
        "start_node": "Gas Molecules",
        "relationship": "include",
        "end_node": "NH3"
    },
    {
        "start_node": "Gas Molecules",
        "relationship": "include",
        "end_node": "H2O"
    },
    {
        "start_node": "Gas Molecules",
        "relationship": "include",
        "end_node": "H2S"
    },
    {
        "start_node": "Gas Molecules",
        "relationship": "include",
        "end_node": "NO2"
    },
    {
        "start_node": "NH3",
        "relationship": "adsorb",
        "end_node": "M-3(HIB)(2) Surface",
        "properties": {
            "strength": "weak",
            "energy": "-0.36 eV",
            "effect": "slight"
        }
    },
    {
        "start_node": "H2O",
        "relationship": "adsorb",
        "end_node": "M-3(HIB)(2) Surface",
        "properties": {
            "strength": "weak",
            "energy": "<-0.36 eV",
            "effect": "slight"
        }
    },
    {
        "start_node": "H2S",
        "relationship": "adsorb",
        "end_node": "M-3(HIB)(2) Surface",
        "properties": {
            "strength": "weak",
            "energy": "<-0.36 eV",
            "effect": "slight"
        }
    },
    {
        "start_node": "NO2",
        "relationship": "adsorb",
        "end_node": "M-3(HIB)(2) Surface",
        "properties": {
            "strength": "strong",
            "energy_range": "-0.65--1.72 eV",
            "effect": "band gap opening"
        }
    },
    {
        "start_node": "NO2",
        "relationship": "change",
        "end_node": "Electronic Structure",
        "properties": {
            "Cu-3(HIB)(2) Film": "semiconductor",
            "Ni-3(HIB)(2) Film": "half-metallic"
        }
    },
    {
        "start_node": "Ni-3(HIB)(2) Film",
        "relationship": "transition",
        "end_node": "Magnetic States",
        "condition": "high NO2 concentration"
    },
    {
        "start_node": "Cu-3(HIB)(2) Film",
        "relationship": "transition",
        "end_node": "Semiconductor",
        "condition": "high NO2 concentration"
    },
    {
        "start_node": "Potential Application",
        "relationship": "suggest",
        "end_node": "Gas Sensing"
    }
]