[
    {
        "start_node": "HOF",
        "relationship": "contain",
        "end_node": "CO2 reduction"
    },
    {
        "start_node": "HOF",
        "relationship": "display",
        "end_node": "high performance"
    },
    {
        "start_node": "HOF",
        "relationship": "feature",
        "end_node": "bimetallic supramolecular assembly"
    },
    {
        "start_node": "assembly",
        "relationship": "consist_of",
        "end_node": "RuPy"
    },
    {
        "start_node": "assembly",
        "relationship": "consist_of",
        "end_node": "ReCOPy"
    },
    {
        "start_node": "assembly",
        "relationship": "mechanism",
        "end_node": "electron transfer"
    },
    {
        "start_node": "RuPy",
        "relationship": "type",
        "end_node": "photosensitizer"
    },
    {
        "start_node": "ReCOPy",
        "relationship": "type",
        "end_node": "catalyst"
    },
    {
        "start_node": "RuPy-ReCOPy",
        "relationship": "synthesized_from",
        "end_node": "RuPy, ReCOPy"
    },
    {
        "start_node": "RuPy-ReCOPy",
        "relationship": "properties",
        "end_node": "TOF: 18 h^(-1)"
    },
    {
        "start_node": "RuPy-ReCOPy",
        "relationship": "properties",
        "end_node": "Φ(CO): 0.39"
    },
    {
        "start_node": "RuPy-ReCOPy",
        "relationship": "comparison",
        "end_node": "Ru(bpy)(3)Cl-2 (Ru), Re(bpy)(CO)(3)Cl (ReCO)"
    },
    {
        "start_node": "RuPy-ReCOPy",
        "relationship": "comparison_value",
        "end_node": "TOF: 18 h^(-1) vs 5.3 h^(-1)"
    },
    {
        "start_node": "RuPy-ReCOPy",
        "relationship": "comparison_value",
        "end_node": "Φ(CO): 0.39 vs 0.19"
    }
]