[
    {
        "start_node": "Mg(II)",
        "relationship": "form",
        "end_node": "complex_1"
    },
    {
        "start_node": "malonate",
        "relationship": "binds_to",
        "end_node": "complex_1"
    },
    {
        "start_node": "2-aminopyridine",
        "relationship": "protonated",
        "end_node": "complex_1"
    },
    {
        "start_node": "hexafluoridophosphate",
        "relationship": "acts_as",
        "end_node": "counterion"
    },
    {
        "start_node": "lone pair",
        "relationship": "interaction_type",
        "end_node": "pi"
    },
    {
        "start_node": "lone pair",
        "relationship": "involved_in",
        "end_node": "self-assembly"
    },
    {
        "start_node": "pi-π interaction",
        "relationship": "present_in",
        "end_node": "complex_1"
    },
    {
        "start_node": "anion-π interaction",
        "relationship": "observed_in",
        "end_node": "complex_1"
    },
    {
        "start_node": "complex_1",
        "relationship": "contains",
        "end_node": "network_description"
    },
    {
        "start_node": "network_description",
        "relationship": "type_of",
        "end_node": "unusual_supramolecular"
    }
]