[
    {
        "start_node": "HOF",
        "relationship": "contain",
        "end_node": "Amine-functionalized Quasi-MOF"
    },
    {
        "start_node": "Amine-functionalized Quasi-MOF",
        "relationship": "for",
        "end_node": "Direct Air Capture"
    },
    {
        "start_node": "Direct Air Capture",
        "relationship": "challenge",
        "end_node": "CO2 capture from ambient air"
    },
    {
        "start_node": "CO2 capture",
        "relationship": "requirement",
        "end_node": "Competitive adsorption of water"
    },
    {
        "start_node": "CO2 pressure",
        "relationship": "low",
        "end_node": "Ambient air conditions"
    },
    {
        "start_node": "X-UIO-EDA",
        "relationship": "class",
        "end_node": "amine-functionalized quasi-MOF"
    },
    {
        "start_node": "2-UIO-EDA",
        "relationship": "display",
        "end_node": "CO2 capture capacity"
    },
    {
        "start_node": "2-UIO-EDA",
        "relationship": "condition",
        "end_node": "humid air"
    },
    {
        "start_node": "2-UIO-EDA",
        "relationship": "capacity ratio",
        "end_node": "10-fold (dry to humid)"
    },
    {
        "start_node": "CO2 desorption energy",
        "relationship": "lower",
        "end_node": "Humid air conditions"
    },
    {
        "start_node": "quasi-UIO-66",
        "relationship": "comparison",
        "end_node": "more amine modification sites"
    },
    {
        "start_node": "in situ FT-IR analysis",
        "relationship": "demonstrates",
        "end_node": "water's role in transformation"
    },
    {
        "start_node": "steric hindrance",
        "relationship": "effect",
        "end_node": "micropore confinement"
    },
    {
        "start_node": "bicarbonate",
        "relationship": "formation",
        "end_node": "humidity"
    },
    {
        "start_node": "hydronium carbamate",
        "relationship": "species",
        "end_node": "humidity"
    },
    {
        "start_node": "weak hydrogen bonds",
        "relationship": "formation",
        "end_node": "humidity"
    }
]