[
    {
        "start_node": "Cation Dependent",
        "relationship": "involves",
        "end_node": "Charge Transport"
    },
    {
        "start_node": "Linear Dicarboxylate",
        "relationship": "forms",
        "end_node": "Isotypical 1D CP"
    },
    {
        "start_node": "Coordination Polymer",
        "relationship": "compound",
        "end_node": "[Cd(adc)(4-phpy)(2)(H2O) 2]"
    },
    {
        "start_node": "Mixed-Ligand",
        "relationship": "comprises",
        "end_node": "1D CP"
    },
    {
        "start_node": "[Zn(adc)(4-phpy)(2)(H2O)(2)]",
        "relationship": "isostructural",
        "end_node": "[Cd(adc)(4-phpy)(2)(H2O) 2]"
    },
    {
        "start_node": "Supramolecular Networks",
        "relationship": "formed by",
        "end_node": "Hydrogen Bonding, C-H...pi Interactions"
    },
    {
        "start_node": "Electrical Conductivity",
        "relationship": "exhibited by",
        "end_node": "Compounds 1 and 2"
    },
    {
        "start_node": "Schottky Barrier Diode Behavior",
        "relationship": "observed in",
        "end_node": "Compounds 1 and 2"
    },
    {
        "start_node": "Mobility",
        "relationship": "measured for",
        "end_node": "Compound 1 (9.15x10^(-7) m^2/V*s)"
    },
    {
        "start_node": "Diffusion Length",
        "relationship": "for",
        "end_node": "Compound 1 (1.116 mm)"
    },
    {
        "start_node": "Density of States",
        "relationship": "analyzed for",
        "end_node": "Quasi Fermi Level"
    },
    {
        "start_node": "Compound 1",
        "relationship": "higher electrical conductivity",
        "end_node": "2.55 times",
        "end_node2": "Compound 2"
    },
    {
        "start_node": "H-bonding Distance",
        "relationship": "impact on conductivity",
        "end_node": "Shorter in Compound 1"
    }
]