[
    {
        "start_node": "HOF",
        "relationship": "describe",
        "end_node": "Single Crystal to Single Crystal Polymerization"
    },
    {
        "start_node": "HOF",
        "relationship": "yield",
        "end_node": "Columnar Polydiacetylenes"
    },
    {
        "start_node": "Polydiacetylene Structure",
        "relationship": "consist_of",
        "end_node": "Aligned Nanotubes"
    },
    {
        "start_node": "Nanotubes",
        "relationship": "feature",
        "end_node": "Parallel PDA Chains"
    },
    {
        "start_node": "Channels",
        "relationship": "defined_by",
        "end_node": "Macrocycle"
    },
    {
        "start_node": "Alignment",
        "relationship": "display",
        "end_node": "Quasi-One-Dimensional Electronic Structure"
    },
    {
        "start_node": "Potential",
        "relationship": "interest_in",
        "end_node": "Highly Conductive Organic Materials"
    },
    {
        "start_node": "Bulk PDA",
        "relationship": "obtained_from",
        "end_node": "1 center dot 2H(2)O form"
    },
    {
        "start_node": "Polymerization",
        "relationship": "method",
        "end_node": "Heating"
    },
    {
        "start_node": "Powder X-ray Diffraction",
        "relationship": "indicate",
        "end_node": "Single Phase Bulk PDA"
    },
    {
        "start_node": "Absorption",
        "relationship": "observed",
        "end_node": "I-2 Vapor"
    },
    {
        "start_node": "Unique PDA Structure",
        "relationship": "amenable_to",
        "end_node": "Property Control via Adsorbed Guests"
    },
    {
        "start_node": "Investigation",
        "relationship": "attractive_for",
        "end_node": "Charge-Transfer Doping"
    },
    {
        "start_node": "Additional Forms",
        "relationship": "include",
        "end_node": "1 center dot MeOH (Columnar Assembly)"
    },
    {
        "start_node": "Additional Forms",
        "relationship": "include",
        "end_node": "1 center dot 4H(2)O (2D Sheet Structure)"
    }
]