[
    {
        "start_node": "HOF",
        "relationship": "contain",
        "end_node": "Supramolecular microporous network"
    },
    {
        "start_node": "Supramolecular microporous network",
        "relationship": "is",
        "end_node": "Zinc(II) coordination polymer"
    },
    {
        "start_node": "Zinc(II) coordination polymer",
        "relationship": "for",
        "end_node": "Fluorescent detection"
    },
    {
        "start_node": "Fluorescent detection",
        "relationship": "of",
        "end_node": "Pb<sup>2+</sup>"
    },
    {
        "start_node": "HOF",
        "relationship": "contain",
        "end_node": "Hydrogen bonded microporous network"
    },
    {
        "start_node": "Hydrogen bonded microporous network",
        "relationship": "with",
        "end_node": "Lewis basic N sites"
    },
    {
        "start_node": "N sites",
        "relationship": "are",
        "end_node": "TZ-HIP, HPYTZ, H2O"
    },
    {
        "start_node": "TZ-HIP",
        "relationship": "ligand",
        "end_node": ""
    },
    {
        "start_node": "HPYTZ",
        "relationship": "ligand",
        "end_node": ""
    },
    {
        "start_node": "H2O",
        "relationship": "ligand",
        "end_node": ""
    },
    {
        "start_node": "HOF",
        "relationship": "contain",
        "end_node": "Single crystal X-ray diffraction"
    },
    {
        "start_node": "Single crystal X-ray diffraction",
        "relationship": "shows",
        "end_node": "1D chain"
    },
    {
        "start_node": "1D chain",
        "relationship": "formed by",
        "end_node": "Zn(II), HTZ-H2IP"
    },
    {
        "start_node": "HTZ-H2IP",
        "relationship": "bridges",
        "end_node": "Zn(II) centers"
    },
    {
        "start_node": "Zn(II) centers",
        "relationship": "have",
        "end_node": "HPYTZ lateral arms"
    },
    {
        "start_node": "HOF",
        "relationship": "produce",
        "end_node": "3D microporous network"
    },
    {
        "start_node": "3D microporous network",
        "relationship": "by",
        "end_node": "H-bonding interactions"
    },
    {
        "start_node": "network",
        "relationship": "has",
        "end_node": "1D pores"
    },
    {
        "start_node": "1D pores",
        "relationship": "due to",
        "end_node": "uncoordinated N atoms"
    },
    {
        "start_node": "N atoms",
        "relationship": "cause",
        "end_node": "enhancing effect on luminescence"
    },
    {
        "start_node": "enhancing effect",
        "relationship": "on",
        "end_node": "luminescent intensity"
    },
    {
        "start_node": "Zinc complex",
        "relationship": "high sensitivity",
        "end_node": "10^(-3)-10^(-5) mol L^(-1)"
    },
    {
        "start_node": "HOF",
        "relationship": "may be used as",
        "end_node": "Pb<sup>2+</sup> sensor"
    },
    {
        "start_node": "sensor",
        "relationship": "for",
        "end_node": "biological and environmental materials"
    }
]