[
    {
        "start_node": "HOF",
        "relationship": "contain",
        "end_node": "dithiophene-tetrathiafulvalene"
    },
    {
        "start_node": "HOF",
        "relationship": "derive",
        "end_node": "DT-TTF"
    },
    {
        "start_node": "DT-TTF",
        "relationship": "synthesise",
        "end_node": "mono-arylated derivative"
    },
    {
        "start_node": "DT-TTF",
        "relationship": "synthesise",
        "end_node": "tetraarylated derivative"
    },
    {
        "start_node": "mono-arylated derivative",
        "relationship": "functionalise",
        "end_node": "electron-withdrawing group"
    },
    {
        "start_node": "tetraarylated derivative",
        "relationship": "functionalise",
        "end_node": "electron-donating group"
    },
    {
        "start_node": "DT-TTF",
        "relationship": "property",
        "end_node": "high field-effect mobility"
    },
    {
        "start_node": "DT-TTF",
        "relationship": "electronic property evaluation",
        "end_node": "cyclic voltammetry"
    },
    {
        "start_node": "DT-TTF",
        "relationship": "electronic property evaluation",
        "end_node": "UV-vis spectroscopy"
    },
    {
        "start_node": "DT-TTF-tetrabenzoic acid derivative",
        "relationship": "self-assembly",
        "end_node": "STM"
    },
    {
        "start_node": "STM",
        "relationship": "reveal",
        "end_node": "2D hydrogen-bonded networks"
    },
    {
        "start_node": "DT-TTF-tetrabenzoic acid derivative",
        "relationship": "geometry",
        "end_node": "planar"
    },
    {
        "start_node": "DT-TTF-tetrabenzoic acid derivative",
        "relationship": "interactions",
        "end_node": "van der Waals"
    },
    {
        "start_node": "DT-TTF-tetrabenzoic acid derivative",
        "relationship": "interactions",
        "end_node": "H-bonding"
    },
    {
        "start_node": "HOF",
        "relationship": "application",
        "end_node": "design of novel pi-extended electroactive frameworks"
    }
]