[
    {
        "start_node": "Reaction Pathway",
        "relationship": "leads_to",
        "end_node": "Benzazepine Carboxylic Acid"
    },
    {
        "start_node": "Benzazepine Derivatives",
        "relationship": "contains",
        "end_node": "Four Related Compounds"
    },
    {
        "start_node": "Compound I",
        "relationship": "is",
        "end_node": "C12H13NO3 (2R*,4S*)-Methyl 2,3,4,5-tetrahydro-1,4-epoxy-1H-benz[b]azepine-2-carboxylate"
    },
    {
        "start_node": "Compound II",
        "relationship": "is",
        "end_node": "C12H15NO3 (2R*,4S*)-Methyl 4-hydroxy-2,3,4,5-tetrahydro-1H-benz[b]azepine-2-carboxylate"
    },
    {
        "start_node": "Compound III",
        "relationship": "is",
        "end_node": "C11H13NO3 (2RS,4SR)-4-hydroxy-2,3,4,5-tetrahydro-1H-benz[b]azepine-2-carboxylic acid"
    },
    {
        "start_node": "Compound IV",
        "relationship": "is",
        "end_node": "C12H10F3NO3 (2RS,5SR)-8-(trifluoromethoxy)-5,6-dihydro-1H-2,5-methanobenz[e][1,4]oxa zocin-3(2H)-one"
    },
    {
        "start_node": "Compound IV",
        "relationship": "forms",
        "end_node": "Centro-symmetric R-2(2)(10) Dimers"
    },
    {
        "start_node": "Compound I",
        "relationship": "forms",
        "end_node": "Chain (C-H...pi hydrogen bonds)"
    },
    {
        "start_node": "Compound III",
        "relationship": "forms",
        "end_node": "Sheet (O-H...O and O-H...N hydrogen bonds)"
    },
    {
        "start_node": "Compound II",
        "relationship": "forms",
        "end_node": "Three-dimensional Framework (C-H...pi and O-H...N,O hydrogen bonds)"
    },
    {
        "start_node": "Comparison",
        "relationship": "made_with",
        "end_node": "Related Compounds"
    }
]