[
    {
        "start_node": "TI",
        "relationship": "introduce",
        "end_node": "Host-guest chemistry"
    },
    {
        "start_node": "Host-guest chemistry",
        "relationship": "in",
        "end_node": "2D supramolecular networks"
    },
    {
        "start_node": "2D supramolecular networks",
        "relationship": "used_for",
        "end_node": "immobilizing guest molecules"
    },
    {
        "start_node": "fields",
        "relationship": "include",
        "end_node": "separation technology"
    },
    {
        "start_node": "fields",
        "relationship": "include",
        "end_node": "catalysis"
    },
    {
        "start_node": "fields",
        "relationship": "include",
        "end_node": "nanoscale patterning"
    },
    {
        "start_node": "structural topologies",
        "relationship": "characteristics_of",
        "end_node": "high crystallinity"
    },
    {
        "start_node": "forces",
        "relationship": "involved_in",
        "end_node": "hydrogen bonds"
    },
    {
        "start_node": "forces",
        "relationship": "involved_in",
        "end_node": "van der Waals interactions"
    },
    {
        "start_node": "forces",
        "relationship": "involved_in",
        "end_node": "coordinate bonds"
    },
    {
        "start_node": "recent years",
        "relationship": "witnessed",
        "end_node": "rise in activity"
    },
    {
        "start_node": "strategies",
        "relationship": "employed",
        "end_node": "rational design"
    },
    {
        "start_node": "focus",
        "relationship": "on",
        "end_node": "isoreticular host networks"
    },
    {
        "start_node": "focus",
        "relationship": "on",
        "end_node": "hosts functionalized pores"
    },
    {
        "start_node": "focus",
        "relationship": "on",
        "end_node": "dynamic host-guest systems"
    },
    {
        "start_node": "STM",
        "relationship": "used_in",
        "end_node": "reviewing host-guest chemistry"
    },
    {
        "start_node": "interfaces",
        "relationship": "described",
        "end_node": "solution-solid interface"
    },
    {
        "start_node": "interfaces",
        "relationship": "described",
        "end_node": "UHV-solid interface"
    }
]