[
    {
        "start_node": "HOF",
        "relationship": "contain",
        "end_node": "Distinct structures"
    },
    {
        "start_node": "structures",
        "relationship": "belong_to",
        "end_node": "inorganic-organic supramolecular assemblies"
    },
    {
        "start_node": "assemblies",
        "relationship": "feature",
        "end_node": "metallocyclic complexes"
    },
    {
        "start_node": "complexes",
        "relationship": "consist_of",
        "end_node": "discrete"
    },
    {
        "start_node": "complexes",
        "relationship": "contain",
        "end_node": "[Pd-2(1)(4)]"
    },
    {
        "start_node": "[Pd-2(1)(4)]",
        "relationship": "form",
        "end_node": "4"
    },
    {
        "start_node": "4",
        "relationship": "geometry",
        "end_node": "lantern-like cage structure"
    },
    {
        "start_node": "complexes",
        "relationship": "contain",
        "end_node": "[Pd-2(2)(2)Br-4]"
    },
    {
        "start_node": "[Pd-2(2)(2)Br-4]",
        "relationship": "form",
        "end_node": "5"
    },
    {
        "start_node": "5",
        "relationship": "geometry",
        "end_node": "1D channel"
    },
    {
        "start_node": "complexes",
        "relationship": "contain",
        "end_node": "[Pd-2(3)(2)Cl-4]"
    },
    {
        "start_node": "[Pd-2(3)(2)Cl-4]",
        "relationship": "form",
        "end_node": "6"
    },
    {
        "start_node": "6",
        "relationship": "geometry",
        "end_node": "2D undulating framework"
    },
    {
        "start_node": "complexes",
        "relationship": "characterized_by",
        "end_node": "NMR spectroscopy"
    },
    {
        "start_node": "complexes",
        "relationship": "analyzed_by",
        "end_node": "powder X-ray diffraction (PXRD)"
    },
    {
        "start_node": "complexes",
        "relationship": "analyzed_by",
        "end_node": "single-crystal X-ray diffraction"
    },
    {
        "start_node": "complexes",
        "relationship": "analyzed_by",
        "end_node": "thermal gravimetric analysis (TGA)"
    },
    {
        "start_node": "interactions",
        "relationship": "impact",
        "end_node": "secondary interactions"
    },
    {
        "start_node": "interactions",
        "relationship": "include",
        "end_node": "pi stacking interactions"
    },
    {
        "start_node": "interactions",
        "relationship": "include",
        "end_node": "hydrogen bonds"
    }
]