[
    {
        "start_node": "Synthesis",
        "relationship": "describes",
        "end_node": "Coordination Polymers"
    },
    {
        "start_node": "Coordination Polymers",
        "relationship": "consist_of",
        "end_node": "Mn-2(4,4-bpy)(2)(o-tol)(4) 1"
    },
    {
        "start_node": "Coordination Polymers",
        "relationship": "consist_of",
        "end_node": "Mn-2(4,4-bpy)(2)(m-tol)(4) 2"
    },
    {
        "start_node": "Coordination Polymers",
        "relationship": "consist_of",
        "end_node": "Mn-2(bpp)(2)(m-tol)(4) 3"
    },
    {
        "start_node": "Coordination Polymers",
        "relationship": "consist_of",
        "end_node": "Mn-2(4,4-bpy)(2)(p-tol)(4) [Mn(4,4-bpy)(2)(H2O)(2)(p-tol)(2)] .6H(2)O 4"
    },
    {
        "start_node": "Ligands",
        "relationship": "used_in",
        "end_node": "4,4'-bipyridine (4,4-bpy)"
    },
    {
        "start_node": "Ligands",
        "relationship": "used_in",
        "end_node": "1,3-bis(4-pyridyl)-propane (bpp)"
    },
    {
        "start_node": "Ligands",
        "relationship": "used_in",
        "end_node": "o-toluic acid (o-Htol)"
    },
    {
        "start_node": "Ligands",
        "relationship": "used_in",
        "end_node": "m-toluic acid (m-Htol)"
    },
    {
        "start_node": "Ligands",
        "relationship": "used_in",
        "end_node": "p-toluic acid (p-Htol)"
    },
    {
        "start_node": "Structures",
        "relationship": "formed_by",
        "end_node": "dinuclear Mn-2(tol)(4) moieties"
    },
    {
        "start_node": "Structures",
        "relationship": "bridged_by",
        "end_node": "4,4-bpy or bpp ligands"
    },
    {
        "start_node": "Structures",
        "relationship": "forms",
        "end_node": "1D double-chain"
    },
    {
        "start_node": "Assembly",
        "relationship": "method",
        "end_node": "hydrogen bonding or pi . pi . pi stacking"
    },
    {
        "start_node": "Layers",
        "relationship": "resulted_from",
        "end_node": "2D supramolecular"
    },
    {
        "start_node": "Characterization",
        "relationship": "methods",
        "end_node": "physico-chemical (thermal behavior) and infrared spectroscopy"
    },
    {
        "start_node": "Properties",
        "relationship": "magnetic",
        "end_node": "weak antiferromagnetic coupling exchange"
    },
    {
        "start_node": "Properties",
        "relationship": "exchange",
        "end_node": "J = -0.46 cm(-1) for 1, -0.56 cm(-1) for 2, -1.28 cm(-1) for 3, -0.59 cm(-1) for 4"
    }
]