[
    {
        "start_node": "Facile Preparation",
        "relationship": "describes",
        "end_node": "Covalent-Organic Framework"
    },
    {
        "start_node": "Dual-Shell TpBD",
        "relationship": "is",
        "end_node": "novel COF"
    },
    {
        "start_node": "Magnetic Nanospheres",
        "relationship": "functionalized with",
        "end_node": "Dual-Shell TpBD"
    },
    {
        "start_node": "Nonsmokers and Smokers",
        "relationship": "analyzed for",
        "end_node": "trace HAA levels"
    },
    {
        "start_node": "Heterocyclic Aromatic Amines",
        "relationship": "detected using",
        "end_node": "UPLC-MS/MS"
    },
    {
        "start_node": "Quantum Chemistry Theory",
        "relationship": "used for",
        "end_node": "interaction study"
    },
    {
        "start_node": "TpBD",
        "relationship": "interacts with",
        "end_node": "HAAs (multiple interactions)"
    },
    {
        "start_node": "Adsorption Capacity",
        "relationship": "evaluated for",
        "end_node": "TpBD-coated MNs"
    },
    {
        "start_node": "Recovery",
        "relationship": "ranging from",
        "end_node": "95.4% to 129.3%"
    },
    {
        "start_node": "Sorbent Recycling",
        "relationship": "possible",
        "end_node": "5 times"
    },
    {
        "start_node": "Robust Method",
        "relationship": "represents",
        "end_node": "application in disease marker analysis"
    }
]