[
    {
        "start_node": "Crystal",
        "relationship": "study",
        "end_node": "N-(4-acetylphenyl)quinoline-3-carboxamide"
    },
    {
        "start_node": "Structure",
        "relationship": "analysis",
        "end_node": "Hirshfeld surface"
    },
    {
        "start_node": "Compound",
        "relationship": "crystallization",
        "end_node": "monoclinic system",
        "properties": {
            "space_group": "P2(1)/c",
            "Z": "4"
        }
    },
    {
        "start_node": "Interactions",
        "relationship": "controlled_by",
        "end_node": "N-H . . . O, C-H . . . O hydrogen bonds"
    },
    {
        "start_node": "Molecular geometry",
        "relationship": "optimization",
        "end_node": "DFT method",
        "details": "B3LYP/6-31G+(d,p)"
    },
    {
        "start_node": "Spectral characterization",
        "relationship": "methods",
        "end_node": [
            "FT-IR",
            "H-1-NMR",
            "C-13-NMR",
            "UV-Vis"
        ]
    },
    {
        "start_node": "Theoretical UV-Vis spectrum",
        "relationship": "comparison",
        "end_node": "experimental spectrum",
        "source": "DFT"
    },
    {
        "start_node": "Report",
        "relationship": "published_in",
        "end_node": "Elsevier B.V."
    },
    {
        "start_node": "Publication year",
        "relationship": "date",
        "end_node": "2021"
    }
]