[
    {
        "start_node": "Remediation",
        "relationship": "treat",
        "end_node": "wastewater"
    },
    {
        "start_node": "MCNTs-UiO-66-NH2",
        "relationship": "used_for",
        "end_node": "remediation"
    },
    {
        "start_node": "ibuprofen (Ibu)",
        "relationship": "adsorbed_by",
        "end_node": "MCNTs-UiO-66-NH2"
    },
    {
        "start_node": "naproxen (Nap)",
        "relationship": "adsorbed_by",
        "end_node": "MCNTs-UiO-66-NH2"
    },
    {
        "start_node": "adsorbent dosage",
        "relationship": "influence_on",
        "end_node": "adsorption"
    },
    {
        "start_node": "pH value",
        "relationship": "impact_on",
        "end_node": "adsorption"
    },
    {
        "start_node": "coexisting ions",
        "relationship": "impact_on",
        "end_node": "adsorption"
    },
    {
        "start_node": "temperature",
        "relationship": "affect",
        "end_node": "adsorption"
    },
    {
        "start_node": "contact time",
        "relationship": "affect",
        "end_node": "adsorption"
    },
    {
        "start_node": "Langmuir model",
        "relationship": "describes",
        "end_node": "adsorption_process"
    },
    {
        "start_node": "Pseudo-second-order model",
        "relationship": "describes",
        "end_node": "adsorption_process"
    },
    {
        "start_node": "thermodynamic parameters",
        "relationship": "indicate",
        "end_node": "process_properties"
    },
    {
        "start_node": "entropy increase",
        "relationship": "result_of",
        "end_node": "adsorption"
    },
    {
        "start_node": "pH range",
        "relationship": "suitable_for",
        "end_node": "capture"
    },
    {
        "start_node": "salinity range",
        "relationship": "suitable_for",
        "end_node": "capture"
    },
    {
        "start_node": "regeneration",
        "relationship": "using",
        "end_node": "NaHCO3"
    },
    {
        "start_node": "mechanism",
        "relationship": "includes",
        "end_node": "complexation, 7C-7C conjugation, electrostatic action, H-bonding"
    }
]