[
    {
        "start_node": "Syntheses",
        "relationship": "describe",
        "end_node": "complexes"
    },
    {
        "start_node": "Crystal Structures",
        "relationship": "belong_to",
        "end_node": "complexes"
    },
    {
        "start_node": "Magnetic Properties",
        "relationship": "characterize",
        "end_node": "complexes"
    },
    {
        "start_node": "Complex 1",
        "relationship": "type",
        "end_node": "discrete dinuclear species"
    },
    {
        "start_node": "Complex 2",
        "relationship": "structure",
        "end_node": "ID polymeric chain"
    },
    {
        "start_node": "Complex 3",
        "relationship": "structure",
        "end_node": "three-fold interpenetrated α-polonium-like network"
    },
    {
        "start_node": "Hydrogen-bonding",
        "relationship": "part_of",
        "end_node": "architecture (1, 2)"
    },
    {
        "start_node": "π-π stacking",
        "relationship": "part_of",
        "end_node": "architecture (1, 2)"
    },
    {
        "start_node": "Antiferromagnetic coupling",
        "relationship": "observed_in",
        "end_node": "all complexes"
    },
    {
        "start_node": "Electronic and fluorescent spectral properties",
        "relationship": "investigated",
        "end_node": "complexes"
    }
]