[
    {
        "start_node": "HOF",
        "relationship": "contain",
        "end_node": "MOF"
    },
    {
        "start_node": "MOF",
        "relationship": "constructed_with",
        "end_node": "ligand L-1"
    },
    {
        "start_node": "MOF",
        "relationship": "constructed_with",
        "end_node": "ligand L-2"
    },
    {
        "start_node": "MOF",
        "relationship": "contains",
        "end_node": "metal salt"
    },
    {
        "start_node": "MOF",
        "relationship": "has_structure",
        "end_node": "2D network"
    },
    {
        "start_node": "MOF",
        "relationship": "hydrogen_bond_network",
        "end_node": "3D supramolecular framework"
    },
    {
        "start_node": "MOF",
        "relationship": "coordination_geometry",
        "end_node": "diverse"
    },
    {
        "start_node": "MOF",
        "relationship": "luminescent_property",
        "end_node": "efficient quenching"
    },
    {
        "start_node": "MOF",
        "relationship": "selective_adsorption",
        "end_node": "CO2"
    },
    {
        "start_node": "MOF",
        "relationship": "detects",
        "end_node": "Fe3+ ions"
    },
    {
        "start_node": "MOF",
        "relationship": "detects",
        "end_node": "acetone molecules"
    },
    {
        "start_node": "MOF",
        "relationship": "contains_carboxylate",
        "end_node": "H2oba, BPT, BPTC"
    },
    {
        "start_node": "MOF",
        "relationship": "solvent",
        "end_node": "DMF"
    }
]