[
    {
        "start_node": "Synthesis",
        "relationship": "describes",
        "end_node": "Coordination Polymer"
    },
    {
        "start_node": "Heterometallic",
        "relationship": "is",
        "end_node": "Supramolecular Compound"
    },
    {
        "start_node": "Compound",
        "relationship": "has_formula",
        "end_node": "[(1-mimH)[Nd(pydc)(3)Ca(pydcH(2))(H2O)(2)]·4H2O]"
    },
    {
        "start_node": "Elements",
        "relationship": "analyzed",
        "end_node": "compound"
    },
    {
        "start_node": "Spectroscopy",
        "relationship": "used",
        "end_node": "IR, UV-Vis, H-1 NMR, C-13 NMR"
    },
    {
        "start_node": "Crystal Structure",
        "relationship": "revealed_by",
        "end_node": "X-ray diffraction"
    },
    {
        "start_node": "Network",
        "relationship": "type",
        "end_node": "1D"
    },
    {
        "start_node": "Hydrogen Bonds",
        "relationship": "forms",
        "end_node": "3D architecture"
    },
    {
        "start_node": "Polymeric Chain",
        "components": [
            {
                "subcomponent": "Nd(III) ions",
                "relationship": "contains",
                "coordinating_ligand": "(pydc)(2-) ligands"
            },
            {
                "subcomponent": "Ca(II) ions",
                "relationship": "bridged_by",
                "ligand": "carboxylate groups"
            }
        ]
    },
    {
        "start_node": "Proton Transfer System",
        "investigated": "pydc/1-mim"
    },
    {
        "start_node": "Equilibrium Constants",
        "methods": "potentiometric pH titration",
        "complexes": [
            "binary",
            "ternary",
            "quaternary"
        ]
    }
]