[
    {
        "start_node": "Synthesis",
        "relationship": "describes",
        "end_node": "Coordination polymers"
    },
    {
        "start_node": "Coordination polymers",
        "relationship": "consist_of",
        "end_node": "compound_1"
    },
    {
        "start_node": "compound_1",
        "relationship": "structure",
        "end_node": "1D_zigzag_chain"
    },
    {
        "start_node": "compound_1",
        "relationship": "material_type",
        "end_node": "Zn-II"
    },
    {
        "start_node": "compound_2",
        "relationship": "isostructural_with",
        "end_node": "compound_3"
    },
    {
        "start_node": "compound_2",
        "relationship": "structure",
        "end_node": "1D_ladder_chain"
    },
    {
        "start_node": "compound_2",
        "relationship": "material_type",
        "end_node": "Cd-II"
    },
    {
        "start_node": "Coordination_units",
        "relationship": "formed_by",
        "end_node": "[M2(mu(1,3)-cna)(2)-(cna)(2)]"
    },
    {
        "start_node": "weak_interactions",
        "relationship": "stabilizes",
        "end_node": "3D_networks"
    },
    {
        "start_node": "structural_motifs",
        "relationship": "influences",
        "end_node": "photoluminescence"
    },
    {
        "start_node": "compound_1",
        "relationship": "photoluminescence",
        "end_node": "intense"
    },
    {
        "start_node": "compound_2",
        "relationship": "photoluminescence",
        "end_node": "quenched"
    },
    {
        "start_node": "compound_3",
        "relationship": "photoluminescence",
        "end_node": "quenched"
    },
    {
        "start_node": "copyright",
        "relationship": "applies_to",
        "end_node": "Elsevier_BV"
    }
]