[
    {
        "start_node": "Hydrothermal synthesis",
        "relationship": "results_in",
        "end_node": "compound_1"
    },
    {
        "start_node": "compound_1",
        "relationship": "has_structure",
        "end_node": "[As8V14O42(H2O)]^4-"
    },
    {
        "start_node": "compound_1",
        "relationship": "crystallizes_in",
        "end_node": "P2(1)/c"
    },
    {
        "start_node": "compound_1",
        "relationship": "XRD_analysis",
        "end_node": "a=24.649(9)Å, b=13.364(5)Å, c=22.463(8)Å, β=104.008(5)°"
    },
    {
        "start_node": "compound_2",
        "relationship": "hydrothermal_synthesis",
        "end_node": "compound_2"
    },
    {
        "start_node": "compound_2",
        "relationship": "has_structure",
        "end_node": "[As8V14O42(H2O)]^4-"
    },
    {
        "start_node": "compound_2",
        "relationship": "crystallizes_in",
        "end_node": "R3c"
    },
    {
        "start_node": "compound_2",
        "relationship": "assembly_type",
        "end_node": "supramolecular"
    },
    {
        "start_node": "compound_2",
        "relationship": "connects_with",
        "end_node": "hydrogen_bonding"
    }
]