[
    {
        "start_node": "Zn(II) coordination polymer",
        "relationship": "constructed_from",
        "end_node": "5-sulfosalicylic acid, 1,4-bis(1H-imidazol-1-yl)benzene"
    },
    {
        "start_node": "Coordination polymer 1",
        "relationship": "name",
        "end_node": "[Zn(Hssa)(1,4-bib)(H2O)](H2O)"
    },
    {
        "start_node": "1",
        "relationship": "crystallizes_in",
        "end_node": "1D zigzag chain"
    },
    {
        "start_node": "1D chains",
        "relationship": "arrangement",
        "end_node": "2D parallel"
    },
    {
        "start_node": "2D structure",
        "relationship": "formed_by",
        "end_node": "pi-pi stacking, O-H···O hydrogen bonds"
    },
    {
        "start_node": "Coordination polymer 1",
        "relationship": "photoluminescent_properties",
        "end_node": "intense fluorescence, Fe3+ sensing"
    },
    {
        "start_node": "1",
        "relationship": "selectivity_for",
        "end_node": "Fe3+ (fluorescence quenching)"
    },
    {
        "start_node": "Environment",
        "relationship": "temperature",
        "end_node": "room temperature"
    }
]