[
    {
        "start_node": "Coordination polymers",
        "relationship": "derived_from",
        "end_node": "pyridyl carboxylate ligands"
    },
    {
        "start_node": "L1",
        "relationship": "synthesized_as",
        "end_node": "sodium 4-(nicotinamido) benzoate"
    },
    {
        "start_node": "L2",
        "relationship": "synthesized_as",
        "end_node": "sodium 3-(nicotinamido) benzoate"
    },
    {
        "start_node": "L1",
        "relationship": "topology",
        "end_node": "1D looped chain"
    },
    {
        "start_node": "L2",
        "relationship": "topology",
        "end_node": "1D looped chain"
    },
    {
        "start_node": "CPs",
        "relationship": "in_situ_crystallization",
        "end_node": "Cu-II CPs"
    },
    {
        "start_node": "L1",
        "relationship": "separation_attempt",
        "end_node": "Cu-II"
    },
    {
        "start_node": "L2",
        "relationship": "successful_separation",
        "end_node": "Cu-II"
    },
    {
        "start_node": "Cu-II separation",
        "relationship": "follows",
        "end_node": "Irving-Williams series"
    },
    {
        "start_node": "Atomic absorption spectroscopy",
        "relationship": "confirmed",
        "end_node": "97% Cu-II separation"
    },
    {
        "start_node": "L2",
        "relationship": "selective_cation",
        "end_node": "Cu-II"
    }
]