[
    {
        "start_node": "X-ray diffraction",
        "relationship": "used_in",
        "end_node": "charge density studies"
    },
    {
        "start_node": "charge density distribution",
        "relationship": "derived_from",
        "end_node": "X-ray diffraction"
    },
    {
        "start_node": "single-crystal X-ray diffraction",
        "relationship": "method_for",
        "end_node": "structure elucidation"
    },
    {
        "start_node": "quantum chemical methods",
        "relationship": "introduced_in",
        "end_node": "refinement of X-ray diffraction data"
    },
    {
        "start_node": "polypeptides",
        "relationship": "suitable_for",
        "end_node": "charge density studies"
    },
    {
        "start_node": "metal-organic frameworks",
        "relationship": "suitable_for",
        "end_node": "charge density studies"
    },
    {
        "start_node": "inclusion compounds",
        "relationship": "suitable_for",
        "end_node": "charge density studies"
    },
    {
        "start_node": "protein structure refinement",
        "relationship": "problem_solved_by",
        "end_node": "hybrid approaches"
    },
    {
        "start_node": "thermodynamic properties",
        "relationship": "determined_by",
        "end_node": "wave function-derived properties"
    },
    {
        "start_node": "future applications",
        "relationship": "discussed_in",
        "end_node": "review"
    },
    {
        "start_node": "HOF",
        "relationship": "contain",
        "end_node": "Quantum chemical methods"
    }
]