[
    {
        "start_node": "HOF",
        "relationship": "contain",
        "end_node": "reversible phase transition"
    },
    {
        "start_node": "HOF",
        "relationship": "contain",
        "end_node": "phase transformation"
    },
    {
        "start_node": "compound",
        "relationship": "synthesised",
        "end_node": "(BEDABCO)ClO4•H2O"
    },
    {
        "start_node": "compound",
        "relationship": "synthesised",
        "end_node": "(BEDABCO)ClO4•D2O"
    },
    {
        "start_node": "compound",
        "relationship": "synthesised",
        "end_node": "(CEDABCO)ClO4•H2O"
    },
    {
        "start_node": "compound",
        "relationship": "synthesised",
        "end_node": "(BEDABCO)BF4•H2O"
    },
    {
        "start_node": "compound",
        "relationship": "water motion-controlled",
        "end_node": "crystals"
    },
    {
        "start_node": "temperature",
        "relationship": "controls",
        "end_node": "phase transition point"
    },
    {
        "start_node": "compound_4",
        "relationship": "decreased",
        "end_node": "phase transition temp (4) (30 K)"
    },
    {
        "start_node": "water molecules",
        "relationship": "escape",
        "end_node": "crystals"
    },
    {
        "start_node": "crystals",
        "relationship": "transform",
        "end_node": "dehydrated states"
    },
    {
        "start_node": "crystals",
        "relationship": "recover",
        "end_node": "rehydrated states"
    },
    {
        "start_node": "water molecules",
        "relationship": "absorption",
        "end_node": "crystals (humidity)"
    },
    {
        "start_node": "phase transition properties",
        "relationship": "used for",
        "end_node": "time switches"
    },
    {
        "start_node": "phase transition properties",
        "relationship": "used for",
        "end_node": "water catchers"
    },
    {
        "start_node": "phase transition properties",
        "relationship": "used for",
        "end_node": "water sensors"
    }
]