[
    {
        "start_node": "Material",
        "relationship": "synthesized_by",
        "end_node": "[(H(2)pip)(3)][alpha-PW12O40](2) . 4H(2)O"
    },
    {
        "start_node": "Compound",
        "relationship": "has_structure",
        "end_node": "Keggin-type polyoxotungstate"
    },
    {
        "start_node": "Compound",
        "relationship": "contains",
        "end_node": "piperazine (pip)"
    },
    {
        "start_node": "Material",
        "relationship": "characterized_by",
        "end_node": "single-crystal X-ray diffraction"
    },
    {
        "start_node": "Material",
        "relationship": "has_optical_transition",
        "end_node": "3.27 eV (direct), 3.12 eV (indirect)"
    },
    {
        "start_node": "Material",
        "relationship": "has_electrical_property",
        "end_node": "semiconducting (activation energy: 14 meV)"
    },
    {
        "start_node": "Material",
        "relationship": "conductivity_tested_in",
        "end_node": "Na2SO4 (0.5 M) solution"
    },
    {
        "start_node": "Material",
        "relationship": "electrical_type",
        "end_node": "n-type"
    },
    {
        "start_node": "Material",
        "relationship": "flat_band_potential",
        "end_node": "-0.084 V-SCE"
    },
    {
        "start_node": "Material",
        "relationship": "electron_density",
        "end_node": "4.24 x 10^18 cm^-3"
    },
    {
        "start_node": "Material",
        "relationship": "application",
        "end_node": "photo-degradation of methylene blue (MB)"
    },
    {
        "start_node": "Material",
        "relationship": "activity_improvement",
        "end_node": "closeness of valence and conduction bands to radical levels"
    }
]