[
    {
        "start_node": "Synthesis",
        "relationship": "describes",
        "end_node": "iron(II) polymers"
    },
    {
        "start_node": "Polymers 1",
        "relationship": "contains",
        "end_node": "flexible bix ligand"
    },
    {
        "start_node": "Polymers 1",
        "relationship": "has",
        "end_node": "distorted octahedral iron(II)"
    },
    {
        "start_node": "Polymers 1",
        "relationship": "structure",
        "end_node": "2D framework (ABCDE...)"
    },
    {
        "start_node": "Polymers 2",
        "relationship": "contains",
        "end_node": "flexible bix ligand"
    },
    {
        "start_node": "Polymers 2",
        "relationship": "has",
        "end_node": "distorted octahedral iron(II)"
    },
    {
        "start_node": "Polymers 2",
        "relationship": "structure",
        "end_node": "2D framework (ABAB...)"
    },
    {
        "start_node": "Complex 2",
        "relationship": "features",
        "end_node": "non-classical hydrogen bonds"
    },
    {
        "start_node": "Complex 1",
        "relationship": "has",
        "end_node": "four independent iron(II) ions"
    },
    {
        "start_node": "Complex 2",
        "relationship": "has",
        "end_node": "single conformation (trans-gauche)"
    },
    {
        "start_node": "Synthesis of [Fe(bix)(3)]",
        "relationship": "results in",
        "end_node": "[bixH(2)](ClO4)(2) (3)"
    },
    {
        "start_node": "Characterization",
        "relationship": "methods",
        "end_node": "infrared spectroscopy"
    },
    {
        "start_node": "Characterization",
        "relationship": "methods",
        "end_node": "elemental analysis"
    },
    {
        "start_node": "Characterization",
        "relationship": "methods",
        "end_node": "thermal analysis"
    },
    {
        "start_node": "Characterization",
        "relationship": "methods",
        "end_node": "X-ray diffraction"
    },
    {
        "start_node": "Publication",
        "relationship": "copyright",
        "end_node": "Elsevier B. V., 2013"
    }
]