[
    {
        "start_node": "HOF",
        "relationship": "contain",
        "end_node": "Coordination Polymer"
    },
    {
        "start_node": "Coordination Polymer",
        "relationship": "consist_of",
        "end_node": "Metalloligand"
    },
    {
        "start_node": "Metalloligand",
        "relationship": "type",
        "end_node": "Ni(2-pytpy)(2)"
    },
    {
        "start_node": "Coordination Polymer",
        "relationship": "consist_of",
        "end_node": "Bridging Ligand"
    },
    {
        "start_node": "Bridging Ligand",
        "relationship": "used_in",
        "end_node": "Ag-2(SCN)(4)"
    },
    {
        "start_node": "Bridging Ligand",
        "relationship": "used_in",
        "end_node": "Ag-2(N(CN)(2))(3)(NO3)DMSO)"
    },
    {
        "start_node": "Coordination Polymer",
        "relationship": "synthesized_from",
        "end_node": "Ag+"
    },
    {
        "start_node": "Coordination Polymer",
        "relationship": "characterized_by",
        "end_node": "Elemental Analysis"
    },
    {
        "start_node": "Coordination Polymer",
        "relationship": "characterized_by",
        "end_node": "FTIR Spectroscopy"
    },
    {
        "start_node": "Coordination Polymer",
        "relationship": "characterized_by",
        "end_node": "Thermal Analysis"
    },
    {
        "start_node": "Coordination Polymer",
        "relationship": "crystalline_structure",
        "end_node": "Single-crystal X-ray diffraction"
    },
    {
        "start_node": "Coordination Polymer",
        "relationship": "structure",
        "end_node": "1D chain"
    },
    {
        "start_node": "1D chain",
        "relationship": "constructed_from",
        "end_node": "Metalloligand"
    },
    {
        "start_node": "1D chain",
        "relationship": "constructed_from",
        "end_node": "Dinuclear Silver Unit"
    },
    {
        "start_node": "Coordination Polymer",
        "relationship": "supramolecular_structure",
        "end_node": "Intermolecular Hydrogen Bonds"
    },
    {
        "start_node": "Coordination Polymer",
        "relationship": "luminescence_properties",
        "end_node": "Solid-state luminescence"
    },
    {
        "start_node": "1",
        "relationship": "solid_state_luminescence",
        "end_node": "investigated"
    },
    {
        "start_node": "2",
        "relationship": "solid_state_luminescence",
        "end_node": "investigated"
    }
]