[
    {
        "start_node": "Cu(II) CP",
        "relationship": "synthesized_from",
        "end_node": "H(4)bptc, Cu(II) salt, cbpy"
    },
    {
        "start_node": "1,1'-Biphenyl-2,2',3,3'-tetracarboxylic Acid",
        "relationship": "contains",
        "end_node": "H(4)bptc"
    },
    {
        "start_node": "5,5'-Dimethyl-2,2'-bipyridine",
        "relationship": "contains",
        "end_node": "cbpy"
    },
    {
        "start_node": "Cu(II) Coordination Polymer",
        "relationship": "has_structure",
        "end_node": "monoclinic P2(1)/c"
    },
    {
        "start_node": "helices",
        "relationship": "detected_in",
        "end_node": "structure"
    },
    {
        "start_node": "chains",
        "relationship": "oriented_as",
        "end_node": "homochiral, parallel"
    },
    {
        "start_node": "chains",
        "relationship": "connects_by",
        "end_node": "hydrogen bonds"
    },
    {
        "start_node": "supramolecular layers",
        "relationship": "forms",
        "end_node": "2D"
    },
    {
        "start_node": "layers (opposite chirality)",
        "relationship": "arranged_as",
        "end_node": "3D mesomeric"
    },
    {
        "start_node": "pi interactions",
        "relationship": "mediates",
        "end_node": "mesomeric supramolecular structure"
    },
    {
        "start_node": "Complex 1",
        "relationship": "analyzed",
        "end_node": "thermal stability"
    },
    {
        "start_node": "Thermal Gravimetric Analysis",
        "relationship": "used_to_study",
        "end_node": "complex 1"
    },
    {
        "start_node": "Differential Thermal Analysis",
        "relationship": "used_to_study",
        "end_node": "complex 1"
    }
]