[
    {
        "start_node": "Catalysis",
        "relationship": "topic",
        "end_node": "Anion-Binding"
    },
    {
        "start_node": "Anion-Binding",
        "relationship": "type_of",
        "end_node": "Catalysis"
    },
    {
        "start_node": "Weak Nucleophiles",
        "relationship": "involved_in",
        "end_node": "Activation"
    },
    {
        "start_node": "Activation",
        "relationship": "part_of",
        "end_node": "Anion-Binding Catalysis"
    },
    {
        "start_node": "HOF",
        "relationship": "contain",
        "end_node": "Activation of Weak Nucleophiles"
    }
]