[
    {
        "start_node": "HOF",
        "relationship": "contain",
        "end_node": "self-assembly"
    },
    {
        "start_node": "HOF",
        "relationship": "create",
        "end_node": "2D network"
    },
    {
        "start_node": "HOF",
        "relationship": "form",
        "end_node": "organic bilayers"
    },
    {
        "start_node": "HOF",
        "relationship": "act as",
        "end_node": "pillars"
    },
    {
        "start_node": "nickel(n) macrocyclic complex",
        "relationship": "binds",
        "end_node": "H2CTC- ions"
    },
    {
        "start_node": "H2CTC- ions",
        "relationship": "form hydrogen bonds",
        "end_node": "organic bilayers"
    },
    {
        "start_node": "nickel(II) macrocyclic complex",
        "relationship": "binds",
        "end_node": "DHB- ions"
    },
    {
        "start_node": "DHB- ions",
        "relationship": "hydrogen-bonded",
        "end_node": "3D network"
    },
    {
        "start_node": "free hydroxyl groups",
        "relationship": "involved in",
        "end_node": "hydrogen bonds"
    },
    {
        "start_node": "carbonyl oxygen atom",
        "relationship": "involved in",
        "end_node": "hydrogen bonds"
    },
    {
        "start_node": "nickel(cyclam)",
        "relationship": "compound",
        "end_node": "1"
    },
    {
        "start_node": "nickel(cyclam)",
        "relationship": "compound",
        "end_node": "2"
    },
    {
        "start_node": "cis, cis-1,3,5-cyclohexanetricarboxylic acid",
        "relationship": "reactant",
        "end_node": "1"
    },
    {
        "start_node": "3,5-dihydroxybenzoic acid",
        "relationship": "reactant",
        "end_node": "2"
    }
]