[
    {
        "start_node": "chemistry",
        "relationship": "topic",
        "end_node": "recent_developments"
    },
    {
        "start_node": "coordination",
        "relationship": "field",
        "end_node": "chemistry"
    },
    {
        "start_node": "structure",
        "relationship": "aspect",
        "end_node": "chemistry"
    },
    {
        "start_node": "biological",
        "relationship": "aspect",
        "end_node": "chemistry"
    },
    {
        "start_node": "1-(acyl/aroyl)-3-(substituted) thioureas",
        "relationship": "architecture",
        "end_node": "privileged"
    },
    {
        "start_node": "reactivity",
        "relationship": "property",
        "end_node": "acyl_thiourea_derivatives"
    },
    {
        "start_node": "organic_transformations",
        "relationship": "outcome",
        "end_node": "acyl_thiourea_reactivity"
    },
    {
        "start_node": "synthetic_chemists",
        "relationship": "target",
        "end_node": "acyl_thiourea_strategy"
    },
    {
        "start_node": "heterocyclic_cores",
        "relationship": "product",
        "end_node": "acyl_thiourea_synthesis"
    },
    {
        "start_node": "binding_modes",
        "relationship": "feature",
        "end_node": "1-(acyl/aroyl)-3-(substituted)thioureas"
    },
    {
        "start_node": "flexible_ligands",
        "relationship": "character",
        "end_node": "1-(acyl/aroyl)-3-(substituted)thioureas"
    },
    {
        "start_node": "transition_metals",
        "relationship": "interaction",
        "end_node": "complexation"
    },
    {
        "start_node": "coordination_chemistry",
        "relationship": "field",
        "end_node": "1-(acyl/aroyl)-3-(substituted)thiourea_complexes"
    },
    {
        "start_node": "ion_sensors",
        "relationship": "application",
        "end_node": "1-(acyl/aroyl)-3-(substituted)thioureas"
    },
    {
        "start_node": "corrosion_inhibitors",
        "relationship": "application",
        "end_node": "1-(acyl/aroyl)-3-(substituted)thioureas"
    },
    {
        "start_node": "molecular_electronics",
        "relationship": "application",
        "end_node": "1-(acyl/aroyl)-3-(substituted)thioureas"
    },
    {
        "start_node": "metal_extraction",
        "relationship": "application",
        "end_node": "1-(acyl/aroyl)-3-(substituted)thioureas"
    },
    {
        "start_node": "pharmaceuticals",
        "relationship": "industry",
        "end_node": "1-(acyl/aroyl)-3-(substituted)thiourea_drugs"
    },
    {
        "start_node": "medicinal_chemistry",
        "relationship": "progress",
        "end_node": "current-era"
    },
    {
        "start_node": "structural_aspects",
        "relationship": "focus",
        "end_node": "overview"
    },
    {
        "start_node": "literature_review",
        "relationship": "content",
        "end_node": "last_2_years"
    }
]