[
    {
        "start_node": "MPTTF-containing",
        "relationship": "create",
        "end_node": "organogels"
    },
    {
        "start_node": "organogels",
        "relationship": "property",
        "end_node": "receptor_for_2,4,6-trinitrophenol"
    },
    {
        "start_node": "organogels",
        "relationship": "property",
        "end_node": "multiple_stimuli_response"
    },
    {
        "start_node": "toluene_gel",
        "relationship": "example",
        "end_node": "organogel"
    },
    {
        "start_node": "gelation_with_TNP",
        "relationship": "result",
        "end_node": "color_change"
    },
    {
        "start_node": "gelators_and_TNP",
        "relationship": "interact",
        "end_node": "charge_transfer"
    },
    {
        "start_node": "gels",
        "relationship": "application",
        "end_node": "dye_removal"
    },
    {
        "start_node": "MPTTF-conjugates",
        "relationship": "component",
        "end_node": "organogels"
    },
    {
        "start_node": "techniques",
        "relationship": "used",
        "end_node": [
            "AFM",
            "FE-SEM",
            "CD_spectroscopy",
            "FT-IR_spectroscopy",
            "H-1_NMR_spectroscopy",
            "UV-Vis_absorption_spectroscopy",
            "XRD"
        ]
    }
]