[
    {
        "start_node": "HOF",
        "relationship": "cover",
        "end_node": "Photo-induced motion"
    },
    {
        "start_node": "HOF",
        "relationship": "focus_on",
        "end_node": "azo dyes"
    },
    {
        "start_node": "HOF",
        "relationship": "involves",
        "end_node": "photo-mechanical effects"
    },
    {
        "start_node": "HOF",
        "relationship": "origin",
        "end_node": "crystalline materials"
    },
    {
        "start_node": "HOF",
        "relationship": "includes",
        "end_node": "polymer materials"
    },
    {
        "start_node": "HOF",
        "relationship": "emergence_in",
        "end_node": "past decades"
    },
    {
        "start_node": "HOF",
        "relationship": "specific_area",
        "end_node": "crystalline azobenzenes"
    },
    {
        "start_node": "HOF",
        "relationship": "example",
        "end_node": "needle-shaped crystal of azobenzene"
    },
    {
        "start_node": "HOF",
        "relationship": "led_to",
        "end_node": "new research developments"
    },
    {
        "start_node": "HOF",
        "relationship": "reveals",
        "end_node": "new photo-mechanical behavior"
    },
    {
        "start_node": "HOF",
        "relationship": "technique",
        "end_node": "crystal engineering"
    },
    {
        "start_node": "HOF",
        "relationship": "uses",
        "end_node": "X-ray diffraction"
    },
    {
        "start_node": "HOF",
        "relationship": "discovery",
        "end_node": "supramolecular interactions"
    },
    {
        "start_node": "HOF",
        "relationship": "enables",
        "end_node": "engineering of photo-mechanical azobenzene crystals"
    },
    {
        "start_node": "HOF",
        "relationship": "related_to",
        "end_node": "metal-organic frameworks (MOFs)"
    }
]