[
    {
        "start_node": "HOF",
        "relationship": "contain",
        "end_node": "Coordination Polymer"
    },
    {
        "start_node": "Coordination Polymer",
        "relationship": "based_on",
        "end_node": "Tripodal Ligand"
    },
    {
        "start_node": "Tripodal Ligand",
        "relationship": "name",
        "end_node": "1,3,5-tris(1-imidazolyl)benzene (tib)"
    },
    {
        "start_node": "HOF",
        "relationship": "contain",
        "end_node": "Cu(II) Compound 1"
    },
    {
        "start_node": "Cu(II) Compound 1",
        "relationship": "synthesized_by",
        "end_node": "Hydrothermal Method"
    },
    {
        "start_node": "HOF",
        "relationship": "contain",
        "end_node": "Cu(II) Compound 2"
    },
    {
        "start_node": "Cu(II) Compound 2",
        "relationship": "coligand",
        "end_node": "4,4-biphthalic acid (H4L1)"
    },
    {
        "start_node": "HOF",
        "relationship": "contain",
        "end_node": "Cu(II) Compound 3"
    },
    {
        "start_node": "Cu(II) Compound 3",
        "relationship": "coligand",
        "end_node": "thiophene-2,5-dicarboxylic acid (H2L2)"
    },
    {
        "start_node": "Cu(II) Compound 2",
        "relationship": "structure",
        "end_node": "3D supramolecular, 1D chain"
    },
    {
        "start_node": "Cu(II) Compound 3",
        "relationship": "structure",
        "end_node": "twofold interpenetrating binodal seh-3,5-P4(3)2(1)2"
    },
    {
        "start_node": "HOF",
        "relationship": "characterized_by",
        "end_node": "Elemental Analyses"
    },
    {
        "start_node": "HOF",
        "relationship": "characterized_by",
        "end_node": "Thermogravimetric Analyses"
    },
    {
        "start_node": "HOF",
        "relationship": "characterized_by",
        "end_node": "Photoluminescent Spectroscopy"
    }
]