[
    {
        "start_node": "Analysis",
        "relationship": "focuses_on",
        "end_node": "Water Adsorption"
    },
    {
        "start_node": "Mechanism",
        "relationship": "investigated_by",
        "end_node": "MIL-101(Cr)"
    },
    {
        "start_node": "MIL-101(Cr)",
        "relationship": "uses",
        "end_node": "Grand Canonical Monte Carlo Simulations"
    },
    {
        "start_node": "Simulations",
        "relationship": "analyzes",
        "end_node": "pore-filling processes"
    },
    {
        "start_node": "Pressure",
        "relationship": "influences",
        "end_node": "adsorption stages"
    },
    {
        "start_node": "Unsaturated Cr atoms",
        "relationship": "facilitates",
        "end_node": "multimolecular chains"
    },
    {
        "start_node": "Capillary condensation",
        "relationship": "observed_in",
        "end_node": "medium cavities"
    },
    {
        "start_node": "Large cavities",
        "relationship": "observes",
        "end_node": "capillary condensation at 0.54"
    },
    {
        "start_node": "Small cavities",
        "relationship": "continues_adsorption_at",
        "end_node": "0.56+"
    },
    {
        "start_node": "Confinement effect",
        "relationship": "analyzed_by",
        "end_node": "radial distribution functions"
    },
    {
        "start_node": "Radial distribution functions",
        "relationship": "reveals",
        "end_node": "structural properties"
    },
    {
        "start_node": "Hydrogen bonds",
        "relationship": "measured",
        "end_node": "average numbers"
    },
    {
        "start_node": "Order parameters",
        "relationship": "evaluates",
        "end_node": "water structure"
    },
    {
        "start_node": "Molecular dynamics",
        "relationship": "displays",
        "end_node": "time evolution and diffusion"
    },
    {
        "start_node": "Stability of water clusters",
        "relationship": "affects",
        "end_node": "pore-filling process"
    },
    {
        "start_node": "Multimolecular water chains",
        "relationship": "forms_on",
        "end_node": "large and medium cavities"
    },
    {
        "start_node": "Growth of water clusters",
        "relationship": "observed_in",
        "end_node": "large and medium cavities"
    },
    {
        "start_node": "Six-stage water adsorption mechanism",
        "relationship": "proposed_for",
        "end_node": "MIL-101(Cr)"
    }
]