[
    {
        "start_node": "Solid_state",
        "relationship": "exhibits",
        "end_node": "double_2_2_reaction"
    },
    {
        "start_node": "double_2_2_reaction",
        "relationship": "of",
        "end_node": "1P"
    },
    {
        "start_node": "1P",
        "relationship": "coexists_with",
        "end_node": "phloroglucinol_PG"
    },
    {
        "start_node": "1P",
        "relationship": "coexists_with",
        "end_node": "5-methoxy_resorcinol_MR"
    },
    {
        "start_node": "1P",
        "relationship": "has_crystal_structure",
        "end_node": "single_2_2_product"
    },
    {
        "start_node": "1P",
        "relationship": "undergoes",
        "end_node": "time_restricted_irradiation"
    },
    {
        "start_node": "reaction",
        "relationship": "results_in",
        "end_node": "stereospecific_exo_exo_tetrapyridyl_tricyclo"
    },
    {
        "start_node": "H_1_NMR",
        "relationship": "confirms",
        "end_node": "stepwise_mechanism"
    },
    {
        "start_node": "UV_vis_spectroscopy",
        "relationship": "supports",
        "end_node": "stepwise_mechanism"
    },
    {
        "start_node": "1P_PG_co_crystal",
        "relationship": "unreactive",
        "end_node": "different_reason"
    },
    {
        "start_node": "1P_resorcinol_co_crystal",
        "relationship": "unreactive",
        "end_node": "due_to"
    },
    {
        "start_node": "mechanochemical_grinding_products",
        "relationship": "correlates_with",
        "end_node": "crystallized_from_solution"
    }
]