[
    {
        "start_node": "HOF",
        "relationship": "contain",
        "end_node": "Compound 1"
    },
    {
        "start_node": "Compound 1",
        "relationship": "consist_of",
        "end_node": "Cu-24 clusters"
    },
    {
        "start_node": "Cu-24 clusters",
        "relationship": "arrange_in",
        "end_node": "hexagonal packing"
    },
    {
        "start_node": "Cu-24 clusters",
        "relationship": "arrange_in",
        "end_node": "cubic packing"
    },
    {
        "start_node": "Cu-24 clusters",
        "relationship": "connect_by",
        "end_node": "m-BDC ligands"
    },
    {
        "start_node": "Cu-24 clusters",
        "relationship": "have_internal_cavity",
        "end_node": "crystallization sites"
    },
    {
        "start_node": "cavity",
        "relationship": "host",
        "end_node": "DMF"
    },
    {
        "start_node": "cavity",
        "relationship": "host",
        "end_node": "water"
    },
    {
        "start_node": "Compound 1",
        "relationship": "contain_guest",
        "end_node": "DMF"
    },
    {
        "start_node": "Compound 1",
        "relationship": "contain_guest",
        "end_node": "water"
    },
    {
        "start_node": "Compound 1",
        "relationship": "thermal_stability",
        "end_node": "hydrogen bonds"
    },
    {
        "start_node": "Compound 1",
        "relationship": "compare_to",
        "end_node": "literature compounds"
    },
    {
        "start_node": "literature compounds",
        "relationship": "share",
        "end_node": "mother structures"
    },
    {
        "start_node": "mother structures",
        "relationship": "related_to",
        "end_node": "hexagonal packing"
    },
    {
        "start_node": "mother structures",
        "relationship": "related_to",
        "end_node": "cubic packing"
    },
    {
        "start_node": "solvent molecules",
        "relationship": "influence",
        "end_node": "derivative compounds"
    },
    {
        "start_node": "solvent molecules",
        "relationship": "affect",
        "end_node": "guest molecules"
    },
    {
        "start_node": "guest molecules",
        "relationship": "type_varied",
        "end_node": "solvent molecules"
    }
]