[
    {
        "start_node": "Fabrication",
        "relationship": "describes",
        "end_node": "magnetic metal-organic framework/covalent organic framework composite"
    },
    {
        "start_node": "Composite",
        "relationship": "contains",
        "end_node": "Fe3O4@NH2-MIL-125@TpPa-SO3H"
    },
    {
        "start_node": "Fe3O4@NH2-MIL-125@TpPa-SO3H",
        "relationship": "property",
        "end_node": "magnetic"
    },
    {
        "start_node": "Composite",
        "relationship": "property",
        "end_node": "good affinity towards QNs"
    },
    {
        "start_node": "Application",
        "relationship": "uses",
        "end_node": "Fe3O4/MOF/COF composite"
    },
    {
        "start_node": "MSPE",
        "relationship": "method",
        "end_node": "detection of QNs"
    },
    {
        "start_node": "Method",
        "relationship": "has",
        "end_node": "linearity (R² ≥ 0.9978)"
    },
    {
        "start_node": "Method",
        "relationship": "has",
        "end_node": "limits of detection (LODs)"
    },
    {
        "start_node": "Precision",
        "relationship": "characterizes",
        "end_node": "lower than 5.8% RSD"
    },
    {
        "start_node": "Application",
        "relationship": "applies_to",
        "end_node": "pork, chicken, beef samples"
    },
    {
        "start_node": "Selectivity",
        "relationship": "due_to",
        "end_node": "pi-pi interaction, hydrogen bonding, electrostatic attraction"
    },
    {
        "start_node": "Composite",
        "relationship": "stability_and_reusability",
        "end_node": "complex matrix sample pretreatment"
    },
    {
        "start_node": "MSPE method",
        "relationship": "provides",
        "end_node": "ideal pretreatment alternative for trace QNs"
    },
    {
        "start_node": "MSPE method",
        "relationship": "features",
        "end_node": "selectivity, simplicity, rapidity, efficiency"
    }
]