[
    {
        "start_node": "HOF",
        "relationship": "contain",
        "end_node": "Interleaved and Entangled Coordination Polymers"
    },
    {
        "start_node": "Coordination Polymers",
        "relationship": "formed_by",
        "end_node": "Hydrothermal Reaction"
    },
    {
        "start_node": "Metal Nitrates",
        "relationship": "reactant",
        "end_node": "Hydrothermal Reaction"
    },
    {
        "start_node": "2,5-Thiophenedicarboxylic Acid",
        "relationship": "reactant",
        "end_node": "Hydrothermal Reaction"
    },
    {
        "start_node": "4-ppbp",
        "relationship": "ligand",
        "end_node": "Coordination Polymers"
    },
    {
        "start_node": "4-ppbp",
        "relationship": "conformationally_flexible",
        "end_node": ""
    },
    {
        "start_node": "Propane-1,3-diylbis(piperidine-4,1-diyl)bis(pyridin-4-ylmethanone)",
        "relationship": "synonym",
        "end_node": "4-ppbp"
    },
    {
        "start_node": "Single-Crystal X-ray Diffraction",
        "relationship": "structural_characterization",
        "end_node": "Coordination Polymers"
    },
    {
        "start_node": "[Cu(tdc)(4-ppbp)(H2O)]·2H2O",
        "relationship": "compound",
        "end_node": "1"
    },
    {
        "start_node": "slab topology",
        "relationship": "topology",
        "end_node": "[Cu(tdc)(4-ppbp)(H2O)]·2H2O"
    },
    {
        "start_node": "(4,4) layer motifs",
        "relationship": "interleaved_layers",
        "end_node": "[Cu(tdc)(4-ppbp)(H2O)]·2H2O"
    },
    {
        "start_node": "[Co(tdc)(4-ppbp)(H2O)]",
        "relationship": "compound",
        "end_node": "2"
    },
    {
        "start_node": "1D tubular structure",
        "relationship": "structure",
        "end_node": "[Co(tdc)(4-ppbp)(H2O)]"
    },
    {
        "start_node": "parallel polycatenation",
        "relationship": "polycatenation_pattern",
        "end_node": "[Co(tdc)(4-ppbp)(H2O)]"
    },
    {
        "start_node": "[Ni(tdc)(4-ppbp)(2)(H2O)]",
        "relationship": "compound",
        "end_node": "3"
    },
    {
        "start_node": "2D + 2D -> 2D interpenetrated layers",
        "relationship": "interpenetration",
        "end_node": "[Ni(tdc)(4-ppbp)(2)(H2O)]"
    },
    {
        "start_node": "edge-crossed SP 2-periodic (4,4)IIb net",
        "relationship": "underlying_structure",
        "end_node": "[Ni(tdc)(4-ppbp)(2)(H2O)]"
    },
    {
        "start_node": "O-H···N hydrogen bonding",
        "relationship": "interaction",
        "end_node": "[Ni(tdc)(4-ppbp)(2)(H2O)]"
    },
    {
        "start_node": "4-ppbp Conformational Flexibility",
        "relationship": "enabling_factor",
        "end_node": "unique polycatenation patterns"
    },
    {
        "start_node": "Thermal Decomposition Properties",
        "relationship": "discussed",
        "end_node": "Coordination Polymers"
    }
]