[
    {
        "start_node": "Coordination Polymers",
        "relationship": "formed_by",
        "end_node": "Solvothermal reactions"
    },
    {
        "start_node": "Cd(II) or Zn(II)",
        "relationship": "reacted_with",
        "end_node": "Ligands"
    },
    {
        "start_node": "Ligands",
        "relationship": "contain",
        "end_node": "2-(2-(Pyridin-4/3-yl)vinyl)-1H-benzimidazole"
    },
    {
        "start_node": "Ligands",
        "relationship": "contain",
        "end_node": "dicarboxylates/disulfonates"
    },
    {
        "start_node": "Coordination Networks",
        "relationship": "include",
        "end_node": "1D chains"
    },
    {
        "start_node": "1D chains",
        "relationship": "geometry",
        "end_node": "metal and dicarboxylates/disulfonates"
    },
    {
        "start_node": "Coordination Networks",
        "relationship": "include",
        "end_node": "2D corrugated layers"
    },
    {
        "start_node": "Coordination Networks",
        "relationship": "include",
        "end_node": "3D network"
    },
    {
        "start_node": "Cd2O2",
        "relationship": "acts_as",
        "end_node": "secondary building unit (SBU)"
    },
    {
        "start_node": "Cd2O2",
        "relationship": "forms",
        "end_node": "2D layer"
    },
    {
        "start_node": "Ligands",
        "relationship": "alignment",
        "end_node": "double bonds for photochemical [2+2] reaction"
    },
    {
        "start_node": "CPs",
        "relationship": "undergo",
        "end_node": "solid state [2+2] cycloaddition reactions"
    },
    {
        "start_node": "CPs",
        "relationship": "emission",
        "end_node": "intense luminescence"
    },
    {
        "start_node": "irradiated CPs",
        "relationship": "luminescence",
        "end_node": "solid state luminescence studies"
    }
]