[
    {
        "start_node": "HOF",
        "relationship": "contain",
        "end_node": "Coordination and hydrogen bonded network structures"
    },
    {
        "start_node": "HOF",
        "relationship": "contain",
        "end_node": "Mixed-ligand Cu(II) complexes"
    },
    {
        "start_node": "HOF",
        "relationship": "contain",
        "end_node": "2-D infinite hexagonal hydrogen bonded structures"
    },
    {
        "start_node": "HOF",
        "relationship": "contain",
        "end_node": "[Cu(phendione)(2)(H(2)tma)(2)]·2(H(3)tma)·1.65(CF3CH2OH)·2.5(H2O)"
    },
    {
        "start_node": "HOF",
        "relationship": "contain",
        "end_node": "topologically identical hydrogen bonding network"
    },
    {
        "start_node": "HOF",
        "relationship": "contain",
        "end_node": "[Cu(1,10-phenanthroline)(H(2)tma)(2)](2)·2(H(3)tma)"
    },
    {
        "start_node": "HOF",
        "relationship": "contain",
        "end_node": "three-layered 2-D network"
    },
    {
        "start_node": "HOF",
        "relationship": "contain",
        "end_node": "infinite sandwich arrangement"
    },
    {
        "start_node": "HOF",
        "relationship": "contain",
        "end_node": "simple Cu(II) complexes"
    },
    {
        "start_node": "HOF",
        "relationship": "contain",
        "end_node": "phendione ligand complexes"
    },
    {
        "start_node": "HOF",
        "relationship": "contain",
        "end_node": "[Cu(phendione)(2)Br-2]"
    },
    {
        "start_node": "HOF",
        "relationship": "contain",
        "end_node": "polar packing arrangement"
    }
]