[
    {
        "start_node": "HOF",
        "relationship": "contain",
        "end_node": "fluorescent Cu(ii) complex"
    },
    {
        "start_node": "complex 1",
        "relationship": "is",
        "end_node": "Cu(dmpy)(3)(H2O)(2)[(H2O)(ClO4)(2)]"
    },
    {
        "start_node": "complex 1",
        "relationship": "characterized by",
        "end_node": "XRD, TGA, IR, elemental analysis, mass spectrometry, UV-Vis spectroscopy"
    },
    {
        "start_node": "complex 1",
        "relationship": "coordination geometry",
        "end_node": "square pyramidal"
    },
    {
        "start_node": "Cu2+",
        "relationship": "coordinates to",
        "end_node": "nitrogen atoms of dmpy, oxygen atoms of H2O"
    },
    {
        "start_node": "complex 1",
        "relationship": "features",
        "end_node": "hydrogen bonding"
    },
    {
        "start_node": "complex 1",
        "relationship": "fluorescence property",
        "end_node": "acetone selectivity, turn-off mode"
    },
    {
        "start_node": "complex 1",
        "relationship": "selective for",
        "end_node": "Cd2+ (turn-on mode)"
    },
    {
        "start_node": "complex 1",
        "relationship": "application potential",
        "end_node": "Cd2+ detection"
    },
    {
        "start_node": "complex 1",
        "relationship": "selectivity in aqueous solution",
        "end_node": "Cd2+, interference-free"
    }
]