[
    {
        "start_node": "Influence",
        "relationship": "describes",
        "end_node": "Aliphatic Wrapping"
    },
    {
        "start_node": "Crystal Structure",
        "relationship": "of",
        "end_node": "Benzene Tricarboxamide Supramolecular Polymers"
    },
    {
        "start_node": "Synthesis",
        "relationship": "reports",
        "end_node": "Compounds 2 & 3"
    },
    {
        "start_node": "Compound 2",
        "relationship": "crystallizes_in",
        "end_node": "P2(1)2(1)2(1) space group"
    },
    {
        "start_node": "Compound 2",
        "relationship": "asymmetric_unit",
        "end_node": "complete molecule"
    },
    {
        "start_node": "Compound 2",
        "relationship": "molecules_per_cell",
        "end_node": "four"
    },
    {
        "start_node": "Compound 3",
        "relationship": "crystallizes_in",
        "end_node": "R3c space group"
    },
    {
        "start_node": "Compound 3",
        "relationship": "asymmetric_unit",
        "end_node": "one-third of the molecule"
    },
    {
        "start_node": "Compound 3",
        "relationship": "molecules_per_cell",
        "end_node": "six"
    },
    {
        "start_node": "Hydrogen Bond",
        "relationship": "important_in",
        "end_node": "supramolecular framework"
    },
    {
        "start_node": "Supramolecular Sheets",
        "relationship": "formed_in",
        "end_node": "Compound 2"
    },
    {
        "start_node": "Molecular Conformation",
        "relationship": "difference",
        "end_node": "carboxamide group tilting"
    },
    {
        "start_node": "Chiral Molecules",
        "relationship": "formed_in",
        "end_node": "Compound 3"
    }
]