[
    {
        "start_node": "Influence",
        "relationship": "describes",
        "end_node": "ZIF-67 integration"
    },
    {
        "start_node": "ZIF-67 integration",
        "relationship": "aim",
        "end_node": "enhanced methanol tolerance"
    },
    {
        "start_node": "ZIF-67 integration",
        "relationship": "aim",
        "end_node": "thermal stability"
    },
    {
        "start_node": "ZIF-67",
        "relationship": "contains",
        "end_node": "metal-organic framework"
    },
    {
        "start_node": "uniform dispersion",
        "relationship": "result of",
        "end_node": "electrostatic interaction"
    },
    {
        "start_node": "hydrogen bonding network",
        "relationship": "formed by",
        "end_node": "SPVDF's -SO3H and ZIF-67's -NH2"
    },
    {
        "start_node": "SPVDF-1",
        "relationship": "properties",
        "end_node": "improved hydrophilicity"
    },
    {
        "start_node": "SPVDF-1",
        "relationship": "properties",
        "end_node": "higher water uptake"
    },
    {
        "start_node": "SPVDF-1",
        "relationship": "properties",
        "end_node": "lower methanol permeability"
    },
    {
        "start_node": "methanol permeability",
        "relationship": "comparison",
        "end_node": "Nafion 117"
    },
    {
        "start_node": "SPVDF-1",
        "relationship": "performance",
        "end_node": "82.4 mW/cm² power density"
    },
    {
        "start_node": "SPVDF-1",
        "relationship": "outperforms",
        "end_node": "Nafion 117 (75.9 mW/cm²)"
    },
    {
        "start_node": "SPVDF-1",
        "relationship": "application",
        "end_node": "DMFC"
    }
]