[
    {
        "start_node": "Construction",
        "relationship": "describes",
        "end_node": "Adaptive Deformation Block"
    },
    {
        "start_node": "Adaptive Deformation Block",
        "relationship": "strategy_for",
        "end_node": "Rational Molecular Editing"
    },
    {
        "start_node": "Molecular Editing",
        "relationship": "focus_on",
        "end_node": "N-Rich Host Molecule"
    },
    {
        "start_node": "N-Rich Host Molecule",
        "relationship": "aim_to_remove",
        "end_node": "Water"
    },
    {
        "start_node": "Energetic Hydrogen-Bonded Organic Frameworks",
        "relationship": "type_of",
        "end_node": "E-HOFs"
    },
    {
        "start_node": "Challenge",
        "relationship": "faces",
        "end_node": "crystal water inclusion"
    },
    {
        "start_node": "Strategy",
        "relationship": "addresses",
        "end_node": "covalent bond modification"
    },
    {
        "start_node": "Modification",
        "relationship": "applies_to",
        "end_node": "amino groups"
    },
    {
        "start_node": "E-HOF 2a",
        "relationship": "example_of",
        "end_node": "Energetic Hydrogen-Bonded Organic Frameworks"
    },
    {
        "start_node": "E-HOF 3a",
        "relationship": "example_of",
        "end_node": "Energetic Hydrogen-Bonded Organic Frameworks"
    },
    {
        "start_node": "2a and 3a",
        "relationship": "properties",
        "end_node": "anhydrous"
    },
    {
        "start_node": "Properties",
        "relationship": "include",
        "end_node": "higher density"
    },
    {
        "start_node": "Properties",
        "relationship": "include",
        "end_node": "good thermal stability"
    },
    {
        "start_node": "Properties",
        "relationship": "include",
        "end_node": "low mechanical sensitivity"
    },
    {
        "start_node": "Potential",
        "relationship": "displayed_in",
        "end_node": "eliminating crystalline H2O"
    },
    {
        "start_node": "Potential",
        "relationship": "related_to",
        "end_node": "high energy density materials"
    }
]