[
    {
        "start_node": "Decorated Zeolites",
        "relationship": "used_for",
        "end_node": "Chemoselective Separations"
    },
    {
        "start_node": "Chemoselective Separations",
        "relationship": "targeted",
        "end_node": "Alkyne/Olefin"
    },
    {
        "start_node": "Alkyne",
        "relationship": "type_of",
        "end_node": "Separation Component"
    },
    {
        "start_node": "Olefin",
        "relationship": "type_of",
        "end_node": "Separation Component"
    },
    {
        "start_node": "HOF",
        "relationship": "contain",
        "end_node": "Decorated Zeolites"
    }
]