[
    {
        "start_node": "Synthesis",
        "relationship": "describes",
        "end_node": "Zn(II) complex"
    },
    {
        "start_node": "Zn(II) complex",
        "relationship": "contains",
        "end_node": "{start_node:\"FZ\",relationship:\"is\",end_node:\"Voriconazole\"}"
    },
    {
        "start_node": "Zn(FZ)(2)Cl-2",
        "relationship": "synthesized_from",
        "end_node": "zinc chloride and FZ"
    },
    {
        "start_node": "Characterization",
        "relationship": "includes",
        "end_node": [
            {
                "start_node": "FT-IR"
            },
            {
                "start_node": "UV-vis"
            },
            {
                "start_node": "fluorescence spectra"
            },
            {
                "start_node": "elemental analysis (EA)"
            },
            {
                "start_node": "single crystal X-ray diffraction"
            },
            {
                "start_node": "powder X-ray diffraction"
            },
            {
                "start_node": "thermogravimetric analysis (TGA)"
            }
        ]
    },
    {
        "start_node": "FZ characterization",
        "relationship": "also_includes",
        "end_node": [
            {
                "start_node": "FT-IR"
            },
            {
                "start_node": "UV-vis spectra"
            },
            {
                "start_node": "single crystal X-ray diffraction"
            },
            {
                "start_node": "TGA"
            }
        ]
    },
    {
        "start_node": "FZ",
        "relationship": "crystallizes_in",
        "end_node": "chiral space group P2(1)"
    },
    {
        "start_node": "Zn(II) complex (1)",
        "relationship": "crystallizes_in",
        "end_node": "chiral space group P-1"
    },
    {
        "start_node": "Structure",
        "relationship": "features",
        "end_node": "3-D architecture"
    },
    {
        "start_node": "Antimicrobial activity",
        "relationship": "evaluated_for",
        "end_node": "free FZ"
    },
    {
        "start_node": "Activity",
        "relationship": "higher_than",
        "end_node": [
            "Aspergillus niger",
            "Aspergillus terreus",
            "Aspergillus fumigatus",
            "Aspergillus flavus",
            "Candida albicans",
            "Candida krusei",
            "Candida glabrata",
            "Cryptococcus neoformans"
        ]
    },
    {
        "start_node": "Fluorescence spectra",
        "relationship": "discussed_for",
        "end_node": "1 and FZ"
    }
]