[
    {
        "start_node": "HOF",
        "relationship": "contain",
        "end_node": "Zn2(HPO4)3.H2N2C6H12 (ZnPO/dab-A)"
    },
    {
        "start_node": "HOF",
        "relationship": "contain",
        "end_node": "Zn4(PO4)2(HPO4)2.3H2O.H2N2C6H12 (ZnPO/dab-B)"
    },
    {
        "start_node": "ZnPO/dab-A",
        "relationship": "consists_of",
        "end_node": "three-dimensional network"
    },
    {
        "start_node": "ZnPO/dab-B",
        "relationship": "consists_of",
        "end_node": "three-dimensional network"
    },
    {
        "start_node": "ZnPO/dab-A",
        "relationship": "features",
        "end_node": "open structure"
    },
    {
        "start_node": "ZnPO/dab-B",
        "relationship": "features",
        "end_node": "open structure"
    },
    {
        "start_node": "ZnPO/dab-A",
        "relationship": "contains",
        "end_node": "eight-ring channels"
    },
    {
        "start_node": "ZnPO/dab-B",
        "relationship": "contains",
        "end_node": "eight-ring channels"
    },
    {
        "start_node": "channels",
        "relationship": "hosts",
        "end_node": "cationic organic cations"
    },
    {
        "start_node": "channels",
        "relationship": "hosts",
        "end_node": "diazabicyclo[2.2.2]octane (dabco) molecules"
    },
    {
        "start_node": "channels",
        "relationship": "hosts",
        "end_node": "water molecules"
    },
    {
        "start_node": "ZnPO/dab-A",
        "relationship": "features",
        "end_node": "hydrogen-bonds"
    },
    {
        "start_node": "ZnPO/dab-B",
        "relationship": "features",
        "end_node": "hydrogen-bonds"
    }
]