[
    {
        "start_node": "HOF",
        "relationship": "contain",
        "end_node": "Supramolecular inclusion solids"
    },
    {
        "start_node": "Complexes",
        "relationship": "constructed_from",
        "end_node": "[Fe(CN)_6]^{3-} pillars"
    },
    {
        "start_node": "Ligands",
        "relationship": "synthesised",
        "end_node": [
            "L1",
            "L2",
            "L3"
        ]
    },
    {
        "start_node": "L1",
        "relationship": "reacts_with",
        "end_node": "[Fe(CN)_6]^{3-}"
    },
    {
        "start_node": "Crystal_1",
        "relationship": "contains",
        "end_node": "[H(2)L1].[Fe(CN)_6].(guest)(n)"
    },
    {
        "start_node": "Guest_molecules",
        "relationship": "included_in",
        "end_node": "Crystal_1"
    },
    {
        "start_node": "Ethanol",
        "relationship": "included_in",
        "end_node": "Crystal_1"
    },
    {
        "start_node": "Tetrahydrofuran",
        "relationship": "included_in",
        "end_node": "Crystal_1"
    },
    {
        "start_node": "L2",
        "relationship": "forms",
        "end_node": "Crystal_2"
    },
    {
        "start_node": "L3",
        "relationship": "forms",
        "end_node": "Crystal_3"
    },
    {
        "start_node": "Networks",
        "relationship": "formed_by",
        "end_node": "Organic layers"
    },
    {
        "start_node": "Interactions",
        "relationship": "mediated_by",
        "end_node": "Hydrogen bonding, π-π stacking, C-H...π"
    },
    {
        "start_node": "Channels",
        "relationship": "accessible_to",
        "end_node": "Guest molecules"
    }
]