[
    {
        "start_node": "HOF",
        "relationship": "contain",
        "end_node": "Mn-2(C4H4O4)(C6H8O4)(H2O)(4)·2H2O"
    },
    {
        "start_node": "HOF",
        "relationship": "contain",
        "end_node": "Co-6(C4H4O4)(4)(C6H8O4)(OH)(2)(H2O)(4)·5H2O"
    },
    {
        "start_node": "Mn-2(C4H4O4)(C6H8O4)(H2O)(4)·2H2O",
        "relationship": "structure",
        "end_node": "MnO6 dimers"
    },
    {
        "start_node": "Mn-2(C4H4O4)(C6H8O4)(H2O)(4)·2H2O",
        "relationship": "connectivity",
        "end_node": "carboxylate groups"
    },
    {
        "start_node": "Mn-2(C4H4O4)(C6H8O4)(H2O)(4)·2H2O",
        "relationship": "connectivity",
        "end_node": "adipate ligands"
    },
    {
        "start_node": "Mn-2(C4H4O4)(C6H8O4)(H2O)(4)·2H2O",
        "relationship": "connectivity",
        "end_node": "succinate ligands"
    },
    {
        "start_node": "Co-6(C4H4O4)(4)(C6H8O4)(OH)(2)(H2O)(4)·5H2O",
        "relationship": "structure",
        "end_node": "CoO6 octahedra"
    },
    {
        "start_node": "Co-6(C4H4O4)(4)(C6H8O4)(OH)(2)(H2O)(4)·5H2O",
        "relationship": "connectivity",
        "end_node": "adipate ligands"
    },
    {
        "start_node": "magnetic properties",
        "relationship": "observed",
        "end_node": "antiferromagnet (1)"
    },
    {
        "start_node": "magnetic properties",
        "relationship": "observed",
        "end_node": "canted antiferromagnet (2)"
    },
    {
        "start_node": "magnetic transition",
        "relationship": "observed",
        "end_node": "14 kOe (1)"
    },
    {
        "start_node": "magnetic transition",
        "relationship": "observed",
        "end_node": "0.35 kOe (2)"
    },
    {
        "start_node": "magnetic behavior",
        "relationship": "dominant",
        "end_node": "intra-dimer coupling (1)"
    },
    {
        "start_node": "magnetic interactions",
        "relationship": "suppressed",
        "end_node": "ferromagnetic component (2)"
    }
]