[
    {
        "start_node": "HOF",
        "relationship": "contain",
        "end_node": "Smart Hydrogen Atoms"
    },
    {
        "start_node": "HOF",
        "relationship": "contain",
        "end_node": "1,2,4-triazolium-type PILs"
    },
    {
        "start_node": "PILs",
        "relationship": "type",
        "end_node": "poly(ionic liquid)"
    },
    {
        "start_node": "PILs",
        "relationship": "enhanced performance",
        "end_node": "stronger supramolecular interactions"
    },
    {
        "start_node": "PILs",
        "relationship": "enhanced performance",
        "end_node": "hydrogen bonding, metal coordination"
    },
    {
        "start_node": "SHA",
        "relationship": "smart hydrogen atoms in",
        "end_node": "1,2,4-triazolium cations"
    },
    {
        "start_node": "SHA",
        "relationship": "increased property",
        "end_node": "H-bond-donating strength"
    },
    {
        "start_node": "SHA",
        "relationship": "increased property",
        "end_node": "Bronsted acidity"
    },
    {
        "start_node": "SHA",
        "relationship": "facilitates",
        "end_node": "polycarbene complexes"
    },
    {
        "start_node": "SHA",
        "relationship": "enables",
        "end_node": "novel materials applications"
    },
    {
        "start_node": "nano-scale",
        "relationship": "application",
        "end_node": "PIL nanocolloids manipulation"
    },
    {
        "start_node": "micro-scale",
        "relationship": "application",
        "end_node": "single crystal formation"
    },
    {
        "start_node": "macro-scale",
        "relationship": "application",
        "end_node": "functional SPPMs"
    },
    {
        "start_node": "SHA",
        "relationship": "impact on",
        "end_node": "chiral separation, proton recognition"
    },
    {
        "start_node": "SHA",
        "relationship": "impact on",
        "end_node": "switchable optical properties"
    },
    {
        "start_node": "SHA",
        "relationship": "impact on",
        "end_node": "real-time chemical reaction monitoring"
    }
]