[
    {
        "start_node": "Hydration",
        "relationship": "study",
        "end_node": "Methylammonium Ion"
    },
    {
        "start_node": "Aqueous Methylamine",
        "relationship": "hydration_shell",
        "end_node": "14.4 Water Molecules"
    },
    {
        "start_node": "Aqueous Methylammonium",
        "relationship": "hydration_shell",
        "end_node": "12.7 Water Molecules"
    },
    {
        "start_node": "Methylamine",
        "relationship": "first_hydrogen_bond_shell",
        "end_node": "6.9 Water Molecules"
    },
    {
        "start_node": "Methylammonium Ion",
        "relationship": "first_hydrogen_bond_shell",
        "end_node": "5.6 Water Molecules"
    },
    {
        "start_node": "NH2 Group (Methylamine)",
        "relationship": "forms_hydrogen_bonds",
        "end_node": "2.4 H-bonds"
    },
    {
        "start_node": "NH3 (+) Group (Methylammonium)",
        "relationship": "forms_hydrogen_bonds",
        "end_node": "3 H-bonds"
    },
    {
        "start_node": "Methylammonium Ion",
        "relationship": "no_hbond_with",
        "end_node": "Water Molecules (NH3 (+))"
    },
    {
        "start_node": "Hydrogen Atom (Water)",
        "relationship": "hydrogen_bond_participant",
        "end_node": "Nitrogen Atom (Methylamine)"
    },
    {
        "start_node": "RISM Theory",
        "relationship": "computational_method",
        "end_node": "Hydration Free Energies, Ionization Constant"
    },
    {
        "start_node": "RISM Theory",
        "relationship": "accuracy",
        "end_node": "Experimental Data"
    }
]