[
    {
        "start_node": "HOF",
        "relationship": "contain",
        "end_node": "lanthanide complexes"
    },
    {
        "start_node": "lanthanide complexes",
        "relationship": "constructed_from",
        "end_node": "3, 4-dimethoxybenzoic acid"
    },
    {
        "start_node": "complexes",
        "relationship": "instance_of",
        "end_node": "1-D structure"
    },
    {
        "start_node": "1-D structure",
        "relationship": "formed_by",
        "end_node": "lanthanide ions"
    },
    {
        "start_node": "lanthanide ions",
        "relationship": "linked_by",
        "end_node": "3,4-DMOBA ligands"
    },
    {
        "start_node": "3,4-DMOBA ligands",
        "relationship": "bridging_mode",
        "end_node": "bidentate"
    },
    {
        "start_node": "complexes",
        "relationship": "hydrothermal_synthesized",
        "end_node": "Sm(1), Tb(2), DY(3), Ho(4)"
    },
    {
        "start_node": "complex 2",
        "relationship": "emission_characteristic",
        "end_node": "Tb3+ ion"
    },
    {
        "start_node": "complex 2",
        "relationship": "emission_transition",
        "end_node": "D-5(4) -> F-7(6-3)"
    },
    {
        "start_node": "complexes",
        "relationship": "thermally_decomposed_by",
        "end_node": "TG-FTIR technology"
    },
    {
        "start_node": "decomposition",
        "relationship": "mechanism_investigated_by",
        "end_node": "TG-FTIR"
    },
    {
        "start_node": "uncoordinated_water",
        "relationship": "lost_in",
        "end_node": "first_step"
    },
    {
        "start_node": "ethanol_molecules",
        "relationship": "lost_in",
        "end_node": "first_step"
    },
    {
        "start_node": "3,4-DMOBA ligand",
        "relationship": "decomposed_into",
        "end_node": "H2O, CO2, organic fragments"
    }
]