[
    {
        "start_node": "Investigation",
        "relationship": "focuses_on",
        "end_node": "compound_1"
    },
    {
        "start_node": "compound_1",
        "relationship": "has",
        "end_node": "mixed-ligand_complex"
    },
    {
        "start_node": "compound_1",
        "relationship": "contains",
        "end_node": "Cu"
    },
    {
        "start_node": "compound_1",
        "relationship": "contains",
        "end_node": "Hpht(-)"
    },
    {
        "start_node": "compound_1",
        "relationship": "contains",
        "end_node": "nicotinamide"
    },
    {
        "start_node": "compound_1",
        "relationship": "characterized_by",
        "end_node": "elemental_analysis"
    },
    {
        "start_node": "compound_1",
        "relationship": "analyzed_by",
        "end_node": "XRD"
    },
    {
        "start_node": "compound_1",
        "relationship": "analyzed_by",
        "end_node": "spectroscopic_methods"
    },
    {
        "start_node": "compound_1",
        "relationship": "analyzed_by",
        "end_node": "thermogravimetric_analysis"
    },
    {
        "start_node": "compound_1",
        "relationship": "forms",
        "end_node": "supramolecular_structure"
    },
    {
        "start_node": "FT-IR",
        "relationship": "studies",
        "end_node": "compound_1"
    },
    {
        "start_node": "complex",
        "relationship": "has_vibrations",
        "end_node": "scaled_theoretical"
    },
    {
        "start_node": "EPR",
        "relationship": "investigates",
        "end_node": "magnetic_properties"
    },
    {
        "start_node": "UV-vis",
        "relationship": "analyzes",
        "end_node": "optical_properties"
    },
    {
        "start_node": "compound_1",
        "relationship": "analyzed_by",
        "end_node": "thermogravimetric_analysis"
    },
    {
        "start_node": "DFT/B3LYP/LanL2DZ",
        "relationship": "optimizes",
        "end_node": "molecular_structure"
    },
    {
        "start_node": "molecular_structure",
        "relationship": "compared_to",
        "end_node": "experimental_results"
    },
    {
        "start_node": "compound_1",
        "relationship": "docked_to",
        "end_node": "B-DNA_1BNA"
    }
]