[
    {
        "start_node": "HOF",
        "relationship": "contain",
        "end_node": "porous aromatic framework (PAF-6)"
    },
    {
        "start_node": "PAF-6",
        "relationship": "preparation",
        "end_node": "magnetic nanoparticles (PAF-6 MNPs)"
    },
    {
        "start_node": "PAF-6 MNPs",
        "relationship": "strategy",
        "end_node": "solid-phase extraction (SPE)"
    },
    {
        "start_node": "PAF-6 MNPs",
        "relationship": "used_for",
        "end_node": "trace organic pollutants"
    },
    {
        "start_node": "analytes",
        "relationship": "include",
        "end_node": "phenol, 2,4,6-trinitrophenol, naphthalene, naphthol, bisphenol A, 2,4-dichlorophenol, 3-nitrochlorobenzene"
    },
    {
        "start_node": "PAF-6 MNPs",
        "relationship": "detect_limit",
        "end_node": "0.08-5.02 ng/mL"
    },
    {
        "start_node": "PAF-6 MNPs",
        "relationship": "recovery",
        "end_node": "84.0-94.0%"
    },
    {
        "start_node": "PAF-6 MNPs",
        "relationship": "adsorb",
        "end_node": "cigarette smoke toxins (phenolic compounds, benzo[a]pyrene)"
    },
    {
        "start_node": "PAF-6 MNPs",
        "relationship": "interaction_mechanism",
        "end_node": "pi-pi stacking, hydrogen-bond interactions"
    },
    {
        "start_node": "PAF-6 MNPs",
        "relationship": "application",
        "end_node": "extraction, removal, determination of diverse trace multi-target analytes"
    },
    {
        "start_node": "PAF-6 MNPs",
        "relationship": "complex_media",
        "end_node": "well water, tap water, river water, wastewater"
    }
]