[
    {
        "start_node": "HOF",
        "relationship": "contain",
        "end_node": "Charge-assisted Hydrogen-bonded Frameworks"
    },
    {
        "start_node": "HOF",
        "relationship": "compose_of",
        "end_node": "Co(en)_3_3+"
    },
    {
        "start_node": "HOF",
        "relationship": "contain",
        "end_node": "Metal Complex Carboxylates (MCC)"
    },
    {
        "start_node": "MCC",
        "relationship": "made_of",
        "end_node": "[Co(en)(3)](3+)"
    },
    {
        "start_node": "MCC",
        "relationship": "type_of",
        "end_node": "carboxylates"
    },
    {
        "start_node": "MCC",
        "relationship": "variant",
        "end_node": "2,6-naphthalenedicarboxylic (NDC)"
    },
    {
        "start_node": "MCC",
        "relationship": "variant",
        "end_node": "4,4-biphenyldicarboxylic (BPDC)"
    },
    {
        "start_node": "HOF",
        "relationship": "contains_guest",
        "end_node": "dimethylformamide (DMF)"
    },
    {
        "start_node": "HOF",
        "relationship": "contains_guest",
        "end_node": "dimethyl sulfoxide (DMSO)"
    },
    {
        "start_node": "HOF",
        "relationship": "contains_guest",
        "end_node": "water"
    },
    {
        "start_node": "HOF",
        "relationship": "structural_feature",
        "end_node": "pillared-layer type"
    },
    {
        "start_node": "HOF",
        "relationship": "bonding_type",
        "end_node": "hydrogen bonds"
    },
    {
        "start_node": "HOF",
        "relationship": "structure_variants",
        "end_node": "rearrangement of pillars and hydrogen-bonded layers"
    },
    {
        "start_node": "HOF",
        "relationship": "crystal_structure",
        "end_node": "different due to variations"
    }
]