[
    {
        "start_node": "Hg",
        "relationship": "form",
        "end_node": "Hg-2[Fe(CN)(5)NO]·2H2O"
    },
    {
        "start_node": "Hg-2[Fe(CN)(5)NO]",
        "relationship": "contain",
        "end_node": "[Fe(CN)(5)NO]^(2-)"
    },
    {
        "start_node": "[Fe(CN)(5)NO]^(2-)",
        "relationship": "form",
        "end_node": "pentacyanonitrosylferrate complex anion"
    },
    {
        "start_node": "Hg-2[Fe(CN)(5)NO]",
        "relationship": "crystallize_in",
        "end_node": "triclinic unit cell"
    },
    {
        "start_node": "Hg-2[Fe(CN)(5)NO]",
        "relationship": "space_group",
        "end_node": "P-1"
    },
    {
        "start_node": "Hg-2[Fe(CN)(5)NO]",
        "relationship": "cell_parameters",
        "end_node": "a=10.1202(12), b=10.1000(13), c=7.4704(11), α=110.664(10), β=110.114(10), γ=104.724(8)°"
    },
    {
        "start_node": "Hg-2[Fe(CN)(5)NO]",
        "relationship": "structure",
        "end_node": "layered, Hg-CN coordination, Hg-Hg interaction"
    },
    {
        "start_node": "Hg-Hg interaction",
        "relationship": "detected_in",
        "end_node": "Raman spectrum"
    },
    {
        "start_node": "Hg-2[Fe(CN)(5)NO]",
        "relationship": "stabilize",
        "end_node": "water molecules"
    },
    {
        "start_node": "water molecules",
        "relationship": "bound_by",
        "end_node": "axial CN group"
    },
    {
        "start_node": "Hg-2[Fe(CN)(5)NO]·2H2O",
        "relationship": "disorder_on",
        "end_node": "removal of water molecules"
    }
]