[
    {
        "start_node": "HOF",
        "relationship": "contain",
        "end_node": "Ultrafast selective adsorption"
    },
    {
        "start_node": "MOFs",
        "relationship": "study",
        "end_node": "MIL-140A, MIL-140C, MIL-101(Fe), NH2-MIL-101(Fe)"
    },
    {
        "start_node": "MIL-140C",
        "relationship": "best_performance",
        "end_node": "adsorption capability"
    },
    {
        "start_node": "pH, ionic strength, contact time, dosage, temperature, sugars",
        "relationship": "impact_on",
        "end_node": "adsorption"
    },
    {
        "start_node": "MIL-140C",
        "relationship": "ultrafast_adsorption",
        "end_node": "minutes"
    },
    {
        "start_node": "adsorption kinetics",
        "relationship": "model",
        "end_node": "pseudosecond-order"
    },
    {
        "start_node": "Langmuir isotherm",
        "relationship": "describe",
        "end_node": "adsorption process"
    },
    {
        "start_node": "inhibitors",
        "relationship": "maximum_adsorption_capacity",
        "end_node": "mg/g values (vanillin, syringaldehyde, ferulic acid, p-coumaric acid, furfural)"
    },
    {
        "start_node": "thermodynamics",
        "relationship": "indicate",
        "end_node": "exothermic, spontaneous"
    },
    {
        "start_node": "selectivity",
        "relationship": "towards",
        "end_node": "inhibitors"
    },
    {
        "start_node": "xylose, glucose",
        "relationship": "impact",
        "end_node": "detoxification performance"
    },
    {
        "start_node": "adsorption/desorption cycles",
        "relationship": "regeneration_performance",
        "end_node": "five cycles"
    },
    {
        "start_node": "real corn stover dilute acid hydrolysate",
        "relationship": "treatment",
        "end_node": "detoxification"
    },
    {
        "start_node": "adsorption mechanism",
        "relationship": "involve",
        "end_node": "pi-pi interaction, hydrophobic interaction, hydrogen bonding/metal-coordination"
    },
    {
        "start_node": "furan inhibitors",
        "relationship": "removal",
        "end_node": "lignocellulosic hydrolysate"
    }
]