[
    {
        "start_node": "HOF",
        "relationship": "study",
        "end_node": "Influence of cations on GO membranes"
    },
    {
        "start_node": "cations",
        "relationship": "effect_on",
        "end_node": "stabilization of GO"
    },
    {
        "start_node": "pristine GO membranes",
        "relationship": "comparison",
        "end_node": "cation intercalated GO membranes"
    },
    {
        "start_node": "cation intercalated GO",
        "relationship": "improvement",
        "end_node": "water flux"
    },
    {
        "start_node": "water molecules",
        "relationship": "packing",
        "end_node": "more compact"
    },
    {
        "start_node": "hydrogen bond network",
        "relationship": "increase",
        "end_node": "cation presence"
    },
    {
        "start_node": "water reorientation dynamics",
        "relationship": "slower",
        "end_node": "cation effect"
    },
    {
        "start_node": "water permeability",
        "relationship": "higher",
        "end_node": "cation intercalated GO"
    },
    {
        "start_node": "K+",
        "relationship": "rejection",
        "end_node": "Na+ ions"
    },
    {
        "start_node": "Mg2+",
        "relationship": "rejection",
        "end_node": "Na+ ions"
    },
    {
        "start_node": "cation intercalation",
        "relationship": "decrease",
        "end_node": "Cl- ion rejection"
    }
]