[
    {
        "start_node": "HOF",
        "relationship": "contain",
        "end_node": "uranyl tricarballylate"
    },
    {
        "start_node": "HOF",
        "relationship": "contain",
        "end_node": "nanotubular species"
    },
    {
        "start_node": "HOF",
        "relationship": "control",
        "end_node": "counterion diameter"
    },
    {
        "start_node": "tricarballylic acid",
        "relationship": "reacted with",
        "end_node": "uranyl nitrate"
    },
    {
        "start_node": "complexes",
        "relationship": "yielded from",
        "end_node": "reaction"
    },
    {
        "start_node": "1",
        "relationship": "isomorphous to",
        "end_node": "Pb-II analogue"
    },
    {
        "start_node": "1",
        "relationship": "topology",
        "end_node": "triperiodic framework"
    },
    {
        "start_node": "diperiodic uranyl-tca(3-)",
        "relationship": "found in",
        "end_node": "1"
    },
    {
        "start_node": "2",
        "relationship": "topology",
        "end_node": "triperiodic polymerization"
    },
    {
        "start_node": "2",
        "relationship": "topology",
        "end_node": "tcs"
    },
    {
        "start_node": "3",
        "relationship": "topology",
        "end_node": "xww"
    },
    {
        "start_node": "4",
        "relationship": "topology",
        "end_node": "monoperiodic coordination polymer"
    },
    {
        "start_node": "4",
        "relationship": "geometry",
        "end_node": "nanotubular"
    },
    {
        "start_node": "4",
        "relationship": "section shape",
        "end_node": "hexagonal"
    },
    {
        "start_node": "counterions",
        "relationship": "structure-directing role",
        "end_node": "nanotubule cavity"
    },
    {
        "start_node": "emission spectra",
        "relationship": "display",
        "end_node": "vibronic fine structure"
    },
    {
        "start_node": "3",
        "relationship": "emission",
        "end_node": "quenched"
    }
]