[
    {
        "start_node": "Molecular-Structure",
        "relationship": "describes",
        "end_node": "Cyclic Diguanilic Acid"
    },
    {
        "start_node": "Crystal Forms",
        "relationship": "contains",
        "end_node": "Tetragonal"
    },
    {
        "start_node": "Crystal Forms",
        "relationship": "contains",
        "end_node": "Trigonal"
    },
    {
        "start_node": "Tetragonal Form",
        "relationship": "has",
        "end_node": "Hydrated Cobalt Ion"
    },
    {
        "start_node": "Hydrated Cobalt Ion",
        "relationship": "coordinates",
        "end_node": "N7 Atoms"
    },
    {
        "start_node": "Coordination Mechanism",
        "relationship": "resembles",
        "end_node": "Pt-Co-GMP Complexes"
    },
    {
        "start_node": "Coordination Mechanism",
        "relationship": "relevant to",
        "end_node": "cisplatin-DNA Binding"
    },
    {
        "start_node": "cisplatin-DNA Adduct Model",
        "relationship": "models",
        "end_node": "DNA Helix Bending"
    },
    {
        "start_node": "c-(GpGp)",
        "relationship": "exhibits",
        "end_node": "Unusual Spectral Properties"
    },
    {
        "start_node": "Interactions",
        "relationship": "similar to",
        "end_node": "Double Helical DNA"
    },
    {
        "start_node": "Model",
        "relationship": "proposed",
        "end_node": "Cage-Like Model"
    },
    {
        "start_node": "Cage-Like Model",
        "relationship": "consists of",
        "end_node": "Tetrameric c-(GpGp) Aggregate"
    },
    {
        "start_node": "Aggregate",
        "relationship": "hosts",
        "end_node": "Planar Intercalators"
    },
    {
        "start_node": "Conformation",
        "relationship": "suggests",
        "end_node": "Nearest-Neighbor Intercalators"
    },
    {
        "start_node": "Modeling Studies",
        "relationship": "tests",
        "end_node": "Hypothesis"
    }
]