[
    {
        "start_node": "Hydrothermal Syntheses",
        "relationship": "yield",
        "end_node": "Metal-Organic Coordination Polymers"
    },
    {
        "start_node": "Coordination Polymers",
        "relationship": "consist_of",
        "end_node": [
            {
                "start_node": "Cu(sdpa)(0.5)(2,2'-bpy)",
                "end_node": "1"
            },
            {
                "start_node": "Zn-2(sdpa)(2,2'-bpy)(2)(H2O)(2)",
                "end_node": "2"
            },
            {
                "start_node": "Zn-2(sdpa)(4,4'-bpy)",
                "end_node": "3"
            },
            {
                "start_node": "Cd-2(sdpa)(4,4'-bpy)(1.5)(H2O)(2)",
                "end_node": "4"
            }
        ]
    },
    {
        "start_node": "1",
        "relationship": "structure",
        "end_node": "Metal-Organic Chain"
    },
    {
        "start_node": "1",
        "relationship": "interaction_type",
        "end_node": [
            "pi...pi",
            "C-H...pi"
        ]
    },
    {
        "start_node": "2",
        "relationship": "structure",
        "end_node": "3D Supramolecular"
    },
    {
        "start_node": "2",
        "relationship": "interaction_type",
        "end_node": [
            "hydrogen bonds",
            "pi...pi"
        ]
    },
    {
        "start_node": "3",
        "relationship": "structure",
        "end_node": "Infinite Zn-sdpa Chain"
    },
    {
        "start_node": "3",
        "relationship": "linkage",
        "end_node": "4,4'-bpy"
    },
    {
        "start_node": "4",
        "relationship": "structure",
        "end_node": "3D Cd-sdpa Network"
    },
    {
        "start_node": "4",
        "relationship": "stabilization",
        "end_node": "6 orientations"
    },
    {
        "start_node": "Luminescence",
        "relationship": "tested_on",
        "end_node": [
            "1",
            "2",
            "3",
            "4"
        ]
    },
    {
        "start_node": "Thermal Analysis",
        "relationship": "tested_on",
        "end_node": [
            "1",
            "2",
            "3",
            "4"
        ]
    }
]