[
    {
        "start_node": "HOF",
        "relationship": "contain",
        "end_node": "disubstituted ferrocenyl carboxylate frameworks"
    },
    {
        "start_node": "DFCF",
        "relationship": "is",
        "end_node": "1",
        "properties": {
            "conductivity": "1.14 x 10^(-2) S.cm^(-1)",
            "temperature": "373 K",
            "humidity": "98%",
            "feature": "ultrahigh proton conductivity"
        }
    },
    {
        "start_node": "DFCF",
        "relationship": "is",
        "end_node": "2",
        "properties": {
            "conductivity": "1.99 x 10^(-5) S.cm^(-1)"
        }
    },
    {
        "start_node": "DFCF 1",
        "relationship": "has",
        "end_node": "free -COOH units",
        "cause": "proton conductivity"
    },
    {
        "start_node": "DFCF 2",
        "relationship": "has",
        "end_node": "different arrangement of carboxyl groups",
        "effect": "low proton conductivity"
    },
    {
        "start_node": "DFCFs",
        "relationship": "comparison",
        "end_node": "MFCFs",
        "property": "lower proton conductivity"
    },
    {
        "start_node": "arrangement of free carboxyl groups",
        "relationship": "affects",
        "end_node": "proton conductivity"
    },
    {
        "start_node": "guidance",
        "relationship": "for",
        "end_node": "designing high proton conductive materials"
    }
]