[
    {
        "start_node": "HOF",
        "relationship": "contain",
        "end_node": "Lanthanide Metal-Organic Frameworks"
    },
    {
        "start_node": "HOF",
        "relationship": "synthesis",
        "end_node": "Solvothermal"
    },
    {
        "start_node": "HOF",
        "relationship": "components",
        "end_node": "HL ligand"
    },
    {
        "start_node": "HOF",
        "relationship": "components",
        "end_node": "Ln(NO3)(3)"
    },
    {
        "start_node": "HOF",
        "relationship": "isostructural",
        "end_node": "Nd (1), Pr (2), Sm (3), Eu (4), Tb (5)"
    },
    {
        "start_node": "HOF (1)",
        "relationship": "characterization",
        "end_node": "Crystallographic"
    },
    {
        "start_node": "HOF (1)",
        "relationship": "structure",
        "end_node": "helical chains"
    },
    {
        "start_node": "HOF (1)",
        "relationship": "coordination",
        "end_node": "zwitterionic HL"
    },
    {
        "start_node": "HOF (1)",
        "relationship": "interactions",
        "end_node": "hydrogen bonding"
    },
    {
        "start_node": "HOF",
        "relationship": "properties",
        "end_node": "optical properties"
    },
    {
        "start_node": "HOF",
        "relationship": "CD spectra",
        "end_node": "study"
    },
    {
        "start_node": "HOF",
        "relationship": "nonlinear optical properties",
        "end_node": "study"
    },
    {
        "start_node": "HOF",
        "relationship": "luminescent properties",
        "end_node": "study"
    },
    {
        "start_node": "HOF",
        "relationship": "ligand effect",
        "end_node": "HL on Tb3+ and Eu3+ emission"
    }
]