[
    {
        "start_node": "Laminar Composite Electrolyte",
        "relationship": "contains",
        "end_node": "Nanoporous Sulfonated COF"
    },
    {
        "start_node": "Nanoporous Sulfonated COF",
        "relationship": "confines",
        "end_node": "Crown Ether"
    },
    {
        "start_node": "Crown Ether",
        "relationship": "enhances",
        "end_node": "Stable Existence"
    },
    {
        "start_node": "Crown Ether",
        "relationship": "forms",
        "end_node": "Ordered Channel"
    },
    {
        "start_node": "Ordered Channel",
        "relationship": "facilitates",
        "end_node": "Li+ Transport"
    },
    {
        "start_node": "Laminar Composite Electrolyte",
        "relationship": "has property",
        "end_node": "High Ionic Conductivity"
    },
    {
        "start_node": "Laminar Composite Electrolyte",
        "relationship": "has property",
        "end_node": "Satisfactory Li+ Transference Number"
    },
    {
        "start_node": "Laminar Composite Electrolyte",
        "relationship": "prevents",
        "end_node": "Polysulfide Migration"
    },
    {
        "start_node": "Battery",
        "relationship": "uses",
        "end_node": "TpPa-SO3H/15-C-5-OH SSE"
    },
    {
        "start_node": "Battery",
        "relationship": "displays",
        "end_node": "Superior Cycling Stability"
    },
    {
        "start_node": "Battery",
        "relationship": "capacity retention",
        "end_node": "82.9% after 400 cycles"
    }
]