[
    {
        "start_node": "HOF",
        "relationship": "enhance",
        "end_node": "performance"
    },
    {
        "start_node": "Calcium-alginate/HKUST-1 interlayer",
        "relationship": "assist",
        "end_node": "interfacial polymerization"
    },
    {
        "start_node": "membrane",
        "relationship": "constructed from",
        "end_node": "cross-linked PEI"
    },
    {
        "start_node": "CaAlg-HKUST-1 interlayer",
        "relationship": "limit diffusion",
        "end_node": "piperazine"
    },
    {
        "start_node": "integral covalent bond",
        "relationship": "enhance",
        "end_node": "structural stability"
    },
    {
        "start_node": "PA/CaAlg-HKUST-1(6)/PEI membrane",
        "relationship": "achieve",
        "end_node": "29.4 L·m^(-2)·h^(-1) ethanol flux"
    },
    {
        "start_node": "PA/CaAlg-HKUST-1(6)/PEI membrane",
        "relationship": "rejection",
        "end_node": "94.7% methyl blue"
    },
    {
        "start_node": "PA/CaAlg-HKUST-1(6)/PEI membrane",
        "relationship": "exhibit",
        "end_node": "better solvent resistance"
    },
    {
        "start_node": "PA/CaAlg-HKUST-1(6)/PEI membrane",
        "relationship": "application prospect",
        "end_node": "organic solvents wastewater treatment"
    }
]