[
    {
        "start_node": "Synthesis",
        "relationship": "describes",
        "end_node": "X-ray structure"
    },
    {
        "start_node": "X-ray structure",
        "relationship": "of",
        "end_node": "[Na(H2O)_2(C18H15O6SO3)_2]_2"
    },
    {
        "start_node": "[Na(H2O)_2(C18H15O6SO3)_2]_2",
        "relationship": "synthesized_by",
        "end_node": "sulfated 5-hydroxy-6,7,4'-trimethoxyisoflavone"
    },
    {
        "start_node": "sulfated 5-hydroxy-6,7,4'-trimethoxyisoflavone",
        "relationship": "with",
        "end_node": "concentrated sulfuric acid"
    },
    {
        "start_node": "[Na(H2O)_2(C18H15O6SO3)_2]_2",
        "relationship": "has_structure",
        "end_node": "dimeric centrosymmetric species"
    },
    {
        "start_node": "coordination polyhedron",
        "relationship": "of",
        "end_node": "Na(I) atom"
    },
    {
        "start_node": "Na(I) atom",
        "relationship": "has_geometry",
        "end_node": "distorted trigonal bipyramidal"
    },
    {
        "start_node": "[Na(H2O)_2(C18H15O6SO3)_2]_2",
        "relationship": "forms",
        "end_node": "dimeric units"
    },
    {
        "start_node": "dimeric units",
        "relationship": "linked_by",
        "end_node": "intermolecular hydrogen bonds"
    },
    {
        "start_node": "hydrogen bonds",
        "relationship": "type",
        "end_node": "C-H...pi, C-H...O, O-H...O"
    },
    {
        "start_node": "dimeric units",
        "relationship": "results_in",
        "end_node": "three-dimensional framework"
    }
]