[
    {
        "start_node": "HOF",
        "relationship": "contains",
        "end_node": "Two Cadmium Coordination Compounds"
    },
    {
        "start_node": "Compound 1",
        "relationship": "is",
        "end_node": "discrete tetranuclear [Cd-4(SBTC)(2)(2,2'-bpy)(6)(H2O)(4)] structure"
    },
    {
        "start_node": "Compound 1",
        "relationship": "contains",
        "end_node": "solvated 2,2'-bpy molecule"
    },
    {
        "start_node": "Compound 1",
        "relationship": "has",
        "end_node": "4 cadmium ions"
    },
    {
        "start_node": "Compound 2",
        "relationship": "is",
        "end_node": "complex 3D structure"
    },
    {
        "start_node": "Compound 2",
        "relationship": "formed by",
        "end_node": "rare 3D inorganic cadmium-potassium-oxide framework"
    },
    {
        "start_node": "Photoluminescence",
        "relationship": "observed in",
        "end_node": "solid state of compounds 1 and 2"
    },
    {
        "start_node": "Compound 1",
        "relationship": "emission maximum at",
        "end_node": "380 nm"
    },
    {
        "start_node": "Compound 2",
        "relationship": "emission maximum at",
        "end_node": "445 nm"
    }
]