[
    {
        "start_node": "HOF",
        "relationship": "contain",
        "end_node": "Regulating interfacial behavior"
    },
    {
        "start_node": "Regulating interfacial behavior",
        "relationship": "improve",
        "end_node": "AZIB performance"
    },
    {
        "start_node": "AZIBs",
        "relationship": "type",
        "end_node": "energy storage device"
    },
    {
        "start_node": "Dendrite",
        "relationship": "hindrance",
        "end_node": "AZIB application"
    },
    {
        "start_node": "Metal-organic framework",
        "relationship": "used as",
        "end_node": "separator (GF-PFC-31)"
    },
    {
        "start_node": "GF-PFC-31",
        "relationship": "property",
        "end_node": "7C-7C interactions"
    },
    {
        "start_node": "7C-7C interactions",
        "relationship": "effect",
        "end_node": "block Zn ion passage"
    },
    {
        "start_node": "Zn(H2O)6]2+",
        "relationship": "size",
        "end_node": "8.6 angstrom"
    },
    {
        "start_node": "GF-PFC-31",
        "relationship": "contains",
        "end_node": "sulfonic acid group (-SO3H)"
    },
    {
        "start_node": "-SO3H",
        "relationship": "function",
        "end_node": "desolvation effect"
    },
    {
        "start_node": "GF-PFC-31",
        "relationship": "enable",
        "end_node": "uniform Zn ion deposition"
    },
    {
        "start_node": "Zn||GF-PFC-31||Zn cell",
        "relationship": "performance",
        "end_node": "stable cycle life"
    },
    {
        "start_node": "Zn||GF-PFC-31||MnO2 cell",
        "relationship": "performance",
        "end_node": "1000 cycles at 1.2 A g-1"
    },
    {
        "start_node": "GF-PFC-31",
        "relationship": "contribution",
        "end_node": "high-performance AZIBs"
    }
]