[
    {
        "start_node": "HOF",
        "relationship": "contains",
        "end_node": "pharmaceutical wastewater treatment"
    },
    {
        "start_node": "HOF",
        "relationship": "uses",
        "end_node": "UiO-66(Hf)-NH2 nanocrystal modified composite nanofiber membrane (HfPNFM)"
    },
    {
        "start_node": "HfPNFM",
        "relationship": "property",
        "end_node": "cost-effective"
    },
    {
        "start_node": "HfPNFM",
        "relationship": "property",
        "end_node": "flexible"
    },
    {
        "start_node": "HfPNFM",
        "relationship": "removes",
        "end_node": "salicylic acid (SA)"
    },
    {
        "start_node": "HfPNFM",
        "relationship": "adsorption capacity",
        "end_node": "128.21 mg/g"
    },
    {
        "start_node": "HfPNFM",
        "relationship": "kinetic model",
        "end_node": "pseudo-second-order"
    },
    {
        "start_node": "HfPNFM",
        "relationship": "isotherm model",
        "end_node": "Langmuir"
    },
    {
        "start_node": "HfPNFM",
        "relationship": "efficiency",
        "end_node": "96.85% (after 10 cycles)"
    },
    {
        "start_node": "HfPNFM",
        "relationship": "dynamic adsorption",
        "end_node": "100% SA at 50 mg/L"
    },
    {
        "start_node": "HfPNFM",
        "relationship": "impact",
        "end_node": "COD reduction from 165.89 mg/L to 41.47 mg/L"
    },
    {
        "start_node": "HfPNFM",
        "relationship": "standard met",
        "end_node": "pharmaceutical wastewater discharge (GB: 21904-2008)"
    },
    {
        "start_node": "HfPNFM",
        "relationship": "interaction",
        "end_node": "electrostatic, π-π, hydrogen bond, metal complexation"
    }
]