[
    {
        "start_node": "Preparation",
        "relationship": "describes",
        "end_node": "hollow hierarchical porous CoMgAl-borate LDH"
    },
    {
        "start_node": "CoMgAl-borate LDH",
        "relationship": "has_structure",
        "end_node": "hollow hierarchical porous"
    },
    {
        "start_node": "Hollow Hierarchical Porous",
        "relationship": "property",
        "end_node": "low density, large S.A., large pores, short diffusion path"
    },
    {
        "start_node": "ZIF-67",
        "relationship": "templates",
        "end_node": "CoMgAl-borate LDH"
    },
    {
        "start_node": "Calcination",
        "relationship": "results_in",
        "end_node": "CoMgAl-borate LDO"
    },
    {
        "start_node": "CoMgAl-borate LDO",
        "relationship": "adsorption_capacity",
        "end_node": "Congo Red: 1493.3 mg/g, Methyl Orange: 990.1 mg/g"
    },
    {
        "start_node": "Adsorption mechanisms",
        "relationship": "includes",
        "end_node": [
            "memory effect",
            "electrostatic interactions",
            "hydrogen bonds",
            "ion exchange"
        ]
    },
    {
        "start_node": "Adsorption isotherms",
        "relationship": "follows",
        "end_node": "Langmuir isotherm"
    },
    {
        "start_node": "Adsorption kinetics",
        "relationship": "follows",
        "end_node": "pseudo-second-order model"
    },
    {
        "start_node": "Recycling performance",
        "relationship": "shows",
        "end_node": "86.5% CR removal, 84.3% MO removal (5 cycles)"
    },
    {
        "start_node": "CoMgAl-borate LDO",
        "relationship": "as_ideal_for",
        "end_node": "anionic dye removal, wastewater"
    },
    {
        "start_node": "Work",
        "relationship": "contributes_to",
        "end_node": "green and efficient adsorbent design, hollow nanostructures"
    }
]