[
    {
        "start_node": "Review",
        "relationship": "discusses",
        "end_node": "Anion-Pillared Metal-Organic Frameworks (APMOFs)"
    },
    {
        "start_node": "APMOFs",
        "relationship": "are",
        "end_node": "MOFs"
    },
    {
        "start_node": "APMOFs",
        "relationship": "aim to overcome",
        "end_node": "trade-off in gas separation"
    },
    {
        "start_node": "Trade-off",
        "relationship": "refers to",
        "end_node": "adsorption capacity vs. separation selectivity"
    },
    {
        "start_node": "Structures and properties",
        "relationship": "reviewed for",
        "end_node": "APMOFs"
    },
    {
        "start_node": "Categorization",
        "relationship": "includes",
        "end_node": "MFSIX, FOXF, DICRO, BSF, MOFOUR"
    },
    {
        "start_node": "Gas separation applications",
        "relationship": "covered in review",
        "end_node": [
            "CO2",
            "C2H4",
            "C3H6",
            "C-4 isomers",
            "C-5 olefins",
            "xylene isomers",
            "Xe/Kr"
        ]
    },
    {
        "start_node": "Design strategies",
        "relationship": "emphasized",
        "end_node": "future attention"
    },
    {
        "start_node": "Copyright",
        "relationship": "applies to",
        "end_node": "(C) 2022 Elsevier B.V."
    }
]