[
    {
        "start_node": "Coordination Polymer",
        "relationship": "constructed_from",
        "end_node": "benzimidazole-5,6-dicarboxylic acid"
    },
    {
        "start_node": "Coordination Polymer",
        "relationship": "constructed_from",
        "end_node": "sulfate"
    },
    {
        "start_node": "Coordination Polymer",
        "relationship": "derived_from",
        "end_node": "La(NO_3)_6H_2O"
    },
    {
        "start_node": "Coordination Polymer",
        "relationship": "derived_from",
        "end_node": "Pr(NO_3)_6H_2O"
    },
    {
        "start_node": "Coordination Polymer",
        "relationship": "derived_from",
        "end_node": "Sm(NO_3)_6H_2O"
    },
    {
        "start_node": "Coordination Polymer",
        "relationship": "derived_from",
        "end_node": "Gd(NO_3)_6H_2O"
    },
    {
        "start_node": "Coordination Polymer",
        "relationship": "derived_from",
        "end_node": "Eu(NO_3)_6H_2O"
    },
    {
        "start_node": "Coordination Polymer",
        "relationship": "derived_from",
        "end_node": "Tb(NO_3)_6H_2O"
    },
    {
        "start_node": "Coordination Polymer",
        "relationship": "derived_from",
        "end_node": "Dy(NO_3)_6H_2O"
    },
    {
        "start_node": "Coordination Polymer",
        "relationship": "derived_from",
        "end_node": "Er(NO_3)_6H_2O"
    },
    {
        "start_node": "Complex 1-4",
        "relationship": "isomorphous_with",
        "end_node": "Complex 5-8"
    },
    {
        "start_node": "2D Network",
        "relationship": "comprises",
        "end_node": "tetranuclear lanthanide secondary building unit"
    },
    {
        "start_node": "3D Framework",
        "relationship": "formed_by",
        "end_node": "pi-pi stacking"
    },
    {
        "start_node": "3D Framework",
        "relationship": "formed_by",
        "end_node": "hydrogen bonding"
    },
    {
        "start_node": "Complex 5-8",
        "relationship": "isomorphous_with",
        "end_node": "Complex 1-4"
    },
    {
        "start_node": "Luminescent Properties",
        "relationship": "displayed_by",
        "end_node": "Complex 5, 6"
    },
    {
        "start_node": "Luminescent Properties",
        "relationship": "displayed_by",
        "end_node": "Europium Luminescence"
    },
    {
        "start_node": "Luminescent Properties",
        "relationship": "displayed_by",
        "end_node": "Terbium Luminescence"
    },
    {
        "start_node": "Complex 4",
        "relationship": "features",
        "end_node": "ligand-to-metal charge transfer"
    },
    {
        "start_node": "Magnetic Properties",
        "relationship": "investigated_for",
        "end_node": "Complexes 1-4"
    }
]