[
    {
        "start_node": "Ti-MOF",
        "relationship": "doping",
        "end_node": "Co2+"
    },
    {
        "start_node": "Ti-MOF",
        "relationship": "doping",
        "end_node": "Fe2+"
    },
    {
        "start_node": "Ti-MOF",
        "relationship": "doping",
        "end_node": "Ni2+"
    },
    {
        "start_node": "Ti-MOF(Co2+)",
        "relationship": "aptasensor_construction",
        "end_node": "aptamer"
    },
    {
        "start_node": "aptamer",
        "relationship": "binding",
        "end_node": "BPA"
    },
    {
        "start_node": "Ti-MOF(Co2+)",
        "relationship": "electrochemical_activity",
        "end_node": "high"
    },
    {
        "start_node": "Ti-MOF(Co2+)",
        "relationship": "stabilization",
        "end_node": "aptamer-BPA_complex"
    },
    {
        "start_node": "aptasensor",
        "relationship": "detection_limit",
        "end_node": "0.09 fg mL^(-1)"
    },
    {
        "start_node": "aptasensor",
        "relationship": "selectivity",
        "end_node": "high"
    },
    {
        "start_node": "Ti-MOF(Co2+)",
        "relationship": "environmental_applicability",
        "end_node": "milk, river water, human serum"
    }
]