[
    {
        "start_node": "Construction",
        "relationship": "describes",
        "end_node": "Alternative Transmission Sites"
    },
    {
        "start_node": "MOF-801",
        "relationship": "is",
        "end_node": "Metal-Organic Framework"
    },
    {
        "start_node": "Zr-based",
        "relationship": "type_of",
        "end_node": "MOF-801"
    },
    {
        "start_node": "Clusters",
        "relationship": "component_of",
        "end_node": "MOF-801"
    },
    {
        "start_node": "Fumaric Acid",
        "relationship": "connects",
        "end_node": "MOF-801"
    },
    {
        "start_node": "Defective MOF-801",
        "relationship": "synthesis_result",
        "end_node": "Structural Defects"
    },
    {
        "start_node": "Solvothermal Method",
        "relationship": "used_in",
        "end_node": "Defective MOF-801 Synthesis"
    },
    {
        "start_node": "High Surface Area",
        "relationship": "property",
        "end_node": "Defective MOF-801"
    },
    {
        "start_node": "Water Absorption Capacity",
        "relationship": "enhanced_by",
        "end_node": "Structural Defects"
    },
    {
        "start_node": "Hydrophilic Functional Groups",
        "relationship": "present_in",
        "end_node": "Defective MOF-801"
    },
    {
        "start_node": "Interfacial Compatibility",
        "relationship": "improved_by",
        "end_node": "Defective MOF-801/Polymer Interaction"
    },
    {
        "start_node": "Hybrid Membranes",
        "relationship": "synthesized_from",
        "end_node": "Defective MOF-801, C-SPAEKS"
    },
    {
        "start_node": "Dense Hydrogen-Bond Networks",
        "relationship": "formed_between",
        "end_node": "MOF-801, C-SPAEKS"
    },
    {
        "start_node": "Proton Conductivity",
        "relationship": "increased_by",
        "end_node": "Hybrid Membranes"
    },
    {
        "start_node": "0.100 S cm⁻¹",
        "relationship": "highest_value",
        "end_node": "Proton Conductivity at 90°C, 100% RH"
    },
    {
        "start_node": "Nafion 117",
        "relationship": "comparison",
        "end_node": "Proton Conductivity"
    },
    {
        "start_node": "Chemical Stability",
        "relationship": "outstanding",
        "end_node": "Hybrid Membranes"
    },
    {
        "start_node": "Thermal Stability",
        "relationship": "excellent",
        "end_node": "Hybrid Membranes"
    },
    {
        "start_node": "Potential Applications",
        "relationship": "as",
        "end_node": "Proton Exchange Membranes"
    },
    {
        "start_node": "Elsevier Ltd.",
        "relationship": "publisher",
        "end_node": "Publication"
    },
    {
        "start_node": "Copyright",
        "relationship": "owned_by",
        "end_node": "Hydrogen Energy Publications LLC"
    }
]