[
    {
        "start_node": "HOF",
        "relationship": "contain",
        "end_node": "Silver(I) complexes"
    },
    {
        "start_node": "Silver(I) complexes",
        "relationship": "synthesis",
        "end_node": "complexes 1-6"
    },
    {
        "start_node": "complexes 1-6",
        "relationship": "formed_by",
        "end_node": "1,3-bis(2-oxazolinyl) benzene (L)"
    },
    {
        "start_node": "complexes 1,2",
        "relationship": "structure",
        "end_node": "16-membered ring"
    },
    {
        "start_node": "complexes 1,2",
        "relationship": "connectivity",
        "end_node": "Ag···O weak interactions, hydrogen bonds"
    },
    {
        "start_node": "complex 3",
        "relationship": "structure",
        "end_node": "inter-connected 16-membered rings"
    },
    {
        "start_node": "complex 3",
        "relationship": "coordination",
        "end_node": "two- and four-coordinated Ag(I) atoms"
    },
    {
        "start_node": "complex 4",
        "relationship": "structure",
        "end_node": "16-membered ring"
    },
    {
        "start_node": "complex 4",
        "relationship": "coordination",
        "end_node": "three-coordinated Ag(I), N atoms from L and acetonitrile"
    },
    {
        "start_node": "complexes 5,6",
        "relationship": "structure",
        "end_node": "similar 16-membered ring"
    },
    {
        "start_node": "complexes 5,6",
        "relationship": "coordination",
        "end_node": "anions coordinating Ag(I) atoms"
    },
    {
        "start_node": "results",
        "relationship": "reveal",
        "end_node": "anions' influence on structure"
    },
    {
        "start_node": "characterization",
        "relationship": "method",
        "end_node": "electrospray mass spectrometry"
    }
]