[
    {
        "start_node": "Product Selection",
        "relationship": "determined_by",
        "end_node": "Hydrogen Bond"
    },
    {
        "start_node": "Intermolecular Hydrogen Bonds",
        "relationship": "cooperation_with",
        "end_node": "Conformation Flexibility"
    },
    {
        "start_node": "Surface Confined",
        "relationship": "leads_to",
        "end_node": "Complex Covalent Nanostructures"
    },
    {
        "start_node": "Adjusting",
        "relationship": "controls",
        "end_node": "Final Product Abundance"
    },
    {
        "start_node": "Molar Ratio",
        "relationship": "influence_on",
        "end_node": "Product Formation"
    },
    {
        "start_node": "Monomer Concentration",
        "relationship": "controls",
        "end_node": "Product Diversity"
    },
    {
        "start_node": "Schiff-base Reaction",
        "relationship": "involves",
        "end_node": "Surface"
    }
]