[
    {
        "start_node": "HOF",
        "relationship": "contain",
        "end_node": "Macroporous MnO2 aerogel"
    },
    {
        "start_node": "Macroporous MnO2 aerogel",
        "relationship": "property",
        "end_node": "lightweight"
    },
    {
        "start_node": "Macroporous MnO2 aerogel",
        "relationship": "property",
        "end_node": "high porosity"
    },
    {
        "start_node": "Macroporous MnO2 aerogel",
        "relationship": "synthesized_with",
        "end_node": "cellulose nanofibers"
    },
    {
        "start_node": "Synthesis",
        "relationship": "method",
        "end_node": "ice-template approach"
    },
    {
        "start_node": "Cellulose nanofibers",
        "relationship": "function",
        "end_node": "skeletons"
    },
    {
        "start_node": "Cellulose nanofibers",
        "relationship": "bond",
        "end_node": "MnO2 particles (hydrogen bonds)"
    },
    {
        "start_node": "MnO2 particles",
        "relationship": "active_sites",
        "end_node": "exposure improved"
    },
    {
        "start_node": "XPS, H-1 NMR, ATR-FTIR",
        "relationship": "analysis",
        "end_node": "confirm bonding"
    },
    {
        "start_node": "Catalyst performance",
        "relationship": "challenge",
        "end_node": "moisture resistance"
    },
    {
        "start_node": "Aerogel",
        "relationship": "deactivation_avoided",
        "end_node": "reduced water adsorption, surface-adsorbed H2O prevention"
    },
    {
        "start_node": "Structure",
        "relationship": "feature",
        "end_node": "interconnected macropores"
    },
    {
        "start_node": "Macropores",
        "relationship": "benefit",
        "end_node": "ozone molecule diffusion, water molecule passage"
    },
    {
        "start_node": "Ozone conversion",
        "relationship": "performance",
        "end_node": "150 ppb O3, 50% RH, 600 L.g⁻¹.h⁻¹, 10 days, room temp"
    }
]