[
    {
        "start_node": "HOF",
        "relationship": "contain",
        "end_node": "zincophosphate"
    },
    {
        "start_node": "zincophosphate",
        "relationship": "composition",
        "end_node": "[NH3-CH2-CH(NH3)-CH3](ZnPO4)(2)"
    },
    {
        "start_node": "compound",
        "relationship": "synthesized_by",
        "end_node": "hydrothermal crystallization"
    },
    {
        "start_node": "crystallization",
        "relationship": "method",
        "end_node": "zinc nitrate, phosphoric acid, 1,2-diaminopropane, trimethylenedipiperidine"
    },
    {
        "start_node": "structure",
        "relationship": "feature",
        "end_node": "layered inorganic-organic"
    },
    {
        "start_node": "inorganic layers",
        "relationship": "built_up_of",
        "end_node": "sandwich-like motif"
    },
    {
        "start_node": "HDAP cations",
        "relationship": "component",
        "end_node": "disordered, bridges layers"
    },
    {
        "start_node": "bridging",
        "relationship": "interaction",
        "end_node": "hydrogen-bonding network"
    },
    {
        "start_node": "inorganic layer",
        "relationship": "pattern",
        "end_node": "four-membered rings, ZnO4, PO4 tetrahedra"
    },
    {
        "start_node": "thermal analysis",
        "relationship": "shows",
        "end_node": "stable up to 370°C, decomposition steps at 370-460°C"
    },
    {
        "start_node": "decomposition",
        "relationship": "caused_by",
        "end_node": "ammonia removal, HDAP"
    },
    {
        "start_node": "E-a",
        "relationship": "value",
        "end_node": "282 kJ mol^(-1)"
    },
    {
        "start_node": "decomposition",
        "relationship": "step",
        "end_node": "ammonia removal, strong electrostatic interactions"
    },
    {
        "start_node": "electrostatic interactions",
        "relationship": "reason",
        "end_node": "structural collapse after HDAP removal"
    }
]