[
    {
        "start_node": "Supramolecular CPs",
        "relationship": "contain",
        "end_node": "La(III), Ce(III), Sm(III), Gd(III), Eu(III)"
    },
    {
        "start_node": "Coordination polymers",
        "relationship": "formed_by",
        "end_node": "lanthanide salts"
    },
    {
        "start_node": "H2hip",
        "relationship": "linker",
        "end_node": "rigid"
    },
    {
        "start_node": "H2adip",
        "relationship": "linker",
        "end_node": "flexible"
    },
    {
        "start_node": "CP 1",
        "relationship": "crystallizes_in",
        "end_node": "monoclinic C-2/c"
    },
    {
        "start_node": "CP 2",
        "relationship": "crystallizes_in",
        "end_node": "monoclinic C-2/c"
    },
    {
        "start_node": "CP 3",
        "relationship": "crystallizes_in",
        "end_node": "monoclinic C-2/c"
    },
    {
        "start_node": "CP 4",
        "relationship": "crystallizes_in",
        "end_node": "monoclinic C-2/c"
    },
    {
        "start_node": "CP 5",
        "relationship": "crystallizes_in",
        "end_node": "triclinic P(1)/bar"
    },
    {
        "start_node": "1D linear ladder",
        "relationship": "structure",
        "end_node": "CP 1-4"
    },
    {
        "start_node": "linear orthogonally twisted ladder",
        "relationship": "structure",
        "end_node": "CP 5"
    },
    {
        "start_node": "pi-pi interactions",
        "relationship": "connects",
        "end_node": "3D frameworks"
    },
    {
        "start_node": "DFT calculations",
        "relationship": "support",
        "end_node": "adopted structures"
    },
    {
        "start_node": "CP 3 (Sm)",
        "relationship": "emits",
        "end_node": "f-f luminescence"
    },
    {
        "start_node": "CP 5 (Eu)",
        "relationship": "emits",
        "end_node": "strong ligand sensitized luminescence"
    },
    {
        "start_node": "CP 4",
        "relationship": "magnetic_property",
        "end_node": "weak ferromagnetism"
    }
]