[
    {
        "start_node": "HOF",
        "relationship": "contain",
        "end_node": "Cd-2.5((R)-CIA)(6)(1,4-DIB)(H2O)(2) center dot ((CH3)(2)NH2) center dot H2O"
    },
    {
        "start_node": "HOF",
        "relationship": "contain",
        "end_node": "Cd-2.5((S)-CIA)(6)(1,4-DIB)(H2O)(2) center dot ((CH3)(2)NH2) center dot H2O"
    },
    {
        "start_node": "Cd-2.5((R)-CIA)(6)(1,4-DIB)(H2O)(2) center dot ((CH3)(2)NH2) center dot H2O",
        "relationship": "property",
        "end_node": "3D homochiral metal-organic framework"
    },
    {
        "start_node": "Cd-2.5((S)-CIA)(6)(1,4-DIB)(H2O)(2) center dot ((CH3)(2)NH2) center dot H2O",
        "relationship": "property",
        "end_node": "3D homochiral metal-organic framework"
    },
    {
        "start_node": "Cd-2.5((R)-CIA)(6)(1,4-DIB)(H2O)(2) center dot ((CH3)(2)NH2) center dot H2O",
        "relationship": "synthesis",
        "end_node": "lactic acid derivative ligands"
    },
    {
        "start_node": "Cd-2.5((S)-CIA)(6)(1,4-DIB)(H2O)(2) center dot ((CH3)(2)NH2) center dot H2O",
        "relationship": "synthesis",
        "end_node": "lactic acid derivative ligands"
    },
    {
        "start_node": "Cd-2.5((R)-CIA)(6)(1,4-DIB)(H2O)(2) center dot ((CH3)(2)NH2) center dot H2O",
        "relationship": "crystal structure",
        "end_node": "cage substructure"
    },
    {
        "start_node": "Cd-2.5((S)-CIA)(6)(1,4-DIB)(H2O)(2) center dot ((CH3)(2)NH2) center dot H2O",
        "relationship": "crystal structure",
        "end_node": "cage substructure"
    },
    {
        "start_node": "Cd-2.5((R)-CIA)(6)(1,4-DIB)(H2O)(2) center dot ((CH3)(2)NH2) center dot H2O",
        "relationship": "physical property",
        "end_node": "solid-state circular dichroism (CD)"
    },
    {
        "start_node": "Cd-2.5((S)-CIA)(6)(1,4-DIB)(H2O)(2) center dot ((CH3)(2)NH2) center dot H2O",
        "relationship": "physical property",
        "end_node": "solid-state circular dichroism (CD)"
    },
    {
        "start_node": "Cd-2.5((R)-CIA)(6)(1,4-DIB)(H2O)(2) center dot ((CH3)(2)NH2) center dot H2O",
        "relationship": "physical property",
        "end_node": "thermal stability"
    },
    {
        "start_node": "Cd-2.5((S)-CIA)(6)(1,4-DIB)(H2O)(2) center dot ((CH3)(2)NH2) center dot H2O",
        "relationship": "physical property",
        "end_node": "thermal stability"
    },
    {
        "start_node": "Cd-2.5((R)-CIA)(6)(1,4-DIB)(H2O)(2) center dot ((CH3)(2)NH2) center dot H2O",
        "relationship": "physical property",
        "end_node": "photoluminescent properties"
    }
]