[
    {
        "start_node": "HOF",
        "relationship": "contain",
        "end_node": "Sulfate-Incorporated Co(II) Coordination Frameworks"
    },
    {
        "start_node": "Compounds",
        "relationship": "belong_to",
        "end_node": "Sulfate-Incorporated Co(II) Frameworks"
    },
    {
        "start_node": "1",
        "relationship": "is",
        "end_node": "6-fold interpenetrating 3D dia net"
    },
    {
        "start_node": "2",
        "relationship": "is",
        "end_node": "rectangular 2D grid"
    },
    {
        "start_node": "3",
        "relationship": "is",
        "end_node": "3D interdigitated network with helical chains"
    },
    {
        "start_node": "H(2)L1",
        "relationship": "used_in",
        "end_node": "1,2"
    },
    {
        "start_node": "H(2)L2",
        "relationship": "used_in",
        "end_node": "3"
    },
    {
        "start_node": "SO4",
        "relationship": "part_of",
        "end_node": "networks 1,2,3"
    },
    {
        "start_node": "Co(II)",
        "relationship": "present_in",
        "end_node": "frameworks"
    },
    {
        "start_node": "Magnetic measurements",
        "relationship": "applied_to",
        "end_node": "2"
    },
    {
        "start_node": "Weak ferromagnetic interactions",
        "relationship": "observed_in",
        "end_node": "2"
    }
]