[
    {
        "start_node": "Supramolecular",
        "relationship": "construct",
        "end_node": "Hydrogen-bonded Organic Networks"
    },
    {
        "start_node": "SHONs",
        "relationship": "constructed_by",
        "end_node": "Self-assembly"
    },
    {
        "start_node": "SHONs",
        "relationship": "use",
        "end_node": "Proton conduction"
    },
    {
        "start_node": "Method",
        "relationship": "crucial_in",
        "end_node": "Fuel cell technology"
    },
    {
        "start_node": "Bronsted acid-base pairs",
        "relationship": "hydrogen_bond_bridge",
        "end_node": "SHONs"
    },
    {
        "start_node": "Particle state",
        "relationship": "affects",
        "end_node": "Grain boundary conductivity"
    },
    {
        "start_node": "Hydrophilicity",
        "relationship": "affects",
        "end_node": "Hydrogen bond network stability"
    },
    {
        "start_node": "Cellulose fibers",
        "relationship": "used_as",
        "end_node": "Carrier"
    },
    {
        "start_node": "Cellulose fibers",
        "relationship": "induce",
        "end_node": "In-situ growth of SHONs"
    },
    {
        "start_node": "SHONs (on cellulose)",
        "relationship": "improved",
        "end_node": "Grain boundary conductivity"
    },
    {
        "start_node": "SHONs (on cellulose)",
        "relationship": "improved",
        "end_node": "Hydrophilicity"
    },
    {
        "start_node": "Composite paper",
        "relationship": "prepared_from",
        "end_node": "SHONs grown on cellulose"
    },
    {
        "start_node": "Composite paper",
        "relationship": "proton_conduction_value",
        "end_node": "6.46 x 10^-2 S cm^-1"
    },
    {
        "start_node": "Application",
        "relationship": "for",
        "end_node": "Proton-exchange membrane fuel cells"
    }
]