[
    {
        "start_node": "Coordination Polymer",
        "relationship": "contains",
        "end_node": "Cd(HL)(phen)"
    },
    {
        "start_node": "Coordination Polymer",
        "relationship": "contains",
        "end_node": "Zn-2(L)(HCOO)(LIPY)(2)"
    },
    {
        "start_node": "Coordination Polymer",
        "relationship": "contains",
        "end_node": "Zn-2(L)(mu(3)-OH)(bpy)"
    },
    {
        "start_node": "Complex 1",
        "relationship": "structure",
        "end_node": "1D neutral double-stranded chain"
    },
    {
        "start_node": "Complex 2",
        "relationship": "structure",
        "end_node": "3-connected 2D (4.8(2)) fes network"
    },
    {
        "start_node": "Complex 3",
        "relationship": "structure",
        "end_node": "2D (4(3))(2)(4(6).6(6).8(3)) kgd net"
    },
    {
        "start_node": "Hexanuclear Cluster",
        "relationship": "exists_in",
        "end_node": "Zn4O2"
    },
    {
        "start_node": "Influence Factors",
        "relationship": "discussed",
        "end_node": "coordination modes, metal centers, steric hindrance, reaction temp."
    },
    {
        "start_node": "Luminescent Properties",
        "relationship": "investigated",
        "end_node": "1-3"
    }
]