[
    {
        "start_node": "HOF",
        "relationship": "contain",
        "end_node": "Coordination Polymer"
    },
    {
        "start_node": "Coordination Polymer",
        "relationship": "isotypic_with",
        "end_node": "Coordination Polymer"
    },
    {
        "start_node": "Coordination Polymer",
        "relationship": "structure",
        "end_node": "Binodal Net"
    },
    {
        "start_node": "Binodal Net",
        "relationship": "feature",
        "end_node": "4,6-connected"
    },
    {
        "start_node": "Binodal Net",
        "relationship": "channel_type",
        "end_node": "ID hexagonal"
    },
    {
        "start_node": "Channel",
        "relationship": "occupied_by",
        "end_node": "Water Molecules"
    },
    {
        "start_node": "Coordination Polymer",
        "relationship": "stabilized_by",
        "end_node": "Hydrogen Bonding"
    },
    {
        "start_node": "Coordination Polymer",
        "relationship": "stabilized_by",
        "end_node": "Pi-Pi Interactions"
    },
    {
        "start_node": "Coordination Polymer",
        "relationship": "gas_adsorption",
        "end_node": "CO2 (1)"
    },
    {
        "start_node": "Coordination Polymer",
        "relationship": "gas_adsorption",
        "end_node": "N-2 (2)"
    },
    {
        "start_node": "Coordination Polymer",
        "relationship": "gas_adsorption",
        "end_node": "H-2 (2)"
    },
    {
        "start_node": "Coordination Polymer",
        "relationship": "gas_adsorption",
        "end_node": "CO2 (2) (selective)"
    },
    {
        "start_node": "Coordination Polymer",
        "relationship": "magnetic_property",
        "end_node": "Weak Ferromagnetism"
    },
    {
        "start_node": "Coordination Polymer",
        "relationship": "magnetic_property",
        "end_node": "Spin CANTING"
    },
    {
        "start_node": "Coordination Polymer",
        "relationship": "previous_reported_by",
        "end_node": "Complex 3"
    },
    {
        "start_node": "Complex 3",
        "relationship": "variable_temperature_magnetic",
        "end_node": "Magnetic Susceptibility"
    }
]