[
    {
        "start_node": "TI",
        "relationship": "discusses",
        "end_node": "binary asymmetric dipolar mixture"
    },
    {
        "start_node": "binary dipolar mixture",
        "relationship": "contains",
        "end_node": "Born energy of solvation"
    },
    {
        "start_node": "Born energy of solvation",
        "relationship": "depends on",
        "end_node": "mole fraction"
    },
    {
        "start_node": "MSA",
        "relationship": "applied to",
        "end_node": "electrolyte solution"
    },
    {
        "start_node": "MSA",
        "relationship": "includes",
        "end_node": "partial solvent polarization"
    },
    {
        "start_node": "partial solvent polarization",
        "relationship": "affects",
        "end_node": "nonideality"
    },
    {
        "start_node": "size ratios",
        "relationship": "impacts",
        "end_node": "nonideality"
    },
    {
        "start_node": "rigid ion",
        "relationship": "investigated in",
        "end_node": "alcohol-water, dimethyl sulfoxide-acetonitrile mixtures"
    },
    {
        "start_node": "nonideality",
        "relationship": "stronger for",
        "end_node": "smaller ions"
    },
    {
        "start_node": "alkali metal ions",
        "relationship": "opposite slope in",
        "end_node": "methanol-water"
    },
    {
        "start_node": "quaternary tertiary butyl ammonium ion",
        "relationship": "opposite slope in",
        "end_node": "methanol-water"
    },
    {
        "start_node": "ethanol-water mixtures",
        "relationship": "same slope for",
        "end_node": "ions"
    },
    {
        "start_node": "hydrogen bonding",
        "relationship": "not included in",
        "end_node": "MSA approach"
    },
    {
        "start_node": "hydrophobic interactions",
        "relationship": "not included in",
        "end_node": "MSA approach"
    },
    {
        "start_node": "partial polarization densities",
        "relationship": "reveal",
        "end_node": "microscopic origin of preferential solvation"
    },
    {
        "start_node": "excess free energy of mixing",
        "relationship": "calculated for",
        "end_node": "binary mixtures"
    },
    {
        "start_node": "theory",
        "relationship": "compares with",
        "end_node": "experiment",
        "end_node_type": "agreement"
    }
]