[
    {
        "start_node": "Copper",
        "relationship": "synthesized",
        "end_node": "Cu-2(HL1)(2)(H2O)(2) (1)"
    },
    {
        "start_node": "Copper",
        "relationship": "synthesized",
        "end_node": "[Mn-2(HL1)(2)(H2O)(4)]2H(2)O (2)"
    },
    {
        "start_node": "Manganese",
        "relationship": "synthesized",
        "end_node": "[Mn-2(HL1)(2)(H2O)(4)]2H(2)O (2)"
    },
    {
        "start_node": "Complexes",
        "relationship": "based_on",
        "end_node": "bis-(1H-tetrazol-5-ylmethyl)-amine (H3L1)"
    },
    {
        "start_node": "Complexes",
        "relationship": "based_on",
        "end_node": "bis-(1H-tetrazol-5-ylethyl)-amine (H3L2)"
    },
    {
        "start_node": "Complexes",
        "relationship": "based_on",
        "end_node": "1,5-bis(5-tetrazolo)-3-thiapentane (H2L3)"
    },
    {
        "start_node": "Cu-2(HL1)",
        "relationship": "assembly",
        "end_node": "topological pcu"
    },
    {
        "start_node": "[Mn-2(HL1)(2)(H2O)(4)]2H(2)O",
        "relationship": "assembly",
        "end_node": "topological bcu-x net"
    },
    {
        "start_node": "Complexes",
        "relationship": "topology",
        "end_node": "{4(12)6(3)}"
    },
    {
        "start_node": "Complexes",
        "relationship": "topology",
        "end_node": "{3(36)4(48)5(7)}"
    },
    {
        "start_node": "Complexes",
        "relationship": "structure",
        "end_node": "0-D to infinite 2-D network"
    },
    {
        "start_node": "Cu-5(HL2)(2)(SO4)(2)(OH)(2)(H2O)(2)]5H(2)O",
        "relationship": "synthesized",
        "end_node": "3"
    },
    {
        "start_node": "Cu(HL2)",
        "relationship": "synthesized",
        "end_node": "4"
    },
    {
        "start_node": "Complexes",
        "relationship": "structure",
        "end_node": "1-D chain"
    },
    {
        "start_node": "Complexes",
        "relationship": "structure",
        "end_node": "2-D network"
    },
    {
        "start_node": "Cu-3(L-3)(2)(OH)(2)(H2O)(2)",
        "relationship": "synthesized",
        "end_node": "5"
    },
    {
        "start_node": "Complexes",
        "relationship": "topology",
        "end_node": "four-connected {4(4)6(2)}"
    },
    {
        "start_node": "Magnetism",
        "relationship": "study",
        "end_node": "antiferromagnetic systems"
    },
    {
        "start_node": "1-5",
        "relationship": "magnetic_properties",
        "end_node": "antiferromagnetic"
    }
]