[
    {
        "start_node": "HOF",
        "relationship": "contain",
        "end_node": "Supramolecular Metal-Organic Framework"
    },
    {
        "start_node": "Zn-3(L-C2)(6)(MeOH)(4)",
        "relationship": "is_a",
        "end_node": "trimetallic complex"
    },
    {
        "start_node": "L-C2",
        "relationship": "contains",
        "end_node": "1,8-naphthalimide synthon"
    },
    {
        "start_node": "L-C2",
        "relationship": "contains",
        "end_node": "carboxylate donor group"
    },
    {
        "start_node": "Zn(II)",
        "relationship": "part_of",
        "end_node": "central zinc"
    },
    {
        "start_node": "Zn(II)",
        "relationship": "bonded_to",
        "end_node": "mu-kappa(1) and mu-kappa(2) carboxylate"
    },
    {
        "start_node": "Zn(II)",
        "relationship": "bonded_to",
        "end_node": "methanol"
    },
    {
        "start_node": "Zn(II)",
        "relationship": "five-coordinate",
        "end_node": "terminal zinc"
    },
    {
        "start_node": "naphthalimide rings",
        "relationship": "stacking",
        "end_node": "pi•••π"
    },
    {
        "start_node": "methanol",
        "relationship": "hydrogen_bond",
        "end_node": "adjacent trimer"
    },
    {
        "start_node": "SMOF",
        "relationship": "formed_by",
        "end_node": "two-dimensional sheets"
    }
]