[
    {
        "start_node": "Time Domain Simulations",
        "relationship": "discusses",
        "end_node": "Chemical Bonding Effects"
    },
    {
        "start_node": "Chemical Bonding Effects",
        "relationship": "in",
        "end_node": "Surface-Enhanced Spectroscopy"
    },
    {
        "start_node": "Atom-Centered Density-Matrix Propagation Method",
        "relationship": "used for",
        "end_node": "Simulations"
    },
    {
        "start_node": "Method",
        "relationship": "applies to",
        "end_node": "Ag-7-benzenethiol"
    },
    {
        "start_node": "Ag-7-benzenethiol",
        "relationship": "is",
        "end_node": "Cluster-Bound Pi-Conjugated Organic Complex"
    },
    {
        "start_node": "Temperature",
        "relationship": "affects",
        "end_node": "Conformational Changes"
    },
    {
        "start_node": "Conformational Flexibility",
        "relationship": "in",
        "end_node": "Model Structure"
    },
    {
        "start_node": "Conformational Changes",
        "relationship": "impacts",
        "end_node": "Spectroscopic Properties"
    },
    {
        "start_node": "Computed Electron Densities",
        "relationship": "dependent on",
        "end_node": "Torsional Motion"
    },
    {
        "start_node": "Computed Dipoles",
        "relationship": "dependent on",
        "end_node": "Torsional Motion"
    },
    {
        "start_node": "Computed Polarizabilities",
        "relationship": "dependent on",
        "end_node": "Torsional Motion"
    },
    {
        "start_node": "Torsional Motion",
        "relationship": "controls",
        "end_node": "Coupling"
    },
    {
        "start_node": "Coupling",
        "relationship": "between",
        "end_node": "Pi-Framework (Molecular System) and Cluster"
    }
]