[
    {
        "start_node": "HOF",
        "relationship": "contain",
        "end_node": "Supramolecular Organic Framework (HSOF)"
    },
    {
        "start_node": "HSOF",
        "relationship": "regulate",
        "end_node": "Zn2+ flux"
    },
    {
        "start_node": "HSOF",
        "relationship": "stabilize",
        "end_node": "interfacial chemistry"
    },
    {
        "start_node": "HSOF",
        "relationship": "trap",
        "end_node": "water molecules"
    },
    {
        "start_node": "HSOF",
        "relationship": "assist",
        "end_node": "Zn2+ desolvation"
    },
    {
        "start_node": "HSOF",
        "relationship": "block",
        "end_node": "interfacial corrosion"
    },
    {
        "start_node": "HSOF",
        "relationship": "guide",
        "end_node": "Zn2+ distribution"
    },
    {
        "start_node": "HSOF",
        "relationship": "afford",
        "end_node": "pi-pi stacked space-layout"
    },
    {
        "start_node": "HSOF",
        "relationship": "enable",
        "end_node": "Zn(002) plane stacking"
    },
    {
        "start_node": "HSOF@Zn",
        "relationship": "improve",
        "end_node": "symmetric cell performance"
    },
    {
        "start_node": "HSOF-decorated separator",
        "relationship": "enhance",
        "end_node": "Zn||Zn symmetric cell life"
    },
    {
        "start_node": "HSOF@Zn||V2O5",
        "relationship": "improve",
        "end_node": "capacity retention"
    },
    {
        "start_node": "HSOF",
        "relationship": "scale up to",
        "end_node": "pouch cell"
    },
    {
        "start_node": "HSOF",
        "relationship": "prevent",
        "end_node": "interfacial corrosion"
    },
    {
        "start_node": "HSOF",
        "relationship": "promote",
        "end_node": "flat Zn growth"
    }
]