[
    {
        "start_node": "Crystal",
        "relationship": "study",
        "end_node": "Structure"
    },
    {
        "start_node": "Complexes",
        "relationship": "contain",
        "end_node": "[Cd-2(ppb)(4)(H2O)(2)]8H(2)O (1)"
    },
    {
        "start_node": "Complexes",
        "relationship": "contain",
        "end_node": "[Cd(Hppb)I-2](n) (2)"
    },
    {
        "start_node": "Complex 1",
        "relationship": "has",
        "end_node": "binuclear"
    },
    {
        "start_node": "Complex 2",
        "relationship": "has",
        "end_node": "1D polymers"
    },
    {
        "start_node": "Complex 1",
        "relationship": "coordination",
        "end_node": "slightly distorted octahedral"
    },
    {
        "start_node": "Complex 2",
        "relationship": "coordination",
        "end_node": "distorted square pyramidal"
    },
    {
        "start_node": "Ligands",
        "relationship": "ligation_mode",
        "end_node": "mu(1)-kN, N and mu(2)-kN, N': kO (1)"
    },
    {
        "start_node": "Ligands",
        "relationship": "ligation_mode",
        "end_node": "mu(2)-kN, N': kO and mu(1,6)-bridges (2)"
    },
    {
        "start_node": "Interactions",
        "relationship": "important_in",
        "end_node": "crystal_packing"
    },
    {
        "start_node": "Luminescence",
        "relationship": "measurement",
        "end_node": "differences in intensity"
    }
]