[
    {
        "start_node": "Synthesis",
        "relationship": "describes",
        "end_node": "complexes"
    },
    {
        "start_node": "Structures",
        "relationship": "describes",
        "end_node": "complexes"
    },
    {
        "start_node": "Magnetic properties",
        "relationship": "describes",
        "end_node": "complexes"
    },
    {
        "start_node": "1D to 3D polymers",
        "relationship": "contains",
        "end_node": "complex 1"
    },
    {
        "start_node": "Mn2O units",
        "relationship": "part_of",
        "end_node": "complex 1"
    },
    {
        "start_node": "2D layer networks",
        "relationship": "contains",
        "end_node": "complex 2"
    },
    {
        "start_node": "six-coordinated Co2+",
        "relationship": "component",
        "end_node": "complex 2"
    },
    {
        "start_node": "Complex 3",
        "relationship": "type",
        "end_node": "1D double chain"
    },
    {
        "start_node": "Single chain structure",
        "relationship": "type",
        "end_node": "complex 4"
    },
    {
        "start_node": "Non-covalent bonds",
        "relationship": "results_in",
        "end_node": "supramolecular frameworks"
    },
    {
        "start_node": "Hydrogen bonds",
        "relationship": "part_of",
        "end_node": "supramolecular frameworks"
    },
    {
        "start_node": "pi-center dot center dot center dot pi interactions",
        "relationship": "part_of",
        "end_node": "supramolecular frameworks"
    },
    {
        "start_node": "H-bond grids",
        "relationship": "part_of",
        "end_node": "supramolecular frameworks"
    },
    {
        "start_node": "S-center dot center dot center dot S weak interactions",
        "relationship": "part_of",
        "end_node": "supramolecular frameworks"
    },
    {
        "start_node": "Weak antiferromagnetic behavior",
        "relationship": "observed_in",
        "end_node": "complex 1"
    },
    {
        "start_node": "Single ion paramagnetism",
        "relationship": "observed_in",
        "end_node": "complex 3"
    },
    {
        "start_node": "Spin-orbit coupling",
        "relationship": "dominant_in",
        "end_node": "complex 3, 4"
    },
    {
        "start_node": "DC temperature dependent magnetic susceptibilities",
        "relationship": "measurement",
        "end_node": "complexes"
    }
]