[
    {
        "start_node": "HOF",
        "relationship": "contains",
        "end_node": "Metal Organic Frameworks"
    },
    {
        "start_node": "Mg(C10H19O2)(2)(H2O)(3)",
        "relationship": "protects",
        "end_node": "magnesium surface"
    },
    {
        "start_node": "alkyl carboxylate",
        "relationship": "protective agent",
        "end_node": "neutral pH solution"
    },
    {
        "start_node": "sodium decanoate",
        "relationship": "medium",
        "end_node": "passivation behavior"
    },
    {
        "start_node": "Mg(C7H13O2)(2)(H2O)(2)(H2O)(3)",
        "relationship": "inefficient",
        "end_node": "neutral pH solution"
    },
    {
        "start_node": "Mg(C7)(2)",
        "relationship": "crystal structure",
        "end_node": "X-ray diffraction data"
    },
    {
        "start_node": "Mg(ClO)(2)",
        "relationship": "crystal structure",
        "end_node": "X-ray diffraction data"
    },
    {
        "start_node": "P2(1)/a",
        "relationship": "space group",
        "end_node": "Mg(C7)(2)"
    },
    {
        "start_node": "P2(1)/a",
        "relationship": "space group",
        "end_node": "Mg(ClO)(2)"
    },
    {
        "start_node": "hydrophobic chains",
        "relationship": "differences",
        "end_node": "layered structures"
    },
    {
        "start_node": "O-octahedra",
        "relationship": "components",
        "end_node": "distorted octahedra"
    },
    {
        "start_node": "hydrogen bonds",
        "relationship": "connects",
        "end_node": "layers"
    },
    {
        "start_node": "carboxylate chains",
        "relationship": "orientation",
        "end_node": "perpendicular to (001)"
    }
]