[
    {
        "start_node": "HOF",
        "relationship": "contain",
        "end_node": "rare-earth nitronyl nitroxide radical complexes"
    },
    {
        "start_node": "complexes",
        "relationship": "is",
        "end_node": "[Ln(hfac)(3)(NITPh-Pa)(2)][0.5CH(3)(CH2)(5)CH3]"
    },
    {
        "start_node": "complexes",
        "relationship": "composition",
        "end_node": {
            "start_node": "Ln",
            "relationship": "is",
            "end_node": [
                "Gd(1)",
                "Tb(2)",
                "Dy(3)",
                "Ho(4)"
            ]
        }
    },
    {
        "start_node": "structure",
        "relationship": "analysis",
        "end_node": "mononuclear tri-spin"
    },
    {
        "start_node": "Ln(III)",
        "relationship": "coordination",
        "end_node": {
            "start_node": "nitronyl nitroxide radicals",
            "relationship": "and",
            "end_node": "hexafluoroacetylacetonate ligands"
        }
    },
    {
        "start_node": "complexes",
        "relationship": "connects",
        "end_node": "3D supermolecular framework",
        "subrelationship": "to form"
    },
    {
        "start_node": "complex 1",
        "relationship": "magnetic property",
        "end_node": "ferromagnetic interactions"
    },
    {
        "start_node": "complexes 2, 3",
        "relationship": "magnetic property",
        "end_node": "no non-zero out-of-phase signal"
    },
    {
        "start_node": "complex 2",
        "relationship": "luminescence property",
        "end_node": "Tb3+ ions"
    },
    {
        "start_node": "complex 2",
        "relationship": "luminescence application",
        "end_node": "Cr2O72- and Cr3+ ion detection"
    },
    {
        "start_node": "complex 2",
        "relationship": "detection limit",
        "end_node": "0.01 μM"
    }
]