[
    {
        "start_node": "Synthesis",
        "relationship": "describes",
        "end_node": "functionalized MOF UiO-66"
    },
    {
        "start_node": "Metal-organic framework",
        "relationship": "application",
        "end_node": "water treatment"
    },
    {
        "start_node": "UiO-66",
        "relationship": "synthesized",
        "end_node": "hydrothermal method"
    },
    {
        "start_node": "Ce-UiO-66",
        "relationship": "contains",
        "end_node": "Ce"
    },
    {
        "start_node": "pollutants",
        "relationship": "target",
        "end_node": "tetracycline (TC)"
    },
    {
        "start_node": "TC removal",
        "relationship": "evaluated",
        "end_node": "Ce-UiO-66"
    },
    {
        "start_node": "Optimal conditions",
        "relationship": "achieved",
        "end_node": "nCe/nZr = 0.8, 120°C, 24h"
    },
    {
        "start_node": "TC removal efficiency",
        "relationship": "improvement",
        "end_node": "92.87%"
    },
    {
        "start_node": "Ce-loading",
        "relationship": "process",
        "end_node": "UiO-66 surface"
    },
    {
        "start_node": "UiO-66 structure",
        "relationship": "unchanged",
        "end_node": "loading"
    },
    {
        "start_node": "Pollutant comparison",
        "relationship": "outperforms",
        "end_node": "Ce-UiO-66 (TC specifically)"
    },
    {
        "start_node": "Adsorption mechanism",
        "relationship": "involves",
        "end_node": "electrostatic attraction, conjugation, hydrogen bonding"
    },
    {
        "start_node": "Freundlich model",
        "relationship": "matches",
        "end_node": "isothermal adsorption"
    },
    {
        "start_node": "Research implications",
        "relationship": "provides",
        "end_node": "blueprint for functionalized MOFs"
    }
]