[
    {
        "start_node": "Gas Separation",
        "relationship": "topic",
        "end_node": "Efficient"
    },
    {
        "start_node": "Polymers of Intrinsic Microporosity (PIMs)",
        "relationship": "material",
        "end_node": "Membrane"
    },
    {
        "start_node": "Physical Aging",
        "relationship": "issue",
        "end_node": "Performance"
    },
    {
        "start_node": "PIM-1 membrane",
        "relationship": "example",
        "end_node": "PIM"
    },
    {
        "start_node": "Metal-Organic Framework (MOF) Nanoparticles",
        "relationship": "solution",
        "end_node": "Pillar"
    },
    {
        "start_node": "UiO-66-FA",
        "relationship": "MOF type",
        "end_node": "Defective"
    },
    {
        "start_node": "Mixed Matrix Membrane (MMMs)",
        "relationship": "product",
        "end_node": "UiO-66-FA/PIM-1"
    },
    {
        "start_node": "Hydrogen-Bond Networks",
        "relationship": "interaction",
        "end_node": "Interface"
    },
    {
        "start_node": "Micropore Collapse Prevention",
        "relationship": "benefit",
        "end_node": "Aging"
    },
    {
        "start_node": "Fast Diffusion Pathways",
        "relationship": "feature",
        "end_node": "Defective MOFs"
    },
    {
        "start_node": "CO2/N-2 Selectivity",
        "relationship": "performance metric",
        "end_node": "23.1"
    },
    {
        "start_node": "CO2 Permeability",
        "relationship": "increase",
        "end_node": "16,591 barrer"
    },
    {
        "start_node": "UiO-66-FA/PIM-1 MMM",
        "relationship": "aging resistance",
        "end_node": "25% reduction"
    },
    {
        "start_node": "Robeson Upper Bound",
        "relationship": "benchmark",
        "end_node": "Surpassed"
    },
    {
        "start_node": "Sustainable Development",
        "relationship": "goal",
        "end_node": "PIM-based MMMs"
    }
]