[
    {
        "start_node": "HOF",
        "relationship": "contain",
        "end_node": "tetracycline"
    },
    {
        "start_node": "problem",
        "relationship": "relates_to",
        "end_node": "tetracycline_abuse"
    },
    {
        "start_node": "study",
        "relationship": "focuses_on",
        "end_node": "TC_removal"
    },
    {
        "start_node": "biochar",
        "relationship": "modified_with",
        "end_node": "HKUST-1"
    },
    {
        "start_node": "biochar",
        "relationship": "composed_of",
        "end_node": "rice_husk_biochar"
    },
    {
        "start_node": "biochar",
        "relationship": "composed_of",
        "end_node": "wheat_straw_biochar"
    },
    {
        "start_node": "biochar",
        "relationship": "combined_with",
        "end_node": "kappa-carrageenan"
    },
    {
        "start_node": "biochar",
        "relationship": "combined_with",
        "end_node": "calcium_alginate"
    },
    {
        "start_node": "adsorption",
        "relationship": "occurs_on",
        "end_node": "modified_biochar_composite_gel"
    },
    {
        "start_node": "equilibrium",
        "relationship": "achieved_at",
        "end_node": "24_hours"
    },
    {
        "start_node": "adsorption_type",
        "relationship": "dominated_by",
        "end_node": "chemical_adsorption"
    },
    {
        "start_node": "adsorption_capacity",
        "relationship": "maximum_value",
        "end_node": "313.00_mg_per_g"
    },
    {
        "start_node": "adsorption_capacity",
        "relationship": "maximum_value",
        "end_node": "396.09_mg_per_g"
    },
    {
        "start_node": "mechanism",
        "relationship": "includes",
        "end_node": "hydrogen_bonding"
    },
    {
        "start_node": "mechanism",
        "relationship": "includes",
        "end_node": "electrostatic_attraction"
    },
    {
        "start_node": "mechanism",
        "relationship": "includes",
        "end_node": "metal-organic_complexation"
    },
    {
        "start_node": "mechanism",
        "relationship": "includes",
        "end_node": "pi-pi_interaction"
    },
    {
        "start_node": "experiment",
        "relationship": "type",
        "end_node": "fixed_bed_column"
    },
    {
        "start_node": "application",
        "relationship": "suitable_for",
        "end_node": "removal_of_organic_pollutants"
    },
    {
        "start_node": "application",
        "relationship": "potential_in",
        "end_node": "sewage_treatment"
    }
]