[
    {
        "start_node": "HOF",
        "relationship": "contains",
        "end_node": "computational methodology"
    },
    {
        "start_node": "computational framework",
        "relationship": "describes",
        "end_node": "enthalpic and entropic contributions"
    },
    {
        "start_node": "activation free energy",
        "relationship": "focuses on",
        "end_node": "noncovalent bonds"
    },
    {
        "start_node": "methods",
        "relationship": "includes",
        "end_node": "steered molecular dynamics simulations"
    },
    {
        "start_node": "dynamic force spectroscopy",
        "relationship": "used in",
        "end_node": "computational framework"
    },
    {
        "start_node": "modified theoretical model",
        "relationship": "applied to",
        "end_node": "force-induced bond rupture"
    },
    {
        "start_node": "example",
        "relationship": "demonstrates",
        "end_node": "intramolecular hydrogen bond"
    },
    {
        "start_node": "peptide helix",
        "relationship": "involves",
        "end_node": "hydrogen bond"
    },
    {
        "start_node": "Gibbs energy",
        "relationship": "compares with",
        "end_node": "sum of energy contributions"
    },
    {
        "start_node": "universality",
        "relationship": "characterizes",
        "end_node": "methodological framework"
    },
    {
        "start_node": "application",
        "relationship": "possible in",
        "end_node": "various molecular systems"
    }
]