[
    {
        "start_node": "Binding",
        "relationship": "process",
        "end_node": "anions"
    },
    {
        "start_node": "tripodal hosts",
        "relationship": "facilitate",
        "end_node": "binding"
    },
    {
        "start_node": "tripodal hosts",
        "relationship": "detect",
        "end_node": "anions"
    },
    {
        "start_node": "anions",
        "relationship": "bind_to",
        "end_node": "tripodal hosts"
    },
    {
        "start_node": "HOF",
        "relationship": "contain",
        "end_node": "tripodal host design"
    },
    {
        "start_node": "tripodal host design",
        "relationship": "strategy",
        "end_node": "binding/detection"
    }
]