[
    {
        "start_node": "Sample Preparation",
        "relationship": "review",
        "end_node": "Recent Advances of Ionic Liquids"
    },
    {
        "start_node": "Ionic Liquids (ILs)",
        "relationship": "application",
        "end_node": "Sample Preparation"
    },
    {
        "start_node": "Liquid-Liquid Microextraction",
        "relationship": "method",
        "end_node": "Sample Preparation"
    },
    {
        "start_node": "Solid-Phase Extraction",
        "relationship": "method",
        "end_node": "Sample Preparation"
    },
    {
        "start_node": "Solid-Phase Microextraction",
        "relationship": "method",
        "end_node": "Sample Preparation"
    },
    {
        "start_node": "Stir Bar/Sorptive Extraction",
        "relationship": "method",
        "end_node": "Sample Preparation"
    },
    {
        "start_node": "Sorbents",
        "relationship": "used_as",
        "end_node": "ILs"
    },
    {
        "start_node": "Polymer of ILs",
        "relationship": "composite",
        "end_node": "Sorbents"
    },
    {
        "start_node": "Molecular Imprinted Polymer",
        "relationship": "composite",
        "end_node": "Sorbents"
    },
    {
        "start_node": "Carbon Nanotubes",
        "relationship": "composite",
        "end_node": "Sorbents"
    },
    {
        "start_node": "Graphene Oxide",
        "relationship": "composite",
        "end_node": "Sorbents"
    },
    {
        "start_node": "Magnetic Materials",
        "relationship": "composite",
        "end_node": "Sorbents"
    },
    {
        "start_node": "Pollutants",
        "relationship": "target_of",
        "end_node": "ILs-based Extraction Materials"
    },
    {
        "start_node": "Mechanisms",
        "relationship": "involved_in",
        "end_node": [
            "pi-pi interaction",
            "ion-exchange",
            "hydrogen bonding",
            "dipole-dipole",
            "electrostatic",
            "hydrophobic",
            "hydrophilic"
        ]
    },
    {
        "start_node": "Improved Sensitivity",
        "relationship": "attribute",
        "end_node": "ILs-based Extraction"
    },
    {
        "start_node": "Selectivity",
        "relationship": "attribute",
        "end_node": "ILs-based Extraction"
    },
    {
        "start_node": "Prospects",
        "relationship": "outlook",
        "end_node": "Sample Preparation"
    },
    {
        "start_node": "Elsevier B.V.",
        "relationship": "copyright",
        "end_node": "(c) 2020"
    }
]