[
    {
        "start_node": "Synthesis",
        "relationship": "describes",
        "end_node": "Silanol-Rich MCM-48"
    },
    {
        "start_node": "MCM-48",
        "relationship": "prepared with",
        "end_node": "mixed surfactants (PVP, CTAB)"
    },
    {
        "start_node": "PVP",
        "relationship": "template",
        "end_node": "mixed micelle formation"
    },
    {
        "start_node": "CTAB",
        "relationship": "template",
        "end_node": "mixed micelle formation"
    },
    {
        "start_node": "Mixed Templates",
        "relationship": "improves",
        "end_node": "acetone adsorption capacity (23.86%)"
    },
    {
        "start_node": "Silanol Group",
        "relationship": "increased due to",
        "end_node": "mixed templates effect"
    },
    {
        "start_node": "MCM-48 (1:3)",
        "relationship": "adsorbs",
        "end_node": "acetone"
    },
    {
        "start_node": "Adsorption Kinetics",
        "relationship": "modelled by",
        "end_node": "Bangham model"
    },
    {
        "start_node": "Pore Diffusion Mechanism",
        "relationship": "supported by",
        "end_node": "Bangham model"
    },
    {
        "start_node": "Adsorption Isotherm",
        "relationship": "fit with",
        "end_node": "Langmuir, Freundlich models"
    },
    {
        "start_node": "Freundlich Model",
        "relationship": "better describes",
        "end_node": "acetone adsorption (multilayer)"
    },
    {
        "start_node": "Thermodynamics",
        "relationship": "reveals",
        "end_node": "physical adsorption, exothermic"
    },
    {
        "start_node": "Adsorbent Design",
        "relationship": "impacts",
        "end_node": "acetone removal performance"
    },
    {
        "start_node": "Silanol-Rich MCM-48 (mixed templates)",
        "relationship": "promising for",
        "end_node": "acetone removal"
    }
]