[
    {
        "start_node": "Solvation",
        "relationship": "affect",
        "end_node": "Metallocene pilot ions"
    },
    {
        "start_node": "Dielectric response energies",
        "relationship": "obey",
        "end_node": "Local continuum electrostatics"
    },
    {
        "start_node": "Metallocene pilot ions",
        "relationship": "in",
        "end_node": "Organic solvents"
    },
    {
        "start_node": "Water",
        "relationship": "anomalously large response",
        "end_node": "Dipole correlation"
    },
    {
        "start_node": "Nonlocal response",
        "relationship": "estimated from",
        "end_node": "Redox potentials"
    },
    {
        "start_node": "Positive intraphase potential",
        "relationship": "caused by",
        "end_node": "Water orientation towards neutral solute"
    },
    {
        "start_node": "Ferrocene",
        "relationship": "estimated potential",
        "end_node": "+0.1 V"
    },
    {
        "start_node": "Polarizable force field model",
        "relationship": "agrees with",
        "end_node": "Potential estimation"
    },
    {
        "start_node": "Improved ferrocene-ferricenium standard",
        "relationship": "basis for",
        "end_node": "Single-ion transfer energies"
    }
]