[
    {
        "start_node": "HOF",
        "relationship": "contain",
        "end_node": "zirconium-based MOF"
    },
    {
        "start_node": "zirconium-based MOF",
        "relationship": "modified with",
        "end_node": "1,3,5-benzenetricarboxylic acid"
    },
    {
        "start_node": "HOF",
        "relationship": "used for",
        "end_node": "removal of methylene blue"
    },
    {
        "start_node": "UIO-66-BTC",
        "relationship": "synthesis",
        "end_node": "BTC and Zr-based MOF"
    },
    {
        "start_node": "UIO-66-BTC",
        "relationship": "adsorption performance",
        "end_node": "98.45% removal rate"
    },
    {
        "start_node": "UIO-66-BTC",
        "relationship": "adsorption capacity",
        "end_node": "393.80 mg/g"
    },
    {
        "start_node": "MB",
        "relationship": "adsorbed by",
        "end_node": "UIO-66-BTC"
    },
    {
        "start_node": "MB",
        "relationship": "comparison",
        "end_node": "UIO-66 (18.908 mg/g)"
    },
    {
        "start_node": "UIO-66-BTC",
        "relationship": "adsorption kinetics",
        "end_node": "pseudo-second-order model"
    },
    {
        "start_node": "UIO-66-BTC",
        "relationship": "adsorption isotherm",
        "end_node": "Langmuir isotherm"
    },
    {
        "start_node": "MB",
        "relationship": "mechanism",
        "end_node": "electrostatic interactions, pore filling, hydrogen bonding, pi-pi interactions"
    },
    {
        "start_node": "HOF",
        "relationship": "application",
        "end_node": "effluent treatment"
    },
    {
        "start_node": "MB",
        "relationship": "thermodynamic properties",
        "end_node": "spontaneous process at lower temperatures"
    },
    {
        "start_node": "HOF",
        "relationship": "regeneration",
        "end_node": "68% efficiency after 5 cycles"
    }
]