[
    {
        "start_node": "HOF",
        "relationship": "contain",
        "end_node": "Solar Interface Evaporation"
    },
    {
        "start_node": "HOF",
        "relationship": "apply_to",
        "end_node": "Desalination"
    },
    {
        "start_node": "HOF",
        "relationship": "apply_to",
        "end_node": "Water Purification"
    },
    {
        "start_node": "Wood Evaporator",
        "relationship": "feature",
        "end_node": "Arch-Shaped Design"
    },
    {
        "start_node": "Wood Evaporator",
        "relationship": "contain",
        "end_node": "Carbon Black (CB)"
    },
    {
        "start_node": "Wood Evaporator",
        "relationship": "contain",
        "end_node": "MOF-801"
    },
    {
        "start_node": "MOF-801",
        "relationship": "function",
        "end_node": "Light Absorption Layer"
    },
    {
        "start_node": "Wood Evaporator",
        "relationship": "effect",
        "end_node": "Double-Sided Evaporation"
    },
    {
        "start_node": "Wood Evaporator",
        "relationship": "improve",
        "end_node": "Efficiency"
    },
    {
        "start_node": "Evaporation Rate",
        "relationship": "value",
        "end_node": "2.535 kg/m²/h"
    },
    {
        "start_node": "Efficiency",
        "relationship": "value",
        "end_node": "93.7%"
    },
    {
        "start_node": "Wood Evaporator",
        "relationship": "application",
        "end_node": "WHO Drinking Water Standards"
    },
    {
        "start_node": "HOF",
        "relationship": "idea_for",
        "end_node": "Commercial Portable Photothermal Conversion"
    },
    {
        "start_node": "HOF",
        "relationship": "idea_for",
        "end_node": "Advanced Solar-Driven Water Treatment"
    }
]