[
    {
        "start_node": "HOF",
        "relationship": "contain",
        "end_node": "Proton coupled electron transfer mechanism"
    },
    {
        "start_node": "HOF",
        "relationship": "application",
        "end_node": "Photochromic materials"
    },
    {
        "start_node": "Photochromic materials",
        "relationship": "used_in",
        "end_node": "anti-counterfeiting"
    },
    {
        "start_node": "Photochromic materials",
        "relationship": "used_in",
        "end_node": "display"
    },
    {
        "start_node": "Photochromic materials",
        "relationship": "used_in",
        "end_node": "switches"
    },
    {
        "start_node": "HOF",
        "relationship": "based_on",
        "end_node": "nonphotoactive units"
    },
    {
        "start_node": "HOF",
        "relationship": "mechanism",
        "end_node": "PCET (Proton Coupled Electron Transfer)"
    },
    {
        "start_node": "HOF",
        "relationship": "components",
        "end_node": "[H2BPYB][ZnCl4] center dot H2O (1)"
    },
    {
        "start_node": "HOF",
        "relationship": "components",
        "end_node": "[H3TPT][Zn3Cl12] center dot 4H(2)O (2)"
    },
    {
        "start_node": "HOF",
        "relationship": "property",
        "end_node": "photochromic performance"
    },
    {
        "start_node": "HOF",
        "relationship": "characterization",
        "end_node": "experimental"
    },
    {
        "start_node": "HOF",
        "relationship": "property_link",
        "end_node": "structure-property relationship"
    }
]