[
    {
        "start_node": "HOF",
        "relationship": "contain",
        "end_node": "Hydrogen-bonded-assisted supramolecular microwires"
    },
    {
        "start_node": "Hydrogen-bonded-assisted microwires",
        "relationship": "for",
        "end_node": "Deep-violet lasers"
    },
    {
        "start_node": "Deep-violet lasing",
        "relationship": "requirement",
        "end_node": "microscale integration"
    },
    {
        "start_node": "Microwire laser",
        "relationship": "fabrication",
        "end_node": "Suppression of π-π stacking and aggregation"
    },
    {
        "start_node": "π-π stacking interaction",
        "relationship": "prevented by",
        "end_node": "Hydrogen bonding"
    },
    {
        "start_node": "S=O center dot center dot center dot H-C hydrogen bonds",
        "relationship": "constructs",
        "end_node": "Regular encapsulation layer"
    },
    {
        "start_node": "Encapsulation layer",
        "relationship": "effect on",
        "end_node": "Intermolecular π-π stacking inhibition"
    },
    {
        "start_node": "Single-molecular excitonic behavior",
        "relationship": "achieved by",
        "end_node": "Hydrogen-bonded structures"
    },
    {
        "start_node": "Effective conjugated-length",
        "relationship": "synergistic effect",
        "end_node": "Lasing threshold reduction"
    },
    {
        "start_node": "Whispering-gallery-mode microcavity",
        "relationship": "as",
        "end_node": "High-quality lasing platform"
    },
    {
        "start_node": "Lasing properties",
        "relationship": "include",
        "end_node": "41 W cm⁻² threshold, 405 nm emission"
    },
    {
        "start_node": "Molecular encapsulation strategy",
        "relationship": "proposed for",
        "end_node": "Stable and easily processed single crystals"
    },
    {
        "start_node": "Proof-of-concept",
        "relationship": "established by",
        "end_node": "Supramolecular crystalline framework"
    }
]