[
    {
        "start_node": "Solid Solution",
        "relationship": "approach",
        "end_node": "Design"
    },
    {
        "start_node": "Copper Mixed-Triazolate MOFs",
        "relationship": "contains",
        "end_node": "CuMtz-2"
    },
    {
        "start_node": "CuMtz-2",
        "relationship": "synthesized_from",
        "end_node": "CuTz-1"
    },
    {
        "start_node": "CuTz-1",
        "relationship": "contains",
        "end_node": "Cu8(3,5-Ph2-tz)6"
    },
    {
        "start_node": "CuMtz-2a",
        "relationship": "modification_of",
        "end_node": "CuMtz-2"
    },
    {
        "start_node": "CuMtz-2b",
        "relationship": "modification_of",
        "end_node": "CuMtz-2"
    },
    {
        "start_node": "CuMtz-2b",
        "relationship": "adsorbent_for",
        "end_node": "triclosan (TCS)"
    },
    {
        "start_node": "CuMtz-2b",
        "relationship": "adsorption_capacity",
        "end_node": "743.2 mg g-1"
    },
    {
        "start_node": "CuMtz-2b",
        "relationship": "comparison_with",
        "end_node": "CuTz-1 (578.5 mg g-1)"
    },
    {
        "start_node": "Enhancement",
        "relationship": "due_to",
        "end_node": "3,5-Hm2-tz incorporation"
    },
    {
        "start_node": "Hydrogen Bond",
        "relationship": "role_in",
        "end_node": "TCS adsorption"
    },
    {
        "start_node": "Anion Exchange",
        "relationship": "contribution_to",
        "end_node": "enhanced adsorption"
    },
    {
        "start_node": "pH 9",
        "relationship": "condition_for",
        "end_node": "anion exchange"
    },
    {
        "start_node": "CuMtz-2b",
        "relationship": "regenerable",
        "end_node": "yes"
    },
    {
        "start_node": "CuMtz-2b",
        "relationship": "repeated_usage",
        "end_node": "three cycles"
    }
]