[
    {
        "start_node": "HOF",
        "relationship": "contains",
        "end_node": "Two polyoxometalate-based metal-organic complexes"
    },
    {
        "start_node": "complexes",
        "relationship": "constructed_from",
        "end_node": "pyridine-polyazole"
    },
    {
        "start_node": "complex_1",
        "relationship": "assembly",
        "end_node": "hydrothermal conditions"
    },
    {
        "start_node": "complex_1",
        "relationship": "structure_identified_by",
        "end_node": "single crystal X-ray diffraction"
    },
    {
        "start_node": "complex_2",
        "relationship": "synthesized",
        "end_node": "hydrothermal conditions"
    },
    {
        "start_node": "complex_2",
        "relationship": "characterized_by",
        "end_node": "elemental analysis, IR, PXRD"
    },
    {
        "start_node": "complex_1",
        "relationship": "structural_component",
        "end_node": "[Ni(Htyptz)(2)] mononuclear unit"
    },
    {
        "start_node": "complex_1",
        "relationship": "connects",
        "end_node": "Ni-gamma-Mo8O26 inorganic chains"
    },
    {
        "start_node": "complex_1",
        "relationship": "forms",
        "end_node": "2D layer"
    },
    {
        "start_node": "complex_1",
        "relationship": "constructs",
        "end_node": "3D supramolecular network"
    },
    {
        "start_node": "complex_2",
        "relationship": "2D_network",
        "end_node": "1D [Ni-3(H(2)typtz)(2)] chains, TeMo6 anions"
    },
    {
        "start_node": "complexes",
        "relationship": "tunes",
        "end_node": "structures"
    },
    {
        "start_node": "complexes",
        "relationship": "adsorption_activity",
        "end_node": "methylene blue (MB), NR, R6G, OrII"
    },
    {
        "start_node": "complexes",
        "relationship": "electrochemical_behavior",
        "end_node": "studied"
    },
    {
        "start_node": "complexes",
        "relationship": "electrocatalytic_properties",
        "end_node": "investigated"
    }
]