[
    {
        "start_node": "TI",
        "relationship": "discusses",
        "end_node": "porous framework"
    },
    {
        "start_node": "TI",
        "relationship": "as",
        "end_node": "bifunctional electrocatalyst"
    },
    {
        "start_node": "TI",
        "relationship": "for",
        "end_node": "zinc-air battery"
    },
    {
        "start_node": "AB",
        "relationship": "describes",
        "end_node": "melem-cyanuric acid complex (MCAC)"
    },
    {
        "start_node": "AB",
        "relationship": "prepared by",
        "end_node": "hydrogen bonding assembly"
    },
    {
        "start_node": "AB",
        "relationship": "explored as",
        "end_node": "OER catalyst"
    },
    {
        "start_node": "AB",
        "relationship": "also as",
        "end_node": "ORR catalyst"
    },
    {
        "start_node": "MCAC",
        "relationship": "has",
        "end_node": "nanosheet-like structure"
    },
    {
        "start_node": "MCAC",
        "relationship": "characteristics",
        "end_node": "nitrogen-rich, large surface area"
    },
    {
        "start_node": "MCAC",
        "relationship": "compared with",
        "end_node": "g-C3N4, N-rGO"
    },
    {
        "start_node": "MCAC",
        "relationship": "improvement",
        "end_node": "lower OER overpotential, higher ORR half-potential"
    },
    {
        "start_node": "MCAC",
        "relationship": "activity enhanced by",
        "end_node": "melem-N atoms, cyanurate bonding"
    },
    {
        "start_node": "MCAC",
        "relationship": "application",
        "end_node": "metal-free electrocatalyst"
    },
    {
        "start_node": "AB",
        "relationship": "features",
        "end_node": "small overpotential difference for oxygen electrocatalysis"
    },
    {
        "start_node": "AB",
        "relationship": "Zn-air battery performance",
        "end_node": "high open-circuit potential, specific capacity"
    },
    {
        "start_node": "AB",
        "relationship": "advantage",
        "end_node": "new avenue for advanced porous solids"
    }
]