[
    {
        "start_node": "Crystal",
        "relationship": "study",
        "end_node": "complexes"
    },
    {
        "start_node": "Molecular structure",
        "relationship": "part_of",
        "end_node": "complexes"
    },
    {
        "start_node": "Organic acid-base adducts",
        "relationship": "formed_by",
        "end_node": "complexes"
    },
    {
        "start_node": "2-Methylquinoline",
        "relationship": "reactant",
        "end_node": "complexes"
    },
    {
        "start_node": "4-aminobenzoic acid, 2-aminobenzoic acid, salicylic acid, 5-chlorosalicylic acid, 3,5-dinitrosalicylic acid, malic acid, sebacic acid, 1,5-naphthalenedisulfonic acid",
        "relationship": "acidic_component",
        "end_node": "complexes"
    },
    {
        "start_node": "X-ray crystallography",
        "relationship": "used_for",
        "end_node": "characterization"
    },
    {
        "start_node": "IR",
        "relationship": "used_for",
        "end_node": "characterization"
    },
    {
        "start_node": "mp",
        "relationship": "used_for",
        "end_node": "characterization"
    },
    {
        "start_node": "Elemental analysis",
        "relationship": "used_for",
        "end_node": "characterization"
    },
    {
        "start_node": "Ionic hydrogen bonds",
        "relationship": "interaction_in",
        "end_node": "complexes"
    },
    {
        "start_node": "Neutral hydrogen bonds",
        "relationship": "interaction_in",
        "end_node": "complexes"
    },
    {
        "start_node": "Weak noncovalent interactions",
        "relationship": "contributes_to",
        "end_node": "crystal_packing"
    },
    {
        "start_node": "Strong noncovalent interactions",
        "relationship": "contributes_to",
        "end_node": "crystal_packing"
    },
    {
        "start_node": "2D-3D framework structure",
        "relationship": "observed_in",
        "end_node": "complexes"
    },
    {
        "start_node": "Elsevier B.V.",
        "relationship": "publisher",
        "end_node": "publication"
    }
]