[
    {
        "start_node": "Crystal",
        "relationship": "contains",
        "end_node": "structure"
    },
    {
        "start_node": "Catena-poly",
        "relationship": "contains",
        "end_node": "polymer"
    },
    {
        "start_node": "copper(II)",
        "relationship": "contains",
        "end_node": "complex"
    },
    {
        "start_node": "asymmetric unit",
        "relationship": "contains",
        "end_node": "copper(II) tetra-acetate paddle-wheel complex"
    },
    {
        "start_node": "Cu4(CH3COO)8Cl",
        "relationship": "part_of",
        "end_node": "central metal-organic framework"
    },
    {
        "start_node": "paddle-wheel complex",
        "relationship": "formed_by",
        "end_node": "dimerization"
    },
    {
        "start_node": "Cu(II) atoms",
        "relationship": "coordination geometry",
        "end_node": "distorted square-pyramidal"
    },
    {
        "start_node": "acetate ligands",
        "relationship": "coordination",
        "end_node": "mu2 and mu3"
    },
    {
        "start_node": "Cu⋯Cu separation",
        "relationship": "distance",
        "end_node": "2.6016 (2) A"
    },
    {
        "start_node": "apical coordination sites",
        "relationship": "ligands",
        "end_node": [
            "O atom",
            "bridging chloride"
        ]
    },
    {
        "start_node": "1,3-bis-(2,6-diisoprop-ylphenyl)imidazolium cation",
        "relationship": "neutralizes",
        "end_node": "charge"
    },
    {
        "start_node": "hydrogen bonds",
        "relationship": "forms",
        "end_node": [
            "C-H⋯O",
            "C-H⋯Cl"
        ]
    },
    {
        "start_node": "interactions",
        "relationship": "lacks",
        "end_node": "significant"
    }
]