[
    {
        "start_node": "Growth",
        "relationship": "study_of",
        "end_node": "DMD2O_crystal"
    },
    {
        "start_node": "Structural",
        "relationship": "investigation_on",
        "end_node": "DMD2O_crystal"
    },
    {
        "start_node": "Spectroscopic",
        "relationship": "studies_of",
        "end_node": "DMD2O_crystal"
    },
    {
        "start_node": "Phase_formation",
        "relationship": "performed_on",
        "end_node": "DMD2O_crystal"
    },
    {
        "start_node": "Slow_evaporation_method",
        "relationship": "growth_technique",
        "end_node": "DMD2O_crystal"
    },
    {
        "start_node": "Density-functional_theory",
        "relationship": "used_for",
        "end_node": "DFT_calculations"
    },
    {
        "start_node": "B3LYP/6-311++G(d,p)",
        "relationship": "method_level",
        "end_node": "DFT_calculations"
    },
    {
        "start_node": "Vibrational_assignments",
        "relationship": "compared_with",
        "end_node": "theoretical_calculations"
    },
    {
        "start_node": "Potential_energy_distribution",
        "relationship": "used_to_determine",
        "end_node": "vibrational_bands"
    },
    {
        "start_node": "TD-DFT",
        "relationship": "used_to_calculate",
        "end_node": "maximum_absorption_wavelength"
    },
    {
        "start_node": "Reduced_gradient_densities",
        "relationship": "analyzed",
        "end_node": "DMD2O_crystal"
    },
    {
        "start_node": "Electron_localization_functions",
        "relationship": "analyzed",
        "end_node": "DMD2O_crystal"
    },
    {
        "start_node": "Localized_orbital_locators",
        "relationship": "analyzed",
        "end_node": "DMD2O_crystal"
    },
    {
        "start_node": "Multi-wave added multi-wave functions",
        "relationship": "studied",
        "end_node": "DMD2O_crystal"
    },
    {
        "start_node": "Nonlinear_optical_behavior",
        "relationship": "performed_on",
        "end_node": "DMD2O_crystal"
    },
    {
        "start_node": "Hirshfeld_surface_analysis",
        "relationship": "conducted",
        "end_node": "DMD2O_crystal"
    },
    {
        "start_node": "Intermolecular_interaction_energies",
        "relationship": "examined",
        "end_node": "understanding_molecular_packing"
    }
]