[
    {
        "start_node": "HOF",
        "relationship": "contain",
        "end_node": "reduced graphene oxide decorated NH2-MIL-68(Al) (RGO/NMA)"
    },
    {
        "start_node": "RGO/NMA",
        "relationship": "used_for",
        "end_node": "congo red removal"
    },
    {
        "start_node": "RGO/NMA",
        "relationship": "adsorbates",
        "end_node": "congo red"
    },
    {
        "start_node": "RGO/NMA",
        "relationship": "enhanced_by",
        "end_node": "RGO"
    },
    {
        "start_node": "RGO/NMA",
        "relationship": "adsorption_capacity",
        "end_node": "473.93 mg/g"
    },
    {
        "start_node": "NMA",
        "relationship": "comparison",
        "end_node": "RGO/NMA"
    },
    {
        "start_node": "RGO",
        "relationship": "comparison",
        "end_node": "RGO/NMA"
    },
    {
        "start_node": "adsorption dynamics",
        "relationship": "model",
        "end_node": "Pseudo-second-order"
    },
    {
        "start_node": "adsorption steps",
        "relationship": "controlled_by",
        "end_node": "film-diffusion, intra-particle diffusion"
    },
    {
        "start_node": "isotherms",
        "relationship": "described_by",
        "end_node": "Langmuir, Temkin, Freundlich, Hill"
    },
    {
        "start_node": "adsorption mechanism",
        "relationship": "includes",
        "end_node": "electrostatic attraction, pi-pi dispersion, hydrogen bonds"
    },
    {
        "start_node": "synergistic effect",
        "relationship": "observed_in",
        "end_node": "CR and cationic dye removal"
    },
    {
        "start_node": "RGO/NMA",
        "relationship": "reusability",
        "end_node": "excellent"
    },
    {
        "start_node": "RGO/NMA",
        "relationship": "application",
        "end_node": "photocatalyst for Cr(VI) reduction"
    }
]