[
    {
        "start_node": "DFT",
        "relationship": "computations",
        "end_node": "Crystal structure"
    },
    {
        "start_node": "Crystal structure",
        "relationship": "investigated_by",
        "end_node": "X-ray diffraction"
    },
    {
        "start_node": "X-ray diffraction",
        "relationship": "results_in",
        "end_node": "two dimensional frameworks"
    },
    {
        "start_node": "Molecular geometry",
        "relationship": "compared_with",
        "end_node": "optimized counterpart"
    },
    {
        "start_node": "Density Functional Method (OFT)",
        "relationship": "used_for",
        "end_node": "quantum chemical calculations"
    },
    {
        "start_node": "Raman studies",
        "relationship": "additional_characterization",
        "end_node": "spectroscopic properties"
    },
    {
        "start_node": "Infrared studies",
        "relationship": "additional_characterization",
        "end_node": "spectroscopic properties"
    },
    {
        "start_node": "B3LYP/LanL2DZ level",
        "relationship": "method",
        "end_node": "DFT computations"
    },
    {
        "start_node": "Gaussian 03 program",
        "relationship": "used_in",
        "end_node": "vibrational spectra study"
    },
    {
        "start_node": "Optical absorption spectrum",
        "relationship": "inspected_by",
        "end_node": "UV-visible absorption"
    },
    {
        "start_node": "280 nm (4.42 eV)",
        "relationship": "optical_gap",
        "end_node": "sharp"
    },
    {
        "start_node": "550 nm (2.25 eV)",
        "relationship": "photoluminescence_emission",
        "end_node": "strong green"
    },
    {
        "start_node": "TD/DFT method",
        "relationship": "used_for",
        "end_node": "HOMO-LUMO energy gap calculation"
    },
    {
        "start_node": "Mulliken atomic charges",
        "relationship": "calculated_by",
        "end_node": "TD/DFT method"
    },
    {
        "start_node": "Material",
        "relationship": "theoretical_results",
        "end_node": "good agreement with experimental"
    }
]