[
    {
        "start_node": "HOF",
        "relationship": "contains",
        "end_node": "Coordination Polymer"
    },
    {
        "start_node": "Coordination Polymer",
        "relationship": "type",
        "end_node": "Cu(i)"
    },
    {
        "start_node": "Cu(i) Coordination Polymer",
        "relationship": "has",
        "end_node": "HDBPT"
    },
    {
        "start_node": "HDBPT",
        "relationship": "ligand",
        "end_node": "benzimidazolyl-tetrazolyl"
    },
    {
        "start_node": "HDBPT",
        "relationship": "is",
        "end_node": "CP 1"
    },
    {
        "start_node": "CP 1",
        "relationship": "structure",
        "end_node": "2D network"
    },
    {
        "start_node": "CP 1",
        "relationship": "property",
        "end_node": "stability (pH 3-13)"
    },
    {
        "start_node": "CP 1",
        "relationship": "energy band gap",
        "end_node": "2.70 eV"
    },
    {
        "start_node": "CP 1",
        "relationship": "photocatalytic activity",
        "end_node": "MLB degradation"
    },
    {
        "start_node": "Coordination Polymer",
        "relationship": "type",
        "end_node": "Cu(i) with DMF"
    },
    {
        "start_node": "Cu(i) with DMF",
        "relationship": "is",
        "end_node": "CP 2"
    },
    {
        "start_node": "CP 2",
        "relationship": "structure",
        "end_node": "3D framework"
    },
    {
        "start_node": "CP 2",
        "relationship": "topology",
        "end_node": "(3,6)-connected rtl"
    },
    {
        "start_node": "CP 2",
        "relationship": "stability",
        "end_node": "water (pH 3-13)"
    },
    {
        "start_node": "CP 2",
        "relationship": "energy band gap",
        "end_node": "2.79 eV"
    },
    {
        "start_node": "CP 2",
        "relationship": "photocatalytic activity",
        "end_node": "MLB degradation"
    },
    {
        "start_node": "Photocatalytic Reaction",
        "relationship": "involves",
        "end_node": "holes, OH"
    },
    {
        "start_node": "MLB",
        "relationship": "degradation product",
        "end_node": "small molecules"
    },
    {
        "start_node": "MLB",
        "relationship": "degraded by",
        "end_node": "CP 1, CP 2"
    }
]