[
    {
        "start_node": "HOF",
        "relationship": "contains",
        "end_node": "Bottom up synthesis"
    },
    {
        "start_node": "HOF",
        "relationship": "contains",
        "end_node": "Copper complexes"
    },
    {
        "start_node": "HOF",
        "relationship": "contains",
        "end_node": "Mononuclear compound 1"
    },
    {
        "start_node": "HOF",
        "relationship": "contains",
        "end_node": "Compound 2"
    },
    {
        "start_node": "HOF",
        "relationship": "contains",
        "end_node": "Dicopper(II) derivative 3"
    },
    {
        "start_node": "HOF",
        "relationship": "contains",
        "end_node": "Heterometallic 2D coordination polymer 4"
    },
    {
        "start_node": "HOF",
        "relationship": "contains",
        "end_node": "3D metal-organic framework 5"
    },
    {
        "start_node": "HOF",
        "relationship": "features",
        "end_node": "H-bonded networks"
    },
    {
        "start_node": "HOF",
        "relationship": "features",
        "end_node": "Metal-organic networks"
    },
    {
        "start_node": "HOF",
        "relationship": "discloses",
        "end_node": "Topological viewpoints"
    },
    {
        "start_node": "HOF",
        "relationship": "investigates",
        "end_node": "Thermal properties"
    },
    {
        "start_node": "HOF",
        "relationship": "investigates",
        "end_node": "Decomposition of 4 and 5"
    }
]