[
    {
        "start_node": "HOF",
        "relationship": "contain",
        "end_node": "Adsorptive denitrogenation"
    },
    {
        "start_node": "HOF",
        "relationship": "study",
        "end_node": "MOFs"
    },
    {
        "start_node": "MOFs",
        "relationship": "type",
        "end_node": "porous metal-organic frameworks"
    },
    {
        "start_node": "MOFs",
        "relationship": "effect",
        "end_node": "acidity/basicity"
    },
    {
        "start_node": "MOF (MIL-100(Cr))",
        "relationship": "modified",
        "end_node": "grafting ethylenediamine/aminomethanesulfonic acid"
    },
    {
        "start_node": "modification",
        "relationship": "result",
        "end_node": "acidic/basic sites"
    },
    {
        "start_node": "acidic site",
        "relationship": "improves",
        "end_node": "adsorption (quinoline/benzothiophene)"
    },
    {
        "start_node": "basic MOF",
        "relationship": "decreased",
        "end_node": "adsorption (quinoline)"
    },
    {
        "start_node": "base-base interaction",
        "relationship": "effect on",
        "end_node": "adsorption (hard base vs. soft base)"
    },
    {
        "start_node": "functionalized MOFs",
        "relationship": "adsorption for",
        "end_node": "neutral adsorbate (indole)"
    },
    {
        "start_node": "functionalized MOF (with -SO3H)",
        "relationship": "reusability",
        "end_node": "acetone washing"
    },
    {
        "start_node": "conclusion",
        "relationship": "drawn",
        "end_node": "acid-base interactions for NCC removal"
    },
    {
        "start_node": "exception",
        "relationship": "required for",
        "end_node": "high uptake/efficient removal (neutral adsorbates)"
    }
]