[
    {
        "start_node": "HOF",
        "relationship": "contains",
        "end_node": "MOFs"
    },
    {
        "start_node": "MOFs",
        "relationship": "used_for",
        "end_node": "antibiotic removal"
    },
    {
        "start_node": "BC@MIL-88B(Fe)",
        "relationship": "is",
        "end_node": "novel_adsorbent"
    },
    {
        "start_node": "BC@MIL-88B(Fe)",
        "relationship": "adsorption_capacity",
        "end_node": "821.51 mg g⁻¹ (TC)"
    },
    {
        "start_node": "BC@MIL-88B(Fe)",
        "relationship": "adsorption_capacity",
        "end_node": "931.87 mg g⁻¹ (OTC)"
    },
    {
        "start_node": "BCM/GA(200)",
        "relationship": "has",
        "end_node": "superior_performance"
    },
    {
        "start_node": "BCM/GA(200)",
        "relationship": "pH_range",
        "end_node": "wide"
    },
    {
        "start_node": "BCM/GA(200)",
        "relationship": "interference",
        "end_node": "humic_acid"
    },
    {
        "start_node": "BCM/GA(200)",
        "relationship": "recyclability",
        "end_node": "survives >8 cycles"
    },
    {
        "start_node": "BCM/GA(200)",
        "relationship": "selectivity",
        "end_node": "tetracyclines"
    },
    {
        "start_node": "adsorption_mechanisms",
        "relationship": "includes",
        "end_node": "complexation"
    },
    {
        "start_node": "adsorption_mechanisms",
        "relationship": "includes",
        "end_node": "pore_filling"
    },
    {
        "start_node": "adsorption_mechanisms",
        "relationship": "includes",
        "end_node": "hydrogen_bonding"
    },
    {
        "start_node": "adsorption_mechanisms",
        "relationship": "includes",
        "end_node": "electrostatic_attraction"
    },
    {
        "start_node": "adsorption_mechanisms",
        "relationship": "includes",
        "end_node": "π-π_interactions"
    },
    {
        "start_node": "X-ray_photoelectron_spectroscopy",
        "relationship": "provides",
        "end_node": "insight"
    },
    {
        "start_node": "2D-FTIR-COS",
        "relationship": "probes",
        "end_node": "reaction_sequences"
    },
    {
        "start_node": "density_functional_theory",
        "relationship": "technique_used",
        "end_node": "mechanistic_analysis"
    }
]