[
    {
        "start_node": "ZIF-8",
        "relationship": "used_for",
        "end_node": "arsenate removal"
    },
    {
        "start_node": "ZIF-8",
        "relationship": "has_property",
        "end_node": "high adsorption capacity"
    },
    {
        "start_node": "ZIF-8",
        "relationship": "adsorption_capacity",
        "end_node": "76.5 mg g^(-1)"
    },
    {
        "start_node": "ZIF-8",
        "relationship": "equilibrium_concentration",
        "end_node": "9.8 μg L^(-1)"
    },
    {
        "start_node": "ZIF-8",
        "relationship": "suitable_for",
        "end_node": "trace arsenate removal"
    },
    {
        "start_node": "FTIR",
        "relationship": "analyzed",
        "end_node": "adsorption mechanism"
    },
    {
        "start_node": "XPS",
        "relationship": "analyzed",
        "end_node": "adsorption mechanism"
    },
    {
        "start_node": "As(V)",
        "relationship": "forms_complex_with",
        "end_node": "ZIF-8"
    },
    {
        "start_node": "ZIF-8",
        "relationship": "features",
        "end_node": "external active sites (ZnOH)"
    },
    {
        "start_node": "surface hydration",
        "relationship": "contributes_to",
        "end_node": "high removal efficiency"
    },
    {
        "start_node": "high surface area",
        "relationship": "facilitates",
        "end_node": "adsorption"
    },
    {
        "start_node": "cooperative interaction",
        "relationship": "involved_in",
        "end_node": "adsorption process"
    }
]