[
    {
        "start_node": "HOF",
        "relationship": "contain",
        "end_node": "EB-COF:Br"
    },
    {
        "start_node": "EB-COF:Br",
        "relationship": "used_for",
        "end_node": "phosphorus (V) removal"
    },
    {
        "start_node": "EB-COF:Br",
        "relationship": "used_for",
        "end_node": "arsenic (V) removal"
    },
    {
        "start_node": "EB-COF:Br",
        "relationship": "property",
        "end_node": "structurally stable (H3PO4)"
    },
    {
        "start_node": "EB-COF:Br",
        "relationship": "property",
        "end_node": "stable (HCl)"
    },
    {
        "start_node": "EB-COF:Br",
        "relationship": "property",
        "end_node": "stable (NaOH)"
    },
    {
        "start_node": "EB-COF:Br",
        "relationship": "adsorption_process",
        "end_node": "phosphate (endothermic)"
    },
    {
        "start_node": "phosphate",
        "relationship": "adsorbed_by",
        "end_node": "EB-COF:Br"
    },
    {
        "start_node": "temperature",
        "relationship": "effect_on",
        "end_node": "phosphate adsorption (25, 35, 45°C)"
    },
    {
        "start_node": "EB-COF:Br",
        "relationship": "adsorption_process",
        "end_node": "arsenate (exothermic)"
    },
    {
        "start_node": "arsenate",
        "relationship": "adsorbed_by",
        "end_node": "EB-COF:Br"
    },
    {
        "start_node": "temperature",
        "relationship": "effect_on",
        "end_node": "arsenate adsorption (25°C)"
    },
    {
        "start_node": "EB-COF:Br",
        "relationship": "adsorption_source",
        "end_node": "river water (pH 7.45)"
    },
    {
        "start_node": "EB-COF:Br",
        "relationship": "adsorption_mechanism",
        "end_node": "electrostatic interactions"
    },
    {
        "start_node": "EB-COF:Br",
        "relationship": "adsorption_mechanism",
        "end_node": "hydrogen bonding"
    },
    {
        "start_node": "arsenate",
        "relationship": "higher_adsorption_due_to",
        "end_node": "strong electrostatic interactions"
    },
    {
        "start_node": "arsenate",
        "relationship": "adsorption_stability_issue",
        "end_node": "disturbed hydrogen bonding (size mismatch)"
    },
    {
        "start_node": "EB-COF:Br",
        "relationship": "application_discussed",
        "end_node": "industrial adsorbent"
    }
]