[
    {
        "start_node": "HOF",
        "relationship": "contain",
        "end_node": "Coordination polymers (CPs)"
    },
    {
        "start_node": "HOF",
        "relationship": "contain",
        "end_node": "Metal-organic frameworks (MOFs)"
    },
    {
        "start_node": "CPs",
        "relationship": "property",
        "end_node": "self-assembly"
    },
    {
        "start_node": "MOFs",
        "relationship": "property",
        "end_node": "self-assembly"
    },
    {
        "start_node": "CPs/MOFs",
        "relationship": "application",
        "end_node": "gas adsorption and separation"
    },
    {
        "start_node": "CPs/MOFs",
        "relationship": "application",
        "end_node": "catalysis"
    },
    {
        "start_node": "CPs/MOFs",
        "relationship": "application",
        "end_node": "sensing"
    },
    {
        "start_node": "CPs/MOFs",
        "relationship": "tunability",
        "end_node": "functional organic linkers"
    },
    {
        "start_node": "Urea",
        "relationship": "functional_group",
        "end_node": "urea group"
    },
    {
        "start_node": "Thiourea",
        "relationship": "functional_group",
        "end_node": "thiourea group"
    },
    {
        "start_node": "Functionalized CPs/MOFs",
        "relationship": "enhancement",
        "end_node": "gas adsorption, catalytic, and sensing properties"
    },
    {
        "start_node": "Review",
        "relationship": "topic",
        "end_node": "synthesis, structure, and applications of urea/thiourea functionalized frameworks"
    }
]