[
    {
        "start_node": "HOF",
        "relationship": "contains",
        "end_node": "synchronous detection"
    },
    {
        "start_node": "synchronous detection",
        "relationship": "method",
        "end_node": "fluorescence sensor"
    },
    {
        "start_node": "MOF 1",
        "relationship": "is",
        "end_node": "metal-organic framework"
    },
    {
        "start_node": "MOF 1",
        "relationship": "used_for",
        "end_node": "Ebola virus detection"
    },
    {
        "start_node": "MOF 1",
        "relationship": "detects",
        "end_node": "ebolavirus conserved RNA sequences"
    },
    {
        "start_node": "MOF 1",
        "relationship": "detects",
        "end_node": "ebolavirus-encoded miRNA-like fragment"
    },
    {
        "start_node": "fluorescence recovery",
        "relationship": "result_of",
        "end_node": "DNA@RNA duplex formation"
    },
    {
        "start_node": "P-DNA@RNA duplex",
        "relationship": "results_in",
        "end_node": "fluorescence recovery"
    },
    {
        "start_node": "P-DNA@RNA duplex",
        "relationship": "formed_by",
        "end_node": "P-DNA and target RNA"
    },
    {
        "start_node": "detection limit",
        "relationship": "characteristic_of",
        "end_node": "picomolar level"
    },
    {
        "start_node": "selectivity",
        "relationship": "property_of",
        "end_node": "high"
    },
    {
        "start_node": "improved diagnostic accuracy",
        "relationship": "benefit_of",
        "end_node": "MOF 1"
    }
]