[
    {
        "start_node": "HOF",
        "relationship": "contain",
        "end_node": "Novel bimetallic MOF phosphors"
    },
    {
        "start_node": "ImNaCr",
        "relationship": "is",
        "end_node": "compound"
    },
    {
        "start_node": "HOF",
        "relationship": "contain",
        "end_node": "imidazolium cation"
    },
    {
        "start_node": "ImNaCr",
        "relationship": "has",
        "end_node": "monoclinic system (P2/n)"
    },
    {
        "start_node": "ImNaAl",
        "relationship": "is",
        "end_node": "compound"
    },
    {
        "start_node": "HOF",
        "relationship": "contain",
        "end_node": "complete substitution of Cr3+"
    },
    {
        "start_node": "ImNaAl",
        "relationship": "has",
        "end_node": "monoclinic P2(1)/n"
    },
    {
        "start_node": "ImNaAlCr",
        "relationship": "is",
        "end_node": "compound"
    },
    {
        "start_node": "HOF",
        "relationship": "contain",
        "end_node": "5 mol% Cr3+"
    },
    {
        "start_node": "ImNaAlCr",
        "relationship": "has",
        "end_node": "mixed metal composition"
    },
    {
        "start_node": "DSC",
        "relationship": "study",
        "end_node": "crystals (80-400 K)"
    },
    {
        "start_node": "XRD",
        "relationship": "study",
        "end_node": "single-crystal"
    },
    {
        "start_node": "ImNaCr",
        "relationship": "exhibits",
        "end_node": "pressure-induced phase transitions"
    },
    {
        "start_node": "Raman",
        "relationship": "study",
        "end_node": "high-pressure ImNaCr"
    },
    {
        "start_node": "pressure",
        "relationship": "induces",
        "end_node": "structural instability (0.4-1.1 GPa)"
    },
    {
        "start_node": "pressure",
        "relationship": "induces",
        "end_node": "partial amorphization (4 GPa)"
    },
    {
        "start_node": "ImNaAlCr",
        "relationship": "luminescence",
        "end_node": "Cr3+-based emission"
    },
    {
        "start_node": "spectroscopic properties",
        "relationship": "depend on",
        "end_node": "templated cation"
    },
    {
        "start_node": "size of organic cation",
        "relationship": "effect on",
        "end_node": "crystal field strength"
    }
]