[
    {
        "start_node": "Polar ordering",
        "relationship": "arises_from",
        "end_node": "misalignment"
    },
    {
        "start_node": "Misalignment",
        "relationship": "results_in",
        "end_node": "polar octahedra"
    },
    {
        "start_node": "Polar octahedra",
        "relationship": "form",
        "end_node": "chains"
    },
    {
        "start_node": "Chains",
        "relationship": "via",
        "end_node": "head-to-tail H-bonding"
    },
    {
        "start_node": "Head-to-tail H-bonding",
        "relationship": "cooperates_with",
        "end_node": "organic template"
    },
    {
        "start_node": "Organic template",
        "relationship": "forms",
        "end_node": "crystal"
    },
    {
        "start_node": "Crystal",
        "relationship": "exhibits",
        "end_node": "SHG signal"
    },
    {
        "start_node": "V-centred octahedral units",
        "relationship": "are",
        "end_node": "strongly distorted"
    },
    {
        "start_node": "[VOF4(H2O)]",
        "relationship": "contains",
        "end_node": "V-centred octahedra"
    },
    {
        "start_node": "C2N2H10][VOF4(H2O)",
        "relationship": "crystallises_in",
        "end_node": "P2(1)"
    }
]