[
    {
        "start_node": "Porous Metal-Organic Polyhedra",
        "relationship": "discusses",
        "end_node": "Morphology"
    },
    {
        "start_node": "Porous Metal-Organic Polyhedra",
        "relationship": "discusses",
        "end_node": "Porosity"
    },
    {
        "start_node": "Porous Metal-Organic Polyhedra",
        "relationship": "discusses",
        "end_node": "Guest Binding"
    },
    {
        "start_node": "Metal-Organic Polyhedra (MOPs)",
        "relationship": "feature",
        "end_node": "Cu-1a, Cu-1b, Cu-2"
    },
    {
        "start_node": "Cu-1a",
        "relationship": "has",
        "end_node": "permanent porosity"
    },
    {
        "start_node": "Cu-1a",
        "relationship": "void fraction",
        "end_node": "56% (outside cages)"
    },
    {
        "start_node": "Cu-1a",
        "relationship": "void fraction",
        "end_node": "2% (within polyhedra)"
    },
    {
        "start_node": "Cu-1a stability",
        "relationship": "explained by",
        "end_node": "weak nondirectional packing interactions"
    },
    {
        "start_node": "Cu-1a",
        "relationship": "uses",
        "end_node": "in situ X-ray and neutron diffraction"
    },
    {
        "start_node": "Cu-1a",
        "relationship": "uses",
        "end_node": "DFT calculations"
    },
    {
        "start_node": "CO2 adsorption",
        "relationship": "in",
        "end_node": "Cu-1a"
    },
    {
        "start_node": "CH4 adsorption",
        "relationship": "in",
        "end_node": "Cu-1a"
    },
    {
        "start_node": "CO2 adsorption site",
        "relationship": "primary",
        "end_node": "open metal sites"
    },
    {
        "start_node": "CO2 adsorption site",
        "relationship": "primary",
        "end_node": "phenyl ring pockets"
    },
    {
        "start_node": "Hydrated Cu-1a",
        "relationship": "reveals",
        "end_node": "hydrogen bond between CO2 and Cu(II)-bound water"
    },
    {
        "start_node": "Metal-Organic Frameworks (MOFs)",
        "relationship": "partial hydration effect",
        "end_node": "increased CO2 uptake"
    },
    {
        "start_node": "Crystallographic study",
        "relationship": "rationalized by",
        "end_node": "DFT calculations"
    },
    {
        "start_node": "Cu-1a",
        "relationship": "binding energies",
        "end_node": "various pore environments"
    }
]