[
    {
        "start_node": "Synthesis",
        "relationship": "describe",
        "end_node": "Cd(II)/Zn(II) compounds"
    },
    {
        "start_node": "Cd(II)/Zn(II) compounds",
        "relationship": "contain",
        "end_node": "[Cd-2(Poda)(2)(phen)(3)(H2O)](n) . nEtOH . 3nH(2)O (1)"
    },
    {
        "start_node": "Cd(II)/Zn(II) compounds",
        "relationship": "contain",
        "end_node": "[Zn(poda)(2)(bpy)(H2O)(n)(2)"
    },
    {
        "start_node": "Cd(II)/Zn(II) compounds",
        "relationship": "contain",
        "end_node": "[Zn(Hpoda)(2)(bpy)](3)"
    },
    {
        "start_node": "Compound 1",
        "relationship": "type",
        "end_node": "1D zigzag chain"
    },
    {
        "start_node": "Compound 1",
        "relationship": "feature",
        "end_node": "unprecedented 8-shaped cluster"
    },
    {
        "start_node": "Compound 2",
        "relationship": "type",
        "end_node": "1D zigzag chains"
    },
    {
        "start_node": "Compound 2",
        "relationship": "structure",
        "end_node": "dense zipper-like 2D"
    },
    {
        "start_node": "Compound 3",
        "relationship": "type",
        "end_node": "mononuclear motif"
    },
    {
        "start_node": "Compound 3",
        "relationship": "topology",
        "end_node": "6-connected alpha-Po net"
    },
    {
        "start_node": "Properties",
        "relationship": "measure",
        "end_node": "solid-state fluorescence spectra"
    },
    {
        "start_node": "Properties",
        "relationship": "analyzed",
        "end_node": "Compounds 1 and 2"
    },
    {
        "start_node": "Publication",
        "relationship": "credit",
        "end_node": "(C) 2008 Elsevier B.V."
    }
]