[
    {
        "start_node": "Metal-Organic Perovskites",
        "relationship": "study",
        "end_node": "Synthesis"
    },
    {
        "start_node": "C(NH2)_3[M^II(HCOO)_3]",
        "relationship": "composition",
        "end_node": "Family"
    },
    {
        "start_node": "Guanidinium",
        "relationship": "component",
        "end_node": "C(NH2)_3"
    },
    {
        "start_node": "B",
        "relationship": "ion",
        "end_node": "Mn, Fe, Co, Ni, Cu, Zn"
    },
    {
        "start_node": "Orthorhombic Pnna",
        "relationship": "crystal_structure",
        "end_node": "Mn, Fe, Co, Ni, Zn members"
    },
    {
        "start_node": "Cu",
        "relationship": "crystal_structure",
        "end_node": "Pna2(1)"
    },
    {
        "start_node": "NaCl-type [M(HCOO)_3](-)",
        "relationship": "framework",
        "end_node": "Anionic"
    },
    {
        "start_node": "Guanidinium",
        "relationship": "hydrogen_bond",
        "end_node": "Formate framework"
    },
    {
        "start_node": "Spin-canted antiferromagnetism",
        "relationship": "magnetic_property",
        "end_node": "Mn, Fe, Co, Ni"
    },
    {
        "start_node": "Neel temperature",
        "relationship": "value",
        "end_node": "8.8 K (Mn), 10.0 K (Fe), 14.2 K (Co), 34.2 K (Ni)"
    },
    {
        "start_node": "Cu",
        "relationship": "magnetic_property",
        "end_node": "Low dimensional, slow magnetic relaxation"
    },
    {
        "start_node": "Fe compound",
        "relationship": "additional_property",
        "end_node": "Spin-flop, spin-flip transitions"
    }
]