[
    {
        "start_node": "Lanthanide",
        "relationship": "form",
        "end_node": "infinite_architecture"
    },
    {
        "start_node": "Ln(III)",
        "relationship": "part_of",
        "end_node": "Lanthanide_architecture"
    },
    {
        "start_node": "H2dmpdc",
        "relationship": "ligand",
        "end_node": "Lanthanide_complex"
    },
    {
        "start_node": "Nd(l)",
        "relationship": "isolatestructural",
        "end_node": "complex"
    },
    {
        "start_node": "Eu(2)",
        "relationship": "isolatestructural",
        "end_node": "complex"
    },
    {
        "start_node": "Ce(3)",
        "relationship": "isolatestructural",
        "end_node": "complex"
    },
    {
        "start_node": "symmetric_O-H-O_hydrogen_bonds",
        "relationship": "present_in",
        "end_node": "polymeric_compounds"
    },
    {
        "start_node": "O-H",
        "relationship": "bond_type",
        "end_node": "symmetric_OH"
    },
    {
        "start_node": "O-H",
        "relationship": "bond_length",
        "end_node": "1.247-1.257_angstrom"
    },
    {
        "start_node": "O-H-O",
        "relationship": "angle",
        "end_node": "165-180_degrees"
    },
    {
        "start_node": "proton_transfer",
        "relationship": "enabled_by",
        "end_node": "symmetric_OH_bonding"
    },
    {
        "start_node": "2D_grids",
        "relationship": "assemble_from",
        "end_node": "3D_supramolecular_architecture"
    }
]