[
    {
        "start_node": "TI",
        "relationship": "discusses",
        "end_node": "centimeter-sized 2D perovskite single crystals"
    },
    {
        "start_node": "centimeter-sized 2D perovskite single crystals",
        "relationship": "for",
        "end_node": "RTSDs"
    },
    {
        "start_node": "RTSDs",
        "relationship": "application",
        "end_node": "X-ray detection"
    },
    {
        "start_node": "novel family",
        "relationship": "synthesis",
        "end_node": "(3AP)PbX4"
    },
    {
        "start_node": "(3AP)PbX4",
        "relationship": "comprises",
        "end_node": "3-amidinopyridine (3AP)"
    },
    {
        "start_node": "halides",
        "relationship": "modulates",
        "end_node": "molecular assembly"
    },
    {
        "start_node": "halides",
        "relationship": "varies",
        "end_node": "X = Cl, Br, and I"
    },
    {
        "start_node": "X-ray photoresponse",
        "relationship": "achieved",
        "end_node": "(3AP)PbCl4"
    },
    {
        "start_node": "(3AP)PbCl4",
        "relationship": "characteristics",
        "end_node": "sensitivity: 791.8 μC Gy(air)^(-1) cm^(-2)"
    },
    {
        "start_node": "(3AP)PbCl4",
        "relationship": "characteristics",
        "end_node": "detection limit: 1.54 μGy(air) s^(-1)"
    },
    {
        "start_node": "large 2D perovskite single crystals",
        "relationship": "promises",
        "end_node": "high performance optoelectronics"
    }
]