[
    {
        "start_node": "HOF",
        "relationship": "constructed_by",
        "end_node": "[Cu(en)_2]^{2+}"
    },
    {
        "start_node": "[Cu(en)_2]^{2+}",
        "relationship": "assembly_with",
        "end_node": "[Sm_2(C_2O_4)_3(C_5O_5)(H_2O)_2]^{-2}"
    },
    {
        "start_node": "HOF",
        "relationship": "contains_material",
        "end_node": "3D anionic coordination polymer"
    },
    {
        "start_node": "3D anionic coordination polymer",
        "relationship": "structure_description",
        "end_node": "honeycomb-like [Sm-2(C2O4)_3] layers"
    },
    {
        "start_node": "3D anionic coordination polymer",
        "relationship": "bridging_ligand",
        "end_node": "oxalate"
    },
    {
        "start_node": "3D anionic coordination polymer",
        "relationship": "interlinking_ligand",
        "end_node": "(1,2,3,4)-croconate"
    },
    {
        "start_node": "HOF",
        "relationship": "channel_features",
        "end_node": "1D channels, 14.023x11.893 Å"
    },
    {
        "start_node": "HOF",
        "relationship": "hosts",
        "end_node": "[Cu(en)_2]^{2+} and solvated water molecules"
    },
    {
        "start_node": "HOF",
        "relationship": "thermal_stability",
        "end_node": "TGA and in-situ PXRD study"
    }
]