[
    {
        "start_node": "NH2-MIL-88B",
        "relationship": "modified_to",
        "end_node": "NH2-MIL-88B-CU"
    },
    {
        "start_node": "NH2-MIL-88B-CU",
        "relationship": "contains",
        "end_node": "Choline chloride (ChCl)"
    },
    {
        "start_node": "NH2-MIL-88B-CU",
        "relationship": "used_for",
        "end_node": "synthesis_of_spirooxindoles"
    },
    {
        "start_node": "NH2-MIL-88B-CU",
        "relationship": "catalytic_property",
        "end_node": "high_performance"
    },
    {
        "start_node": "NH2-MIL-88B",
        "relationship": "active_sites",
        "end_node": "Fe-oxo_nodes"
    },
    {
        "start_node": "NH2-MIL-88B-CU@ChCl",
        "relationship": "catalyst_type",
        "end_node": "multifunctional"
    },
    {
        "start_node": "NH2-MIL-88B-CU@ChCl",
        "relationship": "green_metrics",
        "end_node": "efficient_and_less_waste"
    },
    {
        "start_node": "NH2-MIL-88B-CU@ChCl",
        "relationship": "property",
        "end_node": "retrievability_reusability"
    }
]