[
    {
        "start_node": "HOF",
        "relationship": "contain",
        "end_node": "polyvinyl alcohol (PVA) composite membrane"
    },
    {
        "start_node": "HOF",
        "relationship": "improve",
        "end_node": "proton conductivity"
    },
    {
        "start_node": "Zn-MOF",
        "relationship": "synthesized from",
        "end_node": "zinc salt, H2NDI, HBTA"
    },
    {
        "start_node": "Zn-MOF",
        "relationship": "host",
        "end_node": "phytic acid (PA)"
    },
    {
        "start_node": "PVA@PA@Zn-MOF-4",
        "relationship": "highest proton conductivity",
        "end_node": "1.85 x 10^-2 S cm^-1"
    },
    {
        "start_node": "PVA@PA@Zn-MOF-4",
        "relationship": "properties",
        "end_node": "80°C, 90% RH, low ion exchange capacity (0.58 mmol g^-1)"
    },
    {
        "start_node": "strategy",
        "relationship": "for",
        "end_node": "high-performance PEMs"
    },
    {
        "start_node": "fuel cell",
        "relationship": "application",
        "end_node": "PEMs"
    }
]