[
    {
        "start_node": "HOF",
        "relationship": "contain",
        "end_node": "rational_design"
    },
    {
        "start_node": "rational_design",
        "relationship": "result",
        "end_node": "layered_MOF"
    },
    {
        "start_node": "layered_MOF",
        "relationship": "property",
        "end_node": "L-MOF-1"
    },
    {
        "start_node": "L-MOF-1",
        "relationship": "performance",
        "end_node": "high_adsorption"
    },
    {
        "start_node": "L-MOF-1",
        "relationship": "adsorbate",
        "end_node": "Congo_Red"
    },
    {
        "start_node": "L-MOF-1",
        "relationship": "capacity",
        "end_node": "12000_mg_g_minus_1"
    },
    {
        "start_node": "L-MOF-1",
        "relationship": "time",
        "end_node": "20_min"
    },
    {
        "start_node": "L-MOF-1",
        "relationship": "pH_range",
        "end_node": "2.2-4.7"
    },
    {
        "start_node": "L-MOF-1",
        "relationship": "kinetic_model",
        "end_node": "pseudo-second-order"
    },
    {
        "start_node": "L-MOF-1",
        "relationship": "isotherm_model",
        "end_node": "Langmuir"
    },
    {
        "start_node": "L-MOF-1",
        "relationship": "interaction",
        "end_node": "electrostatic_attraction"
    },
    {
        "start_node": "L-MOF-1",
        "relationship": "interaction",
        "end_node": "hydrogen_bonds"
    },
    {
        "start_node": "L-MOF-1",
        "relationship": "interaction",
        "end_node": "pi_dot_pi_stacking"
    },
    {
        "start_node": "L-MOF-1",
        "relationship": "selectivity",
        "end_node": "good"
    },
    {
        "start_node": "L-MOF-1",
        "relationship": "reusability",
        "end_node": "five_times"
    },
    {
        "start_node": "L-MOF-1",
        "relationship": "application",
        "end_node": "dye_wastewater_removal"
    }
]