[
    {
        "start_node": "HOF",
        "relationship": "contain",
        "end_node": "Four new luminescent-organic frameworks"
    },
    {
        "start_node": "MOFs",
        "relationship": "contain",
        "end_node": "[Cd(L)(bpp)·H2O](n) (1)"
    },
    {
        "start_node": "MOFs",
        "relationship": "contain",
        "end_node": "[Zn(L)(bpp)·H2O](n) (2)"
    },
    {
        "start_node": "MOFs",
        "relationship": "contain",
        "end_node": "[Cd(L)(bpz)·H2O](n) (3)"
    },
    {
        "start_node": "MOFs",
        "relationship": "contain",
        "end_node": "[Zn(L)(bib)(H2O)](n) (4)"
    },
    {
        "start_node": "MOF 1",
        "relationship": "property",
        "end_node": "luminescent sensor"
    },
    {
        "start_node": "MOF 1",
        "relationship": "detect",
        "end_node": "p-nitrophenol (PNP)"
    },
    {
        "start_node": "MOF 1",
        "relationship": "property",
        "end_node": "low detection limit (1.27 ppm)"
    },
    {
        "start_node": "MOF 1",
        "relationship": "mechanism",
        "end_node": "simultaneous electron/energy transfer"
    },
    {
        "start_node": "Theoretical calculations",
        "relationship": "support",
        "end_node": "sensing mechanism"
    }
]