[
    {
        "start_node": "Graphene",
        "relationship": "synthesized_into",
        "end_node": "g-C3N4"
    },
    {
        "start_node": "g-C3N4",
        "relationship": "combined_with",
        "end_node": "ZIF-8"
    },
    {
        "start_node": "ZIF-8",
        "relationship": "forms",
        "end_node": "g-C3N4/ZIF-8"
    },
    {
        "start_node": "g-C3N4/ZIF-8",
        "relationship": "has_structure",
        "end_node": "hierarchical"
    },
    {
        "start_node": "g-C3N4/ZIF-8",
        "relationship": "used_for",
        "end_node": "adsorbent"
    },
    {
        "start_node": "g-C3N4/ZIF-8",
        "relationship": "removes",
        "end_node": "PAHs"
    },
    {
        "start_node": "g-C3N4/ZIF-8",
        "relationship": "method",
        "end_node": "SPE-HPLC-FLD"
    },
    {
        "start_node": "SPE-HPLC-FLD",
        "relationship": "characteristics",
        "end_node": "low detection limits"
    },
    {
        "start_node": "SPE-HPLC-FLD",
        "relationship": "characteristics",
        "end_node": "linear range"
    },
    {
        "start_node": "SPE-HPLC-FLD",
        "relationship": "characteristics",
        "end_node": "high reproducibility"
    }
]