[
    {
        "start_node": "HOF",
        "relationship": "contains",
        "end_node": "Post-synthetic modification"
    },
    {
        "start_node": "Post-synthetic modification",
        "relationship": "uses",
        "end_node": "magnetic COF"
    },
    {
        "start_node": "magnetic COF",
        "relationship": "has property",
        "end_node": "sulfonate-functionalized"
    },
    {
        "start_node": "magnetic COF",
        "relationship": "synthesized from",
        "end_node": "BFBAEPy monomer"
    },
    {
        "start_node": "BFBAEPy monomer",
        "relationship": "contains",
        "end_node": "alkyne linkages"
    },
    {
        "start_node": "BFBAEPy monomer",
        "relationship": "used in",
        "end_node": "self-polycondensation"
    },
    {
        "start_node": "self-polycondensation",
        "relationship": "employs",
        "end_node": "amine-Fe3O4"
    },
    {
        "start_node": "amine-Fe3O4",
        "relationship": "surface modification of",
        "end_node": "Fe3O4"
    },
    {
        "start_node": "Fe3O4",
        "relationship": "contains",
        "end_node": "magnetic properties"
    },
    {
        "start_node": "Fe3O4 @COF-SO3Na",
        "relationship": "results from",
        "end_node": "synthesis"
    },
    {
        "start_node": "Fe3O4 @COF-SO3Na",
        "relationship": "used for",
        "end_node": "MSPE"
    },
    {
        "start_node": "MSPE",
        "relationship": "applies to",
        "end_node": "basic orange II"
    },
    {
        "start_node": "MSPE",
        "relationship": "method",
        "end_node": "HPLC-DAD analysis"
    },
    {
        "start_node": "basic orange II",
        "relationship": "detected in",
        "end_node": "food samples"
    },
    {
        "start_node": "food samples",
        "relationship": "includes",
        "end_node": "yellow croaker"
    },
    {
        "start_node": "food samples",
        "relationship": "includes",
        "end_node": "paprika"
    },
    {
        "start_node": "food samples",
        "relationship": "includes",
        "end_node": "dried bean curd"
    }
]