[
    {
        "start_node": "Food Safety",
        "relationship": "related_to",
        "end_node": "Environmental Monitoring"
    },
    {
        "start_node": "Tb(III) Functionalized HOF",
        "relationship": "contains",
        "end_node": "Hybrid"
    },
    {
        "start_node": "Tb@TBTC",
        "relationship": "is",
        "end_node": "Fluorescence Sensor"
    },
    {
        "start_node": "Harmful Agrochemicals",
        "relationship": "detected_in",
        "end_node": "TBZ, 2-Chlorophenol"
    },
    {
        "start_node": "Thiabendazole (TBZ)",
        "relationship": "identified_by",
        "end_node": "Tb@TBTC"
    },
    {
        "start_node": "2-Chlorophenol (2-CP)",
        "relationship": "detected_by",
        "end_node": "Tb@TBTC"
    },
    {
        "start_node": "High Sensitivity",
        "relationship": "property_of",
        "end_node": "Tb@TBTC"
    },
    {
        "start_node": "Efficiency",
        "relationship": "property_of",
        "end_node": "Tb@TBTC"
    },
    {
        "start_node": "Selectivity",
        "relationship": "property_of",
        "end_node": "Tb@TBTC"
    },
    {
        "start_node": "Adsorption Rate",
        "relationship": "high",
        "end_node": "Tb@TBTC for 2-CP"
    },
    {
        "start_node": "Detection Limits",
        "relationship": "for",
        "end_node": "2.73 μM (TBZ), 2.18 μM (2-CP)"
    },
    {
        "start_node": "Practical Application",
        "relationship": "demonstrated_in",
        "end_node": "Realistic Samples"
    },
    {
        "start_node": "Tb@TBTC-Agarose Hydrogel Films",
        "relationship": "used_in",
        "end_node": "Monitoring Platform"
    },
    {
        "start_node": "Back Propagation Neural Network",
        "relationship": "assists",
        "end_node": "Monitoring Platform"
    },
    {
        "start_node": "Global Public Health",
        "relationship": "benefits",
        "end_node": "Prevention of Human Disease"
    }
]