[
    {
        "start_node": "HOF",
        "relationship": "contain",
        "end_node": "alkaline earth MOFs"
    },
    {
        "start_node": "MOFs",
        "relationship": "derive from",
        "end_node": "flexible C3-symmetric tricarboxylic acid"
    },
    {
        "start_node": "Mg-4(TCMTB)(2)(OAc)(2)(DMA)(2)(H2O)(3)",
        "relationship": "is",
        "end_node": "Mg-TCMTB"
    },
    {
        "start_node": "Ca-4(TCMTB)(2)(OH)(DMF)(2)(H2O)(5) . Cl",
        "relationship": "is",
        "end_node": "Ca-TCMTB"
    },
    {
        "start_node": "Sr-4(TCMTB)(2)(OH)(OAc)(DMA)(6)(H2O)",
        "relationship": "is",
        "end_node": "Sr-TCMTB"
    },
    {
        "start_node": "Ba-9(TCMTB)(4)(NO3)(6)(DMA)(14)",
        "relationship": "is",
        "end_node": "Ba-TCMTB"
    },
    {
        "start_node": "structures",
        "relationship": "exhibit",
        "end_node": "2-fold interpenetration"
    },
    {
        "start_node": "hexagonal channels",
        "relationship": "in",
        "end_node": "Mg-TCMTB, Ca-TCMTB"
    },
    {
        "start_node": "Sr-TCMTB",
        "relationship": "is",
        "end_node": "layered MOF"
    },
    {
        "start_node": "hydrogen bonds",
        "relationship": "connect",
        "end_node": "2D layers in Sr-TCMTB"
    },
    {
        "start_node": "buildings units",
        "relationship": "formed by",
        "end_node": "increasing ionic radii and coordination number"
    },
    {
        "start_node": "Mg-TCMTB",
        "relationship": "has",
        "end_node": "moderate surface area"
    },
    {
        "start_node": "photoluminescence",
        "relationship": "present in",
        "end_node": "MOFs"
    },
    {
        "start_node": "380 nm",
        "relationship": "emission at",
        "end_node": "strong"
    }
]