[
    {
        "start_node": "TI",
        "relationship": "study",
        "end_node": "local_order"
    },
    {
        "start_node": "local_order",
        "relationship": "method",
        "end_node": "reverse_Monte_Carlo"
    },
    {
        "start_node": "local_order",
        "relationship": "application",
        "end_node": "organic_materials"
    },
    {
        "start_node": "local_order",
        "relationship": "application",
        "end_node": "metal-organic_ferroic_materials"
    },
    {
        "start_node": "reverse_Monte_Carlo",
        "relationship": "used_in",
        "end_node": "TI_modeling"
    },
    {
        "start_node": "total_neutron_scattering",
        "relationship": "method",
        "end_node": "local_order_analysis"
    }
]