[
    {
        "start_node": "HOF",
        "relationship": "contain",
        "end_node": "soil-root-like heterostructured membrane"
    },
    {
        "start_node": "HOF",
        "relationship": "aim",
        "end_node": "complex wastewater remediation"
    },
    {
        "start_node": "membrane",
        "relationship": "type",
        "end_node": "AgNWs/CMC@NMB"
    },
    {
        "start_node": "construction",
        "relationship": "method",
        "end_node": "self-assembly approach"
    },
    {
        "start_node": "components",
        "relationship": "include",
        "end_node": "Fe(III)-MOF"
    },
    {
        "start_node": "components",
        "relationship": "include",
        "end_node": "AgNWs"
    },
    {
        "start_node": "components",
        "relationship": "include",
        "end_node": "CMC"
    },
    {
        "start_node": "components",
        "relationship": "include",
        "end_node": "NH2-MIL-88B(Fe)"
    },
    {
        "start_node": "properties",
        "relationship": "feature",
        "end_node": "photo-Fenton degradation"
    },
    {
        "start_node": "properties",
        "relationship": "wettability",
        "end_node": "selective (WCAs ~ 0 degrees, UWOCAs > 155 degrees)"
    },
    {
        "start_node": "performance",
        "relationship": "oil removal",
        "end_node": "efficiency > 99%"
    },
    {
        "start_node": "performance",
        "relationship": "dye removal",
        "end_node": "efficiency > 96.7% for anionic/cationic dyes"
    },
    {
        "start_node": "functionality",
        "relationship": "catalytic",
        "end_node": "photo-Fenton system"
    },
    {
        "start_node": "functionality",
        "relationship": "regeneration",
        "end_node": "photo-induced"
    },
    {
        "start_node": "application",
        "relationship": "suitable for",
        "end_node": "complex sewage remediation"
    }
]