[
    {
        "start_node": "Copper Borate",
        "relationship": "synthesized_from",
        "end_node": "H-6"
    },
    {
        "start_node": "H-6",
        "relationship": "has_structure",
        "end_node": "cubic_supramolecular_cage"
    },
    {
        "start_node": "cubic_supramolecular_cage",
        "relationship": "built_by",
        "end_node": "Cu4@B20O32(OH)8_cluster"
    },
    {
        "start_node": "Cu4@B20O32(OH)8_cluster",
        "relationship": "assembly",
        "end_node": "mesoscale_cavity"
    },
    {
        "start_node": "H-6",
        "relationship": "formed_under",
        "end_node": "solvent_conditions"
    },
    {
        "start_node": "H-6",
        "relationship": "contains",
        "end_node": "H-bondings"
    },
    {
        "start_node": "H-6",
        "relationship": "additional_component",
        "end_node": "H3BO3"
    },
    {
        "start_node": "H-6(2)",
        "relationship": "variant_of",
        "end_node": "H-6"
    },
    {
        "start_node": "H-6(2)",
        "relationship": "larger_than",
        "end_node": "cage_size"
    },
    {
        "start_node": "H-6(2)",
        "relationship": "higher_volume",
        "end_node": "non-framework_volume"
    },
    {
        "start_node": "H-6(2)",
        "relationship": "cage_classification",
        "end_node": "mesoporous"
    }
]