[
    {
        "start_node": "Orientational preference",
        "relationship": "discusses",
        "end_node": "MAPbI3"
    },
    {
        "start_node": "Organic cations",
        "relationship": "involves",
        "end_node": "methylammonium (MA)"
    },
    {
        "start_node": "Density functional theory (DFT)",
        "relationship": "used_for",
        "end_node": "analysis"
    },
    {
        "start_node": "Structural constraints",
        "relationship": "affects",
        "end_node": "MA orientation"
    },
    {
        "start_node": "[0 1 1]",
        "relationship": "orientation",
        "end_node": "stability"
    },
    {
        "start_node": "[1 0 0]",
        "relationship": "orientation",
        "end_node": "approximately equivalent"
    },
    {
        "start_node": "[1 1 1]",
        "relationship": "orientation",
        "end_node": "close to"
    },
    {
        "start_node": "Band gap (E-g)",
        "relationship": "dependence_on",
        "end_node": "MA orientation"
    },
    {
        "start_node": "E-g[1 1 1]",
        "relationship": "band_gap_order",
        "end_node": "lower than"
    },
    {
        "start_node": "E-g[1 0 0]",
        "relationship": "band_gap_order",
        "end_node": "intermediate"
    },
    {
        "start_node": "E-g[0 1 1]",
        "relationship": "band_gap_order",
        "end_node": "higher than"
    },
    {
        "start_node": "Inorganic framework deformation",
        "relationship": "causes",
        "end_node": "electronic structure change"
    },
    {
        "start_node": "Crystal symmetry",
        "relationship": "impacts",
        "end_node": "carrier lifetime"
    },
    {
        "start_node": "MAPbI3",
        "relationship": "contains",
        "end_node": "HOF: methylammonium lead iodide perovskite"
    }
]