[
    {
        "start_node": "Infrared",
        "relationship": "study",
        "end_node": "acetonitrile"
    },
    {
        "start_node": "acetonitrile",
        "relationship": "in",
        "end_node": "CCl4"
    },
    {
        "start_node": "acetonitrile",
        "relationship": "in",
        "end_node": "CS2"
    },
    {
        "start_node": "acetonitrile",
        "relationship": "in",
        "end_node": "chloroform"
    },
    {
        "start_node": "acetonitrile",
        "relationship": "in",
        "end_node": "dichloromethane"
    },
    {
        "start_node": "acetonitrile",
        "relationship": "in",
        "end_node": "benzene-d(6)"
    },
    {
        "start_node": "acetonitrile",
        "relationship": "in",
        "end_node": "acetone-d(6)"
    },
    {
        "start_node": "acetonitrile",
        "relationship": "in",
        "end_node": "dimethyl sulfoxide-d(6)"
    },
    {
        "start_node": "E-type bands",
        "relationship": "belong_to",
        "end_node": "acetonitrile"
    },
    {
        "start_node": "v(5)",
        "relationship": "part_of",
        "end_node": "E-type bands"
    },
    {
        "start_node": "v(6)",
        "relationship": "part_of",
        "end_node": "E-type bands"
    },
    {
        "start_node": "v(7)",
        "relationship": "part_of",
        "end_node": "E-type bands"
    },
    {
        "start_node": "Cauchy-Gauss components",
        "relationship": "model",
        "end_node": "bands"
    },
    {
        "start_node": "narrower component",
        "relationship": "type_of",
        "end_node": "Cauchy-Gauss components"
    },
    {
        "start_node": "broader component",
        "relationship": "type_of",
        "end_node": "Cauchy-Gauss components"
    },
    {
        "start_node": "orientational diffusion",
        "relationship": "mechanism",
        "end_node": "narrower components"
    },
    {
        "start_node": "unresolved vibration-rotation",
        "relationship": "cause",
        "end_node": "broader components"
    },
    {
        "start_node": "Delta H-0",
        "relationship": "calculate",
        "end_node": "enthalpy difference"
    },
    {
        "start_node": "spinning diffusion constant",
        "relationship": "evaluate",
        "end_node": "acetonitrile"
    },
    {
        "start_node": "C-H stretching",
        "relationship": "affected_by",
        "end_node": "solvent"
    },
    {
        "start_node": "hydrogen bond",
        "relationship": "formation",
        "end_node": "C-H stretching, solvent"
    }
]