[
    {
        "start_node": "Cu(II) diphosphonates",
        "relationship": "study",
        "end_node": "structural"
    },
    {
        "start_node": "Cu(II) diphosphonates",
        "relationship": "study",
        "end_node": "spectral"
    },
    {
        "start_node": "Cu(II) diphosphonates",
        "relationship": "study",
        "end_node": "magnetic"
    },
    {
        "start_node": "1-hydroxyethylidenediphosphonic acid",
        "relationship": "used_in",
        "end_node": "[Cu(H4L)(2)(2,2'-bipy)]·H2O (1)"
    },
    {
        "start_node": "1-hydroxyethylidenediphosphonic acid",
        "relationship": "used_in",
        "end_node": "[Cu(H3-L)(phen)](2)·(HOCH2CH2OH)(0.5) (2)"
    },
    {
        "start_node": "[Cu(H4L)(2)(2,2'-bipy)]·H2O (1)",
        "relationship": "structure",
        "end_node": "zero-dimensional"
    },
    {
        "start_node": "[Cu(H3-L)(phen)](2)·(HOCH2CH2OH)(0.5) (2)",
        "relationship": "structure",
        "end_node": "zero-dimensional"
    },
    {
        "start_node": "[Cu(H4L)(2)(2,2'-bipy)]·H2O (1)",
        "relationship": "unit",
        "end_node": "[CuO4N2]"
    },
    {
        "start_node": "[Cu(H3-L)(phen)](2)·(HOCH2CH2OH)(0.5) (2)",
        "relationship": "unit",
        "end_node": "[-Cu-O-P-O-](2n)"
    },
    {
        "start_node": "[Cu(H3-L)(phen)](2)·(HOCH2CH2OH)(0.5) (2)",
        "relationship": "bridge",
        "end_node": "syn-anti O-P-O"
    },
    {
        "start_node": "[Cu(H4L)(2)(2,2'-bipy)]·H2O (1)",
        "relationship": "interaction",
        "end_node": "H-bond"
    },
    {
        "start_node": "[Cu(H4L)(2)(2,2'-bipy)]·H2O (1)",
        "relationship": "interaction",
        "end_node": "pi-pi interaction"
    },
    {
        "start_node": "[Cu(H3-L)(phen)](2)·(HOCH2CH2OH)(0.5) (2)",
        "relationship": "interaction",
        "end_node": "H-bond"
    },
    {
        "start_node": "[Cu(H3-L)(phen)](2)·(HOCH2CH2OH)(0.5) (2)",
        "relationship": "interaction",
        "end_node": "pi-pi interaction"
    },
    {
        "start_node": "1",
        "relationship": "fluorescence",
        "end_node": "433.5 nm"
    },
    {
        "start_node": "2",
        "relationship": "fluorescence",
        "end_node": "434.5 nm"
    },
    {
        "start_node": "1-2",
        "relationship": "emission_state",
        "end_node": "intraligand pi*-pi"
    },
    {
        "start_node": "1",
        "relationship": "magnetic_behavior",
        "end_node": "antiferromagnetic"
    },
    {
        "start_node": "2",
        "relationship": "magnetic_behavior",
        "end_node": "ferromagnetic"
    }
]