[
    {
        "start_node": "TI",
        "relationship": "discusses",
        "end_node": "ZIF-8 templated mesoporous triazine covalent-organic polymer"
    },
    {
        "start_node": "TI",
        "relationship": "focuses_on",
        "end_node": "adsorptive removal of sulfonamides"
    },
    {
        "start_node": "AB",
        "relationship": "describes",
        "end_node": "MT-MCTP preparation"
    },
    {
        "start_node": "AB",
        "relationship": "high porosity",
        "end_node": "MT-MCTP"
    },
    {
        "start_node": "AB",
        "relationship": "wider pores",
        "end_node": "MT-MCTP"
    },
    {
        "start_node": "AB",
        "relationship": "compared",
        "end_node": "conventional MCTP"
    },
    {
        "start_node": "AB",
        "relationship": "applied to",
        "end_node": "sulfonamides adsorption"
    },
    {
        "start_node": "AB",
        "relationship": "highest kinetic constants",
        "end_node": "MT-MCTP"
    },
    {
        "start_node": "AB",
        "relationship": "adsorbents",
        "end_node": "order: MT-MCTP > MCTP > AC"
    },
    {
        "start_node": "AB",
        "relationship": "maximum capacity",
        "end_node": "557 mg/g (sulfamethoxazole), 534 mg/g (sulfachlorpyridazine)"
    },
    {
        "start_node": "AB",
        "relationship": "recyclable",
        "end_node": "MT-MCTP"
    },
    {
        "start_node": "AB",
        "relationship": "favorable interactions",
        "end_node": "pi-pi, hydrogen bonding"
    },
    {
        "start_node": "AB",
        "relationship": "conditions",
        "end_node": "near-neutral"
    }
]