[
    {
        "start_node": "Molecular Insight",
        "relationship": "discusses",
        "end_node": "H2S Adsorption"
    },
    {
        "start_node": "H2S Adsorption",
        "relationship": "in",
        "end_node": "MIL-47(V)"
    },
    {
        "start_node": "H2S Adsorption",
        "relationship": "in",
        "end_node": "MIL-53(Cr)"
    },
    {
        "start_node": "MIL-47(V)",
        "relationship": "structural_transition",
        "end_node": "rigid"
    },
    {
        "start_node": "MIL-53(Cr)",
        "relationship": "initial_transition",
        "end_node": "LP to NP"
    },
    {
        "start_node": "MIL-53(Cr)",
        "relationship": "second_transition",
        "end_node": "NP to LP"
    },
    {
        "start_node": "H2S",
        "relationship": "arrangement",
        "end_node": "hydrogen bonded"
    },
    {
        "start_node": "H2S",
        "relationship": "with",
        "end_node": "mu(2)-O, mu(2)-OH"
    },
    {
        "start_node": "MIL-47(V)",
        "relationship": "adsorbate_type",
        "end_node": "hydrogen donor"
    },
    {
        "start_node": "MIL-53(Cr)",
        "relationship": "adsorbate_type",
        "end_node": "hydrogen acceptor"
    },
    {
        "start_node": "H2S",
        "relationship": "arrangement",
        "end_node": "dimer formation"
    },
    {
        "start_node": "adsorption enthalpy",
        "relationship": "decreases",
        "end_node": "MIL-53(Cr) NP > MIL-47(V) > MIL-53(Cr) LP"
    },
    {
        "start_node": "insights",
        "relationship": "concerning",
        "end_node": "CH4/H2S separation"
    },
    {
        "start_node": "use",
        "relationship": "for",
        "end_node": "Pressure Swing Adsorption"
    }
]