[
    {
        "start_node": "Conformational Analysis",
        "relationship": "describes",
        "end_node": "1,2-Dichloroethane-MOFs"
    },
    {
        "start_node": "1,2-Dichloroethane",
        "relationship": "adsorbed_in",
        "end_node": "MIL-53(Al)"
    },
    {
        "start_node": "1,2-Dichloroethane",
        "relationship": "adsorbed_in",
        "end_node": "MIL-68(In)"
    },
    {
        "start_node": "1,2-Dichloroethane",
        "relationship": "adsorbed_in",
        "end_node": "MIL-53-NH2(AI)"
    },
    {
        "start_node": "FT-Raman Spectroscopy",
        "relationship": "used_for",
        "end_node": "Analysis"
    },
    {
        "start_node": "Powder XRD",
        "relationship": "combined_with",
        "end_node": "FT-Raman Spectroscopy"
    },
    {
        "start_node": "TGA",
        "relationship": "combined_with",
        "end_node": "FT-Raman Spectroscopy"
    },
    {
        "start_node": "MIL-53-NH2",
        "relationship": "stabilizes",
        "end_node": "gauche conformer"
    },
    {
        "start_node": "Variable Temperature FT-Raman",
        "relationship": "determines",
        "end_node": "Conformational Enthalpy"
    },
    {
        "start_node": "Raman Bands",
        "relationship": "provides_info_on",
        "end_node": "Molecular Motion (halocarbons)"
    }
]