[
    {
        "start_node": "Hydrothermal synthesis",
        "relationship": "results_in",
        "end_node": "Compound 1"
    },
    {
        "start_node": "Ethylenediamine",
        "relationship": "templates",
        "end_node": "Compound 1"
    },
    {
        "start_node": "Scandium phosphate ribbons",
        "relationship": "comprises",
        "end_node": "Compound 1"
    },
    {
        "start_node": "Compound 1",
        "relationship": "contains",
        "end_node": "Scandium phosphate trimers"
    },
    {
        "start_node": "Protonated ethylenediammonium ions",
        "relationship": "connects",
        "end_node": "Compound 1"
    },
    {
        "start_node": "Hydrothermal synthesis",
        "relationship": "results_in",
        "end_node": "Compound 2"
    },
    {
        "start_node": "Diaminobutane",
        "relationship": "templates",
        "end_node": "Compound 2"
    },
    {
        "start_node": "Fluoride ions",
        "relationship": "inclusion",
        "end_node": "Compound 2"
    },
    {
        "start_node": "Pillared layered structure",
        "relationship": "has_structure",
        "end_node": "Compound 2"
    },
    {
        "start_node": "Compound 3",
        "relationship": "results_from",
        "end_node": "Hydrothermal synthesis"
    },
    {
        "start_node": "Diaminobutane",
        "relationship": "templates",
        "end_node": "Compound 3"
    },
    {
        "start_node": "Fluoride ions",
        "relationship": "connects",
        "end_node": "Compound 3"
    },
    {
        "start_node": "Layered structure",
        "relationship": "has_structure",
        "end_node": "Compound 3"
    },
    {
        "start_node": "Hydrothermal synthesis",
        "relationship": "results_in",
        "end_node": "Compound 4"
    },
    {
        "start_node": "Cyclohexylamine",
        "relationship": "templates",
        "end_node": "Compound 4"
    },
    {
        "start_node": "Monoamine",
        "relationship": "first_of_its_kind",
        "end_node": "Compound 4"
    },
    {
        "start_node": "Layered solid",
        "relationship": "has_structure",
        "end_node": "Compound 4"
    }
]