[
    {
        "start_node": "Synthesis",
        "relationship": "describes",
        "end_node": "Porphyrin Zr-MOFs"
    },
    {
        "start_node": "Porphyrin Zr-MOFs",
        "relationship": "used_for",
        "end_node": "Adsorption"
    },
    {
        "start_node": "Adsorption",
        "relationship": "removes",
        "end_node": "tetracycline (TC)"
    },
    {
        "start_node": "Adsorption",
        "relationship": "removes",
        "end_node": "ciprofloxacin (CIP)"
    },
    {
        "start_node": "PCN-224",
        "relationship": "material",
        "end_node": "300 nm-PCN-224"
    },
    {
        "start_node": "300 nm-PCN-224",
        "relationship": "size",
        "end_node": "300 nm"
    },
    {
        "start_node": "300 nm-PCN-224",
        "relationship": "property",
        "end_node": "large surface area"
    },
    {
        "start_node": "300 nm-PCN-224",
        "relationship": "adsorption_capacity",
        "end_node": "TC: 354.81 mg/g"
    },
    {
        "start_node": "300 nm-PCN-224",
        "relationship": "adsorption_capacity",
        "end_node": "CIP: 207.16 mg/g"
    },
    {
        "start_node": "300 nm-PCN-224",
        "relationship": "kinetic_model",
        "end_node": "pseudo-second-order"
    },
    {
        "start_node": "300 nm-PCN-224",
        "relationship": "isotherm_model",
        "end_node": "Langmuir"
    },
    {
        "start_node": "300 nm-PCN-224",
        "relationship": "photocatalytic_activity",
        "end_node": "visible-light"
    },
    {
        "start_node": "adsorption_mechanism",
        "relationship": "involved",
        "end_node": "hydrogen_bonding"
    },
    {
        "start_node": "adsorption_mechanism",
        "relationship": "involved",
        "end_node": "pi-pi_interactions"
    },
    {
        "start_node": "adsorption_mechanism",
        "relationship": "involved",
        "end_node": "electrostatic_attraction"
    },
    {
        "start_node": "MOFs",
        "relationship": "potential_application",
        "end_node": "removal_of_antibiotics"
    }
]