[
    {
        "start_node": "HOF",
        "relationship": "contains",
        "end_node": "UiO-66"
    },
    {
        "start_node": "UiO-66",
        "relationship": "derivative_of",
        "end_node": "MOF"
    },
    {
        "start_node": "UiO-66",
        "relationship": "synthesized_with",
        "end_node": "mixed ligand approach"
    },
    {
        "start_node": "UiO-66",
        "relationship": "contains_ligands",
        "end_node": "ATA"
    },
    {
        "start_node": "UiO-66-0.75ATA",
        "relationship": "mole_fraction",
        "end_node": "0.75"
    },
    {
        "start_node": "dye adsorption capacity",
        "relationship": "tuned_by",
        "end_node": "UiO-66-0.75ATA"
    },
    {
        "start_node": "MB, IC, CR",
        "relationship": "adsorbed_by",
        "end_node": "UiO-66-0.75ATA"
    },
    {
        "start_node": "adsorption conditions",
        "relationship": "optimized_for",
        "end_node": "UiO-66-0.75ATA"
    },
    {
        "start_node": "pH",
        "relationship": "effect_on_adsorption",
        "end_node": "decreased"
    },
    {
        "start_node": "temperature",
        "relationship": "effect_on_adsorption",
        "end_node": "increased"
    },
    {
        "start_node": "Pseudo-second order kinetics",
        "relationship": "fits_data_for",
        "end_node": "UiO-66-ATA"
    },
    {
        "start_node": "Langmuir isotherm",
        "relationship": "describes",
        "end_node": "UiO-66-ATA"
    },
    {
        "start_node": "Freundlich isotherm",
        "relationship": "describes",
        "end_node": "UiO-66"
    },
    {
        "start_node": "entropy-driven",
        "relationship": "drives_adsorption",
        "end_node": "all materials"
    },
    {
        "start_node": "computational studies",
        "relationship": "shows",
        "end_node": "ligand to metal charge transfer"
    },
    {
        "start_node": "adsorption mechanism",
        "relationship": "proposed_as",
        "end_node": "synergistic interaction"
    }
]