[
    {
        "start_node": "Complex",
        "relationship": "synthesized",
        "end_node": "1"
    },
    {
        "start_node": "1",
        "relationship": "type_of",
        "end_node": "4-she complex"
    },
    {
        "start_node": "1",
        "relationship": "contains",
        "end_node": "5-c bnn hexagonal BN net"
    },
    {
        "start_node": "Complex",
        "relationship": "synthesized",
        "end_node": "2"
    },
    {
        "start_node": "2",
        "relationship": "type_of",
        "end_node": "proton-transfer compound"
    },
    {
        "start_node": "2",
        "relationship": "features",
        "end_node": "4, 5, 9-c 3-nodal net"
    },
    {
        "start_node": "Complex",
        "relationship": "synthesized",
        "end_node": "3"
    },
    {
        "start_node": "3",
        "relationship": "type_of",
        "end_node": "proton-transfer compound"
    },
    {
        "start_node": "3",
        "relationship": "features",
        "end_node": "3D InS net with channels"
    },
    {
        "start_node": "4-sbe",
        "relationship": "role_in_complex",
        "end_node": "coordination"
    },
    {
        "start_node": "4-Hsb",
        "relationship": "role_in_complex",
        "end_node": "coordination/hydrogen bonding"
    },
    {
        "start_node": "4-Hsb",
        "relationship": "role_in_complex",
        "end_node": "hydrogen bonding donor"
    },
    {
        "start_node": "4-Hsb",
        "relationship": "role_in_complex",
        "end_node": "hydrogen bonding acceptor"
    },
    {
        "start_node": "H(2)bpe",
        "relationship": "role_in_complex",
        "end_node": "assembly"
    },
    {
        "start_node": "Luminescence",
        "relationship": "investigated_property",
        "end_node": "complexes"
    },
    {
        "start_node": "Thermal stability",
        "relationship": "investigated_property",
        "end_node": "complexes"
    }
]