[
    {
        "start_node": "Porous Materials",
        "relationship": "for_Uptake",
        "end_node": "Ammonia"
    },
    {
        "start_node": "Ammonia",
        "relationship": "are被捕集_by",
        "end_node": "Porous Materials"
    },
    {
        "start_node": "HOF",
        "relationship": "contain",
        "end_node": "Ammonia Uptake"
    },
    {
        "start_node": "Ammonia Uptake",
        "relationship": "is_a_process_in",
        "end_node": "Porous Materials Application"
    },
    {
        "start_node": "Porous Materials",
        "relationship": "property",
        "end_node": "High Surface Area"
    },
    {
        "start_node": "High Surface Area",
        "relationship": "facilitates",
        "end_node": "Ammonia Adsorption"
    }
]