[
    {
        "start_node": "In Situ",
        "relationship": "Self-Assembly",
        "end_node": "Hydrogen-Bonded Organic Frameworks"
    },
    {
        "start_node": "Hydrogen-Bonded Organic Frameworks",
        "relationship": "for",
        "end_node": "Organic Photoredox Catalysis"
    },
    {
        "start_node": "Structural self-assembly",
        "relationship": "enables",
        "end_node": "facile synthesis"
    },
    {
        "start_node": "Structural self-assembly",
        "relationship": "features",
        "end_node": "self-repair structures"
    },
    {
        "start_node": "Structural self-assembly",
        "relationship": "and",
        "end_node": "optoelectronic attributes"
    },
    {
        "start_node": "strategy",
        "relationship": "employs",
        "end_node": "HOF monomer"
    },
    {
        "start_node": "HOF monomer",
        "relationship": "for",
        "end_node": "photocatalysis"
    },
    {
        "start_node": "HOF monomer",
        "relationship": "results in",
        "end_node": "efficient photoredox catalysis"
    },
    {
        "start_node": "HOF monomer",
        "relationship": "equally effective as",
        "end_node": "prefabricated HOF catalysts"
    },
    {
        "start_node": "photocatalytic sulfide oxygenation",
        "relationship": "verified with",
        "end_node": "high activity, selectivity, and generality"
    },
    {
        "start_node": "carboxy dimmers",
        "relationship": "led to",
        "end_node": "in situ self-assembly of HOF monomer"
    },
    {
        "start_node": "self-assembly frameworks",
        "relationship": "due to",
        "end_node": "yield enhancement of 1O2"
    },
    {
        "start_node": "excitonic effect",
        "relationship": "and",
        "end_node": "strong interlayer confinement"
    },
    {
        "start_node": "self-assembly frameworks",
        "relationship": "accounted for",
        "end_node": "activity origin"
    },
    {
        "start_node": "work",
        "relationship": "offered",
        "end_node": "facile application approach"
    },
    {
        "start_node": "HOF material",
        "relationship": "use for",
        "end_node": "photoredox catalysis"
    }
]