[
    {
        "start_node": "HOF",
        "relationship": "cites",
        "end_node": "The spotlight review on ionic liquids catalyzed synthesis"
    },
    {
        "start_node": "HOF",
        "relationship": "contains",
        "end_node": "Ionic liquids (ILs)"
    },
    {
        "start_node": "ILs",
        "relationship": "property",
        "end_node": "green chemistry"
    },
    {
        "start_node": "ILs",
        "relationship": "application",
        "end_node": "catalyst or solvent"
    },
    {
        "start_node": "ILs",
        "relationship": "attribute",
        "end_node": "negligible vapor pressure, low volatility"
    },
    {
        "start_node": "ILs",
        "relationship": "attribute",
        "end_node": "recyclable"
    },
    {
        "start_node": "HOF",
        "relationship": "focuses_on",
        "end_node": "aza- and oxa-heterocyclic synthesis"
    },
    {
        "start_node": "HOF",
        "relationship": "includes",
        "end_node": "Biginelli/Friedlander/Knoevenagel condensations"
    },
    {
        "start_node": "HOF",
        "relationship": "includes",
        "end_node": "Fischer's glycosylation"
    },
    {
        "start_node": "HOF",
        "relationship": "includes",
        "end_node": "cycloaddition of CO2"
    },
    {
        "start_node": "ILs",
        "relationship": "function",
        "end_node": "organocatalyst or phase transfer catalyst"
    },
    {
        "start_node": "HOF",
        "relationship": "promotes",
        "end_node": "difficult synthetic routes"
    },
    {
        "start_node": "HOF",
        "relationship": "promotes",
        "end_node": "multicomponent reactions"
    },
    {
        "start_node": "HOF",
        "relationship": "promotes",
        "end_node": "one-pot synthesis"
    },
    {
        "start_node": "HOF",
        "relationship": "reports",
        "end_node": "synthesis reported 2021"
    },
    {
        "start_node": "HOF",
        "relationship": "year",
        "end_node": "2021"
    },
    {
        "start_node": "HOF",
        "relationship": "copyright",
        "end_node": "(C) 2022 Elsevier B.V."
    }
]