[
    {
        "start_node": "Sono-assisted",
        "relationship": "treats",
        "end_node": "Dye-contaminated wastewater"
    },
    {
        "start_node": "Dye-contamination",
        "relationship": "causes",
        "end_node": "Environmental impact"
    },
    {
        "start_node": "Dye-contamination",
        "relationship": "causes",
        "end_node": "Human impact (cancer)"
    },
    {
        "start_node": "Adsorption",
        "relationship": "method",
        "end_node": "Remediation"
    },
    {
        "start_node": "Metal organic framework (MOF)",
        "relationship": "ideal adsorbent due to",
        "end_node": "High surface area"
    },
    {
        "start_node": "PET_MIL-101(Cr)",
        "relationship": "synthesized from",
        "end_node": "Waste PET bottles"
    },
    {
        "start_node": "PET_MIL-101(Cr)",
        "relationship": "conversion rate",
        "end_node": "70.89%"
    },
    {
        "start_node": "PET_MIL-101(Cr)",
        "relationship": "specific surface area",
        "end_node": "3055.5 m²/g"
    },
    {
        "start_node": "Functionalized PET_MIL-101(Cr)",
        "relationship": "improvement",
        "end_node": "Electrostatic force and hydrogen bonding"
    },
    {
        "start_node": "Langmuir isotherm model",
        "relationship": "adsorption capacity comparison",
        "end_node": "Higher for functionalized PET_MIL-101(Cr)"
    },
    {
        "start_node": "Ultrasonication",
        "relationship": "effect on adsorption time",
        "end_node": "Shortened to 1 min"
    },
    {
        "start_node": "Pseudo-second-order kinetics",
        "relationship": "adsorption rate comparison",
        "end_node": "18 times faster (sono-assisted)"
    },
    {
        "start_node": "Sono-assisted adsorption",
        "relationship": "increase in capacity",
        "end_node": "88.7% of traditional capacity"
    },
    {
        "start_node": "Eco-friendly solution",
        "relationship": "solution for",
        "end_node": "Aqueous contamination"
    }
]