[
    {
        "start_node": "HOF",
        "relationship": "contain",
        "end_node": "Evans-Showell-Type Polyoxometalate"
    },
    {
        "start_node": "HOF",
        "relationship": "contain",
        "end_node": "Co2Mo10H4O38"
    },
    {
        "start_node": "HOF",
        "relationship": "contain",
        "end_node": "Gd3+"
    },
    {
        "start_node": "HOF",
        "relationship": "contain",
        "end_node": "Tb3+"
    },
    {
        "start_node": "HOF",
        "relationship": "form",
        "end_node": "3D racemic framework"
    },
    {
        "start_node": "HOF",
        "relationship": "topology",
        "end_node": "binodal 4-connected SrAl2 (sra)"
    },
    {
        "start_node": "HOF",
        "relationship": "property",
        "end_node": "microporous"
    },
    {
        "start_node": "HOF",
        "relationship": "adsorb",
        "end_node": "water"
    },
    {
        "start_node": "HOF",
        "relationship": "adsorb",
        "end_node": "methanol"
    },
    {
        "start_node": "HOF",
        "relationship": "catalytic_activity",
        "end_node": "photocatalytic"
    },
    {
        "start_node": "HOF",
        "relationship": "form",
        "end_node": "3D chiral supramolecular architecture"
    },
    {
        "start_node": "HOF",
        "relationship": "crystallize",
        "end_node": "chiral space group P2(1)"
    },
    {
        "start_node": "HOF",
        "relationship": "characterize",
        "end_node": "solid-state circular dichroism"
    }
]