[
    {
        "start_node": "TI",
        "relationship": "discusses",
        "end_node": "AB(HCO2)_3 frameworks"
    },
    {
        "start_node": "synthesis",
        "relationship": "reports",
        "end_node": "RbMn(HCO2)_3"
    },
    {
        "start_node": "structures",
        "relationship": "includes",
        "end_node": "distorted perovskite"
    },
    {
        "start_node": "structures",
        "relationship": "includes",
        "end_node": "chiral hexagonal"
    },
    {
        "start_node": "effect",
        "relationship": "probes",
        "end_node": "size on phase evolution"
    },
    {
        "start_node": "magnetic properties",
        "relationship": "studied",
        "end_node": "RbB(HCO2)_3"
    },
    {
        "start_node": "magnetic properties",
        "relationship": "studied",
        "end_node": "CsMn(HCO2)_3"
    },
    {
        "start_node": "topology",
        "relationship": "impacts",
        "end_node": "magnetic ordering temperatures"
    },
    {
        "start_node": "AB(HCO2)_3",
        "relationship": "potential",
        "end_node": "multiferroics"
    }
]