[
    {
        "start_node": "TI",
        "relationship": "discusses",
        "end_node": "Efficient Ion Sieving"
    },
    {
        "start_node": "Efficient Ion Sieving",
        "relationship": "in",
        "end_node": "Covalent Organic Framework Membranes"
    },
    {
        "start_node": "Membranes",
        "relationship": "have",
        "end_node": "sub-2-nanometer channels"
    },
    {
        "start_node": "Channels",
        "relationship": "show",
        "end_node": "high ion transport rates"
    },
    {
        "start_node": "COF membranes",
        "relationship": "feature",
        "end_node": "1.4 nm channel size"
    },
    {
        "start_node": "COF membranes",
        "relationship": "exhibit",
        "end_node": "efficient ion sieving properties"
    },
    {
        "start_node": "Properties",
        "relationship": "include",
        "end_node": "high monovalent cation permeability"
    },
    {
        "start_node": "Permeability",
        "relationship": "for",
        "end_node": "K+/Mg2+ selectivity"
    },
    {
        "start_node": "Selectivity",
        "relationship": "values",
        "end_node": "765"
    },
    {
        "start_node": "Theoretical simulations",
        "relationship": "reveal",
        "end_node": "hydrogen bonding interaction"
    },
    {
        "start_node": "Interaction",
        "relationship": "controls",
        "end_node": "selectivity"
    },
    {
        "start_node": "Divalent cations",
        "relationship": "face",
        "end_node": "higher energy barriers"
    }
]