[
    {
        "start_node": "HOF",
        "relationship": "contain",
        "end_node": "Hydrothermal syntheses"
    },
    {
        "start_node": "HOF",
        "relationship": "contain",
        "end_node": "novel 3D open-framework"
    },
    {
        "start_node": "HOF",
        "relationship": "contain",
        "end_node": "2D grid lanthanide fumarates"
    },
    {
        "start_node": "3D open-framework",
        "relationship": "type_of",
        "end_node": " Ln2(fum)3(H2fum)(H2O)2"
    },
    {
        "start_node": "2D grid polymer",
        "relationship": "type_of",
        "end_node": "[Yb2(fum)3(H2O)4](H2O)2"
    },
    {
        "start_node": "lanthanides",
        "relationship": "used",
        "end_node": "Ce(III)"
    },
    {
        "start_node": "lanthanides",
        "relationship": "used",
        "end_node": "Nd-III"
    },
    {
        "start_node": "lanthanides",
        "relationship": "used",
        "end_node": "Sm-III"
    },
    {
        "start_node": "lanthanides",
        "relationship": "used",
        "end_node": "Yb-III"
    },
    {
        "start_node": "fumaric acid",
        "relationship": "reactant",
        "end_node": "hydrothermal reaction"
    },
    {
        "start_node": "lanthanide oxides",
        "relationship": "reactant",
        "end_node": "hydrothermal reaction"
    },
    {
        "start_node": "solid 1",
        "relationship": "isomorphic_with",
        "end_node": "solid 2"
    },
    {
        "start_node": "solid 1",
        "relationship": "linkage",
        "end_node": "metal-O polyhedral chains"
    },
    {
        "start_node": "compound 3",
        "relationship": "distinct_from",
        "end_node": "solids 1 and 2"
    },
    {
        "start_node": "compound 3",
        "relationship": "ligand_bridging",
        "end_node": "microporous framework"
    },
    {
        "start_node": "compound 4",
        "relationship": "framework_type",
        "end_node": "2D rectangular grid-like"
    },
    {
        "start_node": "compound 4",
        "relationship": "cavity_size",
        "end_node": "10.5 x 9.4 angstrom(2)"
    },
    {
        "start_node": "thermal behaviors",
        "relationship": "investigated",
        "end_node": "four compounds"
    },
    {
        "start_node": "PXRD patterns",
        "relationship": "correlated_with",
        "end_node": "structural features"
    }
]