[
    {
        "start_node": "Fabrication",
        "relationship": "describes",
        "end_node": "Bi2O3-modified chitosan@ZIF-8 nanocomposite"
    },
    {
        "start_node": "Nanocomposite",
        "relationship": "contains",
        "end_node": "ZIF-8"
    },
    {
        "start_node": "Nanocomposite",
        "relationship": "contains",
        "end_node": "chitosan"
    },
    {
        "start_node": "Nanocomposite",
        "relationship": "coated with",
        "end_node": "green bismuth oxide"
    },
    {
        "start_node": "Drug loading",
        "relationship": "investigated for",
        "end_node": "dapsone"
    },
    {
        "start_node": "Loading mechanism",
        "relationship": "utilizes",
        "end_node": "hydrogen bonds, pi-pi, electrostatic interactions"
    },
    {
        "start_node": "Characterization techniques",
        "relationship": "performed on",
        "end_node": "SEM, XRD, FTIR, TEM, BET, TGA"
    },
    {
        "start_node": "Influencing factors",
        "relationship": "analyzed",
        "end_node": "pH, dose, contact time"
    },
    {
        "start_node": "Optimization",
        "relationship": "methodology used",
        "end_node": "non-linear optimization"
    },
    {
        "start_node": "Dapsone loading efficiency",
        "relationship": "achieved at",
        "end_node": "85% for 50 mg/L"
    },
    {
        "start_node": "Release investigation",
        "relationship": "carried out in",
        "end_node": "PBS, pH 7.4, 37°C"
    },
    {
        "start_node": "Maximum release efficiency",
        "relationship": "observed after",
        "end_node": "93.9% after 24 h"
    }
]