[
    {
        "start_node": "HOF",
        "relationship": "contain",
        "end_node": "Covalent Organic Frameworks (COFs)"
    },
    {
        "start_node": "COFs",
        "relationship": "potential_solution_for",
        "end_node": "molecular_separation"
    },
    {
        "start_node": "TPB-DMTP-COF",
        "relationship": "synthesized_COF",
        "end_node": null
    },
    {
        "start_node": "TPB-DMTP-COF",
        "relationship": "pore_aperture_match",
        "end_node": "nanofiltration (NF) membrane"
    },
    {
        "start_node": "COFs",
        "relationship": "modulate",
        "end_node": "polyamide (PA) membranes"
    },
    {
        "start_node": "COFs",
        "relationship": "improve",
        "end_node": "polymer_affinity_and_hydrophilicity"
    },
    {
        "start_node": "TFN membranes",
        "relationship": "result_of",
        "end_node": "COF_layer"
    },
    {
        "start_node": "COF-layer",
        "relationship": "slow_down_diffusion",
        "end_node": "reaction_boundary"
    },
    {
        "start_node": "MD simulations",
        "relationship": "confirm",
        "end_node": "COF_effect"
    },
    {
        "start_node": "DPD simulations",
        "relationship": "confirm",
        "end_node": "COF_effect"
    },
    {
        "start_node": "COF-modulated TFN membranes",
        "relationship": "surface_characteristics",
        "end_node": "roughened, thickened, bubble-shaped structures"
    },
    {
        "start_node": "unmodified PA membranes",
        "relationship": "comparison",
        "end_node": "water_permeance"
    },
    {
        "start_node": "COF-modulated TFN membranes",
        "relationship": "water_permeance",
        "end_node": "35.7 L m^2 h^-1 bar^-1"
    },
    {
        "start_node": "COF-modulated TFN membranes",
        "relationship": "selectivity_coefficient",
        "end_node": "Cl-/SO42-",
        "end_node_detail": "84"
    },
    {
        "start_node": "COFs",
        "relationship": "interlayer_for",
        "end_node": "highly_permeable_membranes"
    },
    {
        "start_node": "COFs",
        "relationship": "precise_ion_sieving",
        "end_node": "ability"
    }
]