[
    {
        "start_node": "HNO3",
        "relationship": "reacts_with",
        "end_node": "NH3"
    },
    {
        "start_node": "HNO3",
        "relationship": "forms_complex_with",
        "end_node": "(HNO3)(3)center_dot(NH3)(2)"
    },
    {
        "start_node": "HNO3",
        "relationship": "forms_complex_with",
        "end_node": "(HNO3)(3)center_dot(NH3)(3)"
    },
    {
        "start_node": "HNO3",
        "relationship": "forms_complex_with",
        "end_node": "(HNO3)(4)-(NH3)(3)"
    },
    {
        "start_node": "gas_phase",
        "relationship": "humidity_dependent_growth",
        "end_node": "complex_formation"
    },
    {
        "start_node": "HNO3",
        "relationship": "adsorbs_on",
        "end_node": "air_water_interface"
    },
    {
        "start_node": "HNO3",
        "relationship": "forms_gas_phase_complex",
        "end_node": "HNO3_center_dot(R-1)(R-2)NH"
    },
    {
        "start_node": "HNO3",
        "relationship": "proton_transfer_to",
        "end_node": "(R-1)(R-2)NH"
    },
    {
        "start_node": "ion_pair",
        "relationship": "forms_at",
        "end_node": "air_water_surface"
    },
    {
        "start_node": "ion_pair",
        "relationship": "stabilized_by",
        "end_node": "hydrogen_bonding"
    },
    {
        "start_node": "ion_pair",
        "relationship": "time_scale",
        "end_node": "picosecond"
    },
    {
        "start_node": "gas_to_particle_partitioning",
        "relationship": "impacts",
        "end_node": "atmosphere"
    },
    {
        "start_node": "nitrate_particles",
        "relationship": "formed_in",
        "end_node": "polluted Urban environments"
    },
    {
        "start_node": "particle_formation",
        "relationship": "applies_to",
        "end_node": "forested_coastal_environments"
    },
    {
        "start_node": "organic_acids",
        "relationship": "presence_in",
        "end_node": "significant_quantities"
    },
    {
        "start_node": "organosulfates",
        "relationship": "role_in",
        "end_node": "particle_formation"
    }
]