[
    {
        "start_node": "HOF",
        "relationship": "contains",
        "end_node": "Coordination Polymer"
    },
    {
        "start_node": "Coordination Polymer",
        "relationship": "constructed_by",
        "end_node": "Cd(II) and Zn(II)"
    },
    {
        "start_node": "Synthesis",
        "relationship": "method",
        "end_node": "Hydrothermal reaction"
    },
    {
        "start_node": "Ingredients",
        "relationship": "used_in",
        "end_node": [
            "3-cyanopyridine",
            "NaN3",
            "ZnCl2",
            "CdCl2",
            "H2bdc"
        ]
    },
    {
        "start_node": "Ligand",
        "relationship": "produced_during_synthesis",
        "end_node": "5-(3-Pyridyl)tetrazolate (3-ptz(-))"
    },
    {
        "start_node": "Compound_1",
        "relationship": "is",
        "end_node": "[Zn(3-ptz)(bdc)(0.5)(H2O)(2)](n) center dot 2H(2)O",
        "end_node_details": {
            "structure": "1D polymeric chain",
            "linkage": "mu(2)-(3-ptz(-)) and mu(2)-bdc(2-) spacers"
        }
    },
    {
        "start_node": "Compound_2",
        "relationship": "is",
        "end_node": "[Cd-2(3-ptz)(2)Cl-2](n)",
        "end_node_details": {
            "structure": "2D layered-pillared framework",
            "linkage": "mu(4)-(3-ptz(-)) and Cl- anions"
        }
    },
    {
        "start_node": "Properties",
        "relationship": "investigated",
        "end_node": [
            "Crystal Structure",
            "Luminescence"
        ]
    },
    {
        "start_node": "Analysis",
        "relationship": "used_for",
        "end_node": [
            "Elemental Analysis (EA)",
            "Infrared Spectroscopy (IR)",
            "PXRD"
        ]
    },
    {
        "start_node": "Stability",
        "relationship": "tested",
        "end_node": "Thermogravimetric Analysis (TGA)"
    },
    {
        "start_node": "Photoluminescence",
        "relationship": "studied_at",
        "end_node": "Room Temperature"
    }
]