[
    {
        "start_node": "HOF",
        "relationship": "discusses",
        "end_node": "Ideal Adsorbed Solution Theory (IAST)"
    },
    {
        "start_node": "IAST",
        "relationship": "used_for",
        "end_node": "estimating S-ads"
    },
    {
        "start_node": "Microporous Crystalline Adsorbents",
        "relationship": "include",
        "end_node": "zeolites"
    },
    {
        "start_node": "zeolites",
        "relationship": "type_of",
        "end_node": "microporous crystals"
    },
    {
        "start_node": "Metal-Organic Frameworks (MOFs)",
        "relationship": "type_of",
        "end_node": "microporous crystals"
    },
    {
        "start_node": "CO2 capture",
        "relationship": "application",
        "end_node": "cation-exchanged zeolites, MOFs"
    },
    {
        "start_node": "inhomogeneous distribution",
        "relationship": "challenge",
        "end_node": "IAST"
    },
    {
        "start_node": "CO2",
        "relationship": "congregate",
        "end_node": "cations, unsaturated metal atoms"
    },
    {
        "start_node": "thermodynamic non-idealities",
        "relationship": "arise_in",
        "end_node": "8-ring zeolites (DDR, CHA), MOR, AFX"
    },
    {
        "start_node": "water/alcohol mixtures",
        "relationship": "example_of",
        "end_node": "thermodynamic non-idealities"
    },
    {
        "start_node": "hydrogen bonding",
        "relationship": "causes",
        "end_node": "molecular clustering"
    },
    {
        "start_node": "selectivity reversals",
        "relationship": "observed",
        "end_node": "thermodynamic non-idealities"
    },
    {
        "start_node": "IAST",
        "relationship": "assumes",
        "end_node": "homogeneous distribution, surface area equivalence"
    }
]