[
    {
        "start_node": "HOF",
        "relationship": "contain",
        "end_node": "Layered Assembly of Hydrogen-Bonded Hexagonal Networks"
    },
    {
        "start_node": "Layered Assembly of Hydrogen-Bonded Hexagonal Networks",
        "relationship": "formed_by",
        "end_node": "C-3-symmetric pi-conjugated molecules"
    },
    {
        "start_node": "Molecules",
        "relationship": "property",
        "end_node": "hydrogen-bonded"
    },
    {
        "start_node": "Molecules",
        "relationship": "contain",
        "end_node": "4,4'-dicarboxy-o-terphenyl moieties"
    },
    {
        "start_node": "Hexagonal Networks",
        "relationship": "type",
        "end_node": "H-HexNets"
    },
    {
        "start_node": "H-HexNets",
        "relationship": "dimension",
        "end_node": "two-dimensional"
    },
    {
        "start_node": "H-HexNets",
        "relationship": "porosity",
        "end_node": "dual or triple pores"
    },
    {
        "start_node": "Layered Assembly of H-HexNets",
        "relationship": "result",
        "end_node": "LA-H-HexNets"
    },
    {
        "start_node": "LA-H-HexNets",
        "relationship": "characteristic",
        "end_node": "high crystallinity"
    },
    {
        "start_node": "LA-H-HexNets",
        "relationship": "porosity",
        "end_node": "permanent porosity"
    },
    {
        "start_node": "LA-H-HexNets",
        "relationship": "adsorption",
        "end_node": "SA(BET) = 788 m²/g (Tp) and 557 m²/g (T12)"
    },
    {
        "start_node": "Materials",
        "relationship": "potential",
        "end_node": "porous organic functional materials"
    }
]