[
    {
        "start_node": "X-RAY",
        "relationship": "study",
        "end_node": "CRYSTALLOGRAPHIC"
    },
    {
        "start_node": "CRYSTALLOGRAPHIC",
        "relationship": "investigation",
        "end_node": "COMPLEXES"
    },
    {
        "start_node": "COMPLEXES",
        "relationship": "of",
        "end_node": "PARA-AMINOBENZOIC ACID"
    },
    {
        "start_node": "COMPLEXES",
        "relationship": "WITH",
        "end_node": "METALS"
    },
    {
        "start_node": "METALS",
        "relationship": "include",
        "end_node": "COBALT (II)"
    },
    {
        "start_node": "DI(P-AMINOBENZOATO)TETRAAQUACOBALT (II)",
        "relationship": "is",
        "end_node": "CRYSTAL STRUCTURE"
    },
    {
        "start_node": "DI(P-AMINOBENZOATO)TETRAAQUACOBALT (II)",
        "relationship": "molecular",
        "end_node": "STRUCTURE"
    }
]