[
    {
        "start_node": "HOF",
        "relationship": "contain",
        "end_node": "smartphone-based dual inverse signal MOFs"
    },
    {
        "start_node": "MOFs",
        "relationship": "used_for",
        "end_node": "fluorescence sensing"
    },
    {
        "start_node": "UiO-66NH2@RhB",
        "relationship": "is",
        "end_node": "fluorescent probe"
    },
    {
        "start_node": "probe",
        "relationship": "property",
        "end_node": "high sensitivity"
    },
    {
        "start_node": "probe",
        "relationship": "property",
        "end_node": "linear range 0.1-100 μmol/L"
    },
    {
        "start_node": "probe",
        "relationship": "limit_of_detection",
        "end_node": "20 nmol/L"
    },
    {
        "start_node": "method",
        "relationship": "uses",
        "end_node": "IFE quenching"
    },
    {
        "start_node": "method",
        "relationship": "uses",
        "end_node": "hydrogen bonding interaction"
    },
    {
        "start_node": "detection",
        "relationship": "for",
        "end_node": "malachite green"
    },
    {
        "start_node": "detection",
        "relationship": "feature",
        "end_node": "visual"
    },
    {
        "start_node": "platform",
        "relationship": "integrates",
        "end_node": "smartphone photography"
    },
    {
        "start_node": "platform",
        "relationship": "property",
        "end_node": "RGB analysis"
    },
    {
        "start_node": "application",
        "relationship": "suitable_for",
        "end_node": "water analysis"
    },
    {
        "start_node": "application",
        "relationship": "suitable_for",
        "end_node": "fish sample analysis"
    },
    {
        "start_node": "application",
        "relationship": "advantage",
        "end_node": "simplicity"
    },
    {
        "start_node": "application",
        "relationship": "advantage",
        "end_node": "cost-effectiveness"
    },
    {
        "start_node": "application",
        "relationship": "advantage",
        "end_node": "rapid detection"
    },
    {
        "start_node": "application",
        "relationship": "potential",
        "end_node": "food safety evaluation"
    },
    {
        "start_node": "application",
        "relationship": "potential",
        "end_node": "environmental health"
    }
]