[
    {
        "start_node": "HOF",
        "relationship": "mention",
        "end_node": "adsorptive ion-exchange membranes"
    },
    {
        "start_node": "HOF",
        "relationship": "contain",
        "end_node": "porous aromatic frameworks (PAFs)"
    },
    {
        "start_node": "PAFs",
        "relationship": "synergistic integration with",
        "end_node": "ion-exchange polymers"
    },
    {
        "start_node": "HOF",
        "relationship": "function",
        "end_node": "simultaneous desalination and targeted removal"
    },
    {
        "start_node": "HOF",
        "relationship": "impact on",
        "end_node": "ion transport properties"
    },
    {
        "start_node": "CEMs",
        "relationship": "type of",
        "end_node": "cross-linked adsorptive cation-exchange membranes"
    },
    {
        "start_node": "AEMs",
        "relationship": "type of",
        "end_node": "cross-linked adsorptive anion-exchange membranes"
    },
    {
        "start_node": "HOF",
        "relationship": "focus on",
        "end_node": "boron removal"
    },
    {
        "start_node": "PAF loading level",
        "relationship": "influence on",
        "end_node": "PAF-polymer interactions"
    },
    {
        "start_node": "interfacial interactions",
        "relationship": "difference between",
        "end_node": "CEMs and AEMs"
    },
    {
        "start_node": "selectivity",
        "relationship": "effect on",
        "end_node": "counter-ion/co-ion selectivity"
    }
]