[
    {
        "start_node": "Hof",
        "relationship": "contains",
        "end_node": "High-throughput ultrasonic synthesis"
    },
    {
        "start_node": "Hof",
        "relationship": "contains",
        "end_node": "in situ crystallisation investigation"
    },
    {
        "start_node": "Hof",
        "relationship": "contains",
        "end_node": "metal phosphonocarboxylates"
    },
    {
        "start_node": "Experiment",
        "relationship": "uses",
        "end_node": "ultrasonication"
    },
    {
        "start_node": "Experiment",
        "relationship": "uses",
        "end_node": "conventional heating"
    },
    {
        "start_node": "Compounds",
        "relationship": "discovered",
        "end_node": "[Ca(H2O)(2)(H2PMBC)(2)]"
    },
    {
        "start_node": "Compounds",
        "relationship": "discovered",
        "end_node": "[Ni(H2O)(4)(H2PMBC)(2)]"
    },
    {
        "start_node": "System",
        "relationship": "screened",
        "end_node": "Ni2+ or Ca2+/H3PMBC/KOH"
    },
    {
        "start_node": "Compound",
        "relationship": "formed field",
        "end_node": "[Ca(H2O)(2)(H2PMBC)(2)]"
    },
    {
        "start_node": "Compound",
        "relationship": "formed field",
        "end_node": "[Ni(H2O)(4)(H2PMBC)(2)]"
    },
    {
        "start_node": "Compound",
        "relationship": "crystallises in",
        "end_node": "space group P(1)/bar"
    },
    {
        "start_node": "Compound",
        "relationship": "structure",
        "end_node": "MO6-octahedra"
    },
    {
        "start_node": "Compound",
        "relationship": "chains by",
        "end_node": "hydrogen bonded (H2PMBC)_2-dimers"
    },
    {
        "start_node": "Study",
        "relationship": "uses",
        "end_node": "in situ EDXRD"
    },
    {
        "start_node": "Study",
        "relationship": "uses",
        "end_node": "in situ IR spectroscopy"
    },
    {
        "start_node": "Rate difference",
        "relationship": "attributed to",
        "end_node": "faster dissolution of H3PMBC (ultrasonic)"
    },
    {
        "start_node": "Rate difference",
        "relationship": "contrasted with",
        "end_node": "conventional heating"
    }
]