[
    {
        "start_node": "MnII MOF",
        "relationship": "formed_by",
        "end_node": "solvothermal_reaction"
    },
    {
        "start_node": "MnCl2H2O",
        "relationship": "reactant",
        "end_node": "solvothermal_reaction"
    },
    {
        "start_node": "MeO-m-H2BDC",
        "relationship": "reactant",
        "end_node": "solvothermal_reaction"
    },
    {
        "start_node": "poly[Mn(MeO-m-BDC)(DMF)]",
        "relationship": "product",
        "end_node": "synthesis"
    },
    {
        "start_node": "MnII",
        "relationship": "central_metal",
        "end_node": "poly[Mn(MeO-m-BDC)(DMF)]"
    },
    {
        "start_node": "distorted_octahedral",
        "relationship": "geometry",
        "end_node": "MnII"
    },
    {
        "start_node": "carboxylate_O",
        "relationship": "coordination",
        "end_node": "MnII"
    },
    {
        "start_node": "MeO-m-BDC2",
        "relationship": "ligand",
        "end_node": "MnII"
    },
    {
        "start_node": "DMF",
        "relationship": "ligand",
        "end_node": "MnII"
    },
    {
        "start_node": "pts_topological_network",
        "relationship": "topology",
        "end_node": "framework"
    },
    {
        "start_node": "MeO-m-BDC2",
        "relationship": "bridging_ligand",
        "end_node": "framework"
    },
    {
        "start_node": "MnII",
        "relationship": "four_connected_node",
        "end_node": "framework"
    }
]