[
    {
        "start_node": "HOF",
        "relationship": "contain",
        "end_node": "Y-bptc"
    },
    {
        "start_node": "Y-bptc",
        "relationship": "used_for",
        "end_node": "CO2/CH4 separation"
    },
    {
        "start_node": "Y-bptc",
        "relationship": "used_for",
        "end_node": "CO2/N-2 separation"
    },
    {
        "start_node": "Y-bptc",
        "relationship": "property",
        "end_node": "ultra-stable"
    },
    {
        "start_node": "Y-bptc",
        "relationship": "has_capacity",
        "end_node": "55.1 cm³/g CO2 (1 bar, 298 K)"
    },
    {
        "start_node": "Y-bptc",
        "relationship": "negligible_adsorption",
        "end_node": "CH4, N2"
    },
    {
        "start_node": "Y-bptc",
        "relationship": "adsorption_ratio",
        "end_node": "CO2/CH4: 45.5, CO2/N-2: 18.1"
    },
    {
        "start_node": "Y-bptc",
        "relationship": "adsorption_sites",
        "end_node": "mu(3)-OH- functional groups"
    },
    {
        "start_node": "Y-bptc",
        "relationship": "heat_of_adsorption",
        "end_node": "24 kJ/mol CO2"
    },
    {
        "start_node": "Y-bptc",
        "relationship": "dynamic_separation",
        "end_node": "99% purity CH4, CO2: 52 cm³/g, N2: 31 cm³/g"
    },
    {
        "start_node": "Y-bptc",
        "relationship": "structural_stability",
        "end_node": "hydrothermal conditions"
    },
    {
        "start_node": "Y-bptc",
        "relationship": "suitable_for",
        "end_node": "real-world CO2/CH4, CO2/N-2 separation"
    }
]