[
    {
        "start_node": "Desalination",
        "relationship": "investigate",
        "end_node": "TpPa-1 COF and MIL-47(V) MOF"
    },
    {
        "start_node": "Molecular Dynamics Simulation",
        "relationship": "used_for",
        "end_node": "desalination performance"
    },
    {
        "start_node": "TpPa-1 COF bilayer",
        "relationship": "permeability",
        "end_node": "348 L/cm2/day/MPa"
    },
    {
        "start_node": "TpPa-1 COF bilayer",
        "relationship": "rejection_rate",
        "end_node": "88%"
    },
    {
        "start_node": "MIL-47(V) MOF bilayer",
        "relationship": "rejection_rate",
        "end_node": "97%"
    },
    {
        "start_node": "MIL-47(V) MOF bilayer",
        "relationship": "water_permeability",
        "end_node": "160 L/cm2/day/MPa"
    },
    {
        "start_node": "Hybrid bilayer",
        "relationship": "lower_than",
        "end_node": "same_material bilayers"
    },
    {
        "start_node": "Pore-sieving effect",
        "relationship": "governing_factor",
        "end_node": "rejection"
    },
    {
        "start_node": "Electrostatic interactions",
        "relationship": "role",
        "end_node": "water transport"
    },
    {
        "start_node": "Hydrogen bonding",
        "relationship": "role",
        "end_node": "ion passage"
    },
    {
        "start_node": "MIL-47(V)",
        "relationship": "promising_for",
        "end_node": "advanced RO water desalination"
    }
]