[
    {
        "start_node": "HOF",
        "relationship": "contains",
        "end_node": "adsorption"
    },
    {
        "start_node": "HOF",
        "relationship": "contains",
        "end_node": "removal"
    },
    {
        "start_node": "HOF",
        "relationship": "contains",
        "end_node": "pollutants"
    },
    {
        "start_node": "HOF",
        "relationship": "contains",
        "end_node": "malachite green (MG)"
    },
    {
        "start_node": "HOF",
        "relationship": "contains",
        "end_node": "Ag-MOF"
    },
    {
        "start_node": "Ag-MOF",
        "relationship": "property",
        "end_node": "mesoporous"
    },
    {
        "start_node": "Ag-MOF",
        "relationship": "property",
        "end_node": "surface area"
    },
    {
        "start_node": "Ag-MOF",
        "relationship": "adsorbs",
        "end_node": "MG"
    },
    {
        "start_node": "Ag-MOF",
        "relationship": "adsorption mechanism",
        "end_node": "electrostatic attraction"
    },
    {
        "start_node": "Ag-MOF",
        "relationship": "adsorption mechanism",
        "end_node": "hydrogen bonding"
    },
    {
        "start_node": "Ag-MOF",
        "relationship": "adsorption mechanism",
        "end_node": "ion exchange"
    },
    {
        "start_node": "Ag-MOF",
        "relationship": "adsorption mechanism",
        "end_node": "pore filling"
    },
    {
        "start_node": "HOF",
        "relationship": "adsorption efficiency",
        "end_node": "2.25 mmol/g"
    },
    {
        "start_node": "HOF",
        "relationship": "adsorption capacity",
        "end_node": "809.71 mg/g"
    },
    {
        "start_node": "HOF",
        "relationship": "method",
        "end_node": "Box-Behnken design (BBD)"
    },
    {
        "start_node": "HOF",
        "relationship": "method",
        "end_node": "response surface methodology (RSM)"
    },
    {
        "start_node": "HOF",
        "relationship": "energy change",
        "end_node": "endothermic"
    },
    {
        "start_node": "HOF",
        "relationship": "spontaneity",
        "end_node": "spontaneous"
    },
    {
        "start_node": "HOF",
        "relationship": "cycling performance",
        "end_node": "exceptional"
    },
    {
        "start_node": "HOF",
        "relationship": "application",
        "end_node": "water filtering"
    },
    {
        "start_node": "HOF",
        "relationship": "application",
        "end_node": "industrial wastewater management"
    },
    {
        "start_node": "HOF",
        "relationship": "first",
        "end_node": "removing MG dye from wastewater"
    }
]