[
    {
        "start_node": "Synthesis",
        "relationship": "describes",
        "end_node": "Complex 1 and 2"
    },
    {
        "start_node": "Complex 1",
        "relationship": "contains",
        "end_node": "Zn-3(H2O)(7)(bpta)(2)"
    },
    {
        "start_node": "Complex 1",
        "relationship": "crystallizes_in",
        "end_node": "monoclinic system, C2/c"
    },
    {
        "start_node": "Complex 1",
        "relationship": "structural_details",
        "end_node": "1D chain, 3D structure via hydrogen bonding"
    },
    {
        "start_node": "Complex 2",
        "relationship": "contains",
        "end_node": "Zn2Cl(bpta)(bip)(2)"
    },
    {
        "start_node": "Complex 2",
        "relationship": "crystallizes_in",
        "end_node": "monoclinic, P2Ic"
    },
    {
        "start_node": "Complex 2",
        "relationship": "structural_details",
        "end_node": "1D helical chain, 2D network"
    },
    {
        "start_node": "Properties",
        "relationship": "investigated",
        "end_node": "TG (Thermogravimetry) and luminescence"
    },
    {
        "start_node": "Complex 1",
        "relationship": "property",
        "end_node": "TG and luminescent properties"
    },
    {
        "start_node": "Complex 2",
        "relationship": "property",
        "end_node": "TG and luminescent properties"
    },
    {
        "start_node": "References",
        "relationship": "citations",
        "end_node": "CCDC: 929651, 1; CCDC: 929652, 2"
    }
]