[
    {
        "start_node": "HOF",
        "relationship": "contain",
        "end_node": "Dawson-type polyoxometalate"
    },
    {
        "start_node": "HOF",
        "relationship": "contain",
        "end_node": "double-Dawson-type"
    },
    {
        "start_node": "K-12[H2P2W12O48]",
        "relationship": "react_with",
        "end_node": "CuCl2"
    },
    {
        "start_node": "K-12[H2P2W12O48]",
        "relationship": "yield",
        "end_node": "1"
    },
    {
        "start_node": "CuCl2",
        "relationship": "yield",
        "end_node": "1"
    },
    {
        "start_node": "organoamines",
        "relationship": "assist",
        "end_node": "synthesis"
    },
    {
        "start_node": "1,2-ethylenediamine (en)",
        "relationship": "used_as",
        "end_node": "amine"
    },
    {
        "start_node": "1,6-hexamethylene diamine (hn)",
        "relationship": "used_as",
        "end_node": "amine"
    },
    {
        "start_node": "1,2-ethylenediamine",
        "relationship": "yield",
        "end_node": "2"
    },
    {
        "start_node": "1,6-hexamethylene diamine",
        "relationship": "yield",
        "end_node": "2"
    },
    {
        "start_node": "1",
        "relationship": "contain",
        "end_node": "[alpha(1)-CuP2W17O60(OH)](2)(14-)"
    },
    {
        "start_node": "2",
        "relationship": "contain",
        "end_node": "[alpha(1)-CuP2W17O60(OH)](2)(14-)"
    },
    {
        "start_node": "2",
        "relationship": "form",
        "end_node": "2-D networks"
    },
    {
        "start_node": "2",
        "relationship": "tunnel_type",
        "end_node": "A"
    },
    {
        "start_node": "2",
        "relationship": "tunnel_type",
        "end_node": "B"
    },
    {
        "start_node": "3",
        "relationship": "form",
        "end_node": "3-D supramolecular framework"
    },
    {
        "start_node": "3",
        "relationship": "tunnel_type",
        "end_node": "1-D"
    },
    {
        "start_node": "1,2-ethylenediamine",
        "relationship": "yield",
        "end_node": "3"
    },
    {
        "start_node": "1,6-hexamethylene diamine",
        "relationship": "yield",
        "end_node": "3"
    },
    {
        "start_node": "magnetic studies",
        "relationship": "indicate",
        "end_node": "weak antiferromagnetic interactions"
    },
    {
        "start_node": "1",
        "relationship": "magnetic_property",
        "end_node": "weak antiferromagnetism"
    },
    {
        "start_node": "2",
        "relationship": "magnetic_property",
        "end_node": "weak antiferromagnetism"
    }
]