[
    {
        "start_node": "Characterization",
        "relationship": "uses",
        "end_node": "subcritical water"
    },
    {
        "start_node": "subcritical water",
        "relationship": "as",
        "end_node": "mobile_phase"
    },
    {
        "start_node": "mobile_phase",
        "relationship": "in",
        "end_node": "reversed-phase liquid chromatography"
    },
    {
        "start_node": "reversed-phase liquid chromatography",
        "relationship": "employs",
        "end_node": "subcritical_water"
    }
]