[
    {
        "start_node": "HOF",
        "relationship": "contain",
        "end_node": "Solvent-/Ligand-Dependent Dual Regulation"
    },
    {
        "start_node": "Solvent-/Ligand-Dependent Dual Regulation",
        "relationship": "describe",
        "end_node": "synthesis"
    },
    {
        "start_node": "synthesis",
        "relationship": "yield",
        "end_node": "large-pore layered networks"
    },
    {
        "start_node": "synthesis",
        "relationship": "yield",
        "end_node": "3D frameworks"
    },
    {
        "start_node": "large-pore layered networks",
        "relationship": "formed_by",
        "end_node": "compound 1"
    },
    {
        "start_node": "large-pore layered networks",
        "relationship": "formed_by",
        "end_node": "compound 3"
    },
    {
        "start_node": "3D frameworks",
        "relationship": "formed_by",
        "end_node": "compound 2"
    },
    {
        "start_node": "3D frameworks",
        "relationship": "formed_by",
        "end_node": "compound 4"
    },
    {
        "start_node": "compound 1",
        "relationship": "solvent",
        "end_node": "DMF"
    },
    {
        "start_node": "compound 3",
        "relationship": "solvent",
        "end_node": "DMF"
    },
    {
        "start_node": "compound 2",
        "relationship": "solvent",
        "end_node": "DMF/water mixture"
    },
    {
        "start_node": "compound 4",
        "relationship": "solvent",
        "end_node": "DMF/water mixture"
    },
    {
        "start_node": "compound 2",
        "relationship": "framework_type",
        "end_node": "2D + 2D -> 3D polycatenated"
    },
    {
        "start_node": "compound 4",
        "relationship": "framework_type",
        "end_node": "(10,3)-connected 2-fold interpenetrating"
    },
    {
        "start_node": "ligand flexibility",
        "relationship": "impact_on",
        "end_node": "final structure"
    },
    {
        "start_node": "phenyl groups",
        "relationship": "cause",
        "end_node": "conformation flexibility"
    },
    {
        "start_node": "compound 1",
        "relationship": "packing_mode",
        "end_node": "ABC-ABC pattern"
    },
    {
        "start_node": "compound 3",
        "relationship": "packing_mode",
        "end_node": "AB-AB pattern"
    },
    {
        "start_node": "properties",
        "relationship": "studied",
        "end_node": "powder X-ray diffraction"
    },
    {
        "start_node": "properties",
        "relationship": "studied",
        "end_node": "thermogravimetric analysis"
    },
    {
        "start_node": "properties",
        "relationship": "studied",
        "end_node": "IR spectroscopy"
    },
    {
        "start_node": "properties",
        "relationship": "studied",
        "end_node": "luminescence spectroscopy"
    }
]