[
    {
        "start_node": "HOF",
        "relationship": "contain",
        "end_node": "Coordination polymers"
    },
    {
        "start_node": "Coordination polymers",
        "relationship": "synthesis",
        "end_node": "complexes"
    },
    {
        "start_node": "complexes",
        "relationship": "use",
        "end_node": "H2MDP ligand"
    },
    {
        "start_node": "H2MDP ligand",
        "relationship": "type",
        "end_node": "methylenebis(3,5-dimethylpyrazole)"
    },
    {
        "start_node": "HOF",
        "relationship": "contain",
        "end_node": "Cd(II)/Co(II)"
    },
    {
        "start_node": "Cd(II)/Co(II)",
        "relationship": "form",
        "end_node": "complexes"
    },
    {
        "start_node": "complexes",
        "relationship": "aromatic ligands",
        "end_node": "OPh, MPh, PPh, H2OPh, H2MPh, H2PPh, HBTC"
    },
    {
        "start_node": "complexes",
        "relationship": "synthesized",
        "end_node": "[Cd(H2MDP)(OPh)](n) (1)"
    },
    {
        "start_node": "complexes",
        "relationship": "synthesized",
        "end_node": "[Cd(H2MDP)(MPh)](H2O)(1/10)}(n) (2)"
    },
    {
        "start_node": "complexes",
        "relationship": "synthesized",
        "end_node": "[Cd-(H2MDP)(PPh)](H2O)(3/2)}(n) (3)"
    },
    {
        "start_node": "complexes",
        "relationship": "synthesized",
        "end_node": "[Co(H2MDP)(OPh)](H2O)(2)}(n) (4)"
    },
    {
        "start_node": "complexes",
        "relationship": "synthesized",
        "end_node": "Co(H2MDP)(MPh)}(n) (5)"
    },
    {
        "start_node": "complexes",
        "relationship": "synthesized",
        "end_node": "Co(H2MDP)-(HBTC)}(n) (6)"
    },
    {
        "start_node": "complexes",
        "relationship": "structure",
        "end_node": "two-dimensional undulated sheets (1,4) (4,6) topology (2,3)"
    },
    {
        "start_node": "complexes",
        "relationship": "structure",
        "end_node": "M2L2-type metallocyclic motifs (2,3)"
    },
    {
        "start_node": "complexes",
        "relationship": "structure",
        "end_node": "one-dimensional chain (5)"
    },
    {
        "start_node": "complexes",
        "relationship": "structure",
        "end_node": "two-dimensional (4,4) network (6)"
    },
    {
        "start_node": "complexes",
        "relationship": "properties",
        "end_node": "luminescent (2,3)"
    },
    {
        "start_node": "complexes",
        "relationship": "properties",
        "end_node": "magnetic (4,5)"
    }
]