[
    {
        "start_node": "TI",
        "relationship": "discusses",
        "end_node": "Strong coupling in organic materials (terahertz)"
    },
    {
        "start_node": "Strong coupling",
        "relationship": "manifests in",
        "end_node": "organic materials (THz)"
    },
    {
        "start_node": "THz frequencies",
        "relationship": "applies to",
        "end_node": "low-terahertz region"
    },
    {
        "start_node": "Polaritonic chemistry",
        "relationship": "evolves from",
        "end_node": "strong coupling with electronic transitions"
    },
    {
        "start_node": "Intra-molecular vibrations",
        "relationship": "previously demonstrated",
        "end_node": "strong coupling"
    },
    {
        "start_node": "Strong coupling",
        "relationship": "extends to",
        "end_node": "collective, inter-molecular vibrations"
    },
    {
        "start_node": "Organic materials",
        "relationship": "includes",
        "end_node": "alpha-lactose molecules"
    },
    {
        "start_node": "Cavity",
        "relationship": "used for",
        "end_node": "measurements"
    },
    {
        "start_node": "Rabi oscillations",
        "relationship": "observed",
        "end_node": "68 GHz splitting"
    },
    {
        "start_node": "Splitting",
        "relationship": "corresponds to",
        "end_node": "68 GHz"
    },
    {
        "start_node": "New class of materials",
        "relationship": "encompasses",
        "end_node": "skeletal polymer motions, protein dynamics, metal organic frameworks"
    },
    {
        "start_node": "Spatially extended degrees of freedom",
        "relationship": "involved in",
        "end_node": "dynamics"
    },
    {
        "start_node": "Collective vibrations",
        "relationship": "affects",
        "end_node": "chemistry and material processes"
    }
]