[
    {
        "start_node": "New Tricopper Core",
        "relationship": "synthesis",
        "end_node": "Materials 1 and 2"
    },
    {
        "start_node": "Materials 1 and 2",
        "relationship": "characterization",
        "end_node": "IR, UV-vis, EPR, ESI-MS, TGA, Elemental, XRD"
    },
    {
        "start_node": "Materials 1 (0D)",
        "relationship": "structure",
        "end_node": "symmetric [Cu-3(mu-O)(4)(mu-COO)(2)] core"
    },
    {
        "start_node": "Materials 2 (1D)",
        "relationship": "structure",
        "end_node": "asymmetric [Cu-3(mu-O)(3)(mu-COO)(2)] core"
    },
    {
        "start_node": "Materials 1 and 2",
        "relationship": "topology",
        "end_node": "uninodal 6-connected 3D framework (1), binodal 3,5-connected 2D layer (2)"
    },
    {
        "start_node": "Materials 1 and 2",
        "relationship": "magnetic properties",
        "end_node": "ferromagnetic coupling, J values"
    },
    {
        "start_node": "Materials 1 and 2",
        "relationship": "application",
        "end_node": "pre-catalyst for mild oxidation"
    },
    {
        "start_node": "Materials 1 and 2",
        "relationship": "catalysis",
        "end_node": "cyclic/linear alkanes to alcohols/ketones, 26% yield"
    },
    {
        "start_node": "Reaction Parameters",
        "relationship": "investigated",
        "end_node": "catalyst type, acid promoter, time, substrate scope"
    },
    {
        "start_node": "Mechanism",
        "relationship": "proposed",
        "end_node": "free-radical mechanism"
    }
]