[
    {
        "start_node": "Characterization",
        "relationship": "study_of",
        "end_node": "Inclusion Complex"
    },
    {
        "start_node": "Inclusion Complex",
        "relationship": "consists_of",
        "end_node": "Coenzyme Q10"
    },
    {
        "start_node": "Coenzyme Q10",
        "relationship": "carrier",
        "end_node": "CD-MOF-1"
    },
    {
        "start_node": "CD-MOF-1",
        "relationship": "prepared_by",
        "end_node": "Solvent Evaporation"
    },
    {
        "start_node": "Solvent Evaporation",
        "relationship": "method",
        "end_node": "Preparation"
    },
    {
        "start_node": "PXRD",
        "relationship": "confirmed",
        "end_node": "Form Change CD-MOF-1"
    },
    {
        "start_node": "CD-MOF-1",
        "relationship": "converted_to",
        "end_node": "Form after EVP"
    },
    {
        "start_node": "DSC",
        "relationship": "showed",
        "end_node": "No Melting Peak CoQ10/CD-MOF-1"
    },
    {
        "start_node": "NIR Absorption Spectroscopy",
        "relationship": "indicated",
        "end_node": "Hydrogen Bond Formation"
    },
    {
        "start_node": "Hydrogen Bond",
        "relationship": "formed_between",
        "end_node": "CH group, OH group"
    },
    {
        "start_node": "CoQ10/CD-MOF-1",
        "relationship": "suggested",
        "end_node": "Crystal Solid Dispersion"
    },
    {
        "start_node": "Dissolution Test",
        "relationship": "better_in",
        "end_node": "EVP (1/2) vs CoQ10"
    },
    {
        "start_node": "EVP (1/2)",
        "relationship": "dissolution_in",
        "end_node": "Distilled Water"
    },
    {
        "start_node": "EVP (1/2)",
        "relationship": "better_in",
        "end_node": "FaSSIF compared to CoQ10"
    },
    {
        "start_node": "2D-Nuclear Overhauser Effect Spectroscopy (NOESY)",
        "relationship": "confirmed",
        "end_node": "Isoprene Side Chain Inclusion"
    },
    {
        "start_node": "CD-MOF-1",
        "relationship": "usefulness_suggested_for",
        "end_node": "CoQ10 Drug Carrier"
    },
    {
        "start_node": "CD-MOF-1",
        "relationship": "novelty_indicated",
        "end_node": "Drug Carrier"
    }
]