[
    {
        "start_node": "HOF",
        "relationship": "contain",
        "end_node": "cuprous bromide cluster-based hybrid materials"
    },
    {
        "start_node": "HOF",
        "relationship": "transform",
        "end_node": "hydrogen bond networks into MOFs"
    },
    {
        "start_node": "molecular crystal",
        "relationship": "consist of",
        "end_node": "[Cu4Br6(HDABCO)(4)](2+) clusters"
    },
    {
        "start_node": "MOF",
        "relationship": "evolve from",
        "end_node": "molecular crystal (1)"
    },
    {
        "start_node": "MOF",
        "relationship": "contain",
        "end_node": "[Cu8Br6](2+) cube cluster"
    },
    {
        "start_node": "Cu-Br framework",
        "relationship": "composition",
        "end_node": "Cu4Br6, Cu4.56Br6, ... Cu8Br6"
    },
    {
        "start_node": "crystallization",
        "relationship": "reveal",
        "end_node": "equivalence of N-H...Br to N-Cu-Br bond"
    },
    {
        "start_node": "DFT calculations",
        "relationship": "support",
        "end_node": "transformation from compound 1 to 8"
    },
    {
        "start_node": "fundamental importance",
        "relationship": "in",
        "end_node": "materials evolution"
    }
]