[
    {
        "start_node": "HOF",
        "relationship": "contains",
        "end_node": "Structural and pH-Dependent spectroscopic studies"
    },
    {
        "start_node": "Re6Q8(H2O)n(OH)6-n",
        "relationship": "is",
        "end_node": "hexahydroxo rhenium cluster complex"
    },
    {
        "start_node": "Re6Q8(H2O)n(OH)6-n",
        "relationship": "forms",
        "end_node": "[Re6Q8(H2O)(n)(OH)(6-n)](n-4) complexes"
    },
    {
        "start_node": "pH decrease",
        "relationship": "affects",
        "end_node": "spectroscopic properties"
    },
    {
        "start_node": "terminal OH- ligands",
        "relationship": "protonates",
        "end_node": "aquahydroxo complexes"
    },
    {
        "start_node": "K-4[Re6S8(OH)(6)]",
        "relationship": "example of",
        "end_node": "potassium salt"
    },
    {
        "start_node": "X-ray single-crystal diffraction",
        "relationship": "used for",
        "end_node": "structure characterization"
    },
    {
        "start_node": "IR spectroscopy",
        "relationship": "used for",
        "end_node": "compound characterization"
    },
    {
        "start_node": "hydrogen bonds",
        "relationship": "present in",
        "end_node": "aquahydroxo complexes"
    }
]