[
    {
        "start_node": "Sensitive Detection",
        "relationship": "method_application",
        "end_node": "fluorometric determination of DNA"
    },
    {
        "start_node": "COF-NSs",
        "relationship": "prepared_from",
        "end_node": "p-phenylenediamine and benzene-1,3,5-tricarboxaldehyde"
    },
    {
        "start_node": "COF-NSs",
        "relationship": "property",
        "end_node": "hexagonal layered sheets"
    },
    {
        "start_node": "COF-NSs",
        "relationship": "exfoliated_by",
        "end_node": "sonication"
    },
    {
        "start_node": "COF-NSs",
        "relationship": "used_for",
        "end_node": "adsorption of hairpin probes"
    },
    {
        "start_node": "Hairpin-like DNA probes",
        "relationship": "used_in",
        "end_node": "fluorometric assay"
    },
    {
        "start_node": "H1 probe",
        "relationship": "contains",
        "end_node": "Texas Red-labeled dye"
    },
    {
        "start_node": "Inter-chain hybridization",
        "relationship": "triggered_by",
        "end_node": "target DNA"
    },
    {
        "start_node": "Detection limit",
        "relationship": "lower_than",
        "end_node": "2 pM"
    },
    {
        "start_node": "Previous methods",
        "relationship": "comparison",
        "end_node": "2D nanomaterial-based fluorometric DNA assays"
    }
]