[
    {
        "start_node": "HOF",
        "relationship": "study",
        "end_node": "binary mixtures containing pyridines"
    },
    {
        "start_node": "binary mixtures",
        "relationship": "formed by",
        "end_node": "pyridine base"
    },
    {
        "start_node": "binary mixtures",
        "relationship": "formed by",
        "end_node": "alkane"
    },
    {
        "start_node": "binary mixtures",
        "relationship": "formed by",
        "end_node": "aromatic hydrocarbon"
    },
    {
        "start_node": "binary mixtures",
        "relationship": "formed by",
        "end_node": "1-alkanol"
    },
    {
        "start_node": "S-CC(0)",
        "relationship": "formalism applied",
        "end_node": "binary mixtures"
    },
    {
        "start_node": "deviations",
        "relationship": "discussed between",
        "end_node": "experimental data"
    },
    {
        "start_node": "deviations",
        "relationship": "discussed between",
        "end_node": "DISQUAC model"
    },
    {
        "start_node": "alkanes",
        "relationship": "characterized by",
        "end_node": "homocoordination"
    },
    {
        "start_node": "S-CC(0)",
        "relationship": "decreased with",
        "end_node": "chain length"
    },
    {
        "start_node": "S-CC(0)",
        "relationship": "decreased with",
        "end_node": "number of CH3 groups"
    },
    {
        "start_node": "homocoordination",
        "relationship": "higher in",
        "end_node": "3,5-dimethylpyridine"
    },
    {
        "start_node": "homocoordination",
        "relationship": "lower in",
        "end_node": "2,6-dimethylpyridine"
    },
    {
        "start_node": "DISQUAC model",
        "relationship": "applied to",
        "end_node": "homocoordination comparison"
    },
    {
        "start_node": "alkyl pyridines",
        "relationship": "stability",
        "end_node": "independent of position"
    },
    {
        "start_node": "alkyl pyridines",
        "relationship": "stability",
        "end_node": "number of alkyl groups"
    },
    {
        "start_node": "heterocoordination",
        "relationship": "exists in",
        "end_node": "mixtures with 1-alkanols"
    },
    {
        "start_node": "heterocoordination",
        "relationship": "lower in",
        "end_node": "isomeric 2-alkanols"
    }
]