[
    {
        "start_node": "TiO2@ZIF-67",
        "relationship": "preparation",
        "end_node": "solventothermal method"
    },
    {
        "start_node": "TiO2@ZIF-67",
        "relationship": "characterization",
        "end_node": "SEM, FTIR, XRD"
    },
    {
        "start_node": "TiO2@ZIF-67",
        "relationship": "adsorption",
        "end_node": {
            "start_node": "methyl orange",
            "relationship": "efficiency",
            "end_node": "94.01%"
        },
        "additional": "{start_node:\"HOF\", relationship:\"contain\", end_node:\"TiO2@ZIF-67\"}"
    },
    {
        "start_node": "TiO2@ZIF-67",
        "relationship": "adsorption",
        "end_node": {
            "start_node": "methyl orange",
            "relationship": "capacity",
            "end_node": "5.87 mg/g"
        },
        "condition": "50 mL, 5 mg/L"
    },
    {
        "start_node": "TiO2@ZIF-67",
        "relationship": "adsorption",
        "end_node": {
            "start_node": "MO",
            "relationship": "pH_range",
            "end_node": "4-8"
        }
    },
    {
        "start_node": "TiO2@ZIF-67",
        "relationship": "adsorption_kinetics",
        "end_node": "quasi-second-order equation"
    },
    {
        "start_node": "TiO2@ZIF-67",
        "relationship": "thermochemical",
        "end_node": "exothermic reaction"
    },
    {
        "start_node": "TiO2@ZIF-67",
        "relationship": "adsorption_factors",
        "end_node": [
            "electrostatic force",
            "π-π stacking",
            "acid-base interaction",
            "hydrogen bond (water as bridge)"
        ]
    },
    {
        "start_node": "TiO2@ZIF-67",
        "relationship": "regeneration",
        "end_node": "alkaline solution (pH=12)"
    },
    {
        "start_node": "TiO2@ZIF-67",
        "relationship": "adsorption_decay",
        "end_node": "little decrease over 5 cycles"
    }
]