[
    {
        "start_node": "HOF",
        "relationship": "mention",
        "end_node": "Metal Organic Frameworks"
    },
    {
        "start_node": "HOF",
        "relationship": "property",
        "end_node": "structural diversity"
    },
    {
        "start_node": "HOF",
        "relationship": "application",
        "end_node": "gas detection"
    },
    {
        "start_node": "missing-linker 2D Conductive MOFs",
        "relationship": "type",
        "end_node": "HOF"
    },
    {
        "start_node": "MOFs",
        "relationship": "requirement",
        "end_node": "electrical conductivity"
    },
    {
        "start_node": "MOFs",
        "relationship": "requirement",
        "end_node": "optimized gas adsorption"
    },
    {
        "start_node": "aNi-HAB",
        "relationship": "derivative",
        "end_node": "MOF"
    },
    {
        "start_node": "aNi-HAB",
        "relationship": "property",
        "end_node": "conductivity"
    },
    {
        "start_node": "aNi-HAB",
        "relationship": "property",
        "end_node": "defect sites"
    },
    {
        "start_node": "aNi-HAB",
        "relationship": "comparison",
        "end_node": "cNi-HAB"
    },
    {
        "start_node": "aNi-HAB",
        "relationship": "response",
        "end_node": "humidity"
    },
    {
        "start_node": "Nafion functionalization",
        "relationship": "improvement",
        "end_node": "sensor performance"
    },
    {
        "start_node": "DFT calculations",
        "relationship": "analysis",
        "end_node": "HOF properties"
    },
    {
        "start_node": "isostructural 2D aM-HAB",
        "relationship": "type",
        "end_node": "MOF"
    },
    {
        "start_node": "defect engineering",
        "relationship": "strategy",
        "end_node": "tuning sensing properties"
    }
]