[
    {
        "start_node": "Hydroxide",
        "relationship": "contains",
        "end_node": "ion-conducting"
    },
    {
        "start_node": "Viologen-bakelite",
        "relationship": "is",
        "end_node": "organic frameworks"
    },
    {
        "start_node": "Polymer",
        "relationship": "type_of",
        "end_node": "Bakelite"
    },
    {
        "start_node": "Viologen",
        "relationship": "part_of",
        "end_node": "polymer"
    },
    {
        "start_node": "Triazine",
        "relationship": "part_of",
        "end_node": "polymer"
    },
    {
        "start_node": "Phenolic",
        "relationship": "part_of",
        "end_node": "polymer"
    },
    {
        "start_node": "Aromatic groups",
        "relationship": "property",
        "end_node": "activated"
    },
    {
        "start_node": "Heteroatoms",
        "relationship": "property",
        "end_node": "activated"
    },
    {
        "start_node": "Grotthuss-type transport",
        "relationship": "method",
        "end_node": "transport"
    },
    {
        "start_node": "Ion conductivity",
        "relationship": "value",
        "end_node": "1.4 x 10^-2 S cm^-1"
    },
    {
        "start_node": "Temperature",
        "relationship": "condition",
        "end_node": "80 degrees Celsius"
    },
    {
        "start_node": "Relative humidity",
        "relationship": "condition",
        "end_node": "95%"
    },
    {
        "start_node": "Solid-state separator",
        "relationship": "coating",
        "end_node": "filter paper"
    },
    {
        "start_node": "Power density",
        "relationship": "performance",
        "end_node": "115 mW cm^-2"
    },
    {
        "start_node": "Specific capacitance",
        "relationship": "performance",
        "end_node": "435 mA h g^-1"
    },
    {
        "start_node": "ZAB",
        "relationship": "uses",
        "end_node": "polymer-coated paper"
    },
    {
        "start_node": "Diffusion coefficient",
        "relationship": "calculated_value",
        "end_node": "2.9 x 10^-5 cm^2 s^-1"
    },
    {
        "start_node": "Energy barrier",
        "relationship": "calculation_result",
        "end_node": "2.11 eV"
    },
    {
        "start_node": "Zn2+ crossover",
        "relationship": "prevented",
        "end_node": "undesirable"
    },
    {
        "start_node": "C-C-linked cationic polymer",
        "relationship": "suitable_for",
        "end_node": "solid-state electrolyte"
    }
]