[
    {
        "start_node": "HOF",
        "relationship": "contain",
        "end_node": "FeBTC MOF"
    },
    {
        "start_node": "FeBTC MOF",
        "relationship": "synthesized_by",
        "end_node": "in situ solvothermal method"
    },
    {
        "start_node": "FeBTC MOF",
        "relationship": "incorporates",
        "end_node": "magnetite nanoparticles"
    },
    {
        "start_node": "FeBTC MOF",
        "relationship": "used_for",
        "end_node": "drug adsorption"
    },
    {
        "start_node": "characterized_materials",
        "relationship": "methods",
        "end_node": [
            "XRD",
            "FTIR",
            "Raman spectroscopy"
        ]
    },
    {
        "start_node": "adsorption_process",
        "relationship": "described_by",
        "end_node": "Pseudo-second-order kinetic model"
    },
    {
        "start_node": "adsorption_process",
        "relationship": "described_by",
        "end_node": "Freundlich model"
    },
    {
        "start_node": "adsorption_properties",
        "relationship": "thermodynamics",
        "end_node": "spontaneous exothermic"
    },
    {
        "start_node": "adsorbents",
        "relationship": "increased_capacity",
        "end_node": "Fe3O4-FeBTC (DFC > IB > NS)"
    },
    {
        "start_node": "Fe3O4-FeBTC",
        "relationship": "enhanced",
        "end_node": "stability"
    },
    {
        "start_node": "adsorption_interactions",
        "relationship": "involved_in",
        "end_node": [
            "electrostatic",
            "H-bonding",
            "open-metal site"
        ]
    },
    {
        "start_node": "selectivity",
        "relationship": "observed_for",
        "end_node": "DCF and NS"
    },
    {
        "start_node": "application",
        "relationship": "achieved",
        "end_node": "significant adsorption of water pollutants"
    }
]