[
    {
        "start_node": "HOF",
        "relationship": "contain",
        "end_node": "Cyanation of carbon-hydrogen bonds"
    },
    {
        "start_node": "Cyanation",
        "relationship": "method",
        "end_node": "Synthesis of nitriles"
    },
    {
        "start_node": "Environmentally benign",
        "relationship": "goal",
        "end_node": "Synthesis process"
    },
    {
        "start_node": "Manganese oxide catalyst",
        "relationship": "used_in",
        "end_node": "Cyanation process"
    },
    {
        "start_node": "MnOx@S-1",
        "relationship": "type_of",
        "end_node": "Catalyst"
    },
    {
        "start_node": "MnOx@S-1",
        "relationship": "facilitates",
        "end_node": "Oxidative cyanation reaction"
    },
    {
        "start_node": "MnOx@S-1",
        "relationship": "hindrances",
        "end_node": "Side hydration reaction"
    },
    {
        "start_node": "Primary carbon-hydrogen bonds",
        "relationship": "reacted_with",
        "end_node": "Urea and molecular oxygen"
    },
    {
        "start_node": "Nitriles",
        "relationship": "product_of",
        "end_node": "Cyanation reaction"
    },
    {
        "start_node": "Toxic cyanides",
        "relationship": "avoided",
        "end_node": "Conventional method"
    },
    {
        "start_node": "Carbon-hydrogen bond transformation",
        "relationship": "application",
        "end_node": "New avenue"
    }
]