[
    {
        "start_node": "Coordination Polymer",
        "relationship": "synthesized_by",
        "end_node": "Mg(II) compound"
    },
    {
        "start_node": "Mg(II) coordination polymer",
        "relationship": "crystalline_structure",
        "end_node": "monoclinic, C2/c"
    },
    {
        "start_node": "Compound",
        "relationship": "space_group",
        "end_node": "C2/c"
    },
    {
        "start_node": "Compound",
        "relationship": "unit_cell",
        "end_node": "a=33.038(7) angstrom, b=6.6481(13) angstrom, c=22.750(5) angstrom"
    },
    {
        "start_node": "Compound",
        "relationship": "unit_cell_angle_beta",
        "end_node": "126.99(3) degrees"
    },
    {
        "start_node": "Compound",
        "relationship": "volume",
        "end_node": "3991.1(14) angstrom^3"
    },
    {
        "start_node": "Compound",
        "relationship": "formula_weight",
        "end_node": "448.64"
    },
    {
        "start_node": "Compound",
        "relationship": "density",
        "end_node": "1.493 g/cm^3"
    },
    {
        "start_node": "Compound",
        "relationship": "F(000)",
        "end_node": "1840"
    },
    {
        "start_node": "Compound",
        "relationship": "mu",
        "end_node": "0.146 mm^-1"
    },
    {
        "start_node": "Compound",
        "relationship": "crystal_data_accuracy",
        "end_node": "R=0.0559, wR=0.0975"
    },
    {
        "start_node": "Compound",
        "relationship": "ligands",
        "end_node": "3,5-dinitro-salicylic acid (H2L), 1,10-phenanthroline (phen)"
    },
    {
        "start_node": "Compound",
        "relationship": "chain_structure",
        "end_node": "one-dimensional zigzag chains"
    },
    {
        "start_node": "Chain",
        "relationship": "separation",
        "end_node": "5.34 angstrom"
    },
    {
        "start_node": "Compound",
        "relationship": "supramolecular_layer",
        "end_node": "two-dimensional"
    },
    {
        "start_node": "Supramolecular_layer",
        "relationship": "interaction",
        "end_node": "pi-pi stacking"
    },
    {
        "start_node": "Compound",
        "relationship": "hydrogen_bonding",
        "end_node": "O-H ... O"
    },
    {
        "start_node": "Compound",
        "relationship": "luminescence_property",
        "end_node": "studied in solid state at room temperature"
    },
    {
        "start_node": "Compound",
        "relationship": "theoretical_calculation",
        "end_node": "NBO analysis, B3LYP/LANL2DZ method, Gaussian 09 Program"
    },
    {
        "start_node": "Compound",
        "relationship": "covalent_interaction",
        "end_node": "between coordinated atoms and Mg(II) ion"
    }
]