[
    {
        "start_node": "Supramolecular",
        "relationship": "study",
        "end_node": "architectures"
    },
    {
        "start_node": "Luminescent properties",
        "relationship": "belong_to",
        "end_node": "salts"
    },
    {
        "start_node": "Salts",
        "relationship": "contain",
        "end_node": "HOF: M1 salts"
    },
    {
        "start_node": "Salts",
        "relationship": "contain",
        "end_node": "HOF: M2 salts"
    },
    {
        "start_node": "Salts",
        "relationship": "contain",
        "end_node": "HOF: M3 salts"
    },
    {
        "start_node": "Inorganic anions",
        "relationship": "affect",
        "end_node": "supramolecular patterns"
    },
    {
        "start_node": "Alkalinity",
        "relationship": "impact",
        "end_node": "patterns"
    },
    {
        "start_node": "Flexible bis(pyridyl) cations",
        "relationship": "contribute_to",
        "end_node": "patterns"
    },
    {
        "start_node": "H(2)M1(2+)center dot 2Cl(-)",
        "relationship": "structure",
        "end_node": "ladder chain II"
    },
    {
        "start_node": "H(2)M2(2+)center dot 2Cl(-)",
        "relationship": "structure",
        "end_node": "ladder chain II"
    },
    {
        "start_node": "H(2)M3(2+)center dot 2NO(3)(-)center dot H2O",
        "relationship": "structure",
        "end_node": "ladder chain III"
    },
    {
        "start_node": "H(4)M1(4+)center dot 4ClO(4)",
        "relationship": "structure",
        "end_node": "layer II"
    },
    {
        "start_node": "Thermal stability",
        "relationship": "decrease_with",
        "end_node": "perchlorates, chlorates, nitrates"
    },
    {
        "start_node": "Luminescence",
        "relationship": "emission",
        "end_node": "blue, 420-456 nm"
    },
    {
        "start_node": "Room temperature",
        "relationship": "conditions",
        "end_node": "solid-state luminescence"
    }
]