[
    {
        "start_node": "Synthesis",
        "relationship": "describes",
        "end_node": "Complexes 1 and 2"
    },
    {
        "start_node": "Complex 1",
        "relationship": "constructed_with",
        "end_node": "H2dtb ligand, Co(II) salt"
    },
    {
        "start_node": "Complex 1",
        "relationship": "contains",
        "end_node": "{start_node:'Co(II)', relationship:'coordination', end_node:'meso-helices'}"
    },
    {
        "start_node": "Complex 1",
        "relationship": "structure",
        "end_node": "orthorhombic, Pbca"
    },
    {
        "start_node": "Complex 2",
        "relationship": "constructed_with",
        "end_node": "H2dtb ligand, Co(II) salt, N-containing ligand"
    },
    {
        "start_node": "Complex 2",
        "relationship": "structure",
        "end_node": "triclinic, P(1) over bar"
    },
    {
        "start_node": "Complex 2",
        "relationship": "forms",
        "end_node": "1D chain, 2D supramolecular network"
    },
    {
        "start_node": "Properties",
        "relationship": "investigated",
        "end_node": "thermal stability, X-ray powder diffraction"
    },
    {
        "start_node": "Crystal structures",
        "relationship": "CCDC IDs",
        "end_node": "929076, 1; 929077, 2"
    }
]