[
    {
        "start_node": "Synthesis",
        "relationship": "method",
        "end_node": "single crystal"
    },
    {
        "start_node": "Structure",
        "relationship": "confirmed_by",
        "end_node": "X-ray diffraction"
    },
    {
        "start_node": "NBO",
        "relationship": "analyzed_by",
        "end_node": "DFT calculations"
    },
    {
        "start_node": "Hirshfeld surface",
        "relationship": "analyzed_by",
        "end_node": "DFT/B3LYP"
    },
    {
        "start_node": "Hyperpolarizability",
        "relationship": "analyzed_by",
        "end_node": "DFT"
    },
    {
        "start_node": "Frontier molecular orbitals",
        "relationship": "analyzed_by",
        "end_node": "DFT"
    },
    {
        "start_node": "Intermolecular interactions",
        "relationship": "studied_with",
        "end_node": "NBO 5.0"
    },
    {
        "start_node": "Hydrogen bonding",
        "relationship": "strength_order",
        "end_node": "N-H...O > N-H...Cl > C-H...Cl"
    },
    {
        "start_node": "NMR",
        "relationship": "recorded_and_analyzed",
        "end_node": "electronic structure"
    },
    {
        "start_node": "UV-Visible",
        "relationship": "recorded_and_analyzed",
        "end_node": "electronic structure"
    },
    {
        "start_node": "FTIR",
        "relationship": "recorded_and_simulated",
        "end_node": "potential energy distribution"
    },
    {
        "start_node": "FT-Raman",
        "relationship": "recorded_and_simulated",
        "end_node": "vibrational wavenumbers"
    },
    {
        "start_node": "Vibrational wavenumbers",
        "relationship": "assigned_by",
        "end_node": "MOLVIB software"
    },
    {
        "start_node": "Hirshfeld surface",
        "relationship": "interaction_analysis",
        "end_node": "H...Cl/Cl...H (62.5%)"
    },
    {
        "start_node": "Charge transfer",
        "relationship": "enhances",
        "end_node": "NLO activity"
    },
    {
        "start_node": "HOMO-LUMO energy gap",
        "relationship": "value",
        "end_node": "3.8469 eV"
    },
    {
        "start_node": "Z-scan",
        "relationship": "technique",
        "end_node": "nonlinear absorption coefficient"
    },
    {
        "start_node": "Nonlinear optical response",
        "relationship": "greater_than",
        "end_node": "other optical limiters"
    },
    {
        "start_node": "TGA and DTA",
        "relationship": "reveals",
        "end_node": "suitability for NLO and laser applications"
    },
    {
        "start_node": "Crystal stability",
        "relationship": "predicted",
        "end_node": "high NLO property"
    },
    {
        "start_node": "Application",
        "relationship": "proposed",
        "end_node": "violet-light emitting material, optical limiter"
    }
]