[
    {
        "start_node": "Fluorescent CP",
        "relationship": "synthesized_from",
        "end_node": "[Zn(tptc)(0.5)(bpy)(H2O)](n)(1)"
    },
    {
        "start_node": "[Zn(tptc)(0.5)(bpy)(H2O)](n)(1)",
        "relationship": "property",
        "end_node": "strong fluorescence"
    },
    {
        "start_node": "[Zn(tptc)(0.5)(bpy)(H2O)](n)(1)",
        "relationship": "used_for",
        "end_node": "Cr2O72- detection"
    },
    {
        "start_node": "[Zn(tptc)(0.5)(bpy)(H2O)](n)(1)",
        "relationship": "detection_limit",
        "end_node": "36 ppb"
    },
    {
        "start_node": "Zn(II) CP",
        "relationship": "application",
        "end_node": "deep vein thrombosis prevention"
    },
    {
        "start_node": "deep vein thrombosis",
        "relationship": "prevented_by",
        "end_node": "Zn(II) CP"
    },
    {
        "start_node": "[Zn(tptc)(0.5)(bpy)(H2O)](n)(1)",
        "relationship": "target",
        "end_node": "deep vein thrombosis"
    },
    {
        "start_node": "[Zn(tptc)(0.5)(bpy)(H2O)](n)(1)",
        "relationship": "RT-PCR_evaluation",
        "end_node": "inflammatory response"
    },
    {
        "start_node": "carboxyl group",
        "relationship": "interaction_with",
        "end_node": "protein"
    }
]