[
    {
        "start_node": "HOF",
        "relationship": "study",
        "end_node": "flexible free-standing CP membranes"
    },
    {
        "start_node": "flexible free-standing CP membranes",
        "relationship": "composed of",
        "end_node": "2D coordination polymer"
    },
    {
        "start_node": "2D coordination polymer",
        "relationship": "type",
        "end_node": "Cu-2(NiTCPP) (H-4(H2TCPP))"
    },
    {
        "start_node": "Cu-2(NiTCPP)",
        "relationship": "material",
        "end_node": "tetradentate nickel porphyrins"
    },
    {
        "start_node": "Cu-2(NiTCPP)",
        "relationship": "material",
        "end_node": "paddlewheel-type copper dimers"
    },
    {
        "start_node": "flexible free-standing CP membranes",
        "relationship": "property",
        "end_node": "high surface-to-volume ratio"
    },
    {
        "start_node": "flexible free-standing CP membranes",
        "relationship": "evaluated by",
        "end_node": "bending tests"
    },
    {
        "start_node": "flexible free-standing CP membranes",
        "relationship": "evaluated by",
        "end_node": "tensile tests"
    },
    {
        "start_node": "flexible free-standing CP membranes",
        "relationship": "comparison",
        "end_node": "Nafion membranes",
        "comparison_type": "higher moduli"
    },
    {
        "start_node": "proton conductivity",
        "relationship": "maintained under",
        "end_node": "bending stress"
    },
    {
        "start_node": "flexible free-standing CP membranes",
        "relationship": "application",
        "end_node": "fuel cells"
    },
    {
        "start_node": "flexible free-standing CP membranes",
        "relationship": "application",
        "end_node": "hydrogen sensors"
    },
    {
        "start_node": "X-ray diffraction",
        "relationship": "indicates",
        "end_node": "intact proton-conducting pathway"
    },
    {
        "start_node": "strategy",
        "relationship": "for",
        "end_node": "advanced 2D CPs"
    }
]