[
    {
        "start_node": "HOF",
        "relationship": "contain",
        "end_node": "controlled alkali etching"
    },
    {
        "start_node": "MOF-808-X",
        "relationship": "development",
        "end_node": "controlled alkali etched MOF"
    },
    {
        "start_node": "MOF-808-X",
        "relationship": "characterization",
        "end_node": "FT-IR and XPS"
    },
    {
        "start_node": "MOF-808-X",
        "relationship": "feature",
        "end_node": "hydroxyl groups (-OH)"
    },
    {
        "start_node": "MOF-808-X",
        "relationship": "application",
        "end_node": "low-concentration CO2 capture"
    },
    {
        "start_node": "MOF-808-0.07",
        "relationship": "CO2 capture capacity",
        "end_node": "0.21 mmol g⁻¹"
    },
    {
        "start_node": "MOF-808-0.07",
        "relationship": "enhancement",
        "end_node": "70 times over MOF-808"
    },
    {
        "start_node": "MOF-808-0.07",
        "relationship": "adsorption conditions",
        "end_node": "dry conditions (400 ppm CO2)"
    },
    {
        "start_node": "MOF-808-0.07",
        "relationship": "stability",
        "end_node": "humid air (30% RH)"
    },
    {
        "start_node": "MOF-808-0.07",
        "relationship": "regeneration",
        "end_node": "stable after 50 cycles"
    },
    {
        "start_node": "MOF-808-0.07",
        "relationship": "mechanism",
        "end_node": "six-membered ring structure, chemisorption"
    },
    {
        "start_node": "Zr-OH sites",
        "relationship": "interaction",
        "end_node": "intra-molecular hydrogen bonds"
    }
]