[
    {
        "start_node": "HOF",
        "relationship": "contain",
        "end_node": "Diverse Coordination"
    },
    {
        "start_node": "Coordination",
        "relationship": "belong_to",
        "end_node": "HOF"
    },
    {
        "start_node": "Polynuclear Copper(II)",
        "relationship": "type_of",
        "end_node": "Coordination"
    },
    {
        "start_node": "Cu-4(Medpt)(4)(mu(4)-bta)(ClO4)(2)(H2O)(2)",
        "relationship": "is",
        "end_node": "Polynuclear"
    },
    {
        "start_node": "Cu-4(pmdien)(4)(mu(4)-bta)(H2O)(4)",
        "relationship": "is",
        "end_node": "Polynuclear"
    },
    {
        "start_node": "Cu-4(Mepea)(4)(mu(4)-bta)(H2O)(2)",
        "relationship": "is",
        "end_node": "Polynuclear"
    },
    {
        "start_node": "Cu-4(TPA)(4)(mu(4)-bta)",
        "relationship": "is",
        "end_node": "Polynuclear"
    },
    {
        "start_node": "Cu-4(tepa)(4)(mu(4)-bta)",
        "relationship": "is",
        "end_node": "Polynuclear"
    },
    {
        "start_node": "Cu-4(DPA)(2)(mu(2)-bta)(H2O)(2)",
        "relationship": "is",
        "end_node": "Di-nuclear"
    },
    {
        "start_node": "Cu-4(dppa)(2)(mu(2)-bta)(H2O)(2)",
        "relationship": "is",
        "end_node": "Di-nuclear"
    },
    {
        "start_node": "Cu-4(pmea)(2)(mu(2)-bta)",
        "relationship": "is",
        "end_node": "Di-nuclear"
    },
    {
        "start_node": "Cu-3(dppa)(3)(mu(3)-bta)(H2O)(2.25)",
        "relationship": "is",
        "end_node": "Trinuclear"
    },
    {
        "start_node": "X-ray Crystallography",
        "relationship": "used_for",
        "end_node": "Structural Characterization"
    },
    {
        "start_node": "Hydrogen Bonds",
        "relationship": "forms",
        "end_node": "Supramolecular Networks"
    },
    {
        "start_node": "1-D",
        "relationship": "network_dimen",
        "end_node": "2 and 4"
    },
    {
        "start_node": "2-D",
        "relationship": "network_dimen",
        "end_node": "1 and 7"
    },
    {
        "start_node": "3-D",
        "relationship": "network_dimen",
        "end_node": "6"
    },
    {
        "start_node": "Anti-ferromagnetic Coupling",
        "relationship": "magnetic_coupling",
        "end_node": "1-5, 7-9"
    },
    {
        "start_node": "Weak Ferromagnetic Coupling",
        "relationship": "magnetic_coupling",
        "end_node": "6"
    }
]