[
    {
        "start_node": "Coordination Polymer",
        "relationship": "synthesized_by",
        "end_node": "Solventothermal Method"
    },
    {
        "start_node": "1",
        "relationship": "contains",
        "end_node": "Zn(FDA)(phen)(H2O)·H2O"
    },
    {
        "start_node": "1",
        "relationship": "structure",
        "end_node": "1D chain"
    },
    {
        "start_node": "1",
        "relationship": "bridging_ligand",
        "end_node": "FDA(2-)"
    },
    {
        "start_node": "1",
        "relationship": "terminal_ligand",
        "end_node": "phen"
    },
    {
        "start_node": "1",
        "relationship": "interactions",
        "end_node": "hydrogen bonds, π-π"
    },
    {
        "start_node": "2",
        "relationship": "contains",
        "end_node": "Cd(HFDA)(phen)(2)(NO3)"
    },
    {
        "start_node": "2",
        "relationship": "unique_feature",
        "end_node": "partial deprotonation of H2FDA"
    },
    {
        "start_node": "2",
        "relationship": "structure",
        "end_node": "discrete"
    },
    {
        "start_node": "2",
        "relationship": "ligands",
        "end_node": "phen, partially protonated FDA"
    },
    {
        "start_node": "3",
        "relationship": "contains",
        "end_node": "Cd(FDA)(phen)"
    },
    {
        "start_node": "3",
        "relationship": "structure",
        "end_node": "1D zig-zag chain"
    },
    {
        "start_node": "3",
        "relationship": "linking_ligand",
        "end_node": "FDA(2-) carboxylates"
    },
    {
        "start_node": "3",
        "relationship": "ligand_action",
        "end_node": "phen chelates Cd2+ like 1"
    },
    {
        "start_node": "1,2,3",
        "relationship": "luminescent_study",
        "end_node": "solid-state luminescence at room temp"
    }
]