[
    {
        "start_node": "HUM",
        "relationship": "synthesized_from",
        "end_node": "CdSO4-type nets"
    },
    {
        "start_node": "CdSO4-type nets",
        "relationship": "cross-linked_with",
        "end_node": "hexafluorosilicate anions"
    },
    {
        "start_node": "HUM",
        "relationship": "contains",
        "end_node": "4(4).6(10).8 topology"
    },
    {
        "start_node": "HUM",
        "relationship": "functionalized_with",
        "end_node": "SiF62- and F- anions"
    },
    {
        "start_node": "HUM",
        "relationship": "pore_surface_feature",
        "end_node": "mixed and high-density electronegative sites"
    },
    {
        "start_node": "HUM",
        "relationship": "adsorption_preference",
        "end_node": "C2H2 (Q(st) ≈ 42.3 kJ/mol)"
    },
    {
        "start_node": "HUM",
        "relationship": "outperforms",
        "end_node": "C2H2/CO2 and C2H2/C2H4 separation"
    },
    {
        "start_node": "HUM",
        "relationship": "separation_factor",
        "end_node": "6.1 (C2H2/CO2, dynamic breakthrough)"
    },
    {
        "start_node": "SiF62-",
        "relationship": "binding_strength",
        "end_node": "C2H2 (chelating fix)"
    },
    {
        "start_node": "F-anion",
        "relationship": "coordinated_with",
        "end_node": "C2H2"
    }
]