[
    {
        "start_node": "Molecular dynamics",
        "relationship": "study",
        "end_node": "DNA hydration shell"
    },
    {
        "start_node": "DNA double helix",
        "relationship": "stabilized by",
        "end_node": [
            "water molecules",
            "metal counterions"
        ]
    },
    {
        "start_node": "Ion-hydration shell",
        "relationship": "structure and dynamics",
        "end_node": "atomistic level"
    },
    {
        "start_node": "Vibrational density of states",
        "relationship": "calculated",
        "end_node": "DNA hydration shell"
    },
    {
        "start_node": "Water vibrations",
        "relationship": "frequency range",
        "end_node": "30 to 300 cm(-1)"
    },
    {
        "start_node": "Regions",
        "relationship": "analyzed",
        "end_node": [
            "minor groove",
            "major groove",
            "phosphate groups"
        ]
    },
    {
        "start_node": "Low-frequency modes",
        "relationship": "shift",
        "end_node": "15-20 cm(-1) higher"
    },
    {
        "start_node": "Minor groove region",
        "relationship": "vibrations",
        "end_node": "more significant shift"
    },
    {
        "start_node": "Hydrogen-bond symmetrical stretching",
        "relationship": "intensity decrease",
        "end_node": "near 150 cm(-1)"
    },
    {
        "start_node": "Experimental data",
        "relationship": "interpretation",
        "end_node": "DNA low-frequency spectra"
    },
    {
        "start_node": "Protein-nucleic recognition",
        "relationship": "understanding",
        "end_node": "indirect processes"
    }
]