[
    {
        "start_node": "Syntheses",
        "relationship": "describe",
        "end_node": "Complexes"
    },
    {
        "start_node": "Crystal Structures",
        "relationship": "belong_to",
        "end_node": "Complexes"
    },
    {
        "start_node": "Magnetic Properties",
        "relationship": "characterize",
        "end_node": "Complexes"
    },
    {
        "start_node": "Manganese Complex",
        "relationship": "contain",
        "end_node": "[Mn(HMPCA)(2)(phen)]·2H2O (1)"
    },
    {
        "start_node": "Cobalt Complex",
        "relationship": "contain",
        "end_node": "[Co(HMPCA)(2)(pyz)]·5H2O (2)"
    },
    {
        "start_node": "Complex 1",
        "relationship": "crystallize_in",
        "end_node": "orthorhombic system, Pbca"
    },
    {
        "start_node": "Complex 2",
        "relationship": "crystallize_in",
        "end_node": "monoclinic system, P2(1)/c"
    },
    {
        "start_node": "Mn(II) ion",
        "relationship": "geometry",
        "end_node": "octahedral"
    },
    {
        "start_node": "Complex 1",
        "relationship": "network",
        "end_node": "3D"
    },
    {
        "start_node": "Co(II) ions",
        "relationship": "geometry",
        "end_node": "slightly distorted octahedral"
    },
    {
        "start_node": "Complex 2",
        "relationship": "structure",
        "end_node": "1D chain"
    },
    {
        "start_node": "Hydrogen bonds",
        "relationship": "connect",
        "end_node": "3D supramolecular network"
    },
    {
        "start_node": "Magnetic Susceptibility",
        "relationship": "measure",
        "end_node": "weak antiferromagnetic exchange"
    },
    {
        "start_node": "Temperature range",
        "relationship": "data_for",
        "end_node": "300 K to 1.8 K"
    },
    {
        "start_node": "[Co(HMPCA)(2)(pyz)]·5H2O (2)",
        "relationship": "CCDC ID",
        "end_node": "CCDC: 998994"
    },
    {
        "start_node": "[Mn(HMPCA)(2)(phen)]·2H2O (1)",
        "relationship": "CCDC ID",
        "end_node": "CCDC: 1001405"
    }
]