[
    {
        "start_node": "Coordination Polymer",
        "relationship": "synthesized_from",
        "end_node": "Gadolinium(III)"
    },
    {
        "start_node": "Gd(III)",
        "relationship": "contains",
        "end_node": "3-H-5-hydroxynicotinato ligand"
    },
    {
        "start_node": "Gd(III)",
        "relationship": "contains",
        "end_node": "oxalate ligand"
    },
    {
        "start_node": "Gd(III)",
        "relationship": "bonded_to",
        "end_node": "oxygen atoms"
    },
    {
        "start_node": "Gd(III)",
        "relationship": "geometry",
        "end_node": "distorted three-capped trigonal"
    },
    {
        "start_node": "Coordination Polyhedra",
        "relationship": "formed_by",
        "end_node": "GdO9"
    },
    {
        "start_node": "Polyhedra",
        "relationship": "bridged_by",
        "end_node": "oxalate groups"
    },
    {
        "start_node": "2D Grids",
        "relationship": "formed_as",
        "end_node": "brickwall-like"
    },
    {
        "start_node": "Supramolecular Network",
        "relationship": "generated_by",
        "end_node": "intermolecular hydrogen bonds"
    },
    {
        "start_node": "Compound",
        "relationship": "magnetic_property",
        "end_node": "weak antiferromagnetic coupling"
    },
    {
        "start_node": "Gd(III) ions",
        "relationship": "magnetic_coupling",
        "end_node": "adjacent ions"
    }
]