[
    {
        "start_node": "HOF",
        "relationship": "contain",
        "end_node": "Hydroxy-Rich Covalent Organic Framework"
    },
    {
        "start_node": "TFPB-DHBD-COF",
        "relationship": "is",
        "end_node": "COF"
    },
    {
        "start_node": "COF",
        "relationship": "used_for",
        "end_node": "catalysis"
    },
    {
        "start_node": "catalysis",
        "relationship": "involve",
        "end_node": "cycloaddition of CO2"
    },
    {
        "start_node": "CO2",
        "relationship": "react_with",
        "end_node": "epoxides"
    },
    {
        "start_node": "epoxides",
        "relationship": "transform_to",
        "end_node": "cyclic carbonates"
    },
    {
        "start_node": "TFPB-DHBD-COF",
        "relationship": "serve_as",
        "end_node": "catalyst"
    },
    {
        "start_node": "catalyst",
        "relationship": "efficiency",
        "end_node": "90% conversion"
    },
    {
        "start_node": "TFPB-DHBD-COF",
        "relationship": "feature",
        "end_node": "hydroxy groups"
    },
    {
        "start_node": "hydroxy groups",
        "relationship": "role_in",
        "end_node": "activation and stabilization"
    },
    {
        "start_node": "stability",
        "relationship": "enhanced_by",
        "end_node": "hydrogen bonding"
    },
    {
        "start_node": "TFPB-DHBD-COF",
        "relationship": "tolerance_for",
        "end_node": "diverse substrates"
    }
]