[
    {
        "start_node": "Catalyst",
        "relationship": "prepared_by",
        "end_node": "Epoxidation catalysts"
    },
    {
        "start_node": "Mo(CO)(6)",
        "relationship": "encapsulated_in",
        "end_node": "UiO-66(Zr/Hf)-type MOFs"
    },
    {
        "start_node": "Methods",
        "relationship": "include",
        "end_node": "solventothermal impregnation (STI)"
    },
    {
        "start_node": "Methods",
        "relationship": "include",
        "end_node": "vapor phase impregnation (VPI)"
    },
    {
        "start_node": "Characterization",
        "relationship": "used",
        "end_node": "powder XRD"
    },
    {
        "start_node": "Characterization",
        "relationship": "used",
        "end_node": "SEM-EDS"
    },
    {
        "start_node": "Characterization",
        "relationship": "used",
        "end_node": "N2 adsorption"
    },
    {
        "start_node": "Characterization",
        "relationship": "used",
        "end_node": "FT-IR"
    },
    {
        "start_node": "Characterization",
        "relationship": "used",
        "end_node": "C-13{H-1} CP MAS NMR"
    },
    {
        "start_node": "Catalytic behavior",
        "relationship": "tested_for",
        "end_node": "cis-cyclooctene epoxidation"
    },
    {
        "start_node": "Catalyst performance",
        "relationship": "yield",
        "end_node": "quantitative epoxide yield"
    },
    {
        "start_node": "Catalyst performance",
        "relationship": "efficiency",
        "end_node": "tert-butyl hydroperoxide"
    },
    {
        "start_node": "Catalyst stability",
        "relationship": "demonstrated",
        "end_node": "recycling"
    },
    {
        "start_node": "Host material",
        "relationship": "comparison",
        "end_node": "UiO-66(Hf) vs UiO-66(Zr)"
    },
    {
        "start_node": "Host properties",
        "relationship": "advantage",
        "end_node": "smaller crystallite size, higher defectivity"
    },
    {
        "start_node": "Substrate scope",
        "relationship": "expanded",
        "end_node": "biobased olefins (methyl oleate, DL-limonene)"
    },
    {
        "start_node": "Substrate scope",
        "relationship": "applied_to",
        "end_node": "cyclooctanol oxidative dehydrogenation"
    }
]