[
    {
        "start_node": "HOF",
        "relationship": "contain",
        "end_node": "SIO-CENTER"
    },
    {
        "start_node": "SIO-CENTER",
        "relationship": "form",
        "end_node": "HYDROGEN-BONDS"
    },
    {
        "start_node": "HOF",
        "relationship": "contain",
        "end_node": "NON"
    },
    {
        "start_node": "HOF",
        "relationship": "contain",
        "end_node": "DDR"
    },
    {
        "start_node": "HOF",
        "relationship": "contain",
        "end_node": "MTW"
    },
    {
        "start_node": "HOF",
        "relationship": "contain",
        "end_node": "AFI"
    },
    {
        "start_node": "HOF",
        "relationship": "contain",
        "end_node": "Mm"
    },
    {
        "start_node": "HOSi",
        "relationship": "part_of",
        "end_node": "hydrogen_bonds"
    },
    {
        "start_node": "defect_sites",
        "relationship": "have",
        "end_node": "SiO-... HOSi hydrogen bonds"
    },
    {
        "start_node": "Q(3) sites",
        "relationship": "confirmed_by",
        "end_node": "Si-29 MAS NMR"
    },
    {
        "start_node": "zeolite_structure",
        "relationship": "balance",
        "end_node": "positive_charge"
    },
    {
        "start_node": "aluminum",
        "relationship": "incorporate_into",
        "end_node": "zeolite"
    },
    {
        "start_node": "boron",
        "relationship": "incorporate_into",
        "end_node": "zeolite"
    },
    {
        "start_node": "fluoride_ions",
        "relationship": "reduce_defects",
        "end_node": "synthesis"
    },
    {
        "start_node": "H-1 MAS NMR",
        "relationship": "detect",
        "end_node": "10.2 ppm line"
    },
    {
        "start_node": "O-H stretching vibration",
        "relationship": "found_in",
        "end_node": "diffuse_reflectance_IR_spectroscopy"
    },
    {
        "start_node": "heating",
        "relationship": "induce",
        "end_node": "protonation"
    },
    {
        "start_node": "siloxy_groups",
        "relationship": "decompose",
        "end_node": "tetrapropylammonium_cations"
    },
    {
        "start_node": "SiO-... HOSi hydrogen bonds",
        "relationship": "disappear",
        "end_node": "heating"
    },
    {
        "start_node": "MFI",
        "relationship": "prepared_with",
        "end_node": "deuterated_tetrapropylammonium_cations"
    },
    {
        "start_node": "H-1 NMR lines",
        "relationship": "assigned_to",
        "end_node": "silanol_groups"
    },
    {
        "start_node": "H-1 NMR lines",
        "relationship": "assigned_to",
        "end_node": "water_molecules"
    }
]