[
    {
        "start_node": "HOF",
        "relationship": "contains",
        "end_node": "synthesis"
    },
    {
        "start_node": "synthesis",
        "relationship": "includes",
        "end_node": "indazole-based ligands"
    },
    {
        "start_node": "indazole-based ligands",
        "relationship": "contains",
        "end_node": "L1"
    },
    {
        "start_node": "indazole-based ligands",
        "relationship": "contains",
        "end_node": "L2"
    },
    {
        "start_node": "L1",
        "relationship": "structural characterization",
        "end_node": "single crystal X-ray diffraction"
    },
    {
        "start_node": "L2",
        "relationship": "structural comparison",
        "end_node": "transition from 1H to 2H"
    },
    {
        "start_node": "L1",
        "relationship": "structural change",
        "end_node": "intramolecular structural differences"
    },
    {
        "start_node": "L2",
        "relationship": "structural change",
        "end_node": "intramolecular structural differences"
    },
    {
        "start_node": "HOF",
        "relationship": "contains",
        "end_node": "synthesis of H(2)L3"
    },
    {
        "start_node": "synthesis of H(2)L3",
        "relationship": "includes",
        "end_node": "H(2)L3"
    },
    {
        "start_node": "H(2)L3",
        "relationship": "structural determination",
        "end_node": "H(2)L4 center dot H2O"
    },
    {
        "start_node": "HOF",
        "relationship": "contains",
        "end_node": "synthesis of H(2)L4"
    },
    {
        "start_node": "synthesis of H(2)L4",
        "relationship": "results in",
        "end_node": "[Cu(HL4)(2)] center dot H2O center dot MeOH"
    },
    {
        "start_node": "H(2)L4",
        "relationship": "complex formation",
        "end_node": "[Cu(HL4)(2)] center dot H2O center dot MeOH"
    },
    {
        "start_node": "synthesis",
        "relationship": "includes",
        "end_node": "discrete mononuclear complexes"
    },
    {
        "start_node": "discrete mononuclear complexes",
        "relationship": "contains",
        "end_node": "[Cu(L1)(2)(NO3)] center dot NO3 center dot 1.5H(2)O (1)"
    },
    {
        "start_node": "discrete mononuclear complexes",
        "relationship": "contains",
        "end_node": "[Cu(L2)(2)(NO3)] center dot NO3 (2)"
    },
    {
        "start_node": "HOF",
        "relationship": "contains",
        "end_node": "coordination polymer"
    },
    {
        "start_node": "coordination polymer",
        "relationship": "formed from",
        "end_node": "[Cu-3(HL3)(4)(NO3)(2)(EtOH)(2)] center dot 3(C6H6) center dot 2(H2O) (3)"
    },
    {
        "start_node": "HOF",
        "relationship": "contains",
        "end_node": "1D network"
    },
    {
        "start_node": "1D network",
        "relationship": "formed by",
        "end_node": "[Cu(HL4)(2)] center dot H2O center dot MeOH (4)"
    },
    {
        "start_node": "HOF",
        "relationship": "features",
        "end_node": "[Cu-2(OAc)(4)] paddlewheel motif"
    },
    {
        "start_node": "[Cu-2(OAc)(4)] paddlewheel motif",
        "relationship": "found in",
        "end_node": "3"
    }
]