[
    {
        "start_node": "Benzene",
        "relationship": "contains",
        "end_node": "Infra-red active modes"
    },
    {
        "start_node": "Infra-red modes",
        "relationship": "visualized by",
        "end_node": "Bond-path framework"
    },
    {
        "start_node": "Bond-path framework",
        "relationship": "includes",
        "end_node": "Set B (p, q, r)"
    },
    {
        "start_node": "Set B",
        "relationship": "comprises",
        "end_node": "r-path (QTAIM bond-path)"
    },
    {
        "start_node": "Set B",
        "relationship": "comprises",
        "end_node": "p-path (electron density accumulation)"
    },
    {
        "start_node": "Set B",
        "relationship": "comprises",
        "end_node": "q-path (least preferred direction)"
    },
    {
        "start_node": "Relaxed structures",
        "relationship": "visualization of",
        "end_node": "C-C and C-H bonds"
    }
]