[
    {
        "start_node": "Supramolecular",
        "relationship": "design",
        "end_node": "Coordination Polymers"
    },
    {
        "start_node": "Coordination Polymers",
        "relationship": "contain",
        "end_node": "Silver(I) MOCPs"
    },
    {
        "start_node": "Coordination Polymers",
        "relationship": "contain",
        "end_node": "Copper(II) MOCPs"
    },
    {
        "start_node": "Silver(I)",
        "relationship": "coordinated_with",
        "end_node": "Semi-rigid Sulfonyl Ligand"
    },
    {
        "start_node": "Copper(II)",
        "relationship": "coordinated_with",
        "end_node": "Semi-rigid Sulfonyl Ligand"
    },
    {
        "start_node": "Semi-rigid Sulfonyl Ligand",
        "relationship": "differing_anion_templates",
        "end_node": "ClO4-"
    },
    {
        "start_node": "Semi-rigid Sulfonyl Ligand",
        "relationship": "differing_anion_templates",
        "end_node": "CO2CF3-"
    },
    {
        "start_node": "Semi-rigid Sulfonyl Ligand",
        "relationship": "differing_anion_templates",
        "end_node": "CO2C2F5-"
    },
    {
        "start_node": "Silver(I) MOCPs",
        "relationship": "topology_varies",
        "end_node": "ClO4-"
    },
    {
        "start_node": "Silver(I) MOCPs",
        "relationship": "topology_varies",
        "end_node": "CO2CF3-"
    },
    {
        "start_node": "Silver(I) MOCPs",
        "relationship": "topology_varies",
        "end_node": "CO2C2F5-"
    },
    {
        "start_node": "Copper(II) MOCPs",
        "relationship": "coordination_mode",
        "end_node": "octahedral"
    },
    {
        "start_node": "Copper(II) MOCPs",
        "relationship": "coordination_mode_change",
        "end_node": "tetrahedral"
    },
    {
        "start_node": "N atoms in L",
        "relationship": "oxidation_effect",
        "end_node": "tetrahedral coordination"
    },
    {
        "start_node": "Supramolecular Assembly",
        "relationship": "strategy",
        "end_node": "coordination mode diversity"
    },
    {
        "start_node": "Multifunctional Organic Ligand",
        "relationship": "mediates",
        "end_node": "coordination mode and aggregation"
    },
    {
        "start_node": "Metallic Species",
        "relationship": "selectivity",
        "end_node": "electron configuration"
    },
    {
        "start_node": "Anion Templates",
        "relationship": "facilitates",
        "end_node": "non-covalent bond interactions"
    }
]