[
    {
        "start_node": "Water",
        "relationship": "adsorption",
        "end_node": "Cobalt complex"
    },
    {
        "start_node": "Cobalt complex",
        "relationship": "synthesized as",
        "end_node": "[Co-3(H(3)TTHA)(2)(4,4'-bipy)(5)(H2O)(8)]·12H2O (1)"
    },
    {
        "start_node": "Structural analysis",
        "relationship": "reveals",
        "end_node": "planar structure"
    },
    {
        "start_node": "Structure",
        "relationship": "dimensions",
        "end_node": "22.695 x 11.485 Å²"
    },
    {
        "start_node": "Proton conductivities",
        "relationship": "measured for",
        "end_node": "Cobalt complex (1)"
    },
    {
        "start_node": "Cobalt complex (1)",
        "relationship": "proton conductivity",
        "end_node": "10^(-3) S cm^(-1) at 353 K and 98% RH"
    },
    {
        "start_node": "Temperature dependence",
        "relationship": "affects",
        "end_node": "proton conductivity"
    },
    {
        "start_node": "Arrhenius activation energy",
        "relationship": "derived for",
        "end_node": "0.32 eV"
    },
    {
        "start_node": "Mechanism",
        "relationship": "consistent with",
        "end_node": "Grotthuss mechanism"
    },
    {
        "start_node": "Comparison",
        "relationship": "comparable to",
        "end_node": "MCM-41 (water adsorption capacity)"
    },
    {
        "start_node": "Water uptake",
        "relationship": "at 90% RH",
        "end_node": "73.86% (41.03 mmol g^(-1))"
    }
]