[
    {
        "start_node": "study",
        "relationship": "focus_on",
        "end_node": "Fe3O4@PAA@UiO-66-NH2"
    },
    {
        "start_node": "Fe3O4@PAA@UiO-66-NH2",
        "relationship": "synthesized_by",
        "end_node": "self-assembly"
    },
    {
        "start_node": "Fe3O4@PAA@UiO-66-NH2",
        "relationship": "used_for",
        "end_node": "selective adsorption of Quercetin (QCT)"
    },
    {
        "start_node": "Fe3O4@PAA@UiO-66-NH2",
        "relationship": "characterized_by",
        "end_node": [
            "FTIR",
            "XRD",
            "BET",
            "FESEM",
            "TEM"
        ]
    },
    {
        "start_node": "adsorption",
        "relationship": "investigated_in",
        "end_node": "Fe3O4@PAA@UiO-66-NH2",
        "properties": {
            "model": "pseudo-second-order kinetic",
            "isotherm": "Langmuir"
        }
    },
    {
        "start_node": "Fe3O4@PAA@UiO-66-NH2",
        "relationship": "selectivity_against",
        "end_node": [
            "Curcumin (CUR)",
            "Methotrexate (MTX)"
        ],
        "end_node_type": "drug"
    },
    {
        "start_node": "adsorption mechanism",
        "relationship": "related_to",
        "end_node": "hydrogen bonding, hydrophobic-hydrophobic interactions, p-p stacking interactions"
    },
    {
        "start_node": "Fe3O4@PAA@UiO-66-NH2",
        "relationship": "reusability",
        "end_node": "good structural stability, 10 cycles"
    },
    {
        "start_node": "study",
        "relationship": "published_by",
        "end_node": "Elsevier Ltd."
    }
]