[
    {
        "start_node": "Sensor",
        "relationship": "developed",
        "end_node": "Surface Functionalized Fluorescent PS Nanobead"
    },
    {
        "start_node": "Sensor",
        "relationship": "property",
        "end_node": "Solid state emitting"
    },
    {
        "start_node": "Sensor",
        "relationship": "property",
        "end_node": "distinctly dual vapor detection"
    },
    {
        "start_node": "Sensor",
        "relationship": "contains",
        "end_node": "perylenebisimide (PBI) and OPV fluorophores"
    },
    {
        "start_node": "Nanobeads",
        "relationship": "size",
        "end_node": "70-180 nm"
    },
    {
        "start_node": "Nanobeads",
        "relationship": "emission",
        "end_node": "near white under UV light"
    },
    {
        "start_node": "Nanobeads",
        "relationship": "response",
        "end_node": "OPV emission quenched by nitroaromatics (yellow)"
    },
    {
        "start_node": "Nanobeads",
        "relationship": "response",
        "end_node": "PBI emission quenched by amine (blue)"
    },
    {
        "start_node": "Functionalization",
        "relationship": "impact",
        "end_node": "sensing efficiency"
    },
    {
        "start_node": "Surface",
        "relationship": "functional groups",
        "end_node": "-COOH, -NH2"
    },
    {
        "start_node": "Interaction",
        "relationship": "mediated by",
        "end_node": "hydrogen bonding"
    },
    {
        "start_node": "Film sensor",
        "relationship": "application",
        "end_node": "real-time, device-based"
    },
    {
        "start_node": "Film sensor",
        "relationship": "function",
        "end_node": "efficient detection, fast analyte exchange"
    },
    {
        "start_node": "Film sensor",
        "relationship": "reusability",
        "end_node": "8 cycles"
    }
]