[
    {
        "start_node": "Coordination Polymer",
        "relationship": "synthesized_from",
        "end_node": "Co(II)-containing CP 1"
    },
    {
        "start_node": "Co(II)-containing CP 1",
        "relationship": "formula",
        "end_node": "[[Co-3(mu(4)-cpboda)(2)(mu(2)-H2O)(2)(DMF)(2)(H2O)(2)] . 3DMF . 2HCOOH . 2H(2)O]"
    },
    {
        "start_node": "Coordination Polymer",
        "relationship": "synthesized_from",
        "end_node": "Co(II)-containing CP 2"
    },
    {
        "start_node": "Co(II)-containing CP 2",
        "relationship": "formula",
        "end_node": "[[Co-3(mu(3)-cpboda)(2)(1,4-bib)(5)(H2O)(2)] . DMF]"
    },
    {
        "start_node": "Complex 1",
        "relationship": "structure",
        "end_node": "2D layered network"
    },
    {
        "start_node": "Complex 1",
        "relationship": "network_extension",
        "end_node": "3D supramolecular network"
    },
    {
        "start_node": "Complex 2",
        "relationship": "structure",
        "end_node": "3D coordination polymer"
    },
    {
        "start_node": "Complex 2",
        "relationship": "connectivity",
        "end_node": "(4,4,7)-connected network"
    },
    {
        "start_node": "New Compounds",
        "relationship": "activity_test",
        "end_node": "Myofascial Pain Syndrome (MPS) treatment"
    },
    {
        "start_node": "New Compounds",
        "relationship": "mechanism_exploration",
        "end_node": "MPS treatment mechanism"
    }
]