[
    {
        "start_node": "Syntheses",
        "relationship": "describe",
        "end_node": "coordination polymers"
    },
    {
        "start_node": "structures",
        "relationship": "belong_to",
        "end_node": "coordination polymers"
    },
    {
        "start_node": "photoluminescent properties",
        "relationship": "study_of",
        "end_node": "coordination polymers"
    },
    {
        "start_node": "complex 1",
        "relationship": "is",
        "end_node": "[Zn(L)(2)](n)"
    },
    {
        "start_node": "complex 2",
        "relationship": "is",
        "end_node": "[Cd(L)(2)(H2O)(2)](n)"
    },
    {
        "start_node": "complex 3",
        "relationship": "is",
        "end_node": "[Pb(L)(NO3)](n)"
    },
    {
        "start_node": "semirigid zwitterionic ligand",
        "relationship": "used_in",
        "end_node": "synthesis"
    },
    {
        "start_node": "X-ray crystallographic analysis",
        "relationship": "applied_to",
        "end_node": "complex 1"
    },
    {
        "start_node": "1D double-stranded chain structure",
        "relationship": "found_in",
        "end_node": "complex 1"
    },
    {
        "start_node": "2D rhombic grid",
        "relationship": "found_in",
        "end_node": "complex 2"
    },
    {
        "start_node": "1D tube",
        "relationship": "found_in",
        "end_node": "complex 3"
    },
    {
        "start_node": "geometry of metal centers",
        "relationship": "impact_on",
        "end_node": "structure formation"
    },
    {
        "start_node": "ligand L",
        "relationship": "acts_as",
        "end_node": "linker"
    },
    {
        "start_node": "room temperature",
        "relationship": "study_conditions",
        "end_node": "photoluminescence study"
    }
]