[
    {
        "start_node": "DFT-based",
        "relationship": "study",
        "end_node": "Insight"
    },
    {
        "start_node": "ZIF-204",
        "relationship": "modified",
        "end_node": "oxo-doped"
    },
    {
        "start_node": "ZIF-204",
        "relationship": "contains",
        "end_node": "CuN4-base pyramid"
    },
    {
        "start_node": "pristine ZIF-204",
        "relationship": "methane binding",
        "end_node": "physisorption"
    },
    {
        "start_node": "methane",
        "relationship": "binding energy",
        "end_node": "0.24 eV"
    },
    {
        "start_node": "modified ZIF-204",
        "relationship": "methane binding",
        "end_node": "hydrogen bonding"
    },
    {
        "start_node": "methane",
        "relationship": "adsorption energy",
        "end_node": "0.30 eV"
    },
    {
        "start_node": "oxidation mechanism",
        "relationship": "includes",
        "end_node": "concerted direct oxo insertion"
    },
    {
        "start_node": "oxidation mechanism",
        "relationship": "includes",
        "end_node": "hydrogen-atom abstraction radical rebound"
    },
    {
        "start_node": "concerted direct oxo insertion",
        "relationship": "barrierless",
        "end_node": "path"
    },
    {
        "start_node": "hydrogen-atom abstraction",
        "relationship": "barrier",
        "end_node": "0.16 eV"
    },
    {
        "start_node": "ZIF-204",
        "relationship": "catalyst potential",
        "end_node": "methane oxidization"
    }
]