[
    {
        "start_node": "Heterometallic",
        "relationship": "create",
        "end_node": "Material"
    },
    {
        "start_node": "Material",
        "relationship": "property",
        "end_node": "Hydrogen adsorption"
    },
    {
        "start_node": "Sm-Co",
        "relationship": "is",
        "end_node": "Heterometallic complex"
    },
    {
        "start_node": "Sm-Co",
        "relationship": "synthesized_by",
        "end_node": "Hydrothermal conditions"
    },
    {
        "start_node": "Complex",
        "relationship": "contains",
        "end_node": "Sm-2(L)(6)Co-2"
    },
    {
        "start_node": "Sm-Co",
        "relationship": "contains",
        "end_node": "[Co(H2O)(6)]"
    },
    {
        "start_node": "Sm-Co",
        "relationship": "arrangement",
        "end_node": "Cubic octahedral cage"
    },
    {
        "start_node": "Cage",
        "relationship": "builds",
        "end_node": "NaCl nets"
    },
    {
        "start_node": "NaCl nets",
        "relationship": "symmetry",
        "end_node": "Fd(3) over barc"
    },
    {
        "start_node": "Sm-Zn",
        "relationship": "is",
        "end_node": "Heterometallic complex"
    },
    {
        "start_node": "Sm-Zn",
        "relationship": "synthesized_by",
        "end_node": "Hydrothermal conditions"
    },
    {
        "start_node": "Complex",
        "relationship": "contains",
        "end_node": "Sm-2(L)(6)Zn-3(H2O)(6)"
    },
    {
        "start_node": "Sm-Zn",
        "relationship": "configuration",
        "end_node": "Syn-syn Zn2+ ions"
    },
    {
        "start_node": "Sm-Zn",
        "relationship": "creates",
        "end_node": "Metallocycles (Sm-2(COO)(4)Zn-2, Sm-6(COO)(12)Zn-6)"
    },
    {
        "start_node": "Sm-Zn",
        "relationship": "assembly",
        "end_node": "3D nanotubular structure"
    },
    {
        "start_node": "Sm-Zn",
        "relationship": "hydrogen_storage",
        "end_node": "1.19 wt% at 77 K, 0.54 wt% at 298 K"
    },
    {
        "start_node": "Sm-Zn",
        "relationship": "novelty",
        "end_node": "Largest porous material, 1st hydrogen adsorption study"
    }
]