[
    {
        "start_node": "HOF",
        "relationship": "contains",
        "end_node": "Synthetic Placement"
    },
    {
        "start_node": "Synthetic Placement",
        "relationship": "focus_on",
        "end_node": "MFI Zeolites"
    },
    {
        "start_node": "MFI Zeolites",
        "relationship": "catalyst_in",
        "end_node": "Fuel Production"
    },
    {
        "start_node": "MFI Zeolites",
        "relationship": "catalyst_in",
        "end_node": "Chemical Production"
    },
    {
        "start_node": "Brønsted Acidic Zeolites",
        "relationship": "type_of",
        "end_node": "Catalysts"
    },
    {
        "start_node": "Manipulate",
        "relationship": "strategy_for",
        "end_node": "Acid Site Placement"
    },
    {
        "start_node": "Interactions",
        "relationship": "involve",
        "end_node": "Organic Structure-Directing Agents (OSDAs)"
    },
    {
        "start_node": "Theory",
        "relationship": "used_to",
        "end_node": "Elucidate Site Placement"
    },
    {
        "start_node": "Experiment",
        "relationship": "combined_with",
        "end_node": "Theory"
    },
    {
        "start_node": "Mechanism",
        "relationship": "derives",
        "end_node": "Rate Expressions"
    },
    {
        "start_node": "Transition State Theory",
        "relationship": "applied_to",
        "end_node": "Kinetic Measurements"
    },
    {
        "start_node": "Density Functional Theory (DFT)",
        "relationship": "used_in",
        "end_node": "Calculations"
    },
    {
        "start_node": "Intersection Environments",
        "relationship": "stabilize",
        "end_node": "Para-Xylene Selectivity"
    },
    {
        "start_node": "Channel Environments",
        "relationship": "preferentially_stabilize",
        "end_node": "Para-Xylene"
    },
    {
        "start_node": "1,4-Diazabicyclo[2.2.2]octane",
        "relationship": "example_of",
        "end_node": "Nonconventional OSDA"
    },
    {
        "start_node": "Quaternary OSDAs",
        "relationship": "comparison_with",
        "end_node": "Tetra-n-propylammonium"
    },
    {
        "start_node": "OSDA Structure",
        "relationship": "link_to",
        "end_node": "Active Site Placement"
    },
    {
        "start_node": "Active Site Design",
        "relationship": "strategy",
        "end_node": "Orthogonal to Crystallite Design"
    },
    {
        "start_node": "Regioisomer Selectivity",
        "relationship": "enhanced_by",
        "end_node": "Reaction-Diffusion Phenomena"
    },
    {
        "start_node": "MFI Zeolites",
        "relationship": "active_site_feature",
        "end_node": "Small Channel Environments"
    }
]