[
    {
        "start_node": "HOF",
        "relationship": "contain",
        "end_node": "Effect of Reaction Conditions"
    },
    {
        "start_node": "HOF",
        "relationship": "contain",
        "end_node": "Cd(II) Metal-organic Complexes"
    },
    {
        "start_node": "Cd(II) Metal-organic Complexes",
        "relationship": "assembly",
        "end_node": "2D supramolecular complex (1)"
    },
    {
        "start_node": "Cd(II) Metal-organic Complexes",
        "relationship": "assembly",
        "end_node": "1D chain structure (2)"
    },
    {
        "start_node": "Cd(II) Metal-organic Complexes",
        "relationship": "assembly",
        "end_node": "2D network (3)"
    },
    {
        "start_node": "Complex 1",
        "relationship": "structure",
        "end_node": "2D supramolecular, [Cd(phen)(2)Cl-2] mononuclear subunits"
    },
    {
        "start_node": "Complex 2",
        "relationship": "structure",
        "end_node": "1D chain, Cd(II) - Cl- bridges, phen on both sides"
    },
    {
        "start_node": "Complex 3",
        "relationship": "structure",
        "end_node": "2D network, cam connects Cd(II), phen as terminal ligands"
    },
    {
        "start_node": "Reaction Conditions",
        "relationship": "impact",
        "end_node": "assembly and structures"
    },
    {
        "start_node": "Complex 1",
        "relationship": "fluorescent properties",
        "end_node": "investigated"
    },
    {
        "start_node": "Complex 3",
        "relationship": "fluorescent properties",
        "end_node": "investigated"
    },
    {
        "start_node": "Complex 2",
        "relationship": "fluorescent sensing behaviors",
        "end_node": "investigated"
    },
    {
        "start_node": "Complex 3",
        "relationship": "fluorescent sensing behaviors",
        "end_node": "investigated"
    },
    {
        "start_node": "Complexes 1, 3",
        "relationship": "photocatalytic properties",
        "end_node": "investigated"
    }
]