[
    {
        "start_node": "Zn(II)-benzoate",
        "relationship": "synthesized",
        "end_node": "mixed ligand coordination dimer"
    },
    {
        "start_node": "mixed ligand coordination dimer",
        "relationship": "crystallized",
        "end_node": "monoclinic crystal system"
    },
    {
        "start_node": "monoclinic crystal system",
        "relationship": "space group",
        "end_node": "P2(1)/c"
    },
    {
        "start_node": "mixed ligand coordination dimer",
        "relationship": "contains",
        "end_node": "Zn1 atom"
    },
    {
        "start_node": "Zn1 atom",
        "relationship": "geometry",
        "end_node": "square pyramidal"
    },
    {
        "start_node": "Zn1 atom",
        "relationship": "tau factor",
        "end_node": "0.09"
    },
    {
        "start_node": "mixed ligand coordination dimer",
        "relationship": "contains",
        "end_node": "Zn2 atom"
    },
    {
        "start_node": "Zn2 atom",
        "relationship": "geometry",
        "end_node": "pseudo-square pyramidal"
    },
    {
        "start_node": "Zn2 atom",
        "relationship": "tau factor",
        "end_node": "0.35"
    },
    {
        "start_node": "complex",
        "relationship": "spectroscopic study",
        "end_node": "FT-IR"
    },
    {
        "start_node": "complex",
        "relationship": "spectroscopic study",
        "end_node": "UV-Vis"
    },
    {
        "start_node": "complex",
        "relationship": "spectroscopic study",
        "end_node": "EPR"
    },
    {
        "start_node": "Cu(II)-doped complex",
        "relationship": "EPR study",
        "end_node": "room temperature"
    },
    {
        "start_node": "Cu(II)-doped complex",
        "relationship": "EPR study",
        "end_node": "liquid nitrogen temperature"
    },
    {
        "start_node": "complex",
        "relationship": "thermogravimetric analysis",
        "end_node": "TGA"
    },
    {
        "start_node": "complex",
        "relationship": "Hirshfeld analysis",
        "end_node": "2D & 3D"
    },
    {
        "start_node": "interactions",
        "relationship": "formed by",
        "end_node": "hydrogen bonds"
    },
    {
        "start_node": "interactions",
        "relationship": "formed by",
        "end_node": "pi center dot center dot center dot pi"
    }
]