[
    {
        "start_node": "Sensor",
        "relationship": "monitor",
        "end_node": "fluoride ion"
    },
    {
        "start_node": "Sensor BN",
        "relationship": "specific_selectivity",
        "end_node": "F-"
    },
    {
        "start_node": "Sensor BN",
        "relationship": "fluorescence_response",
        "end_node": "blue-green"
    },
    {
        "start_node": "Sensor BN",
        "relationship": "limit_of_detection",
        "end_node": "78.5 nM"
    },
    {
        "start_node": "Deprotonation",
        "relationship": "cause_by",
        "end_node": "F-"
    },
    {
        "start_node": "BN center dot F",
        "relationship": "sensitivity_sensor",
        "end_node": "trace water"
    },
    {
        "start_node": "BN center dot F",
        "relationship": "response_to_water",
        "end_node": "reprotonation"
    },
    {
        "start_node": "BN center dot F",
        "relationship": "limit_of_detection",
        "end_node": "0.0011 %"
    },
    {
        "start_node": "Reversible detection",
        "relationship": "application",
        "end_node": "inkless writing and encryption device"
    },
    {
        "start_node": "BN center dot F",
        "relationship": "application",
        "end_node": "quantitative determination of water content"
    },
    {
        "start_node": "Sensor BN",
        "relationship": "contain",
        "end_node": "naphthol Schiff base"
    }
]