[
    {
        "start_node": "HOF",
        "relationship": "contain",
        "end_node": "Efficient SO2 Removal"
    },
    {
        "start_node": "Efficient SO2 Removal",
        "relationship": "use",
        "end_node": "Microporous Metal-Organic Framework"
    },
    {
        "start_node": "Metal-Organic Framework",
        "relationship": "type",
        "end_node": "Cu-2(pzdc)(2)(pyz)"
    },
    {
        "start_node": "Cu-2(pzdc)(2)(pyz)",
        "relationship": "alias",
        "end_node": "CPL-1"
    },
    {
        "start_node": "CPL-1",
        "relationship": "property",
        "end_node": "dumbbell-shaped 1D channel"
    },
    {
        "start_node": "CPL-1",
        "relationship": "property",
        "end_node": "adsorption uptake (SO2): 44.8 cm³/g"
    },
    {
        "start_node": "CPL-1",
        "relationship": "selectivity",
        "end_node": "SO2/N-2: 368, SO2/CH4: 74.3"
    },
    {
        "start_node": "CPL-1",
        "relationship": "mechanism",
        "end_node": "electrostatic interactions and hydrogen bonds"
    },
    {
        "start_node": "CPL-1",
        "relationship": "application",
        "end_node": "dynamic breakthrough experiments (separation)"
    },
    {
        "start_node": "CPL-1",
        "relationship": "application",
        "end_node": "water vapor and CO2 impurities"
    },
    {
        "start_node": "CPL-1",
        "relationship": "production",
        "end_node": "scale-up, facile and green method"
    },
    {
        "start_node": "CPL-1",
        "relationship": "performance",
        "end_node": "reproducible adsorbent (kilogram quantity)"
    },
    {
        "start_node": "CPL-1",
        "relationship": "promise",
        "end_node": "practical desulfurization processes"
    }
]