[
    {
        "start_node": "Zn(II)-organic frameworks",
        "relationship": "contain",
        "end_node": "SWCPNT-1"
    },
    {
        "start_node": "Zn(II)-organic frameworks",
        "relationship": "contain",
        "end_node": "2"
    },
    {
        "start_node": "SWCPNT-1",
        "relationship": "property",
        "end_node": "reversible dehydration/rehydration"
    },
    {
        "start_node": "SWCPNT-1",
        "relationship": "application",
        "end_node": "water absorbent/sensing material"
    },
    {
        "start_node": "SWCPNT-1",
        "relationship": "gas adsorption",
        "end_node": "CO2 over N2"
    },
    {
        "start_node": "SWCPNT-1",
        "relationship": "fluorescent property",
        "end_node": "blue fluorescence"
    },
    {
        "start_node": "2",
        "relationship": "property",
        "end_node": "3-D-polycatenated array of layers"
    },
    {
        "start_node": "2",
        "relationship": "structure",
        "end_node": "three-fold-interpenetrated 3-D supramolecular mesoporous framework"
    },
    {
        "start_node": "ambient condition",
        "relationship": "synthesis_condition",
        "end_node": "SWCPNT-1"
    },
    {
        "start_node": "solvothermal condition",
        "relationship": "synthesis_condition",
        "end_node": "2"
    }
]