[
    {
        "start_node": "HOF",
        "relationship": "contain",
        "end_node": "CO2 selective"
    },
    {
        "start_node": "PCP",
        "relationship": "is",
        "end_node": "1D double chain"
    },
    {
        "start_node": "DPyP",
        "relationship": "part_of",
        "end_node": "PCP"
    },
    {
        "start_node": "MnCl(DPyP)",
        "relationship": "reacts_to",
        "end_node": "Co-3(DPyP)(3) . 4DMF (I)"
    },
    {
        "start_node": "MnCl(DPyP)",
        "relationship": "reacts_to",
        "end_node": "Zn-3(DPyP)(3) . 2DMF . 4H2O (II)"
    },
    {
        "start_node": "Co-3(DPyP)(3) . 4DMF",
        "relationship": "contains",
        "end_node": "central Co-II"
    },
    {
        "start_node": "Zn-3(DPyP)(3) . 2DMF . 4H2O",
        "relationship": "contains",
        "end_node": "central Zn-II"
    },
    {
        "start_node": "Mn-III",
        "relationship": "transmetallates_to",
        "end_node": "Co-II or Zn-II"
    },
    {
        "start_node": "X-ray crystallography",
        "relationship": "used_for",
        "end_node": "structural characterization"
    },
    {
        "start_node": "permanent porosity",
        "relationship": "property",
        "end_node": "solvent-free PCPs"
    },
    {
        "start_node": "void volume",
        "relationship": "calculation",
        "end_node": "22.6% (I), 23.0% (II)"
    },
    {
        "start_node": "gas sorption",
        "relationship": "analysis",
        "end_node": "CO2 selectivity"
    },
    {
        "start_node": "N-2",
        "relationship": "less_sorbed_than",
        "end_node": "CO2 (196 K)"
    },
    {
        "start_node": "H-2",
        "relationship": "less_sorbed_than",
        "end_node": "CO2 (196 K)"
    },
    {
        "start_node": "CH4",
        "relationship": "less_sorbed_than",
        "end_node": "CO2 (196 K)"
    },
    {
        "start_node": "PXRD pattern",
        "relationship": "differed_by",
        "end_node": "dry at 373 K"
    },
    {
        "start_node": "framework transformation",
        "relationship": "dependent_on",
        "end_node": "central metal ions"
    }
]