[
    {
        "start_node": "Proton Transfer Reaction",
        "relationship": "study",
        "end_node": "4-methyl-2,6-dicarbomethoxyphenol"
    },
    {
        "start_node": "4-methyl-2,6-dicarbomethoxyphenol",
        "relationship": "property",
        "end_node": "nonpolar solvents"
    },
    {
        "start_node": "4-methyl-2,6-dicarbomethoxyphenol",
        "relationship": "property",
        "end_node": "weakly polar solvents"
    },
    {
        "start_node": "Proton Transfer",
        "relationship": "investigated",
        "end_node": "ground state"
    },
    {
        "start_node": "Proton Transfer",
        "relationship": "investigated",
        "end_node": "excited state"
    },
    {
        "start_node": "Fluorescence Spectra",
        "relationship": "feature",
        "end_node": "dual emission"
    },
    {
        "start_node": "Enol Tautomer",
        "relationship": "species",
        "end_node": "fluorescing"
    },
    {
        "start_node": "Closed Conformer",
        "relationship": "species",
        "end_node": "fluorescing"
    },
    {
        "start_node": "Emission Spectra",
        "relationship": "observation",
        "end_node": "77 K"
    },
    {
        "start_node": "Phosphorescence",
        "relationship": "observed",
        "end_node": "77 K, triethylamine"
    },
    {
        "start_node": "Fluorescence Decay Rates",
        "relationship": "comparison",
        "end_node": "4-methyl-2,6-diformylphenol (MFOH)"
    },
    {
        "start_node": "Nonradiative Rates",
        "relationship": "higher",
        "end_node": "Radiative Rates"
    },
    {
        "start_node": "Excited State Intramolecular Proton Transfer",
        "relationship": "calculation",
        "end_node": "Austin Model 1"
    },
    {
        "start_node": "Potential Energy Surfaces",
        "relationship": "comparison",
        "end_node": "large barrier"
    }
]