[
    {
        "start_node": "HOF",
        "relationship": "contain",
        "end_node": "Coordination Networks"
    },
    {
        "start_node": "Complex 1",
        "relationship": "formed_by",
        "end_node": "H(4)BIPA-TC"
    },
    {
        "start_node": "Complex 1",
        "relationship": "structure",
        "end_node": "bilayer network"
    },
    {
        "start_node": "Complex 1",
        "relationship": "connectivity",
        "end_node": "(4,4)-connected"
    },
    {
        "start_node": "Complex 2",
        "relationship": "formed_by",
        "end_node": "H(4)BIPA-TC"
    },
    {
        "start_node": "Complex 2",
        "relationship": "structure",
        "end_node": "3D supramolecular"
    },
    {
        "start_node": "Complex 2",
        "relationship": "connectivity",
        "end_node": "(4,6)-connected"
    },
    {
        "start_node": "Luminescent Recognition",
        "relationship": "property",
        "end_node": "1 and 2"
    },
    {
        "start_node": "Nitroaromatic Compounds",
        "relationship": "target",
        "end_node": "1 and 2"
    },
    {
        "start_node": "Metal Cations",
        "relationship": "target",
        "end_node": "1 and 2"
    }
]