[
    {
        "start_node": "HOF",
        "relationship": "contain",
        "end_node": "Adamantane-Based Bisphenol"
    },
    {
        "start_node": "Crystal Analysis",
        "relationship": "reveal",
        "end_node": "Hydrogen Bonds"
    },
    {
        "start_node": "1,3-bis(4-hydroxy-3,5-dimethylphenyl)adamantane (1)",
        "relationship": "form",
        "end_node": "1D Zigzag Polymer"
    },
    {
        "start_node": "1,3-bis(3-bromo-4-hydroxyphenyl)adamantane (2)",
        "relationship": "form",
        "end_node": "Infinite 1D Polymers"
    },
    {
        "start_node": "Intermolecular Hydrogen Bonds",
        "relationship": "support",
        "end_node": "Cyclic Frameworks (2)"
    },
    {
        "start_node": "1,3-bis(3-chloro-4-hydroxyphenyl)adamantane (3)",
        "relationship": "form",
        "end_node": "Frameworks with Channels"
    },
    {
        "start_node": "Chloroform",
        "relationship": "occupy",
        "end_node": "Channels (3)"
    },
    {
        "start_node": "1,3-bis(4-hydroxyphenyl)adamantane (4)",
        "relationship": "form",
        "end_node": "Frameworks with Channels"
    },
    {
        "start_node": "1,3-bis(3-chloro-4-hydroxyphenyl)adamantane (3a)",
        "relationship": "generate",
        "end_node": "Continuous 1D Polymers"
    },
    {
        "start_node": "1,3-bis(4-hydroxyphenyl)adamantane (4a)",
        "relationship": "generate",
        "end_node": "Continuous 1D Polymers"
    },
    {
        "start_node": "3a and 4a",
        "relationship": "pack",
        "end_node": "2D Layers with Channel Structures"
    }
]