[
    {
        "start_node": "HOF",
        "relationship": "contain",
        "end_node": "Tb@1"
    },
    {
        "start_node": "Tb@1",
        "relationship": "property",
        "end_node": "fluorescent"
    },
    {
        "start_node": "Tb@1",
        "relationship": "detect",
        "end_node": "tryptophan (Try)"
    },
    {
        "start_node": "Tb@1",
        "relationship": "detect",
        "end_node": "5-hydroxyindole-3-acetic acid (5-HIAA)"
    },
    {
        "start_node": "Tb@1",
        "relationship": "mode",
        "end_node": "ratio and colorimetric"
    },
    {
        "start_node": "Tb@1",
        "relationship": "advantage",
        "end_node": "high efficiency"
    },
    {
        "start_node": "Tb@1",
        "relationship": "advantage",
        "end_node": "sensitivity"
    },
    {
        "start_node": "Tb@1",
        "relationship": "feature",
        "end_node": "reusability"
    },
    {
        "start_node": "Tb@1",
        "relationship": "feature",
        "end_node": "anti-interference"
    },
    {
        "start_node": "Tb@1",
        "relationship": "sensing_mechanism",
        "end_node": "PET process"
    },
    {
        "start_node": "Tb@1",
        "relationship": "limit",
        "end_node": "0.0183 mg/L (Try)"
    },
    {
        "start_node": "Tb@1",
        "relationship": "limit",
        "end_node": "0.0149 mg/L (5-HIAA)"
    },
    {
        "start_node": "Tb@1",
        "relationship": "integrated_with",
        "end_node": "BPNN"
    },
    {
        "start_node": "BPNN",
        "relationship": "function",
        "end_node": "logic gates"
    },
    {
        "start_node": "BPNN",
        "relationship": "application",
        "end_node": "depression diagnosis"
    }
]