[
    {
        "start_node": "Synthesis",
        "relationship": "describes",
        "end_node": "Cu-4(H3N-(CH2)(9)-NH3)(OH)(2)[C6H2(COO)(4)](2) center dot 5H(2)O"
    },
    {
        "start_node": "Crystal Structure",
        "relationship": "belongs_to",
        "end_node": "Triclinic",
        "additional_info": {
            "space_group": "P (1) over bar (no. 2)",
            "parameters": [
                {
                    "a": "1057.5(2) pm",
                    "b": "1166.0(2) pm",
                    "c": "1576.7(2) pm"
                },
                {
                    "alpha": "106.080(10) degrees",
                    "beta": "90.73(2) degrees",
                    "gamma": "94.050(10) degrees"
                }
            ]
        }
    },
    {
        "start_node": "Hydrogen Bonding",
        "relationship": "facilitates",
        "end_node": "channels",
        "additional_info": {
            "voids": "centrosymmetric channel-like",
            "cross_section": "approximately 900 pm",
            "components": [
                "[H3N-(CH2)(9)-NH3](2+) cations",
                "water molecules"
            ]
        }
    },
    {
        "start_node": "Thermal Behavior",
        "relationship": "exhibits",
        "end_node": [
            {
                "temperature_range": "90 degrees C to approx. 170 degrees C",
                "event": "loss of water of crystallization"
            },
            {
                "temperature": "260 degrees C",
                "decomposition_product": "copper oxide"
            }
        ]
    },
    {
        "start_node": "Material",
        "relationship": "contains",
        "end_node": "Cu2+ ions",
        "additional_info": {
            "coordination": "five oxygen atoms",
            "distances": "191.4(3) to 231.7(4) pm"
        }
    }
]