[
    {
        "start_node": "Order-disorder",
        "relationship": "phase_transition",
        "end_node": "[(CH3)3NH][Mn(N3)3] hybrid"
    },
    {
        "start_node": "Temperature-dependent",
        "relationship": "study",
        "end_node": "Raman scattering"
    },
    {
        "start_node": "Lattice modes",
        "relationship": "analyzed",
        "end_node": "NC3 skeleton, N3-, CH3 molecular groups"
    },
    {
        "start_node": "Phonon wavenumber",
        "relationship": "unusual_behavior",
        "end_node": "phase transitions"
    },
    {
        "start_node": "Delta NC3",
        "relationship": "linewidth_anomaly",
        "end_node": "cations molecular dynamics"
    },
    {
        "start_node": "Nu asNC3",
        "relationship": "linewidth_anomaly",
        "end_node": "cations molecular dynamics"
    },
    {
        "start_node": "Azide ligands",
        "relationship": "blue_shift",
        "end_node": "TrMA+ cations, intramolecular bonds"
    },
    {
        "start_node": "Monoclinic-P21/c",
        "relationship": "phase_transition",
        "end_node": "around 330 K"
    },
    {
        "start_node": "Monoclinic-C2/c",
        "relationship": "phase_transition",
        "end_node": "above 359 K"
    },
    {
        "start_node": "Entropy change",
        "relationship": "estimation",
        "end_node": "-22.3 J kg^-1 K^-1"
    },
    {
        "start_node": "Barocaloric tunability",
        "relationship": "estimation",
        "end_node": "-3.17 K kbar^-1"
    },
    {
        "start_node": "Hydrogen bonds",
        "relationship": "prevented",
        "end_node": "extensive order-disorder process"
    },
    {
        "start_node": "TMAMnN3",
        "relationship": "comparison",
        "end_node": "giant entropy change, large BC tunability"
    }
]