[
    {
        "start_node": "HOF",
        "relationship": "contain",
        "end_node": "High Proton Conduction"
    },
    {
        "start_node": "HOF",
        "relationship": "contain",
        "end_node": "Lanthanide Coordination Polymers"
    },
    {
        "start_node": "LCPs",
        "relationship": "type_of",
        "end_node": "HOF"
    },
    {
        "start_node": "1",
        "relationship": "is",
        "end_node": "LCP"
    },
    {
        "start_node": "2",
        "relationship": "is",
        "end_node": "LCP"
    },
    {
        "start_node": "1",
        "relationship": "structure",
        "end_node": "1D chain"
    },
    {
        "start_node": "2",
        "relationship": "structure",
        "end_node": "1D chain"
    },
    {
        "start_node": "1",
        "relationship": "conductivity",
        "end_node": "5.09 x 10^-3 S.cm^-1"
    },
    {
        "start_node": "2",
        "relationship": "conductivity",
        "end_node": "3.09 x 10^-3 S.cm^-1"
    },
    {
        "start_node": "1",
        "relationship": "temperature",
        "end_node": "100 degrees C"
    },
    {
        "start_node": "2",
        "relationship": "temperature",
        "end_node": "98% RH"
    },
    {
        "start_node": "1",
        "relationship": "proton_conductivity_rank",
        "end_node": "2nd among Er-CPs"
    },
    {
        "start_node": "2",
        "relationship": "proton_conductivity_rank",
        "end_node": "highest among Yb-CPs"
    },
    {
        "start_node": "N-heterocyclic units",
        "relationship": "contribution",
        "end_node": "proton transfer"
    },
    {
        "start_node": "carboxyl groups",
        "relationship": "contribution",
        "end_node": "proton transfer"
    },
    {
        "start_node": "hydrogen bonding network",
        "relationship": "contribution",
        "end_node": "proton transfer"
    },
    {
        "start_node": "1",
        "relationship": "prominent",
        "end_node": "proton conductive ability"
    },
    {
        "start_node": "2",
        "relationship": "prominent",
        "end_node": "proton conductive ability"
    },
    {
        "start_node": "1,2",
        "relationship": "proton_conductivity_promise",
        "end_node": "efficient proton conductors"
    }
]