[
    {
        "start_node": "HOF",
        "relationship": "contain",
        "end_node": "photochromic Cd(II) complex"
    },
    {
        "start_node": "complex",
        "relationship": "have",
        "end_node": "isostructural cadmium complexes"
    },
    {
        "start_node": "complexes",
        "relationship": "consist_of",
        "end_node": "tetranuclear structure"
    },
    {
        "start_node": "complexes",
        "relationship": "use",
        "end_node": "multidentate chelating ligand 2-abpt"
    },
    {
        "start_node": "ligand",
        "relationship": "part_of",
        "end_node": "2-amino-3,5-bis(pyridin-2-yl)-1,2,4-triazole (2-abpt)"
    },
    {
        "start_node": "complexes",
        "relationship": "display",
        "end_node": "halogen-modulated photochromic behavior"
    },
    {
        "start_node": "complexes",
        "relationship": "exhibit",
        "end_node": "switchable photoluminescence"
    },
    {
        "start_node": "photoproducts",
        "relationship": "possess",
        "end_node": "hydrogen-bonding interactions"
    },
    {
        "start_node": "photoproducts",
        "relationship": "feature",
        "end_node": "ultralong-lived charge-separated state"
    },
    {
        "start_node": "photoproducts",
        "relationship": "show",
        "end_node": "acetonitrile erasable behavior"
    }
]