[
    {
        "start_node": "Rational Design",
        "relationship": "describes",
        "end_node": "Metal-organic Frameworks"
    },
    {
        "start_node": "Metal-organic Frameworks",
        "relationship": "based on",
        "end_node": "5-(4-pyridyl)tetrazolate"
    },
    {
        "start_node": "2D Grids",
        "relationship": "transformed to",
        "end_node": "3D Porous Networks"
    },
    {
        "start_node": "Zn-2(OH)(4-Ptz)(3)",
        "relationship": "is",
        "end_node": "Complex 1"
    },
    {
        "start_node": "Zn-2(OH)(4-Ptz)(3)",
        "relationship": "composition",
        "end_node": "2D grid sheet"
    },
    {
        "start_node": "Zn-2(OH)(4-Ptz)(3)",
        "relationship": "interpenetration",
        "end_node": "twofold, independent"
    },
    {
        "start_node": "4-connected nodes",
        "relationship": "formed by",
        "end_node": "Zn-2(OH) units"
    },
    {
        "start_node": "Hydrogen-bonding interactions",
        "relationship": "connects",
        "end_node": "composite sheets"
    },
    {
        "start_node": "Zn(OH)(4-ptz)(H2O)",
        "relationship": "structural similarity",
        "end_node": "Complex 1"
    },
    {
        "start_node": "Zn(OH)(4-ptz)(H2O)",
        "relationship": "synthesis",
        "end_node": "ethanol/water/pyridine medium"
    },
    {
        "start_node": "Zn-2(OH)(4-Ptz)(3)",
        "relationship": "structural feature",
        "end_node": "hydroxy groups in situ"
    },
    {
        "start_node": "Cu(4.ptz).0.5(py)",
        "relationship": "is",
        "end_node": "Complex 3"
    },
    {
        "start_node": "Complex 3",
        "relationship": "porous structure",
        "end_node": "contains pyridine molecules"
    },
    {
        "start_node": "Fluorescence",
        "relationship": "observed in",
        "end_node": "Compounds 1 and 2"
    },
    {
        "start_node": "Room temperature",
        "relationship": "fluorescence condition",
        "end_node": "solid state"
    },
    {
        "start_node": "Wiley-VCH Verlag GmbH & Co. KGaA",
        "relationship": "publisher",
        "end_node": "2004"
    }
]