[
    {
        "start_node": "Synthesis",
        "relationship": "describes",
        "end_node": "Cadmium(II) Coordination Polymer"
    },
    {
        "start_node": "Structure",
        "relationship": "characterizes",
        "end_node": "Cadmium(II) Coordination Polymer"
    },
    {
        "start_node": "1,4-Naphthalenedicarboxylic Acid",
        "relationship": "forms",
        "end_node": "Cadmium(II) Coordination Polymer"
    },
    {
        "start_node": "2-Propylimidazole",
        "relationship": "forms",
        "end_node": "Cadmium(II) Coordination Polymer"
    },
    {
        "start_node": "Complex 1",
        "relationship": "has",
        "end_node": "monoclinic crystal system"
    },
    {
        "start_node": "Space group",
        "relationship": "belongs to",
        "end_node": "P2(1)/n"
    },
    {
        "start_node": "X-ray single-crystal diffraction",
        "relationship": "used for",
        "end_node": "structural characterization"
    },
    {
        "start_node": "Hydrothermal conditions",
        "relationship": "synthesis method",
        "end_node": "Cadmium(II) Coordination Polymer"
    },
    {
        "start_node": "Phosphorescence",
        "relationship": "enhanced in",
        "end_node": "Complex 1"
    },
    {
        "start_node": "Lifetime",
        "relationship": "increased by",
        "end_node": "452 times"
    },
    {
        "start_node": "Pristine PPIM ligand",
        "relationship": "comparison with",
        "end_node": "phosphorescent lifetime"
    },
    {
        "start_node": "Single-crystal analysis",
        "relationship": "indicates",
        "end_node": "strong coordination bonds"
    },
    {
        "start_node": "Theory calculations",
        "relationship": "suggests",
        "end_node": "separation of HOMOs and LUMOs"
    },
    {
        "start_node": "Rigidity",
        "relationship": "facilitating",
        "end_node": "long-lasting phosphorescence"
    }
]