[
    {
        "start_node": "Synthesis",
        "relationship": "describes",
        "end_node": "Coordination polymers"
    },
    {
        "start_node": "Coordination polymers",
        "relationship": "contain",
        "end_node": "Mn2+"
    },
    {
        "start_node": "Coordination polymers",
        "relationship": "contain",
        "end_node": "Cu2+"
    },
    {
        "start_node": "Coordination polymers",
        "relationship": "contain",
        "end_node": "Ag+"
    },
    {
        "start_node": "Coordination polymers",
        "relationship": "contain",
        "end_node": "Zn2+"
    },
    {
        "start_node": "Coordination polymers",
        "relationship": "contain",
        "end_node": "Cd2+"
    },
    {
        "start_node": "Ligands",
        "relationship": "used",
        "end_node": "bipyrazole"
    },
    {
        "start_node": "Ligands",
        "relationship": "used",
        "end_node": "diphenate"
    },
    {
        "start_node": "Hydrothermal synthesis",
        "relationship": "method",
        "end_node": "conditions"
    },
    {
        "start_node": "Polymers I",
        "relationship": "structure",
        "end_node": "1D chain"
    },
    {
        "start_node": "Polymers II",
        "relationship": "structure",
        "end_node": "1D chain"
    },
    {
        "start_node": "Polymers IV",
        "relationship": "structure",
        "end_node": "3D diamond"
    },
    {
        "start_node": "Polymers V",
        "relationship": "structure",
        "end_node": "3D diamond"
    },
    {
        "start_node": "Compound III",
        "relationship": "structure",
        "end_node": "2D cationic framework"
    },
    {
        "start_node": "Characterization",
        "relationship": "methods",
        "end_node": "elemental analysis"
    },
    {
        "start_node": "Characterization",
        "relationship": "methods",
        "end_node": "IR spectroscopy"
    },
    {
        "start_node": "Supramolecular synthon",
        "relationship": "evidence",
        "end_node": "bipyrazole-carboxylate"
    }
]