[
    {
        "start_node": "Sensor",
        "relationship": "designed_for",
        "end_node": "New Energy Vehicles"
    },
    {
        "start_node": "Quartz Crystal Microbalance (QCM)",
        "relationship": "used_in",
        "end_node": "Sensor"
    },
    {
        "start_node": "HF Gas Detection",
        "relationship": "function_of",
        "end_node": "QCM Sensor"
    },
    {
        "start_node": "Amino-Functionalized MIL-101(Cr)",
        "relationship": "material",
        "end_node": "Sensing Material"
    },
    {
        "start_node": "NH2-MIL-101(Cr)",
        "relationship": "contains",
        "end_node": "Amino Group"
    },
    {
        "start_node": "Sensing Mechanism",
        "relationship": "explained_by",
        "end_node": "Reversible Chemical Adsorption"
    },
    {
        "start_node": "Gaussian 09",
        "relationship": "confirmation_tool",
        "end_node": "Sensing Mechanism"
    },
    {
        "start_node": "Temperature-Varying Microgravimetric Experiments",
        "relationship": "experimental_verification",
        "end_node": "Sensing Mechanism"
    },
    {
        "start_node": "NH2-MIL-101(Cr) QCM Resonator",
        "relationship": "proposed_for",
        "end_node": "NEV Safety Monitor"
    },
    {
        "start_node": "Limit of Detection",
        "relationship": "property",
        "end_node": "500 ppb"
    },
    {
        "start_node": "Sensitivity",
        "relationship": "attribute",
        "end_node": "High"
    },
    {
        "start_node": "Response/Recovery Time",
        "relationship": "feature",
        "end_node": "Short"
    },
    {
        "start_node": "Reproducibility",
        "relationship": "quality",
        "end_node": "Good"
    }
]