[
    {
        "start_node": "Predictive Models",
        "relationship": "study",
        "end_node": "Phase Behaviour"
    },
    {
        "start_node": "Predictive Models",
        "relationship": "study",
        "end_node": "Solution Properties"
    },
    {
        "start_node": "Ionic Species Distribution",
        "relationship": "important_in",
        "end_node": "Science and Engineering"
    },
    {
        "start_node": "Ion Pairing",
        "relationship": "related_to",
        "end_node": "Ionic Speciation"
    },
    {
        "start_node": "Association",
        "relationship": "related_to",
        "end_node": "Ion Pairing"
    },
    {
        "start_node": "SAFT-VRE Mie Equation of State",
        "relationship": "used_to_study",
        "end_node": "Aqueous Solutions (Nitric, Sulphuric, Carbonic Acids)"
    },
    {
        "start_node": "Dissociation Equilibria",
        "relationship": "considered_in",
        "end_node": "Model"
    },
    {
        "start_node": "Thermodynamic Equilibrium Constants",
        "relationship": "correlated_to",
        "end_node": "Literature"
    },
    {
        "start_node": "Nitric Acid Model",
        "relationship": "new",
        "end_node": "Molecular Model"
    },
    {
        "start_node": "Anion Models (Nitrate, Bisulfate, Sulfate, Bicarbonate)",
        "relationship": "developed_for",
        "end_node": "Aqueous Acids"
    },
    {
        "start_node": "Phase Behaviour Predictions",
        "relationship": "include",
        "end_node": "Degree of Dissociation"
    },
    {
        "start_node": "Activity Coefficients",
        "relationship": "predicted",
        "end_node": "Ionic Species"
    },
    {
        "start_node": "Water Activity",
        "relationship": "predicted",
        "end_node": "Water"
    },
    {
        "start_node": "Osmotic Coefficient",
        "relationship": "predicted",
        "end_node": "Solutions"
    },
    {
        "start_node": "Density",
        "relationship": "predicted",
        "end_node": "Solutions"
    },
    {
        "start_node": "Vapour Pressure",
        "relationship": "predicted",
        "end_node": "Solutions"
    },
    {
        "start_node": "Mechanisms of Association and Ion Pairing",
        "relationship": "elucidated_by",
        "end_node": "Models"
    }
]