[
    {
        "start_node": "HOF",
        "relationship": "contains",
        "end_node": "synchrotron study"
    },
    {
        "start_node": "HOF",
        "relationship": "contains",
        "end_node": "porphyrin assemblies"
    },
    {
        "start_node": "HOF",
        "relationship": "contains",
        "end_node": "meso-functionalized porphyrins"
    },
    {
        "start_node": "HOF",
        "relationship": "contains",
        "end_node": "5,10,15,20-tetrakis(3-cyanophenyl)porphyrinato-κ<SUP>4</SUP><i>N</i><SU P>5</SUP>,<i>N</i><SUP>10</SUP>,<i>N</i><SUP>15</SUP>,<i>N</i><SUP>20</S UP>]copper(II)"
    },
    {
        "start_node": "HOF",
        "relationship": "contains",
        "end_node": "CuTCNPP"
    },
    {
        "start_node": "HOF",
        "relationship": "contains",
        "end_node": "single-crystal X-ray analysis"
    },
    {
        "start_node": "HOF",
        "relationship": "contains",
        "end_node": "photophysical properties"
    },
    {
        "start_node": "HOF",
        "relationship": "contains",
        "end_node": "thermal stability"
    },
    {
        "start_node": "HOF",
        "relationship": "contains",
        "end_node": "nitrobenzene trisolvate"
    },
    {
        "start_node": "HOF",
        "relationship": "contains",
        "end_node": "C-2h-symmetric alpha alpha beta beta conformation"
    },
    {
        "start_node": "HOF",
        "relationship": "contains",
        "end_node": "square-planar coordination"
    },
    {
        "start_node": "HOF",
        "relationship": "contains",
        "end_node": "24-membered porphyrin ring system"
    },
    {
        "start_node": "HOF",
        "relationship": "contains",
        "end_node": "corrugated layers"
    },
    {
        "start_node": "HOF",
        "relationship": "contains",
        "end_node": "stacked molecules"
    }
]