[
    {
        "start_node": "Molecular Level Control",
        "relationship": "discusses",
        "end_node": "Capacitance COFs"
    },
    {
        "start_node": "Two-Dimensional COFs",
        "relationship": "are",
        "end_node": "Energy Storage Materials"
    },
    {
        "start_node": "TpPa-(OH)(2)",
        "relationship": "has",
        "end_node": "Highest Specific Capacitance"
    },
    {
        "start_node": "TpBD-(OH)(2)",
        "relationship": "compared_to",
        "end_node": "TpPa-(OH)(2)"
    },
    {
        "start_node": "Pseudocapacitance",
        "relationship": "emergence_of",
        "end_node": "Specific Capacitance"
    },
    {
        "start_node": "Redox Functional Groups",
        "relationship": "controls",
        "end_node": "Enrichment"
    },
    {
        "start_node": "TpPa-(OH)(2)",
        "relationship": "demonstrates",
        "end_node": "66% Capacitance Retention"
    },
    {
        "start_node": "H-bonding",
        "relationship": "contribution_to",
        "end_node": "Chemical Stability"
    },
    {
        "start_node": "Proton-Coupled Electron Transfer",
        "relationship": "involved_in",
        "end_node": "Reversible Redox Cycling"
    },
    {
        "start_node": "Hydroquinone/Benzoquinone",
        "relationship": "redox_pair",
        "end_node": "H2Q/Q"
    }
]