[
    {
        "start_node": "Solvent",
        "relationship": "influences",
        "end_node": "Metal-Organic Framework Formation"
    },
    {
        "start_node": "Water",
        "relationship": "combination",
        "end_node": "Pure Water"
    },
    {
        "start_node": "Water",
        "relationship": "combination",
        "end_node": "Water/Ethanol Mixture"
    },
    {
        "start_node": "Ethanol",
        "relationship": "increased_in_mixture",
        "end_node": "Volume Ratio"
    },
    {
        "start_node": "30 vol% Ethanol",
        "relationship": "threshold_for",
        "end_node": "MOF Formation"
    },
    {
        "start_node": "Ethanol Content",
        "relationship": "correlates_with",
        "end_node": "MOF Particle Size"
    },
    {
        "start_node": "SEM Images",
        "relationship": "visualizes",
        "end_node": "MOF Nanoparticles"
    },
    {
        "start_node": "Nanoparticles",
        "relationship": "size_range",
        "end_node": "20-300 nm"
    },
    {
        "start_node": "FT-IR Spectra",
        "relationship": "confirms",
        "end_node": "MOF Formation"
    },
    {
        "start_node": "30 vol% Ethanol Ratio",
        "relationship": "threshold_for",
        "end_node": "Stability (up to 300°C)"
    },
    {
        "start_node": "Solvent Trapping",
        "relationship": "detected_by",
        "end_node": "FT-IR and TGA"
    },
    {
        "start_node": "N-2 Adsorption-Desorption",
        "relationship": "determines",
        "end_node": "Porosity"
    },
    {
        "start_node": "75% Ethanol Volume Ratio",
        "relationship": "maximizes",
        "end_node": "S BET Value (1067 m²/g)"
    },
    {
        "start_node": "75% Ethanol Volume Ratio",
        "relationship": "maximizes",
        "end_node": "V-t Value (0.52 cm³/g)"
    },
    {
        "start_node": "Hydrogen Bond Strength",
        "relationship": "affects",
        "end_node": "MOF Formation Mechanism"
    },
    {
        "start_node": "Water/Ethanol Composition",
        "relationship": "impacts",
        "end_node": "MOF Size Dependency"
    }
]