[
    {
        "start_node": "HOF",
        "relationship": "contain",
        "end_node": "New Cd<sup>2+</sup>, Pb<sup>2+</sup> complexes"
    },
    {
        "start_node": "complexes",
        "relationship": "contain",
        "end_node": "[Cd-2(pth)(4)(phen)(2)(H2O)(2)] dot H2O (1)"
    },
    {
        "start_node": "complexes",
        "relationship": "contain",
        "end_node": "[Cd-3(dcpth)(6)(phen)(2)(H2O)(2)] (2)"
    },
    {
        "start_node": "complexes",
        "relationship": "contain",
        "end_node": "[Cd(pdh)(2)(H2O)(2)] (3)"
    },
    {
        "start_node": "complexes",
        "relationship": "contain",
        "end_node": "[Pb(sdpth)(phen)] (4)"
    },
    {
        "start_node": "process",
        "relationship": "involve",
        "end_node": "hydrothermal in situ acylation"
    },
    {
        "start_node": "process",
        "relationship": "involve",
        "end_node": "N2H4 with aromatic dicarboxylic acids"
    },
    {
        "start_node": "1",
        "relationship": "property",
        "end_node": "isomerization and deprotonation"
    },
    {
        "start_node": "2",
        "relationship": "structure",
        "end_node": "1-D double-chain"
    },
    {
        "start_node": "2",
        "relationship": "coordination",
        "end_node": "three types"
    },
    {
        "start_node": "4",
        "relationship": "structure",
        "end_node": "1-D castellated single-chain"
    },
    {
        "start_node": "2-4",
        "relationship": "assemble",
        "end_node": "2-D supramolecular networks"
    },
    {
        "start_node": "3",
        "relationship": "emission",
        "end_node": "green light (525 nm)"
    },
    {
        "start_node": "solution",
        "relationship": "property",
        "end_node": "light emission"
    },
    {
        "start_node": "1,3,4",
        "relationship": "solution_property",
        "end_node": "light emission"
    },
    {
        "start_node": "DFT calculations",
        "relationship": "predict",
        "end_node": "charge transfer (470 nm for 1, 400 nm for 3)"
    }
]