[
    {
        "start_node": "Synthesis",
        "relationship": "describes",
        "end_node": "Fluorescent Nanoscale Salts/Metal-Organic Frameworks"
    },
    {
        "start_node": "NDS",
        "relationship": "reactant",
        "end_node": "salts/MOFs"
    },
    {
        "start_node": "Cu(NO3)(2)center dot 3H(2)O",
        "relationship": "reactant",
        "end_node": "salts/MOFs"
    },
    {
        "start_node": "B4PVA",
        "relationship": "ligand",
        "end_node": "FNP 1a"
    },
    {
        "start_node": "B3PVA",
        "relationship": "ligand",
        "end_node": "FNP 1d"
    },
    {
        "start_node": "3PBP",
        "relationship": "ligand",
        "end_node": "FNP 1b, FNP 1c, FNP 1e"
    },
    {
        "start_node": "diffusion method",
        "relationship": "method",
        "end_node": "synthesis"
    },
    {
        "start_node": "S (squeezed solvent)",
        "relationship": "component",
        "end_node": "FNP 1a"
    },
    {
        "start_node": "X-ray structural analysis",
        "relationship": "provides",
        "end_node": "supramolecular architecture"
    },
    {
        "start_node": "ligands",
        "relationship": "linker",
        "end_node": "salts/MOFs"
    },
    {
        "start_node": "Debye-Scherrer equation",
        "relationship": "used_for",
        "end_node": "particle size calculation"
    },
    {
        "start_node": "scanning electron microscopy",
        "relationship": "technique",
        "end_node": "morphological characterization"
    },
    {
        "start_node": "emission properties",
        "relationship": "attributed_to",
        "end_node": "ILCT, ligand to metal charge transfer"
    },
    {
        "start_node": "FNPs",
        "relationship": "evaluated_in",
        "end_node": "live-cell imaging assays"
    },
    {
        "start_node": "HeLa cells",
        "relationship": "model",
        "end_node": "live-cell imaging"
    },
    {
        "start_node": "MCF-7 cells",
        "relationship": "model",
        "end_node": "live-cell imaging"
    }
]