[
    {
        "start_node": "HOF",
        "relationship": "contain",
        "end_node": "tetrahedral symmetry"
    },
    {
        "start_node": "tetrahedral symmetry",
        "relationship": "in",
        "end_node": "crystal structures"
    },
    {
        "start_node": "crystal structures",
        "relationship": "formed by",
        "end_node": "diamondoid nets"
    },
    {
        "start_node": "diamondoid nets",
        "relationship": "motif",
        "end_node": "weak intermolecular interactions"
    },
    {
        "start_node": "weak intermolecular interactions",
        "relationship": "type of",
        "end_node": "Br...Br, C≡C, C≡CBr...C≡C"
    },
    {
        "start_node": "tetraphenylmethane",
        "relationship": "derivative",
        "end_node": "bromo, ethynyl, bromoethynyl, diethynyl"
    },
    {
        "start_node": "bromo-substituted tetraphenylmethane",
        "relationship": "structure",
        "end_node": "diamondoid lattice"
    },
    {
        "start_node": "ethynyl-substituted tetraphenylmethane",
        "relationship": "structure",
        "end_node": "diamondoid lattice"
    },
    {
        "start_node": "diamondoid lattice",
        "relationship": "interwoven by",
        "end_node": "weak bromo-ethynyl interactions"
    },
    {
        "start_node": "bromo-ethynyl groups",
        "relationship": "interaction type",
        "end_node": "weak"
    },
    {
        "start_node": "structure change",
        "relationship": "absence of",
        "end_node": "significant (bromo-ethynyl exchange)"
    },
    {
        "start_node": "tetrakis(4-bromoethynyphenyl)methane",
        "relationship": "structure",
        "end_node": "T-shaped C≡CBr...C≡C"
    },
    {
        "start_node": "1,4- and 1,3,5-bromoethynylbenzene",
        "relationship": "comparison",
        "end_node": "solid-state structures"
    },
    {
        "start_node": "1,3-diynes",
        "relationship": "instability",
        "end_node": "rapid decomposition"
    },
    {
        "start_node": "larger tetrahedral core",
        "relationship": "effect on structure",
        "end_node": "disordered, solvated crystals (adamantane)"
    },
    {
        "start_node": "adamantane",
        "relationship": "structural outcome",
        "end_node": "disordered, fragile"
    }
]