[
    {
        "start_node": "HOF",
        "relationship": "contains",
        "end_node": "2,5-Thiophenedicarboxylate"
    },
    {
        "start_node": "HOF",
        "relationship": "contains",
        "end_node": "Uranyl Ion Complexes"
    },
    {
        "start_node": "Complex",
        "relationship": "formed_from",
        "end_node": "2,5-Thiophenedicarboxylic Acid (tdcH2)"
    },
    {
        "start_node": "Complex",
        "relationship": "contains",
        "end_node": "UO2(tdc)(DMF) (1)"
    },
    {
        "start_node": "Complex",
        "relationship": "contains",
        "end_node": "UO2(tdc)(HCOO) (2)"
    },
    {
        "start_node": "Complex",
        "relationship": "contains",
        "end_node": "C(NH2)(3)[UO2(tdc)(HCOO)] (3)"
    },
    {
        "start_node": "Complex",
        "relationship": "contains",
        "end_node": "UO2(tdc)(2)Ni(cyclam) (4)"
    },
    {
        "start_node": "Complex",
        "relationship": "contains",
        "end_node": "Cu(R,S-Me6cyclam)(H2O)[UO2(tdc)(2)] (5)"
    },
    {
        "start_node": "Complex",
        "relationship": "contains",
        "end_node": "Zn(phen)(3)[(UO2)(2)(tdc)(3)] (6)"
    },
    {
        "start_node": "Complex",
        "relationship": "contains",
        "end_node": "PPh4[[(UO2)(2)(tdc)3] (7)"
    },
    {
        "start_node": "Topology",
        "relationship": "observed_in",
        "end_node": "Interpenetration"
    },
    {
        "start_node": "Topology",
        "relationship": "observed_in",
        "end_node": "Polycatenation"
    },
    {
        "start_node": "Complex",
        "relationship": "topology",
        "end_node": "diperiodic network"
    },
    {
        "start_node": "Complex",
        "relationship": "topology",
        "end_node": "sql diperiodic assembly"
    },
    {
        "start_node": "Complex",
        "relationship": "topology",
        "end_node": "hcb topology"
    },
    {
        "start_node": "Complex",
        "relationship": "feature",
        "end_node": "polythreading-like fashion"
    },
    {
        "start_node": "Complex",
        "relationship": "feature",
        "end_node": "three-fold, parallel 2D interpenetration"
    }
]