[
    {
        "start_node": "HOF",
        "relationship": "contain",
        "end_node": "Zn(II)/Cd(II)-Based 2D MOFs"
    },
    {
        "start_node": "MOF",
        "relationship": "is",
        "end_node": "1"
    },
    {
        "start_node": "MOF",
        "relationship": "is",
        "end_node": "2"
    },
    {
        "start_node": "1",
        "relationship": "consists_of",
        "end_node": "Zn(II)"
    },
    {
        "start_node": "1",
        "relationship": "contains",
        "end_node": "5-nitro-isophthalic acid (5-NIP)"
    },
    {
        "start_node": "1",
        "relationship": "contains",
        "end_node": "isonicotinic hydrazide (INH)"
    },
    {
        "start_node": "1",
        "relationship": "property",
        "end_node": "crystalline porous structure"
    },
    {
        "start_node": "1",
        "relationship": "analyzed_by",
        "end_node": "single-crystal X-ray diffraction"
    },
    {
        "start_node": "2",
        "relationship": "consists_of",
        "end_node": "Cd(II)"
    },
    {
        "start_node": "2",
        "relationship": "contains",
        "end_node": "5-nitro-isophthalic acid (5-NIP)"
    },
    {
        "start_node": "2",
        "relationship": "contains",
        "end_node": "isonicotinic hydrazide (INH)"
    },
    {
        "start_node": "2",
        "relationship": "property",
        "end_node": "crystalline porous structure"
    },
    {
        "start_node": "2",
        "relationship": "analyzed_by",
        "end_node": "single-crystal X-ray diffraction"
    },
    {
        "start_node": "1",
        "relationship": "topology",
        "end_node": "dia-topology"
    },
    {
        "start_node": "2",
        "relationship": "topology",
        "end_node": "sql-topology"
    },
    {
        "start_node": "1",
        "relationship": "electrical_conductivity",
        "end_node": "Schottky diode nature"
    },
    {
        "start_node": "2",
        "relationship": "electrical_conductivity",
        "end_node": "higher charge mobility"
    },
    {
        "start_node": "2",
        "relationship": "comparison",
        "end_node": "1 (larger cation size, stronger pi-pi stacking)"
    },
    {
        "start_node": "1",
        "relationship": "charge_transport",
        "end_node": "transit time, effective carrier mobility, diffusion length, carrier concentration"
    },
    {
        "start_node": "2",
        "relationship": "charge_transport",
        "end_node": "more efficient than 1"
    }
]