[
    {
        "start_node": "HOF",
        "relationship": "contain",
        "end_node": "Polyoxometalate-Embedded Metal-Organic Framework"
    },
    {
        "start_node": "HOF",
        "relationship": "catalyst",
        "end_node": "Copper-Based Monooxygenase"
    },
    {
        "start_node": "Copper-Based Monooxygenase",
        "relationship": "activity",
        "end_node": "C(sp^3)-H Bond Oxidation"
    },
    {
        "start_node": "HOF",
        "relationship": "contains",
        "end_node": "Binuclear Copper HAT Catalyst"
    },
    {
        "start_node": "HOF",
        "relationship": "contains",
        "end_node": "Photosensitizing Nicotinamide Adenine Dinucleotide Mimic"
    },
    {
        "start_node": "HOF",
        "relationship": "contains",
        "end_node": "Embedded Polyoxometalate"
    },
    {
        "start_node": "SiW(12)@CuMOF-1",
        "relationship": "is",
        "end_node": "HOF"
    },
    {
        "start_node": "SiW(12)@CuMOF-1",
        "relationship": "catalyzes",
        "end_node": "3,5-DTBC Oxidative Dehydrogenation"
    },
    {
        "start_node": "HOF",
        "relationship": "uses",
        "end_node": "Pyridine Hydrochloride"
    },
    {
        "start_node": "HOF",
        "relationship": "generates",
        "end_node": "Chlorine Radical"
    },
    {
        "start_node": "HOF",
        "relationship": "generates",
        "end_node": "Cu-I Species"
    },
    {
        "start_node": "HOF",
        "relationship": "uses",
        "end_node": "O-1(2)"
    },
    {
        "start_node": "HOF",
        "relationship": "uses",
        "end_node": "O(2)^(-)"
    },
    {
        "start_node": "HOF",
        "relationship": "features",
        "end_node": "Uniform Active Sites"
    },
    {
        "start_node": "HOF",
        "relationship": "features",
        "end_node": "Improved Catalytic Performance"
    },
    {
        "start_node": "HOF",
        "relationship": "uses",
        "end_node": "Multiphoton Excitation Photocatalytic Process"
    }
]