[
    {
        "start_node": "HOF",
        "relationship": "contain",
        "end_node": "Molecular tectonics"
    },
    {
        "start_node": "Molecular tectonics",
        "relationship": "describe",
        "end_node": "MOFs"
    },
    {
        "start_node": "MOFs",
        "relationship": "feature",
        "end_node": "mixed-connected network topologies"
    },
    {
        "start_node": "topologies",
        "relationship": "belong_to",
        "end_node": "2D and 3D"
    },
    {
        "start_node": "2D",
        "relationship": "include",
        "end_node": "CdCl2 type"
    },
    {
        "start_node": "3D",
        "relationship": "include",
        "end_node": "3(4)(2)6(2)4(4)(6(2)8(7)10(2)) pyrite (pyr) type"
    },
    {
        "start_node": "btza",
        "relationship": "used_in",
        "end_node": "modular synthetic methodology"
    },
    {
        "start_node": "metal cores",
        "relationship": "involve",
        "end_node": "first-row divalent ions"
    },
    {
        "start_node": "Ag-I ion",
        "relationship": "combine_with",
        "end_node": "btza"
    },
    {
        "start_node": "MOFs 1-3",
        "relationship": "have",
        "end_node": "hydrogen bonding with solvent"
    },
    {
        "start_node": "solvent molecules",
        "relationship": "impact",
        "end_node": "network complexity"
    },
    {
        "start_node": "MOFs 1-6",
        "relationship": "stabilized_by",
        "end_node": "included solvents"
    },
    {
        "start_node": "Ag-(btza)",
        "relationship": "generate",
        "end_node": "isomorphous MOFs 5 and 6"
    },
    {
        "start_node": "5 and 6",
        "relationship": "share",
        "end_node": "binodal 4-connected 3D SrAl2 (sra) topology"
    }
]