[
    {
        "start_node": "TI",
        "relationship": "discusses",
        "end_node": "Phosphoramide-Based MOFs"
    },
    {
        "start_node": "MOFs",
        "relationship": "have",
        "end_node": "cost-effective synthesis"
    },
    {
        "start_node": "synthetic routes",
        "relationship": "promote",
        "end_node": "industrial applications"
    },
    {
        "start_node": "novel organophosphorus ligands",
        "relationship": "used_in",
        "end_node": "MOF construction"
    },
    {
        "start_node": "ligands",
        "relationship": "serve_as",
        "end_node": "versatile linkers"
    },
    {
        "start_node": "zinc-based MOFs",
        "relationship": "exhibit",
        "end_node": "remarkable H2 capacity"
    },
    {
        "start_node": "Zn-L1",
        "relationship": "structure",
        "end_node": "pseudo-3D, hydrogen bonds"
    },
    {
        "start_node": "Cu-L1",
        "relationship": "structure",
        "end_node": "pseudo-3D, hydrogen bonds"
    },
    {
        "start_node": "Zn-L2",
        "relationship": "structure",
        "end_node": "3D, no open metal sites"
    },
    {
        "start_node": "Zn-L2",
        "relationship": "gas-adsorption properties",
        "end_node": "H2, CO2, CH4"
    },
    {
        "start_node": "solventothermal process",
        "relationship": "yields",
        "end_node": "gram-scale, high-quality single crystals"
    }
]