[
    {
        "start_node": "HOF",
        "relationship": "contain",
        "end_node": "coordination polymer"
    },
    {
        "start_node": "coordination polymer",
        "relationship": "have",
        "end_node": "N-heterocyclic ligand"
    },
    {
        "start_node": "N-heterocyclic ligand",
        "relationship": "be",
        "end_node": "2-[(1H-imidazol-1-yl)methyl]-1H-benzimidazole (imb)"
    },
    {
        "start_node": "imb",
        "relationship": "lead to",
        "end_node": "polymer with intriguing structures"
    },
    {
        "start_node": "polymer",
        "relationship": "have",
        "end_node": "irregular octahedral CdO4N2 coordination geometry"
    },
    {
        "start_node": "Cd-II ion",
        "relationship": "exhibit",
        "end_node": "CdO4N2 coordination"
    },
    {
        "start_node": "Cd-II ion",
        "relationship": "be coordinated by",
        "end_node": "O atoms from 1,2-bdic(2-) and N atoms from imb"
    },
    {
        "start_node": "1,2-bdic(2-)",
        "relationship": "connect",
        "end_node": "Cd-II ions"
    },
    {
        "start_node": "binuclear [Cd-2(1,2-bdic)(2)] unit",
        "relationship": "form",
        "end_node": "one-dimensional chain"
    },
    {
        "start_node": "one-dimensional chain",
        "relationship": "connect through",
        "end_node": "pairs of bridging imb ligands"
    },
    {
        "start_node": "two-dimensional layered structure",
        "relationship": "result from",
        "end_node": "N-H···O hydrogen bonds and pi-pi interactions"
    },
    {
        "start_node": "polymer",
        "relationship": "show",
        "end_node": "good fluorescence properties"
    },
    {
        "start_node": "polymer",
        "relationship": "be",
        "end_node": "catena-poly[[cadmium(II)-bis[mu-benzene-1,2-dicarboxylato-kappa O-4(1),O-1':O-2,O-2']-cadmium(II)-bis{mu-2-[(1H-imidazol-1-yl)methyl]-1H-benzimidazole}-kappa N-2(2):N-3;-kappa N-2(3):N-2] dimethylformamide disolvate], {[Cd(C8H4O4)(C11H10N4)]·C3H7NO}(n), (I)"
    }
]