[
    {
        "start_node": "HOF",
        "relationship": "contains",
        "end_node": "Metal organic frameworks (MOFs)"
    },
    {
        "start_node": "HOF",
        "relationship": "application",
        "end_node": "ethanol permselective pervaporation"
    },
    {
        "start_node": "MIL-53 particles",
        "relationship": "synthesized",
        "end_node": null
    },
    {
        "start_node": "MIL-53 particles",
        "relationship": "incorporated into",
        "end_node": "polydimethylsiloxane (PDMS) matrix"
    },
    {
        "start_node": "MIL-53/PDMS hybrid membrane",
        "relationship": "characterized by",
        "end_node": [
            "SEM",
            "XRD",
            "FTIR",
            "AFM",
            "contact angle"
        ]
    },
    {
        "start_node": "MIL-53 particles",
        "relationship": "formed hydrogen bonding with",
        "end_node": "PDMS"
    },
    {
        "start_node": "MIL-53 particles",
        "relationship": "dispersed in",
        "end_node": "PDMS matrix"
    },
    {
        "start_node": "hydrophobicity",
        "relationship": "improved by",
        "end_node": "MIL-53 particles"
    },
    {
        "start_node": "permeate flux",
        "relationship": "increased in",
        "end_node": "MIL-53/PDMS hybrid membrane (40% loading)"
    },
    {
        "start_node": "separation factor",
        "relationship": "remained",
        "end_node": "11.1"
    },
    {
        "start_node": "ethanol affinity",
        "relationship": "attributed to",
        "end_node": "MIL-53 particles"
    },
    {
        "start_node": "MIL-53",
        "relationship": "promising for",
        "end_node": "fabricating hybrid membranes for ethanol recovery"
    }
]