[
    {
        "start_node": "HOF",
        "relationship": "constructed_by",
        "end_node": "chiral_reearth_framework"
    },
    {
        "start_node": "chiral_reearth_framework",
        "relationship": "synthesis",
        "end_node": "rare_earth_cerium_tartaric_acid_reaction"
    },
    {
        "start_node": "rare_earth_cerium_tartaric_acid_reaction",
        "relationship": "product",
        "end_node": "[Ce(C4H4O6)(H2O)(3)]Cl"
    },
    {
        "start_node": "[Ce(C4H4O6)(H2O)(3)]Cl",
        "relationship": "structure_analysis",
        "end_node": "single_crystal_XRD"
    },
    {
        "start_node": "[Ce(C4H4O6)(H2O)(3)]Cl",
        "relationship": "dimensionality",
        "end_node": "2D_double_layered"
    },
    {
        "start_node": "[Ce(C4H4O6)(H2O)(3)]Cl",
        "relationship": "helical_chains",
        "end_node": "left_handed"
    },
    {
        "start_node": "[Ce(C4H4O6)(H2O)(3)]Cl",
        "relationship": "characterization",
        "end_node": "IR_UV_VIS Powder_XRD_TGA"
    },
    {
        "start_node": "[Ce(C4H4O6)(H2O)(3)]Cl",
        "relationship": "interaction_analysis",
        "end_node": "Hirshfeld_surface_molecular_fingerprint"
    },
    {
        "start_node": "[Ce(C4H4O6)(H2O)(3)]Cl",
        "relationship": "photoluminescence",
        "end_node": "solid_state_properties"
    }
]