[
    {
        "start_node": "HOF",
        "relationship": "study",
        "end_node": "Roof-shaped clathrate compounds"
    },
    {
        "start_node": "Roof-shaped clathrate compounds",
        "relationship": "as",
        "end_node": "coating materials"
    },
    {
        "start_node": "coating materials",
        "relationship": "for",
        "end_node": "detection of organic solvent vapours"
    },
    {
        "start_node": "materials",
        "relationship": "investigated by",
        "end_node": "10 MHz TSM resonators"
    },
    {
        "start_node": "10 MHz TSM resonators",
        "relationship": "as",
        "end_node": "mass-sensitive transducers"
    },
    {
        "start_node": "host compounds",
        "relationship": "consist of",
        "end_node": "9,10-dihydro-9,10-ethanoanthracene framework"
    },
    {
        "start_node": "framework",
        "relationship": "with appended",
        "end_node": "diarylmethanol clathratogenic groups"
    },
    {
        "start_node": "groups",
        "relationship": "versions",
        "end_node": "nine substituted"
    },
    {
        "start_node": "substituted versions",
        "relationship": "responses to",
        "end_node": "seven organic solvents"
    },
    {
        "start_node": "solvents",
        "relationship": "selectivity for",
        "end_node": "alcohol vapours (ethanol, methanol)"
    },
    {
        "start_node": "alcohol vapours",
        "relationship": "hydrogen bonding interaction"
    },
    {
        "start_node": "host size",
        "relationship": "sensor sensitivity",
        "end_node": "decrease"
    },
    {
        "start_node": "host size",
        "relationship": "selectivity shift",
        "end_node": "smaller molecules"
    },
    {
        "start_node": "time-dependent data",
        "relationship": "improved selectivity",
        "end_node": "fast inclusion kinetics"
    },
    {
        "start_node": "stability",
        "relationship": "evaluated for",
        "end_node": "long-time (mass) stability"
    },
    {
        "start_node": "stability",
        "relationship": "over",
        "end_node": "two years"
    }
]