[
    {
        "start_node": "Method",
        "relationship": "describes",
        "end_node": "ATP-SPE"
    },
    {
        "start_node": "ATP-SPE",
        "relationship": "used_for",
        "end_node": "detection_of_sulfonamides"
    },
    {
        "start_node": "ATPE",
        "relationship": "uses",
        "end_node": "PSA"
    },
    {
        "start_node": "Problem",
        "relationship": "addresses",
        "end_node": "low_recovery_rate"
    },
    {
        "start_node": "Solution",
        "relationship": "adopts",
        "end_node": "SPE_after_ATPE"
    },
    {
        "start_node": "ATP-SPE",
        "relationship": "impacts",
        "end_node": "fluorescence_quenching"
    },
    {
        "start_node": "Binding_reaction",
        "relationship": "involves",
        "end_node": "hydrogen_bonding, van_der_Waals_force"
    },
    {
        "start_node": "Enrichment_conditions",
        "relationship": "applies_to",
        "end_node": "80% ACN aqueous_solution"
    },
    {
        "start_node": "Exploration",
        "relationship": "focuses_on",
        "end_node": "HLB_packing_factors"
    },
    {
        "start_node": "Stirring_speed",
        "relationship": "affects",
        "end_node": "particle_size"
    },
    {
        "start_node": "SPE",
        "relationship": "performs",
        "end_node": "purification_and_enrichment"
    },
    {
        "start_node": "Analysis",
        "relationship": "followed_by",
        "end_node": "HPLC"
    },
    {
        "start_node": "Validation",
        "relationship": "using",
        "end_node": "spiked_blank_samples"
    },
    {
        "start_node": "Recovery",
        "relationship": "achieved",
        "end_node": "80.1-95.1%",
        "end_node_2": "RSD_values",
        "end_node_3": "1.37-3.95%"
    },
    {
        "start_node": "Detection_limit",
        "relationship": "for",
        "end_node": "5.8-11.7 ng/g"
    },
    {
        "start_node": "ATP-SPE",
        "relationship": "benefit",
        "end_node": "better_recovery_of_veterinary_drugs"
    }
]