[
    {
        "start_node": "Carboxylate-assisted",
        "relationship": "yield",
        "end_node": "Zn-2(L)(2)(oba)(2)center_dot_2H(2)O"
    },
    {
        "start_node": "Zn-2(L)(2)(oba)(2)center_dot_2H(2)O",
        "relationship": "topology",
        "end_node": "noz-4-Pcca"
    },
    {
        "start_node": "Zn-2(L)(nap)(2)center_dot(DMF)(2.5)H2O",
        "relationship": "structure",
        "end_node": "3D supramolecular net"
    },
    {
        "start_node": "Zn-2(L)(nap)(2)center_dot(DMF)(2.5)H2O",
        "relationship": "void",
        "end_node": "solvent-accessible"
    },
    {
        "start_node": "Cd(H2O)(L)(ip)center_dot_3H(2)O",
        "relationship": "formation",
        "end_node": "1D porous ladder-type"
    },
    {
        "start_node": "Cd(H2O)(L)(ip)center_dot_3H(2)O",
        "relationship": "hydrogen_bonds",
        "end_node": "2D supramolecular net"
    },
    {
        "start_node": "Cd(L)(ip)center_dot_2H(2)O",
        "relationship": "structure",
        "end_node": "3D alpha-Po net"
    },
    {
        "start_node": "thermostability",
        "relationship": "explored",
        "end_node": "polymers"
    },
    {
        "start_node": "luminescence",
        "relationship": "properties",
        "end_node": "polymers"
    }
]