[
    {
        "start_node": "TI",
        "relationship": "discusses",
        "end_node": "Structure-property relationships"
    },
    {
        "start_node": "TI",
        "relationship": "focuses_on",
        "end_node": "water adsorption in metal-organic frameworks"
    },
    {
        "start_node": "AB",
        "relationship": "describes",
        "end_node": "15 metal organic frameworks (MIL-53, MIL-68, etc.)"
    },
    {
        "start_node": "AB",
        "relationship": "features",
        "end_node": "different pore size, morphology, and surface chemistry"
    },
    {
        "start_node": "AB",
        "relationship": "observes",
        "end_node": "S-shaped (type V) adsorption isotherms (MIL-68)"
    },
    {
        "start_node": "AB",
        "relationship": "analyzes",
        "end_node": "Henry constant, pressure at pore filling, max. water adsorption capacity"
    },
    {
        "start_node": "AB",
        "relationship": "relates",
        "end_node": "Henry constant - surface chemistry affinity, pore filling pressure - pore size"
    },
    {
        "start_node": "AB",
        "relationship": "impacts",
        "end_node": "hydrophobicity/hydrophilicity"
    },
    {
        "start_node": "AB",
        "relationship": "effect",
        "end_node": "functionalization (amine/aldehyde groups) - increased Henry constant, decreased pore filling pressure"
    },
    {
        "start_node": "AB",
        "relationship": "identifies",
        "end_node": "critical diameter (D) for capillary condensation and hysteresis"
    },
    {
        "start_node": "AB",
        "relationship": "explains",
        "end_node": "adsorption mechanism: reversible vs. irreversible below/above critical diameter"
    }
]