[
    {
        "start_node": "C12H12N6O3S_H2O",
        "relationship": "is",
        "end_node": "compound"
    },
    {
        "start_node": "C12H12ClN5OS",
        "relationship": "is",
        "end_node": "compound"
    },
    {
        "start_node": "compound",
        "relationship": "has_structure",
        "end_node": "folded_conformation"
    },
    {
        "start_node": "pyrimidine_ring",
        "relationship": "part_of",
        "end_node": "compound"
    },
    {
        "start_node": "benzene_ring",
        "relationship": "adjacent_to",
        "end_node": "compound"
    },
    {
        "start_node": "compound_I",
        "relationship": "contains",
        "end_node": "N_H_N_hydrogen_bond"
    },
    {
        "start_node": "compound_II",
        "relationship": "contains",
        "end_node": "N_H_Cl_hydrogen_bond"
    },
    {
        "start_node": "compound_I",
        "relationship": "has",
        "end_node": "C_H_O_intra_molecular_contact"
    },
    {
        "start_node": "compound_I",
        "relationship": "forms",
        "end_node": "undulating_sheet"
    },
    {
        "start_node": "undulating_sheet",
        "relationship": "interconnects_by",
        "end_node": "N_H_O_water_hydrogen_bond"
    },
    {
        "start_node": "compound_II",
        "relationship": "forms",
        "end_node": "slab"
    },
    {
        "start_node": "compound_II",
        "relationship": "interconnects_by",
        "end_node": "N_H_N_C_H_O_hydrogen_bonds"
    }
]