[
    {
        "start_node": "spin crossover",
        "relationship": "occur_in",
        "end_node": "complex"
    },
    {
        "start_node": "iron(II)",
        "relationship": "form",
        "end_node": "complex 1"
    },
    {
        "start_node": "amine/NCBH3",
        "relationship": "ligand",
        "end_node": "complex 1"
    },
    {
        "start_node": "low spin",
        "relationship": "converted_to",
        "end_node": "complex 1"
    },
    {
        "start_node": "X-ray crystallography",
        "relationship": "confirm",
        "end_node": "spin crossover"
    },
    {
        "start_node": "magnetic studies",
        "relationship": "confirm",
        "end_node": "spin crossover"
    },
    {
        "start_node": "DSC",
        "relationship": "confirm",
        "end_node": "spin crossover"
    },
    {
        "start_node": "Mossbauer studies",
        "relationship": "confirm",
        "end_node": "spin crossover"
    },
    {
        "start_node": "complex 2",
        "relationship": "synthesized_in",
        "end_node": "air"
    },
    {
        "start_node": "amine group",
        "relationship": "oxidative_dehydrogenation",
        "end_node": "L-2"
    },
    {
        "start_node": "L-1",
        "relationship": "transform_to",
        "end_node": "L-2"
    },
    {
        "start_node": "CN-",
        "relationship": "ligand",
        "end_node": "complex 2"
    },
    {
        "start_node": "LS state",
        "relationship": "stabilize",
        "end_node": "complex 2"
    },
    {
        "start_node": "solvent water",
        "relationship": "form",
        "end_node": "water chain"
    },
    {
        "start_node": "complex 2",
        "relationship": "proton_conductivity",
        "end_node": "8.9 x 10(-5) S cm(-1)"
    },
    {
        "start_node": "55 degrees C",
        "relationship": "temperature",
        "end_node": "conductivity measurement"
    },
    {
        "start_node": "95% relative humidity",
        "relationship": "humidity",
        "end_node": "conductivity measurement"
    }
]