[
    {
        "start_node": "HOF",
        "relationship": "contain",
        "end_node": "Hydrogen-bonded Organic Frameworks"
    },
    {
        "start_node": "HOFs",
        "relationship": "property",
        "end_node": "ordered and flexible porous frameworks"
    },
    {
        "start_node": "HOFs",
        "relationship": "potential",
        "end_node": "gas separation membranes"
    },
    {
        "start_node": "HOF-30",
        "relationship": "type",
        "end_node": "HOF-based Mixed-Matrix Membrane"
    },
    {
        "start_node": "HOF-30@PI",
        "relationship": "composition",
        "end_node": "HOF-30 crystals + PolyImide (PI)"
    },
    {
        "start_node": "HOF-30@PI MMM",
        "relationship": "performance",
        "end_node": "428.1 barrer hydrogen permeability"
    },
    {
        "start_node": "HOF-30@PI MMM",
        "relationship": "separation factor",
        "end_node": "61.7 (H-2/CH4)"
    },
    {
        "start_node": "HOF-30@PI MMM",
        "relationship": "stability",
        "end_node": "excellent, no degradation after 240 h"
    },
    {
        "start_node": "pressure",
        "relationship": "effect on",
        "end_node": "HOF-30@PI MMM (flexibility due to hydrogen bonds)"
    },
    {
        "start_node": "HOFs",
        "relationship": "usage",
        "end_node": "porous fillers in MMM"
    },
    {
        "start_node": "HOFs",
        "relationship": "impact",
        "end_node": "advanced composite membrane materials for gas separation"
    }
]