[
    {
        "start_node": "HOF",
        "relationship": "contain",
        "end_node": "Enhanced proton conductivity"
    },
    {
        "start_node": "HOF",
        "relationship": "use",
        "end_node": "MIL101(Cr)"
    },
    {
        "start_node": "MIL101(Cr)",
        "relationship": "synthesized_by",
        "end_node": "hydrothermal reaction"
    },
    {
        "start_node": "MIL101(Cr)",
        "relationship": "functionalized_with",
        "end_node": "sulfonic acid groups"
    },
    {
        "start_node": "MIL101(Cr)",
        "relationship": "incorporated_into",
        "end_node": "SPEEK matrix"
    },
    {
        "start_node": "Hybrid membranes",
        "relationship": "evaluate",
        "end_node": "proton conductivity"
    },
    {
        "start_node": "Hybrid membranes",
        "relationship": "evaluate",
        "end_node": "methanol permeability"
    },
    {
        "start_node": "Hybrid membranes",
        "relationship": "evaluate",
        "end_node": "water uptake"
    },
    {
        "start_node": "Hybrid membranes",
        "relationship": "evaluate",
        "end_node": "swelling property"
    },
    {
        "start_node": "Hybrid membranes",
        "relationship": "evaluate",
        "end_node": "thermal stability"
    },
    {
        "start_node": "Proton conductivity",
        "relationship": "increase",
        "end_node": "0.306 S cm⁻¹"
    },
    {
        "start_node": "Proton conductivity",
        "relationship": "comparison",
        "end_node": "pristine membranes (0.156 S cm⁻¹)"
    },
    {
        "start_node": "Increment",
        "relationship": "attributed_to",
        "end_node": "sulfonic acid sites"
    },
    {
        "start_node": "Increment",
        "relationship": "attributed_to",
        "end_node": "proton-transport pathways"
    },
    {
        "start_node": "Increment",
        "relationship": "attributed_to",
        "end_node": "hydrogen-bonded networks"
    }
]