[
    {
        "start_node": "MIL-53(AI)",
        "relationship": "interaction",
        "end_node": "water molecules"
    },
    {
        "start_node": "MIL-53(Al) cluster",
        "relationship": "discrete model",
        "end_node": "cavity"
    },
    {
        "start_node": "MIL-53(Al) cluster",
        "relationship": "temperature effect",
        "end_node": "structural transition"
    },
    {
        "start_node": "lp form",
        "relationship": "less stable at",
        "end_node": "low temperatures"
    },
    {
        "start_node": "lp form",
        "relationship": "more stable at",
        "end_node": "higher temperatures"
    },
    {
        "start_node": "np form",
        "relationship": "stable at",
        "end_node": "low temperatures"
    },
    {
        "start_node": "three water molecules",
        "relationship": "in cavity",
        "end_node": "reproduces transition"
    },
    {
        "start_node": "structural breathing",
        "relationship": "without desorption",
        "end_node": "water"
    },
    {
        "start_node": "water molecules",
        "relationship": "types",
        "end_node": "central and peripheral"
    },
    {
        "start_node": "central water",
        "relationship": "bonded to",
        "end_node": "mu(2)-OH groups, other water"
    },
    {
        "start_node": "peripheral waters",
        "relationship": "weaker bonding"
    },
    {
        "start_node": "np structure",
        "relationship": "opening",
        "end_node": "changing hydrogen bonding"
    },
    {
        "start_node": "activation energy",
        "relationship": "approximation",
        "end_node": "transient structures"
    }
]