[
    {
        "start_node": "HOF",
        "relationship": "contain",
        "end_node": "coordination polymer"
    },
    {
        "start_node": "coordination polymer",
        "relationship": "formed_by",
        "end_node": "lanthanum(III)"
    },
    {
        "start_node": "lanthanum(III)",
        "relationship": "ionized_form",
        "end_node": "heptaaqualanthanum(III)"
    },
    {
        "start_node": "heptaaqualanthanum(III)",
        "relationship": "contains",
        "end_node": "1,3-dioxo-2-oxa-1H, 3H-phenalene-6,7-dicarboxylato"
    },
    {
        "start_node": "ligand",
        "relationship": "type",
        "end_node": "naphthalene-1,4,5,8-tetracarboxylic 1,8-anhydride derivative"
    },
    {
        "start_node": "naphthalene-1,4,5,8-tetracarboxylic 1,8-anhydride",
        "relationship": "part_of",
        "end_node": "ligand"
    },
    {
        "start_node": "polymer",
        "relationship": "contains",
        "end_node": "4,8-dicarboxynaphthalene-1,5-dicarboxylate"
    },
    {
        "start_node": "4,8-dicarboxynaphthalene-1,5-dicarboxylate",
        "relationship": "charge_balancer",
        "end_node": "inversion_centre"
    },
    {
        "start_node": "architecture",
        "relationship": "unique",
        "end_node": "resulting polymer"
    },
    {
        "start_node": "hydrogen_bonds",
        "relationship": "interlinked",
        "end_node": "crystal_structure"
    },
    {
        "start_node": "crystal_structure",
        "relationship": "exhibits",
        "end_node": "coordination_polymerization"
    },
    {
        "start_node": "tetraacid",
        "relationship": "coexists_with",
        "end_node": "diacid_anhydride"
    }
]