[
    {
        "start_node": "HOF",
        "relationship": "contain",
        "end_node": "Zr-doped MIL-101(Fe)/Graphene oxide"
    },
    {
        "start_node": "Zr-doped MIL-101(Fe)/Graphene oxide",
        "relationship": "used_for",
        "end_node": "As(V) adsorption"
    },
    {
        "start_node": "Fe-MOFs",
        "relationship": "part_of",
        "end_node": "Zr-doped MIL-101(Fe)"
    },
    {
        "start_node": "MIL-101(Fe)",
        "relationship": "is_a",
        "end_node": "Fe-based metal-organic frameworks"
    },
    {
        "start_node": "graphene oxide (GO)",
        "relationship": "component",
        "end_node": "Zr-doped MIL-101(Fe)/Graphene oxide"
    },
    {
        "start_node": "Zr(IV) dopants",
        "relationship": "impacts",
        "end_node": "adsorption performance"
    },
    {
        "start_node": "adsorption capacity",
        "relationship": "achieved_by",
        "end_node": "FeZr-MOFs-0.2/GO"
    },
    {
        "start_node": "FeZr-MOFs-0.2/GO",
        "relationship": "has_capacity",
        "end_node": "91.69 mg.g(-1)"
    },
    {
        "start_node": "pH range",
        "relationship": "effective_in",
        "end_node": "2-10"
    },
    {
        "start_node": "environmental matrices",
        "relationship": "tested_with",
        "end_node": "FeZr-MOFs-0.2/GO"
    },
    {
        "start_node": "HOF",
        "relationship": "potential_application",
        "end_node": "aqueous solutions"
    },
    {
        "start_node": "study",
        "relationship": "contributes_to",
        "end_node": "rational design of nanocomposites"
    }
]