[
    {
        "start_node": "TI",
        "relationship": "describes",
        "end_node": "Weak Coordinating Character of Organosulfonates"
    },
    {
        "start_node": "TI",
        "relationship": "implies",
        "end_node": "Efficient Approach for Immobilizing Cationic Metal-Transition Complexes"
    },
    {
        "start_node": "AB",
        "relationship": "discusses",
        "end_node": "Iron(II) tris(2,2'-bipyridine) complexes"
    },
    {
        "start_node": "AB",
        "relationship": "contains",
        "end_node": "[Fe(bpy)(3)]^(2+)"
    },
    {
        "start_node": "AB",
        "relationship": "uses",
        "end_node": "organosulfonate-functionalized nanostructured silica thin films"
    },
    {
        "start_node": "AB",
        "relationship": "process",
        "end_node": "thiol-based silica films (MPTMS, TEOS)"
    },
    {
        "start_node": "AB",
        "relationship": "converts_to",
        "end_node": "sulfonate-functionalized silica"
    },
    {
        "start_node": "AB",
        "relationship": "implicates",
        "end_node": "hydrogen bond stabilization of [Fe(H2O)(6)]^(2+)"
    },
    {
        "start_node": "AB",
        "relationship": "steps",
        "end_node": "impregnation (iron(II) sulfate, sulfonate film)"
    },
    {
        "start_node": "AB",
        "relationship": "followed_by",
        "end_node": "dipping (bipyridine ligands, acetonitrile)"
    },
    {
        "start_node": "AB",
        "relationship": "detects",
        "end_node": "in situ formation of [Fe(bpy)(3)]^(2+)"
    },
    {
        "start_node": "AB",
        "relationship": "analyzes",
        "end_node": "optical absorption spectrum, X-ray photoelectron spectroscopy"
    },
    {
        "start_node": "AB",
        "relationship": "preserves",
        "end_node": "properties of [Fe(bpy)(3)]^(2+) complexes"
    },
    {
        "start_node": "AB",
        "relationship": "confines",
        "end_node": "complexes in nanostructured silica"
    }
]