[
    {
        "start_node": "HOF",
        "relationship": "contain",
        "end_node": "Eu-BDC-NH2/DPA"
    },
    {
        "start_node": "Eu-BDC-NH2/DPA",
        "relationship": "property",
        "end_node": "MOF"
    },
    {
        "start_node": "MOF",
        "relationship": "feature",
        "end_node": "dual-emission"
    },
    {
        "start_node": "MOF",
        "relationship": "detect",
        "end_node": "Hypochlorous Acid (HClO)"
    },
    {
        "start_node": "HClO",
        "relationship": "impact",
        "end_node": "sensitivity"
    },
    {
        "start_node": "HClO",
        "relationship": "requirement",
        "end_node": "selectivity"
    },
    {
        "start_node": "HClO",
        "relationship": "requirement",
        "end_node": "visible detection"
    },
    {
        "start_node": "HClO",
        "relationship": "requirement",
        "end_node": "rapid response"
    },
    {
        "start_node": "MOF",
        "relationship": "strategy",
        "end_node": "dual-ligand"
    },
    {
        "start_node": "dual-ligand",
        "relationship": "effect",
        "end_node": "ratiometric sensing"
    },
    {
        "start_node": "dual-ligand",
        "relationship": "effect",
        "end_node": "visual detection"
    },
    {
        "start_node": "MOF",
        "relationship": "response",
        "end_node": "dispersion"
    },
    {
        "start_node": "MOF",
        "relationship": "response",
        "end_node": "amino group recognition"
    },
    {
        "start_node": "HClO",
        "relationship": "interaction",
        "end_node": "hydrogen bond"
    },
    {
        "start_node": "HClO",
        "relationship": "impact",
        "end_node": "self-calibration effect"
    },
    {
        "start_node": "MOF",
        "relationship": "performance",
        "end_node": "low detection limit (37 nM)"
    },
    {
        "start_node": "MOF",
        "relationship": "performance",
        "end_node": "short response time (20 s)"
    },
    {
        "start_node": "MOF",
        "relationship": "application",
        "end_node": "real sample analysis"
    },
    {
        "start_node": "mixed ligands",
        "relationship": "effect",
        "end_node": "improved analytical performance"
    }
]