[
    {
        "start_node": "fertilizer",
        "relationship": "improve",
        "end_node": "nitrogen_use_efficiency"
    },
    {
        "start_node": "urea",
        "relationship": "used_in",
        "end_node": "smart_carrier"
    },
    {
        "start_node": "MIL-100(Fe)/silica",
        "relationship": "type_of",
        "end_node": "nanocarrier"
    },
    {
        "start_node": "nitrogen_loading",
        "relationship": "amount",
        "end_node": "25.5%"
    },
    {
        "start_node": "nitrogen_release",
        "relationship": "duration",
        "end_node": "56 days"
    },
    {
        "start_node": "rice_growth",
        "relationship": "matches_with",
        "end_node": "nitrogen_release_period"
    },
    {
        "start_node": "silica_shell",
        "relationship": "prevents",
        "end_node": "urea_escape"
    },
    {
        "start_node": "pot_experiment",
        "relationship": "test",
        "end_node": "fertilizer_effect"
    },
    {
        "start_node": "NUE",
        "relationship": "enhanced_by",
        "end_node": "urea/MIL-100(Fe)/silica"
    },
    {
        "start_node": "grain_yield",
        "relationship": "increased_by",
        "end_node": "13.07%"
    },
    {
        "start_node": "urea/MIL-100(Fe)",
        "relationship": "benefit",
        "end_node": "rice_growth"
    }
]