[
    {
        "start_node": "HOF",
        "relationship": "contain",
        "end_node": "High-temperature in situ crystallographic observation"
    },
    {
        "start_node": "HOF",
        "relationship": "contain",
        "end_node": "reversible gas sorption"
    },
    {
        "start_node": "HOF",
        "relationship": "contain",
        "end_node": "impermeable organic cages"
    },
    {
        "start_node": "HOF",
        "relationship": "method",
        "end_node": "single-crystal X-ray observation"
    },
    {
        "start_node": "HOF",
        "relationship": "method",
        "end_node": "synchrotron powder X-ray observation"
    },
    {
        "start_node": "material",
        "relationship": "property",
        "end_node": "hydrogen bond network"
    },
    {
        "start_node": "material",
        "relationship": "property",
        "end_node": "pi-pi stacking"
    },
    {
        "start_node": "cages",
        "relationship": "part_of",
        "end_node": "organic crystal"
    },
    {
        "start_node": "cages",
        "relationship": "property",
        "end_node": "nonporous"
    },
    {
        "start_node": "cages",
        "relationship": "permeability",
        "end_node": "CO2 at high temperatures"
    },
    {
        "start_node": "CO2",
        "relationship": "adsorption",
        "end_node": "cages"
    },
    {
        "start_node": "CO2",
        "relationship": "detection",
        "end_node": "in situ single-crystal XRD"
    },
    {
        "start_node": "study",
        "relationship": "show",
        "end_node": "reversible sorption"
    },
    {
        "start_node": "study",
        "relationship": "cause",
        "end_node": "temperature increase"
    },
    {
        "start_node": "NMR",
        "relationship": "define",
        "end_node": "interactions with organic framework"
    },
    {
        "start_node": "NMR",
        "relationship": "reveal",
        "end_node": "dynamic motion of CO2 and DMF"
    },
    {
        "start_node": "molecular gating",
        "relationship": "driven_by",
        "end_node": "temperature"
    },
    {
        "start_node": "unique collective properties",
        "relationship": "toward",
        "end_node": "storage of gaseous molecules"
    }
]