[
    {
        "start_node": "XRD",
        "relationship": "study_of",
        "end_node": "conformational_polymorphism"
    },
    {
        "start_node": "DTC",
        "relationship": "subject_of",
        "end_node": "XRD_analysis"
    },
    {
        "start_node": "DFT_calculations",
        "relationship": "analyzed_by",
        "end_node": "DTC"
    },
    {
        "start_node": "polymorphs",
        "relationship": "belong_to",
        "end_node": "DTC"
    },
    {
        "start_node": "P2(1)/n",
        "relationship": "space_group",
        "end_node": "polymorphs"
    },
    {
        "start_node": "-OCH3_flipping",
        "relationship": "causes_difference",
        "end_node": "polymorphs"
    },
    {
        "start_node": "equi-energetic",
        "relationship": "energy_state",
        "end_node": "polymorphs"
    },
    {
        "start_node": "low_barrier",
        "relationship": "separates",
        "end_node": "polymorphs"
    },
    {
        "start_node": "monotropic",
        "relationship": "temperature_range",
        "end_node": "DTC"
    },
    {
        "start_node": "thermal_expansion_coefficients",
        "relationship": "property_of",
        "end_node": "DTC"
    },
    {
        "start_node": "energy_temperature_slope",
        "relationship": "property_of",
        "end_node": "DTC"
    },
    {
        "start_node": "electrostatic_term",
        "relationship": "dominant_factor",
        "end_node": "stability"
    },
    {
        "start_node": "dispersion_repulsion",
        "relationship": "influence_on",
        "end_node": "stability"
    },
    {
        "start_node": "fingerprint_plots",
        "relationship": "reveals",
        "end_node": "phase_stability"
    },
    {
        "start_node": "molecular_dipole_moments",
        "relationship": "analyzed_by",
        "end_node": "fingerprint_plots"
    },
    {
        "start_node": "QTAIM",
        "relationship": "used_in",
        "end_node": "molecular_dipole_moments"
    }
]