[
    {
        "start_node": "HOF",
        "relationship": "contains",
        "end_node": "Ammonium-ion-based battery"
    },
    {
        "start_node": "Ammonium ions",
        "relationship": "used_in",
        "end_node": "aqueous battery"
    },
    {
        "start_node": "NH4+",
        "relationship": "capacity",
        "end_node": "220.4 mAh g^-1"
    },
    {
        "start_node": "NH4+",
        "relationship": "current_density",
        "end_node": "0.5 A g^-1"
    },
    {
        "start_node": "Covalent Organic Frameworks",
        "relationship": "employed_for",
        "end_node": "NH4+ storage"
    },
    {
        "start_node": "COFs",
        "relationship": "mechanism",
        "end_node": "hydrogen bond chemistry"
    },
    {
        "start_node": "Hydrogen bond",
        "relationship": "uncovered",
        "end_node": "NH4+ ion storage"
    },
    {
        "start_node": "Theoretical simulation",
        "relationship": "analyzed",
        "end_node": "reaction mechanism"
    },
    {
        "start_node": "Materials analysis",
        "relationship": "revealed",
        "end_node": "nitrogen-oxygen bond with hydrogen bonds"
    },
    {
        "start_node": "Desolvation energy barrier",
        "relationship": "linked_to",
        "end_node": "redox potential"
    },
    {
        "start_node": "COFs",
        "relationship": "application",
        "end_node": "electrochemical energy storage"
    }
]