[
    {
        "start_node": "Coordination Polymer",
        "relationship": "synthesized_from",
        "end_node": "pyrazine-2,3,5,6-tetracarboxylic acid"
    },
    {
        "start_node": "Structure 1",
        "relationship": "type_of",
        "end_node": "1-D chains"
    },
    {
        "start_node": "Structure 1",
        "relationship": "contains",
        "end_node": "Ca(H2pztc)(H2O)(3)"
    },
    {
        "start_node": "Structure 1",
        "relationship": "ligand_coordination",
        "end_node": "O, N, O-coordination"
    },
    {
        "start_node": "Structure 1",
        "relationship": "Ca_position",
        "end_node": "nine coordinate environment"
    },
    {
        "start_node": "Structure 2",
        "relationship": "type_of",
        "end_node": "2-D coordination network"
    },
    {
        "start_node": "Structure 2",
        "relationship": "contains",
        "end_node": "Zn1(pztc)(H2O)(2)Zn-2(H2O)(4)"
    },
    {
        "start_node": "Structure 2",
        "relationship": "Zn_geometry",
        "end_node": "octahedral"
    },
    {
        "start_node": "Structure 2",
        "relationship": "pztc_coordination",
        "end_node": "bis-bridging chelating"
    },
    {
        "start_node": "Structure 3",
        "relationship": "type_of",
        "end_node": "3-D network"
    },
    {
        "start_node": "Structure 3",
        "relationship": "contains",
        "end_node": "Mn-2(pztc)(H2O)(2)"
    },
    {
        "start_node": "Structure 3",
        "relationship": "Mn_geometry",
        "end_node": "octahedral"
    },
    {
        "start_node": "Structure 3",
        "relationship": "pztc_state",
        "end_node": "fully deprotonated"
    },
    {
        "start_node": "Structure 3",
        "relationship": "magnetic_behavior",
        "end_node": "paramagnetic at room temp, weak antiferromagnetic at low temp"
    },
    {
        "start_node": "Magnetic Behavior",
        "relationship": "observed_in",
        "end_node": "Structure 3"
    },
    {
        "start_node": "Structures",
        "relationship": "temperature_conditions",
        "end_node": "hydrothermal"
    }
]