[
    {
        "start_node": "HOF",
        "relationship": "contain",
        "end_node": "Enhanced proton conductivity"
    },
    {
        "start_node": "Enhanced proton conductivity",
        "relationship": "in",
        "end_node": "TI"
    },
    {
        "start_node": "TI",
        "relationship": "discusses",
        "end_node": "self-assembled non-porous hydrogen-bonded organic frameworks"
    },
    {
        "start_node": "self-assembled non-porous hydrogen-bonded organic frameworks",
        "relationship": "have",
        "end_node": "proton conductivity"
    },
    {
        "start_node": "proton conductivity",
        "relationship": "value",
        "end_node": "2.43 x 10(-2) S cm(-1) (60 degrees C, 95% RH)"
    },
    {
        "start_node": "proton conductivity",
        "relationship": "material",
        "end_node": "beta-Alaninium oxalate hemihydrate"
    },
    {
        "start_node": "beta-Alaninium oxalate hemihydrate",
        "relationship": "type",
        "end_node": "salt-cocrystal"
    },
    {
        "start_node": "salt-cocrystal",
        "relationship": "is",
        "end_node": "non-porous"
    },
    {
        "start_node": "proton conductivity",
        "relationship": "value",
        "end_node": "3.03 x 10(-2) S cm(-1) (60 degrees C, 95% RH)"
    },
    {
        "start_node": "proton conductivity",
        "relationship": "material",
        "end_node": "glycinium oxalate"
    },
    {
        "start_node": "glycinium oxalate",
        "relationship": "type",
        "end_node": "salt-cocrystal"
    },
    {
        "start_node": "proton conductivity",
        "relationship": "value",
        "end_node": "1.19 x 10(-2) S cm(-1) (80 degrees C, 95% RH)"
    },
    {
        "start_node": "proton conductivity",
        "relationship": "material",
        "end_node": "L-leucinium oxalate"
    },
    {
        "start_node": "L-leucinium oxalate",
        "relationship": "type",
        "end_node": "salt-cocrystal"
    },
    {
        "start_node": "network",
        "relationship": "part_of",
        "end_node": "crystal structure"
    },
    {
        "start_node": "crystal structure",
        "relationship": "has",
        "end_node": "hydrogen bonds"
    },
    {
        "start_node": "proton conducting membranes",
        "relationship": "property",
        "end_node": "efficient"
    },
    {
        "start_node": "humidity",
        "relationship": "affects",
        "end_node": "proton conductivity"
    },
    {
        "start_node": "exposure to D2O atmosphere",
        "relationship": "reduces",
        "end_node": "conductivity"
    },
    {
        "start_node": "proton conductivity",
        "relationship": "order",
        "end_node": "10(-1) S cm(-1) order"
    },
    {
        "start_node": "structural features",
        "relationship": "impact",
        "end_node": "proton conductivity design"
    },
    {
        "start_node": "design",
        "relationship": "aim",
        "end_node": "easy synthesis, eco-friendly, cheap"
    },
    {
        "start_node": "future applications",
        "relationship": "potential for",
        "end_node": "proton conducting membranes"
    }
]