[
    {
        "start_node": "TI",
        "relationship": "discusses",
        "end_node": "Metal-peptide frameworks (MPFs)"
    },
    {
        "start_node": "MPFs",
        "relationship": "are",
        "end_node": "Bioinspired metal organic frameworks"
    },
    {
        "start_node": "MPFs",
        "relationship": "focus on",
        "end_node": "chiral MOFs"
    },
    {
        "start_node": "chiral MOFs",
        "relationship": "used for",
        "end_node": "energy technologies"
    },
    {
        "start_node": "chiral MOFs",
        "relationship": "used for",
        "end_node": "asymmetric catalysis"
    },
    {
        "start_node": "chiral MOFs",
        "relationship": "used for",
        "end_node": "chiral separation"
    },
    {
        "start_node": "MPFs",
        "relationship": "introduce",
        "end_node": "peptide-based MOFs"
    },
    {
        "start_node": "Mantion, A.",
        "relationship": "contribution",
        "end_node": "oligovaline peptide family"
    },
    {
        "start_node": "oligopeptide",
        "relationship": "example of",
        "end_node": "Z-(L-Val)(2)-L-Glu(OH)-OH"
    },
    {
        "start_node": "Z-(L-Val)(2)-L-Glu(OH)-OH",
        "relationship": "forms",
        "end_node": "copper MPFs"
    },
    {
        "start_node": "Z-(L-Val)(2)-L-Glu(OH)-OH",
        "relationship": "forms",
        "end_node": "calcium MPFs"
    },
    {
        "start_node": "MPFs",
        "relationship": "result from",
        "end_node": "self-assembling properties of pepticle"
    },
    {
        "start_node": "MPFs",
        "relationship": "result from",
        "end_node": "metal-peptide interactions"
    },
    {
        "start_node": "MPFs",
        "relationship": "stable up to",
        "end_node": "250 degrees C"
    },
    {
        "start_node": "MPFs",
        "relationship": "have",
        "end_node": "internal porosity"
    },
    {
        "start_node": "MPFs",
        "relationship": "promise for",
        "end_node": "further development"
    }
]