[
    {
        "start_node": "HOF",
        "relationship": "contain",
        "end_node": "Uranium trioxide-UO3"
    },
    {
        "start_node": "UO3",
        "relationship": "reacts_with",
        "end_node": "cucurbit[5]uril-CB5"
    },
    {
        "start_node": "CB5",
        "relationship": "forms",
        "end_node": "[UO2(CB5)](ReO4)(2) dot 2H(2)O-1"
    },
    {
        "start_node": "UO2(CB5)",
        "relationship": "contains",
        "end_node": "uranyl ion"
    },
    {
        "start_node": "uranyl nitrate",
        "relationship": "reacts_with",
        "end_node": "CB5"
    },
    {
        "start_node": "mixed capsules",
        "relationship": "forms",
        "end_node": "[UO2(CB5)K(NO3)][UO2(NO3)(4)] dot H2O-2"
    },
    {
        "start_node": "mixed capsules",
        "relationship": "forms",
        "end_node": "[{UO2(CB5)Cs(NO3)}][UO2(NO3)(4)] dot 2H(2)O-3"
    },
    {
        "start_node": "UO",
        "relationship": "reacts_with",
        "end_node": "CB5"
    },
    {
        "start_node": "UO",
        "relationship": "reacts_with",
        "end_node": "KOH/CsOH"
    },
    {
        "start_node": "formic acid",
        "relationship": "involved_in",
        "end_node": "formation"
    },
    {
        "start_node": "HOF",
        "relationship": "contain",
        "end_node": "[K-2(CB5)(H2O)][(UO2)(2)(HCOO)(OH)(4)] dot 6H(2)O-4"
    },
    {
        "start_node": "HOF",
        "relationship": "contain",
        "end_node": "[Cs-2(CB5)(H2O)(2)][(UO2)(2)(HCOO)(OH)(4)](2) dot 3H(2)O-5"
    },
    {
        "start_node": "uranyl ions",
        "relationship": "separated_from",
        "end_node": "CB5"
    },
    {
        "start_node": "CB5",
        "relationship": "forms",
        "end_node": "two-dimensional assemblage"
    },
    {
        "start_node": "CB5",
        "relationship": "capped_by",
        "end_node": "K+/Cs+"
    },
    {
        "start_node": "three-dimensional framework",
        "relationship": "unprecedented",
        "end_node": "architecture"
    }
]