[
    {
        "start_node": "HOF",
        "relationship": "contain",
        "end_node": "Lutetium(III) coordination polymer"
    },
    {
        "start_node": "HOF",
        "relationship": "contain",
        "end_node": "Dysprosium(III) coordination polymer"
    },
    {
        "start_node": "Lutetium(III) coordination polymer",
        "relationship": "has_ligand",
        "end_node": "2,5-dihydroxybenzenel,4-dicarboxylate (Dhbdc)"
    },
    {
        "start_node": "Dysprosium(III) coordination polymer",
        "relationship": "has_ligand",
        "end_node": "2,5-dihydroxybenzenel,4-dicarboxylate (Dhbdc)"
    },
    {
        "start_node": "Complex 1",
        "relationship": "structure",
        "end_node": "distorted LnO8 triangular dodecahedron"
    },
    {
        "start_node": "Complex 2",
        "relationship": "structure",
        "end_node": "distorted LnO8 triangular dodecahedron"
    },
    {
        "start_node": "Complex 1",
        "relationship": "property",
        "end_node": "three-dimensional metal-organic framework"
    },
    {
        "start_node": "Complex 2",
        "relationship": "property",
        "end_node": "three-dimensional metal-organic framework"
    },
    {
        "start_node": "Complex 2",
        "relationship": "magnetic_property",
        "end_node": "Curie-Weiss law"
    },
    {
        "start_node": "Complex 2",
        "relationship": "photoluminescence",
        "end_node": "enhanced ligand-centred fluorescence"
    }
]