[
    {
        "start_node": "MIL-53",
        "relationship": "isomer_of",
        "end_node": "MIL-68"
    },
    {
        "start_node": "MIL-68(Al)",
        "relationship": "synthesis_result",
        "end_node": "modulated_synthesis"
    },
    {
        "start_node": "DMF",
        "relationship": "synthesis_medium",
        "end_node": "MIL-68(Al)"
    },
    {
        "start_node": "formic_acid",
        "relationship": "modulation_agent",
        "end_node": "MIL-68(Al)_formation"
    },
    {
        "start_node": "MIL-68(Al)",
        "relationship": "conversion_to",
        "end_node": "MIL-53(Al)"
    },
    {
        "start_node": "Raman_spectroscopy",
        "relationship": "investigation_technique",
        "end_node": "interactions"
    },
    {
        "start_node": "FTIR_spectroscopy",
        "relationship": "investigation_technique",
        "end_node": "interactions"
    },
    {
        "start_node": "formic_acid",
        "relationship": "interaction_mechanism",
        "end_node": "hydrogen_bonds"
    },
    {
        "start_node": "carboxylic_group",
        "relationship": "involved_in",
        "end_node": "hydrogen_bonds"
    },
    {
        "start_node": "terephthalic_acid",
        "relationship": "linker",
        "end_node": "hindrance"
    },
    {
        "start_node": "slow_growth_rate",
        "relationship": "favoring_factor",
        "end_node": "MIL-68(Al)"
    },
    {
        "start_node": "H2BDC",
        "relationship": "hindrance",
        "end_node": "MIL-68(Al)_formation",
        "end_node_description": "molecular_template"
    },
    {
        "start_node": "rhombic_pore_channels",
        "relationship": "result_of",
        "end_node": "H2BDC"
    }
]