[
    {
        "start_node": "Synthesis",
        "relationship": "describes",
        "end_node": "Knoevenagel condensation"
    },
    {
        "start_node": "Derivatives",
        "relationship": "consists_of",
        "end_node": "1 & 2"
    },
    {
        "start_node": "Products",
        "relationship": "formed_by",
        "end_node": "3-aryl-5-(4-nitrobenzylidene)-2-thioxothiazolidin-4-ones"
    },
    {
        "start_node": "Yields",
        "relationship": "characterizes",
        "end_node": "good"
    },
    {
        "start_node": "Characterization",
        "relationship": "includes",
        "end_node": "analytical, spectroscopic, structural methods"
    },
    {
        "start_node": "Supramolecular assemblies",
        "relationship": "observed_in",
        "end_node": "solid state"
    },
    {
        "start_node": "DFT calculations",
        "relationship": "used_for",
        "end_node": "Mo6-2X/def2-TZVP"
    },
    {
        "start_node": "Molecular Electrostatic Potential",
        "relationship": "analyzed_with",
        "end_node": "surfaces"
    },
    {
        "start_node": "Bader's theory",
        "relationship": "applied_to",
        "end_node": "atoms-in-molecules"
    },
    {
        "start_node": "NCIplot",
        "relationship": "employed_for",
        "end_node": "analysis"
    },
    {
        "start_node": "Interactions",
        "relationship": "stabilize",
        "end_node": "C-H...pi, 1p...pi-hole, C-H...O/S H-bonding"
    },
    {
        "start_node": "Title compounds",
        "relationship": "study_of",
        "end_node": "energetic features"
    },
    {
        "start_node": "Publication",
        "relationship": "copyrighted_by",
        "end_node": "Elsevier B.V."
    }
]