[
    {
        "start_node": "HOF",
        "relationship": "investigate",
        "end_node": "Construction"
    },
    {
        "start_node": "Construction",
        "relationship": "belong_to",
        "end_node": "Heterorotaxanes"
    },
    {
        "start_node": "Heterorotaxanes",
        "relationship": "type",
        "end_node": "topological organic structures"
    },
    {
        "start_node": "structures",
        "relationship": "category",
        "end_node": "heterorotaxane family"
    },
    {
        "start_node": "family",
        "relationship": "feature",
        "end_node": "polyfunctional rotaxane frameworks"
    },
    {
        "start_node": "polyfunctional",
        "relationship": "property",
        "end_node": "crown ether and ammonium templates"
    },
    {
        "start_node": "routes",
        "relationship": "involve",
        "end_node": "template-directed clipping reaction"
    },
    {
        "start_node": "routes",
        "relationship": "involve",
        "end_node": "olefin metathesis reactions"
    },
    {
        "start_node": "polyfunctional building blocks",
        "relationship": "assemble",
        "end_node": "high efficiency"
    },
    {
        "start_node": "future studies",
        "relationship": "aim_at",
        "end_node": "complicated heterorotaxane architectures"
    },
    {
        "start_node": "architectures",
        "relationship": "example",
        "end_node": "switchable systems"
    },
    {
        "start_node": "architectures",
        "relationship": "example",
        "end_node": "self-assembling polymers"
    },
    {
        "start_node": "architectures",
        "relationship": "example",
        "end_node": "functional molecular machines"
    }
]