[
    {
        "start_node": "HOF",
        "relationship": "study",
        "end_node": "MIL-101(Cr) and nano-MIL-101(Cr) dye removal"
    },
    {
        "start_node": "MOFs",
        "relationship": "as",
        "end_node": "adsorbent"
    },
    {
        "start_node": "MIL-101(Cr)",
        "relationship": "type",
        "end_node": "MOF"
    },
    {
        "start_node": "nano-MIL-101(Cr)",
        "relationship": "type",
        "end_node": "MOF"
    },
    {
        "start_node": "adsorption performance",
        "relationship": "evaluated",
        "end_node": "dyes"
    },
    {
        "start_node": "Congo Red (CR)",
        "relationship": "removed",
        "end_node": "solution"
    },
    {
        "start_node": "Thioflavin T (TFT)",
        "relationship": "removed",
        "end_node": "solution"
    },
    {
        "start_node": "adsorption kinetics",
        "relationship": "followed",
        "end_node": "pseudo-second-order model"
    },
    {
        "start_node": "Langmuir isotherm",
        "relationship": "agrees",
        "end_node": "experimental data"
    },
    {
        "start_node": "adsorption capacity",
        "relationship": "found",
        "end_node": "MIL-101(Cr): 986 mg g^(-1) CR, 1004 mg g^(-1) TFT",
        "end_node_2": "nano-MIL-101(Cr): 863 mg g^(-1) TFT"
    },
    {
        "start_node": "mechanism",
        "relationship": "related",
        "end_node": "pi-pi stacking, hydrogen bonding, pore filling, electrostatic interaction, chemical interaction"
    },
    {
        "start_node": "MIL-101(Cr) and nano-MIL-101(Cr)",
        "relationship": "promising",
        "end_node": "reusable adsorbents"
    }
]