[
    {
        "start_node": "Coordination polymers",
        "relationship": "synthesized_from",
        "end_node": "diverse metal centers & L ligand"
    },
    {
        "start_node": "Complexes",
        "relationship": "contains",
        "end_node": "Cu(L)(2)(H2O)(2) (1)"
    },
    {
        "start_node": "Complexes",
        "relationship": "contains",
        "end_node": "Cu(1)(2)(ClO4)(2) (2)"
    },
    {
        "start_node": "Complexes",
        "relationship": "contains",
        "end_node": "Cd(L)(2)(H2O)(2)(ClO4)(2) (3)"
    },
    {
        "start_node": "Complexes",
        "relationship": "contains",
        "end_node": "Cd(L)(OAc)(2)(H2O) (4)"
    },
    {
        "start_node": "Complexes",
        "relationship": "contains",
        "end_node": "Cu-3(L)(4)(H2O)(2)(SO4)(SO4)(2).3OH(2)O (5)"
    },
    {
        "start_node": "Complexes",
        "relationship": "contains",
        "end_node": "Ni(L)(H2O)(3)(SO4) (6)"
    },
    {
        "start_node": "Complex 1",
        "relationship": "structure",
        "end_node": "1D chain"
    },
    {
        "start_node": "Complexes 2 & 4",
        "relationship": "structure",
        "end_node": "2D network"
    },
    {
        "start_node": "Complexes",
        "relationship": "linked_by",
        "end_node": "hydrogen bonds"
    },
    {
        "start_node": "Complex 5",
        "relationship": "structure",
        "end_node": "(3,4,4)-connected 3D framework"
    },
    {
        "start_node": "Complex 5",
        "relationship": "Schlafli symbol",
        "end_node": "(4.8(2))(4)(4.8(3).10(2))(2)(4(2).8(2).10(2))"
    },
    {
        "start_node": "Complex 3",
        "relationship": "property",
        "end_node": "reversible anion exchange"
    },
    {
        "start_node": "Complexes 3 & 4",
        "relationship": "photoluminescence",
        "end_node": "investigated"
    }
]