[
    {
        "start_node": "Synthese",
        "relationship": "study_of",
        "end_node": "Coordination Complexes"
    },
    {
        "start_node": "Coordination Complexes",
        "relationship": "based_on",
        "end_node": "Organic Molecules"
    },
    {
        "start_node": "Organic Molecules",
        "relationship": "contains",
        "end_node": "Nitrogen"
    },
    {
        "start_node": "Organic Molecules",
        "relationship": "contains",
        "end_node": "Sulfur"
    },
    {
        "start_node": "Organic Molecules",
        "relationship": "contains",
        "end_node": "Oxygen"
    },
    {
        "start_node": "Properties",
        "relationship": "study_of",
        "end_node": "Coordination Complexes"
    },
    {
        "start_node": "Coordination Complexes",
        "relationship": "investigated",
        "end_node": "Structures"
    }
]