[
    {
        "start_node": "HOF",
        "relationship": "synthesized",
        "end_node": "compound 1"
    },
    {
        "start_node": "HOF",
        "relationship": "synthesized",
        "end_node": "compound 2"
    },
    {
        "start_node": "compound 1",
        "relationship": "structure",
        "end_node": "2D MOF"
    },
    {
        "start_node": "compound 2",
        "relationship": "structure",
        "end_node": "2D tri-layered composite network"
    },
    {
        "start_node": "Zn(II)-squarate bridges",
        "relationship": "component",
        "end_node": "compound 1"
    },
    {
        "start_node": "Zn(II)-squarate bridges",
        "relationship": "component",
        "end_node": "compound 2"
    },
    {
        "start_node": "non-covalent bonds",
        "relationship": "type_of_bond",
        "end_node": "compound 1"
    },
    {
        "start_node": "covalent bonds",
        "relationship": "type_of_bond",
        "end_node": "compound 2"
    },
    {
        "start_node": "dpe ligands",
        "relationship": "ligand",
        "end_node": "compound 1"
    },
    {
        "start_node": "dpe ligands",
        "relationship": "ligand",
        "end_node": "compound 2"
    },
    {
        "start_node": "H2C4O4",
        "relationship": "anion",
        "end_node": "compound 2"
    },
    {
        "start_node": "Zn(Hdpe)",
        "relationship": "cation",
        "end_node": "compound 2"
    },
    {
        "start_node": "intermolecular hydrogen bonding",
        "relationship": "interaction",
        "end_node": "compound 1, 2"
    }
]