[
    {
        "start_node": "HOF",
        "relationship": "contains",
        "end_node": "polyoxometalate-based metal-organic complexes"
    },
    {
        "start_node": "complex",
        "relationship": "contains",
        "end_node": "chiral Waugh-type [MnMo9O32]6- anions"
    },
    {
        "start_node": "complex 1",
        "relationship": "contains",
        "end_node": "[Co-3(4-H(2)dpye)(MnMo9O32)(H2O)(10)]·H2O"
    },
    {
        "start_node": "complex 2",
        "relationship": "contains",
        "end_node": "[Co-3(4-H(2)dpyb)(MnMo9O32)(H2O)(12)]·4H(2)O"
    },
    {
        "start_node": "complex 1",
        "relationship": "has_structure",
        "end_node": "2D layered structure"
    },
    {
        "start_node": "complex 2",
        "relationship": "has_structure",
        "end_node": "1D metal-organic chain"
    },
    {
        "start_node": "complexes 1 and 2",
        "relationship": "forms",
        "end_node": "racemic supramolecular frameworks"
    },
    {
        "start_node": "complexes 1 and 2",
        "relationship": "catalyst_for",
        "end_node": "oxidation of methyl phenyl sulfide (MBT)"
    },
    {
        "start_node": "catalytic performance",
        "relationship": "influenced_by",
        "end_node": "solvent, temperature, catalyst amount, oxidant"
    },
    {
        "start_node": "complexes 1 and 2",
        "relationship": "catalyst_for",
        "end_node": "thioether oxidation"
    },
    {
        "start_node": "Waugh-type [MnMo9O32]6-",
        "relationship": "as_catalyst",
        "end_node": "oxidative desulfurization"
    }
]