[
    {
        "start_node": "HOF",
        "relationship": "contain",
        "end_node": "green aluminum-based MOF"
    },
    {
        "start_node": "green aluminum-based MOF",
        "relationship": "outperforms",
        "end_node": "MIL-53-TDC"
    },
    {
        "start_node": "MIL-53-TDC",
        "relationship": "type",
        "end_node": "MIL-53 type topology"
    },
    {
        "start_node": "CAU-23",
        "relationship": "comparison",
        "end_node": "MIL-553-TDC"
    },
    {
        "start_node": "CAU-23",
        "relationship": "pore geometry",
        "end_node": "square shape"
    },
    {
        "start_node": "CAU-23",
        "relationship": "pore size",
        "end_node": "6.8 Å"
    },
    {
        "start_node": "CAU-23",
        "relationship": "selective adsorption",
        "end_node": "o-xylene (OX)"
    },
    {
        "start_node": "CAU-23",
        "relationship": "selectivity ratio",
        "end_node": "αOX/PX: 10.4"
    },
    {
        "start_node": "CAU-23",
        "relationship": "selectivity ratio",
        "end_node": "αOX/MX: 7.6"
    },
    {
        "start_node": "CAU-23",
        "relationship": "enhancement",
        "end_node": "efficient pore confinement"
    },
    {
        "start_node": "CAU-23",
        "relationship": "hydrogen bonding interactions",
        "end_node": "confined environment"
    },
    {
        "start_node": "CAU-23",
        "relationship": "adsorption performance",
        "end_node": "dynamic conditions"
    },
    {
        "start_node": "CAU-23",
        "relationship": "potential",
        "end_node": "practical application"
    },
    {
        "start_node": "CAU-23",
        "relationship": "synthesis",
        "end_node": "facile green low-cost"
    }
]