[
    {
        "start_node": "HOF",
        "relationship": "contain",
        "end_node": "Co(II)-based MOFs"
    },
    {
        "start_node": "MOFs",
        "relationship": "synthesis",
        "end_node": "1"
    },
    {
        "start_node": "MOFs",
        "relationship": "synthesis",
        "end_node": "2"
    },
    {
        "start_node": "MOFs",
        "relationship": "synthesis",
        "end_node": "3"
    },
    {
        "start_node": "1",
        "relationship": "topology",
        "end_node": "7-nodal (3,3,4,4,4,5,5)-connected net"
    },
    {
        "start_node": "2",
        "relationship": "topology",
        "end_node": "(3,5)-connected binodal net"
    },
    {
        "start_node": "3",
        "relationship": "topology",
        "end_node": "(3,4)-connected binodal net"
    },
    {
        "start_node": "1",
        "relationship": "property",
        "end_node": "dye removal (CR)"
    },
    {
        "start_node": "1",
        "relationship": "property",
        "end_node": "reusability"
    },
    {
        "start_node": "1",
        "relationship": "property",
        "end_node": "adsorption isotherms"
    },
    {
        "start_node": "1",
        "relationship": "property",
        "end_node": "adsorption thermodynamics"
    },
    {
        "start_node": "1",
        "relationship": "mechanism",
        "end_node": "infrared spectroscopy, XPS"
    },
    {
        "start_node": "1-3",
        "relationship": "electrocatalytic",
        "end_node": "water oxidation"
    },
    {
        "start_node": "1-3",
        "relationship": "magnetic property",
        "end_node": "antiferromagnetic coupling"
    },
    {
        "start_node": "1-3",
        "relationship": "application",
        "end_node": "information storage, processing, transmission"
    }
]