[
    {
        "start_node": "study",
        "relationship": "discusses",
        "end_node": "crystal engineering"
    },
    {
        "start_node": "crystal engineering",
        "relationship": "focuses on",
        "end_node": "understanding intermolecular interactions"
    },
    {
        "start_node": "crystal engineering",
        "relationship": "applies to",
        "end_node": "designing solids with specific properties"
    },
    {
        "start_node": "supramolecular isomerism",
        "relationship": "contributes to",
        "end_node": "mechanism of crystallization"
    },
    {
        "start_node": "dichloridobis(1,10-phenanthroline)cobalt(II)",
        "relationship": "contains",
        "end_node": "HOF: [CoCl2(C12H8N2)(2)]"
    },
    {
        "start_node": "isomers",
        "relationship": "includes",
        "end_node": "orthorhombic (IA), monoclinic (IB)"
    },
    {
        "start_node": "isomers",
        "relationship": "includes",
        "end_node": "orthorhombic (IIA), monoclinic (IIB)"
    },
    {
        "start_node": "heating rate",
        "relationship": "affects",
        "end_node": "crystallization of (IA) or (IB)"
    },
    {
        "start_node": "temperature difference",
        "relationship": "affects",
        "end_node": "crystallization of (IIA) or (IIB)"
    },
    {
        "start_node": "(IB)",
        "relationship": "assigned as",
        "end_node": "thermodynamic isomer"
    },
    {
        "start_node": "(IIA)",
        "relationship": "assigned as",
        "end_node": "kinetic isomer"
    },
    {
        "start_node": "interactions",
        "relationship": "type in (IB) and (IIB)",
        "end_node": "offset face-to-face (OFF) pi-pi stacking"
    },
    {
        "start_node": "interactions",
        "relationship": "type in (IA) and (IIA)",
        "end_node": "edge-to-face (EF) C-H center dot center dot center dot pi"
    },
    {
        "start_node": "DMF in (IIB)",
        "relationship": "connects via",
        "end_node": "hydrogen bonds"
    },
    {
        "start_node": "Etter's intermolecular interaction hierarchy",
        "relationship": "not followed by",
        "end_node": "example in (IIA)"
    }
]