[
    {
        "start_node": "HOF",
        "relationship": "contains",
        "end_node": "Pyrazole-3-carboxylic Acid Manganese Complex"
    },
    {
        "start_node": "Complex 1",
        "relationship": "synthesis",
        "end_node": "Pyrazole-3-carboxylic Acid"
    },
    {
        "start_node": "Pyrazole-3-carboxylic Acid",
        "relationship": "component",
        "end_node": "Complex 1"
    },
    {
        "start_node": "Complex 1",
        "relationship": "characterized_by",
        "end_node": "SXRD"
    },
    {
        "start_node": "Complex 1",
        "relationship": "characterized_by",
        "end_node": "PXRD"
    },
    {
        "start_node": "Complex 1",
        "relationship": "characterized_by",
        "end_node": "IR"
    },
    {
        "start_node": "Complex 1",
        "relationship": "characterized_by",
        "end_node": "TGA"
    },
    {
        "start_node": "Complex 1",
        "relationship": "characterized_by",
        "end_node": "Elemental Analyses"
    },
    {
        "start_node": "Complex 1",
        "relationship": "crystalline_system",
        "end_node": "monoclinic"
    },
    {
        "start_node": "Complex 1",
        "relationship": "space_group",
        "end_node": "P2(1)/c"
    },
    {
        "start_node": "Complex 1",
        "relationship": "coordinates",
        "end_node": "Mn2+"
    },
    {
        "start_node": "Mn2+",
        "relationship": "coordination",
        "end_node": "Hpca(-), phen"
    },
    {
        "start_node": "Complex 1",
        "relationship": "geometry",
        "end_node": "distorted {MnO2N4} octahedral"
    },
    {
        "start_node": "Complex 1",
        "relationship": "structure",
        "end_node": "hexanuclear chair-like water clusters"
    },
    {
        "start_node": "Complex 1",
        "relationship": "activity",
        "end_node": "epoxidation of alkenes"
    },
    {
        "start_node": "Complex 1",
        "relationship": "catalyst_performance",
        "end_node": "Conv. up to 97.7%, Sele. up to 98.9%"
    },
    {
        "start_node": "Complex 1",
        "relationship": "reusability",
        "end_node": "three runs catalytic cycle"
    }
]