[
    {
        "start_node": "SERS",
        "relationship": "method_for",
        "end_node": "trilobatin_detection"
    },
    {
        "start_node": "Ag@COF",
        "relationship": "composited_in",
        "end_node": "SERS_substrate"
    },
    {
        "start_node": "hydroxy-functionalized Ag@COF",
        "relationship": "property",
        "end_node": "hydroxyl_groups"
    },
    {
        "start_node": "hydrogen_bonding",
        "relationship": "interaction",
        "end_node": "trilobatin_surface"
    },
    {
        "start_node": "weak_SERS_signal",
        "relationship": "problem_solved_by",
        "end_node": "functionalized_SERS_substrate"
    },
    {
        "start_node": "LOD",
        "relationship": "value",
        "end_node": "2.8_nM"
    },
    {
        "start_node": "R2",
        "relationship": "value",
        "end_node": "0.995"
    },
    {
        "start_node": "recovery",
        "relationship": "range",
        "end_node": "100.6-106.0%"
    },
    {
        "start_node": "practical_value",
        "relationship": "detection_applicable_to",
        "end_node": "tea_beverages"
    }
]