[
    {
        "start_node": "HOF",
        "relationship": "contains",
        "end_node": "Selective adsorption"
    },
    {
        "start_node": "Selective adsorption",
        "relationship": "method",
        "end_node": "Congo red"
    },
    {
        "start_node": "Selective adsorption",
        "relationship": "method",
        "end_node": "Cu(II)"
    },
    {
        "start_node": "Fe3O4@Carbon@ZIF-8",
        "relationship": "adsorbent",
        "end_node": "Congo red"
    },
    {
        "start_node": "Fe3O4@Carbon@ZIF-8",
        "relationship": "adsorbent",
        "end_node": "Cu(II)"
    },
    {
        "start_node": "characteristics",
        "relationship": "study",
        "end_node": "adsorbent"
    },
    {
        "start_node": "adsorption kinetics",
        "relationship": "investigated",
        "end_node": "Fe3O4@Carbon@ZIF-8"
    },
    {
        "start_node": "isotherms",
        "relationship": "investigated",
        "end_node": "Fe3O4@Carbon@ZIF-8"
    },
    {
        "start_node": "adsorption capacity",
        "relationship": "comparison",
        "end_node": "Fe3O4@Carbon@ZIF-8"
    },
    {
        "start_node": "Fe3O4@Carbon@ZIF-8",
        "relationship": "suitable_for",
        "end_node": "complex wastewater"
    },
    {
        "start_node": "mechanism",
        "relationship": "involved_in",
        "end_node": "adsorption"
    },
    {
        "start_node": "stability",
        "relationship": "property",
        "end_node": "Fe3O4@Carbon@ZIF-8"
    },
    {
        "start_node": "reusability",
        "relationship": "property",
        "end_node": "Fe3O4@Carbon@ZIF-8"
    }
]