[
    {
        "start_node": "HOF",
        "relationship": "contain",
        "end_node": "Phosphoric acid-based hydrogen-bonded organic framework"
    },
    {
        "start_node": "EP",
        "relationship": "used_in",
        "end_node": "EP/PHOF-1A composite"
    },
    {
        "start_node": "EP/PHOF-1A",
        "relationship": "property",
        "end_node": "Photoluminescence (PL)"
    },
    {
        "start_node": "EP/PHOF-1A",
        "relationship": "property",
        "end_node": "Wavelength-dependent PL response"
    },
    {
        "start_node": "EP/PHOF-1A",
        "relationship": "flame_retardancy",
        "end_node": "Excellent"
    },
    {
        "start_node": "EP",
        "relationship": "improved_by",
        "end_node": "EP/PHOF-1A"
    },
    {
        "start_node": "EP/PHOF-1A",
        "relationship": "reduction",
        "end_node": "pHRR (55.8%)"
    },
    {
        "start_node": "EP/PHOF-1A",
        "relationship": "reduction",
        "end_node": "THR (30.0%)"
    },
    {
        "start_node": "EP/PHOF-1A",
        "relationship": "reduction",
        "end_node": "pSPR (37.9%)"
    },
    {
        "start_node": "PHOF-1A",
        "relationship": "comparison",
        "end_node": "Other porous material FRs"
    }
]