[
    {
        "start_node": "Photocatalytic",
        "relationship": "study",
        "end_node": "properties"
    },
    {
        "start_node": "isostructural",
        "relationship": "belong to",
        "end_node": "complexes"
    },
    {
        "start_node": "cobalt(II)",
        "relationship": "is",
        "end_node": "compound"
    },
    {
        "start_node": "nickel(II)",
        "relationship": "is",
        "end_node": "compound"
    },
    {
        "start_node": "terphenyl-3,3",
        "relationship": "component",
        "end_node": "H4L"
    },
    {
        "start_node": "H2L",
        "relationship": "part of",
        "end_node": "compound"
    },
    {
        "start_node": "phen",
        "relationship": "component",
        "end_node": "1,10-phenanthroline"
    },
    {
        "start_node": "bipy",
        "relationship": "component",
        "end_node": "2,2'-bipyridine"
    },
    {
        "start_node": "CPs",
        "relationship": "used for",
        "end_node": "removal"
    },
    {
        "start_node": "organic pollutants",
        "relationship": "target",
        "end_node": "wastewater"
    },
    {
        "start_node": "photocatalytic degradation",
        "relationship": "strategy",
        "end_node": "safety"
    },
    {
        "start_node": "UV irradiation",
        "relationship": "irradiation",
        "end_node": "process"
    },
    {
        "start_node": "methylene blue (MB)",
        "relationship": "catalyzed",
        "end_node": "degradation"
    },
    {
        "start_node": "methylene violet (MV)",
        "relationship": "catalyzed",
        "end_node": "degradation"
    },
    {
        "start_node": "Ni(II)-based photocatalyst 1",
        "relationship": "outperforms",
        "end_node": "Co(II)-based"
    },
    {
        "start_node": "Hirshfeld surface analyses",
        "relationship": "used to explain",
        "end_node": "differences"
    }
]