[
    {
        "start_node": "HOF",
        "relationship": "contain",
        "end_node": "facile high yield"
    },
    {
        "start_node": "HOF",
        "relationship": "contain",
        "end_node": "excellent catalytic performance"
    },
    {
        "start_node": "HOF",
        "relationship": "synthesis",
        "end_node": "lanthanide phosphine oxide complexes"
    },
    {
        "start_node": "HOF",
        "relationship": "study",
        "end_node": "photocatalysis"
    },
    {
        "start_node": "HOF",
        "relationship": "study",
        "end_node": "THz spectra"
    },
    {
        "start_node": "complex 1-3",
        "relationship": "catalyst",
        "end_node": "MB degradation"
    },
    {
        "start_node": "complex 2",
        "relationship": "highest removal rate",
        "end_node": "99.50%"
    },
    {
        "start_node": "MB solution",
        "relationship": "effect on",
        "end_node": "photocatalysis"
    },
    {
        "start_node": "organic dyes",
        "relationship": "impact on",
        "end_node": "photocatalysis"
    },
    {
        "start_node": "complex 1-3",
        "relationship": "structure",
        "end_node": "seven-coordinated mononuclear"
    },
    {
        "start_node": "THz spectroscopy",
        "relationship": "application",
        "end_node": "characterize lanthanide complexes"
    }
]