[
    {
        "start_node": "GAM-7",
        "relationship": "formed_by",
        "end_node": "AlPO4-5"
    },
    {
        "start_node": "AlPO4-5",
        "relationship": "transformed_to",
        "end_node": "GAM-7"
    },
    {
        "start_node": "SAPO-5",
        "relationship": "interconverted_to",
        "end_node": "[Si]GAM-7"
    },
    {
        "start_node": "[Si]GAM-7",
        "relationship": "type_of",
        "end_node": "organic-inorganic hybrid layered aluminophosphate"
    },
    {
        "start_node": "GAM-7",
        "relationship": "contains",
        "end_node": "terminal POH group"
    },
    {
        "start_node": "GAM-7",
        "relationship": "OSDA_interaction",
        "end_node": "diisopropylamine"
    },
    {
        "start_node": "diisopropylamine",
        "relationship": "as",
        "end_node": "OSDA"
    },
    {
        "start_node": "AlPO4-5",
        "relationship": "synthesis_method",
        "end_node": "hydrothermal synthesis"
    },
    {
        "start_node": "GAM-7",
        "relationship": "not_synthesized_from",
        "end_node": "silico-aluminophosphate hydrogel"
    },
    {
        "start_node": "pH_values",
        "relationship": "tracked_during",
        "end_node": "transformation"
    },
    {
        "start_node": "transformation",
        "relationship": "process",
        "end_node": "interzeolite conversion"
    }
]