[
    {
        "start_node": "HOF",
        "relationship": "contain",
        "end_node": "organic cage molecule"
    },
    {
        "start_node": "organic cage molecule",
        "relationship": "crystallized with",
        "end_node": "guests"
    },
    {
        "start_node": "guests",
        "relationship": "type of",
        "end_node": "hydrogen bond donors"
    },
    {
        "start_node": "guests",
        "relationship": "specific examples",
        "end_node": "resorcinol"
    },
    {
        "start_node": "guests",
        "relationship": "specific examples",
        "end_node": "pyrogallol"
    },
    {
        "start_node": "guests",
        "relationship": "specific examples",
        "end_node": "hydroquinone"
    },
    {
        "start_node": "guests",
        "relationship": "specific examples",
        "end_node": "diaminobenzene"
    },
    {
        "start_node": "cocrystals",
        "relationship": "formed by",
        "end_node": "hydroquinone, diaminobenzene"
    },
    {
        "start_node": "cocrystals",
        "relationship": "hydrogen bonding",
        "end_node": "nitrile groups of cage"
    }
]