[
    {
        "start_node": "HOF",
        "relationship": "mention",
        "end_node": "Chromatographic Enantiomer Separation"
    },
    {
        "start_node": "CSPs",
        "relationship": "derive_from",
        "end_node": "9-amino-9-(deoxy)-epiquinine (eAQN)"
    },
    {
        "start_node": "CSPs",
        "relationship": "contain",
        "end_node": "N-pivaloyl-glycine"
    },
    {
        "start_node": "CSPs",
        "relationship": "contain",
        "end_node": "N-pivaloyl-(S)-valine"
    },
    {
        "start_node": "CSPs",
        "relationship": "contain",
        "end_node": "N-pivaloyl-(R)-valine"
    },
    {
        "start_node": "CSPs",
        "relationship": "property",
        "end_node": "chiral stationary phases"
    },
    {
        "start_node": "analytes",
        "relationship": "tested_on",
        "end_node": "N-carbamoyl protected amino acids"
    },
    {
        "start_node": "CSP derived from (S)-valine",
        "relationship": "binding_preference",
        "end_node": "N-carbamoyl-(S)-amino acids"
    },
    {
        "start_node": "CSPs featuring (R)-valine",
        "relationship": "binding_preference",
        "end_node": "opposite enantioselective binding"
    },
    {
        "start_node": "CSPs featuring glycine-derived",
        "relationship": "binding_preference",
        "end_node": "opposite enantioselective binding"
    },
    {
        "start_node": "mechanisms",
        "relationship": "involve",
        "end_node": "intermolecular ion pairing, hydrogen bonding, steric interactions"
    },
    {
        "start_node": "findings",
        "relationship": "implication",
        "end_node": "control chiral recognition via additional stereogenic centers"
    },
    {
        "start_node": "application",
        "relationship": "usefulness_for",
        "end_node": "design of new enantioselective receptors and organocatalysts"
    }
]