[
    {
        "start_node": "Supramolecular",
        "relationship": "assemble",
        "end_node": "open-framework"
    },
    {
        "start_node": "dicarboxylate",
        "relationship": "form",
        "end_node": "H-bond-acceptors"
    },
    {
        "start_node": "polytopic-cations",
        "relationship": "contain",
        "end_node": "three/four-N-H+"
    },
    {
        "start_node": "H3TrIB",
        "relationship": "form",
        "end_node": "network-1"
    },
    {
        "start_node": "CA(2-)",
        "relationship": "combine",
        "end_node": "H3TrIB"
    },
    {
        "start_node": "DMF",
        "relationship": "coordinate",
        "end_node": "network-1"
    },
    {
        "start_node": "H2O",
        "relationship": "hydrate",
        "end_node": "network-1"
    },
    {
        "start_node": "H(4)Tetrapy",
        "relationship": "form",
        "end_node": "network-2"
    },
    {
        "start_node": "CA(2-)",
        "relationship": "combine",
        "end_node": "H(4)Tetrapy"
    },
    {
        "start_node": "DMF",
        "relationship": "coordinate",
        "end_node": "network-2"
    },
    {
        "start_node": "1D",
        "relationship": "network-type",
        "end_node": "network-3"
    },
    {
        "start_node": "H3TrIB",
        "relationship": "form",
        "end_node": "network-3"
    },
    {
        "start_node": "Ox(2-)",
        "relationship": "form",
        "end_node": "network-4"
    },
    {
        "start_node": "H(4)Tetrapy",
        "relationship": "form",
        "end_node": "network-4-5"
    },
    {
        "start_node": "2D",
        "relationship": "network-type",
        "end_node": "network-5"
    },
    {
        "start_node": "BDC2-",
        "relationship": "form",
        "end_node": "network-5"
    },
    {
        "start_node": "adamantanoid cages",
        "relationship": "feature",
        "end_node": "voids"
    },
    {
        "start_node": "guest departure",
        "relationship": "explore",
        "end_node": "robustness"
    },
    {
        "start_node": "gas sorption properties",
        "relationship": "explore",
        "end_node": "materials-1-2"
    }
]