[
    {
        "start_node": "Experiment",
        "relationship": "study",
        "end_node": "Na+(CH3OH)N clusters"
    },
    {
        "start_node": "Solvation process",
        "relationship": "method",
        "end_node": "Molecular beam preparation"
    },
    {
        "start_node": "Methanol",
        "relationship": "combine_with",
        "end_node": "Sodium ions"
    },
    {
        "start_node": "Cluster size",
        "relationship": "influence",
        "end_node": "Vibrational spectrum"
    },
    {
        "start_node": "CO2 laser",
        "relationship": "used_for",
        "end_node": "Vibrational spectrum recording"
    },
    {
        "start_node": "First solvation sphere",
        "relationship": "contains",
        "end_node": "Six methanol molecules"
    },
    {
        "start_node": "Further solvent shells",
        "relationship": "observed_for",
        "end_node": "N > 6"
    },
    {
        "start_node": "Monte Carlo simulations",
        "relationship": "investigate",
        "end_node": "Na+(CH3OH)N, N=6-24"
    },
    {
        "start_node": "Radial distribution functions",
        "relationship": "display",
        "end_node": "Solvation shell structure"
    },
    {
        "start_node": "Hydrogen bonding",
        "relationship": "role",
        "end_node": "Rest of the cluster structure"
    },
    {
        "start_node": "Internal energy",
        "relationship": "estimated_by",
        "end_node": "Time-of-flight measurements"
    },
    {
        "start_node": "Evaporative ensemble formalism",
        "relationship": "used_in",
        "end_node": "Internal energy calculations"
    }
]