[
    {
        "start_node": "Synthesis",
        "relationship": "describes",
        "end_node": "Coordination Polymer 1"
    },
    {
        "start_node": "Coordination Polymer 1",
        "relationship": "contains",
        "end_node": "Zn(II)"
    },
    {
        "start_node": "Coordination Polymer 1",
        "relationship": "constructed with",
        "end_node": "4,4'-(Dihydroxymethylene)dibenzoic Acid (H2dhmdb)"
    },
    {
        "start_node": "Synthesis Conditions",
        "relationship": "method",
        "end_node": "Hydrothermal reaction"
    },
    {
        "start_node": "Synthesis Products",
        "relationship": "produces",
        "end_node": "[Zn(dhmdb)(2,2'-bpy)](n) 1"
    },
    {
        "start_node": "Characterization",
        "relationship": "methods",
        "end_node": "FT-IR spectroscopy"
    },
    {
        "start_node": "Characterization",
        "relationship": "methods",
        "end_node": "Thermal Analysis"
    },
    {
        "start_node": "Characterization",
        "relationship": "methods",
        "end_node": "Single-crystal X-ray diffraction"
    },
    {
        "start_node": "Crystal Structure 1",
        "relationship": "data",
        "end_node": "orthorhombic, space group Pbca"
    },
    {
        "start_node": "Crystal Structure 1",
        "relationship": "data",
        "end_node": "a = 14.031(3) angstrom"
    },
    {
        "start_node": "Crystal Structure 1",
        "relationship": "data",
        "end_node": "Compound 1: ZnC25H18N2O6"
    }
]