[
    {
        "start_node": "HOF",
        "relationship": "contain",
        "end_node": "TPPA-DTM-COF"
    },
    {
        "start_node": "HOF",
        "relationship": "contain",
        "end_node": "TPPA-BMTP-COF"
    },
    {
        "start_node": "HOF",
        "relationship": "contain",
        "end_node": "TPPA-BETP-COF"
    },
    {
        "start_node": "TPPA-DTM-COF",
        "relationship": "property",
        "end_node": "high crystallinity"
    },
    {
        "start_node": "TPPA-DTM-COF",
        "relationship": "property",
        "end_node": "large specific surface area"
    },
    {
        "start_node": "TPPA-DTM-COF",
        "relationship": "property",
        "end_node": "high thermochemical stability"
    },
    {
        "start_node": "TPPA-DTM-COF",
        "relationship": "fluorescence",
        "end_node": "increased intensity"
    },
    {
        "start_node": "TPPA-DTM-COF",
        "relationship": "response_to",
        "end_node": "water"
    },
    {
        "start_node": "TPPA-DTM-COF",
        "relationship": "detect_limit",
        "end_node": "0.27%"
    },
    {
        "start_node": "TPPA-DTM-COF",
        "relationship": "mechanism",
        "end_node": "hydrogen bonding"
    },
    {
        "start_node": "TPPA-DTM-COF",
        "relationship": "mechanism",
        "end_node": "enhanced ICT"
    }
]