[
    {
        "start_node": "HOF",
        "relationship": "contains",
        "end_node": "Forcing Dicyanamide Coordination"
    },
    {
        "start_node": "HOF",
        "relationship": "contains",
        "end_node": "lanthanide dicyanamide (DCA(-)) complexes"
    },
    {
        "start_node": "HOF",
        "relationship": "route",
        "end_node": "dicyanamide-based ionic liquids (ILs)"
    },
    {
        "start_node": "HOF",
        "relationship": "involves",
        "end_node": "f-element salts"
    },
    {
        "start_node": "HOF",
        "relationship": "features",
        "end_node": "[Ln(DCA)(4)(H2O)(4)](-) anionic nodes"
    },
    {
        "start_node": "HOF",
        "relationship": "uses",
        "end_node": "single crystal X-ray diffraction"
    },
    {
        "start_node": "HOF",
        "relationship": "investigates",
        "end_node": "physical properties"
    },
    {
        "start_node": "HOF",
        "relationship": "includes",
        "end_node": "luminescence study (Eu, Tb, Dy)"
    },
    {
        "start_node": "C(2)mim",
        "relationship": "ion",
        "end_node": "1-ethyl-3-methylimidazolium"
    },
    {
        "start_node": "Ln",
        "relationship": "lanthanides",
        "end_node": "La, Nd, Eu, Tb, Dy, Yb"
    },
    {
        "start_node": "C(1)mim",
        "relationship": "ion",
        "end_node": "1,3-dimethylimidazolium"
    },
    {
        "start_node": "DCA",
        "relationship": "ligand",
        "end_node": "dicyanamide"
    }
]