[
    {
        "start_node": "TI",
        "relationship": "discusses",
        "end_node": "crystal structure"
    },
    {
        "start_node": "crystal structure",
        "relationship": "belongs to",
        "end_node": "orthorhombic Pbca space group"
    },
    {
        "start_node": "Pbca space group",
        "relationship": "characterizes",
        "end_node": "centrosymmetric"
    },
    {
        "start_node": "TI",
        "relationship": "contains",
        "end_node": "[(C3H7)(4)N][SbBr4]"
    },
    {
        "start_node": "compound",
        "relationship": "is",
        "end_node": "organic-inorganic hybrid"
    },
    {
        "start_node": "compound",
        "relationship": "compared to",
        "end_node": "perovskite system"
    },
    {
        "start_node": "structure",
        "relationship": "consists of",
        "end_node": "alternation of layers"
    },
    {
        "start_node": "layers",
        "relationship": "made of",
        "end_node": "[(C3H7)(4)N](+)"
    },
    {
        "start_node": "layers",
        "relationship": "and",
        "end_node": "[SbBr4](-)"
    },
    {
        "start_node": "compound",
        "relationship": "features",
        "end_node": "hydrogen bonds"
    },
    {
        "start_node": "phase transitions",
        "relationship": "observed in",
        "end_node": "T-1: 343 K, T-2: 363 K"
    },
    {
        "start_node": "Raman spectra",
        "relationship": "studied for",
        "end_node": "temperature range 303-380 K"
    },
    {
        "start_node": "spectra",
        "relationship": "displays",
        "end_node": "evolution with phase transitions"
    },
    {
        "start_node": "conductivity",
        "relationship": "analyzed through",
        "end_node": "complex impedance spectrum"
    },
    {
        "start_node": "impedance spectrum",
        "relationship": "indicates",
        "end_node": "grain effect"
    },
    {
        "start_node": "conductivity",
        "relationship": "follows",
        "end_node": "Arrhenius-type behavior"
    }
]