[
    {
        "start_node": "study",
        "relationship": "discusses",
        "end_node": "chemical warfare agent simulants detoxification"
    },
    {
        "start_node": "strategy",
        "relationship": "uses",
        "end_node": "Fe3O4/UIO-66-NH2/ILs@mSiO2"
    },
    {
        "start_node": "material",
        "relationship": "contains",
        "end_node": "core-shell structure"
    },
    {
        "start_node": "catalyst",
        "relationship": "improves",
        "end_node": "hydrolysis efficiency"
    },
    {
        "start_node": "catalyst",
        "relationship": "facilitates",
        "end_node": "Fenton-like reactions"
    },
    {
        "start_node": "tests",
        "relationship": "evaluates",
        "end_node": "DMNP degradation (half-life: 128.36 min)"
    },
    {
        "start_node": "tests",
        "relationship": "evaluates",
        "end_node": "2-CEES degradation (half-life: 1.12 min)"
    },
    {
        "start_node": "characteristics",
        "relationship": "indicates",
        "end_node": "magnetic separation (60 s)"
    },
    {
        "start_node": "material",
        "relationship": "feature",
        "end_node": "biocompatibility"
    },
    {
        "start_node": "material",
        "relationship": "environmentally friendly"
    },
    {
        "start_node": "pathways",
        "relationship": "revealed by",
        "end_node": "NMR, GC-MS"
    },
    {
        "start_node": "analysis",
        "relationship": "employs",
        "end_node": "DFT calculations"
    },
    {
        "start_node": "application",
        "relationship": "suggests",
        "end_node": "multi-effect synergistic catalysts"
    }
]