[
    {
        "start_node": "Synthesis",
        "relationship": "describes",
        "end_node": "Copper(II) MOF"
    },
    {
        "start_node": "Structure",
        "relationship": "describes",
        "end_node": "Copper(II) MOF"
    },
    {
        "start_node": "Magnetic Properties",
        "relationship": "describes",
        "end_node": "Copper(II) MOF"
    },
    {
        "start_node": "Copper(II) MOF",
        "relationship": "has_component",
        "end_node": "biphenyl-2,2,4,4-tetracarboxylic acid"
    },
    {
        "start_node": "bptc",
        "relationship": "forms",
        "end_node": "Cu-2(bptc)(H2O)(4)"
    },
    {
        "start_node": "Hydrothermal synthesis",
        "relationship": "method",
        "end_node": "Copper(II) MOF"
    },
    {
        "start_node": "Single-crystal X-ray diffraction",
        "relationship": "characterization",
        "end_node": "Copper(II) MOF"
    },
    {
        "start_node": "Magnetic analysis",
        "relationship": "uses_model",
        "end_node": "dimer-plus-monomer model"
    },
    {
        "start_node": "Dinuclear unit",
        "relationship": "contains",
        "end_node": "strong antiferromagnetic coupling"
    },
    {
        "start_node": "J (-311 cm(-1))",
        "relationship": "represents",
        "end_node": "coupling strength"
    },
    {
        "start_node": "Low temperature behavior",
        "relationship": "property",
        "end_node": "mononuclear molecular"
    }
]