[
    {
        "start_node": "Effects",
        "relationship": "discusses",
        "end_node": "Metal Ions"
    },
    {
        "start_node": "Metal Ions",
        "relationship": "impact_on",
        "end_node": "Coordination Polymers"
    },
    {
        "start_node": "Coordination Polymers",
        "relationship": "contains",
        "end_node": "d10 Metal-organic Complexes"
    },
    {
        "start_node": "Complexes",
        "relationship": "formed_by",
        "end_node": "Zn(II)/Cd(H) Nitrates"
    },
    {
        "start_node": "Nitrates",
        "relationship": "react_with",
        "end_node": "L"
    },
    {
        "start_node": "L",
        "relationship": "is",
        "end_node": "2-carboxymethylsulfanyl nicotinic acid"
    },
    {
        "start_node": "L",
        "relationship": "is",
        "end_node": "phenanthroline"
    },
    {
        "start_node": "L",
        "relationship": "is",
        "end_node": "bppdc"
    },
    {
        "start_node": "New Complexes",
        "relationship": "includes",
        "end_node": "[Zn(L)(phen)(H2O)] (1)"
    },
    {
        "start_node": "1",
        "relationship": "is",
        "end_node": "1-D helical"
    },
    {
        "start_node": "1",
        "relationship": "linked_by",
        "end_node": "Zn-II atoms"
    },
    {
        "start_node": "Compound 2",
        "relationship": "features",
        "end_node": "double-chain structure"
    },
    {
        "start_node": "2",
        "relationship": "connects",
        "end_node": "binuclear Cd-II units"
    },
    {
        "start_node": "Photoluminescence",
        "relationship": "investigated_in",
        "end_node": "Compounds 1-4"
    },
    {
        "start_node": "Photocatalytic Activities",
        "relationship": "tested_in",
        "end_node": "Compounds 1-4"
    },
    {
        "start_node": "Effects",
        "relationship": "discussed",
        "end_node": "N-donor Ligands"
    },
    {
        "start_node": "N-donor Ligands",
        "relationship": "difference_in",
        "end_node": "coordination character"
    },
    {
        "start_node": "Coordination Character",
        "relationship": "affects",
        "end_node": "Structure and Properties"
    }
]