[
    {
        "start_node": "Coordination polymers",
        "relationship": "synthesis",
        "end_node": "[Zn(L)(2)(H2O)(2)]·3H2O (1)"
    },
    {
        "start_node": "Coordination polymers",
        "relationship": "synthesis",
        "end_node": "[Cd(L)(2)(H2O)(2)]·3H2O (2)"
    },
    {
        "start_node": "Coordination polymers",
        "relationship": "synthesis",
        "end_node": "[Zn(L)Cl]·2H2O (3)"
    },
    {
        "start_node": "Coordination polymers",
        "relationship": "synthesis",
        "end_node": "[Cd(L)Cl] (4)"
    },
    {
        "start_node": "Coordination polymers",
        "relationship": "synthesis",
        "end_node": "[Cd(L)(NDC)(0.5)] (5)"
    },
    {
        "start_node": "Complex 1",
        "relationship": "structure",
        "end_node": "meso-helical chain"
    },
    {
        "start_node": "Complex 1",
        "relationship": "connectivity",
        "end_node": "3D supramolecular network"
    },
    {
        "start_node": "Complex 2",
        "relationship": "isostructural",
        "end_node": "Complex 1"
    },
    {
        "start_node": "Complex 3",
        "relationship": "structure",
        "end_node": "2D network with (6,3) topology"
    },
    {
        "start_node": "Complex 4",
        "relationship": "topology",
        "end_node": "{4(2).6}(2){4(4).6(2).8(8).10}"
    },
    {
        "start_node": "Complex 5",
        "relationship": "topology",
        "end_node": "(3,8)-connected tfz-d framework"
    },
    {
        "start_node": "Properties",
        "relationship": "investigated",
        "end_node": "thermal stability"
    },
    {
        "start_node": "Properties",
        "relationship": "investigated",
        "end_node": "luminescent properties"
    },
    {
        "start_node": "Properties",
        "relationship": "investigated",
        "end_node": "powder X-ray diffraction (PXRD)"
    }
]