[
    {
        "start_node": "HOF",
        "relationship": "contain",
        "end_node": "H-2[Cd-9(DDB)(4)(BPP)(4)(H2O)(14)] . 4H2O . 2DMA"
    },
    {
        "start_node": "HOF",
        "relationship": "property",
        "end_node": "2D honeycomb structures and 1D chain structures"
    },
    {
        "start_node": "HOF",
        "relationship": "property",
        "end_node": "ABAB 3D supramolecular structure"
    },
    {
        "start_node": "HOF",
        "relationship": "encapsulation",
        "end_node": " Ln(III) ions (Ln = Eu and Tb)"
    },
    {
        "start_node": "HOF",
        "relationship": "modification",
        "end_node": " Ln(III)@1 (1a, lb)"
    },
    {
        "start_node": "HOF",
        "relationship": "emission property",
        "end_node": "tunable white light emission"
    },
    {
        "start_node": "HOF",
        "relationship": "application",
        "end_node": "fluorescent probe"
    },
    {
        "start_node": "HOF",
        "relationship": "application",
        "end_node": "bilirubin detection"
    },
    {
        "start_node": "HOF",
        "relationship": "detection limit",
        "end_node": "0.250 μM"
    },
    {
        "start_node": "HOF",
        "relationship": "application",
        "end_node": "reusability"
    },
    {
        "start_node": "HOF",
        "relationship": "application",
        "end_node": "serum sample detection"
    },
    {
        "start_node": "HOF",
        "relationship": "detection limit (serum)",
        "end_node": "0.279 μM"
    }
]