[
    {
        "start_node": "HOF",
        "relationship": "contain",
        "end_node": "Schiff base networks"
    },
    {
        "start_node": "Schiff base networks",
        "relationship": "coating",
        "end_node": "stir bar"
    },
    {
        "start_node": "stir bar",
        "relationship": "method",
        "end_node": "SBSE"
    },
    {
        "start_node": "SBSE",
        "relationship": "coupled with",
        "end_node": "HPLC-UV"
    },
    {
        "start_node": "SNWs",
        "relationship": "prepared from",
        "end_node": "melamine, 3,5-dihydroxybenzaldehyde"
    },
    {
        "start_node": "SNWs",
        "relationship": "rich in",
        "end_node": "triazine rings, hydroxyl groups, amino groups"
    },
    {
        "start_node": "SNWs",
        "relationship": "extracts via",
        "end_node": "hydrophobic, π-π, hydrogen bonding"
    },
    {
        "start_node": "SNWs/PDMS stir bar",
        "relationship": "mechanical stability",
        "end_node": "reused over 50 times"
    },
    {
        "start_node": "SNWs/PDMS stir bar",
        "relationship": "extraction efficiency",
        "end_node": "70-76%"
    },
    {
        "start_node": "limit of detection",
        "relationship": "for pyrethroid pesticides",
        "end_node": "0.20-0.66 μg/L"
    },
    {
        "start_node": "method",
        "relationship": "applied to",
        "end_node": "determination of pyrethroid pesticides in cigarettes"
    },
    {
        "start_node": "method",
        "relationship": "recovery",
        "end_node": "82-117% for spiked samples"
    }
]