[
    {
        "start_node": "HOF",
        "relationship": "contain",
        "end_node": "Efficient Removal of Anionic Radioactive Pollutant"
    },
    {
        "start_node": "Efficient Removal",
        "relationship": "method",
        "end_node": "urea-functionalized mesoporous polymeric nanoparticle"
    },
    {
        "start_node": "urea-functionalized MPN",
        "relationship": "product",
        "end_node": "nano material"
    },
    {
        "start_node": "urea-MPN",
        "relationship": "synthesis",
        "end_node": "surfactant-directed assembly"
    },
    {
        "start_node": "urea-MPN",
        "relationship": "property",
        "end_node": "uniform spherical morphology"
    },
    {
        "start_node": "urea-MPN",
        "relationship": "property",
        "end_node": "3D ordered cubic mesoporous structure"
    },
    {
        "start_node": "urea-MPN",
        "relationship": "property",
        "end_node": "beta radiation resistance"
    },
    {
        "start_node": "urea-MPN",
        "relationship": "application",
        "end_node": "removal of ReO4- (TcO4- surrogate)"
    },
    {
        "start_node": "urea-MPN",
        "relationship": "performance",
        "end_node": "high removal efficiency at 0.25 mM, 30 min"
    },
    {
        "start_node": "urea-MPN",
        "relationship": "mechanism",
        "end_node": "hydrogen bonding interaction with ReO4-"
    },
    {
        "start_node": "urea-MPN",
        "relationship": "selectivity",
        "end_node": "selective capture of ReO4- (NO3-, CO32-, SO42-, PO43- competition)"
    },
    {
        "start_node": "urea-MPN",
        "relationship": "application前景",
        "end_node": "decontamination of nuclear waste, sustainable manner"
    }
]