[
    {
        "start_node": "Synthesis",
        "relationship": "describes",
        "end_node": "5-Arylidene derivatives"
    },
    {
        "start_node": "Meldrum's acid",
        "relationship": "contains",
        "end_node": "5-(4-chlorobenzylidene)-2,2-dimethyl-1,3-dioxane-4,6-dione (2)"
    },
    {
        "start_node": "Meldrum's acid",
        "relationship": "contains",
        "end_node": "5-(3-hydroxybenzylidene)-2,2-dimethyl-1,3-dioxane-4,6-dione (3)"
    },
    {
        "start_node": "Meldrum's acid",
        "relationship": "contains",
        "end_node": "5-(3,4-dimethoxybenzylidene)-2,2-dimethyl-1,3-dioxane-4,6-dione (4)"
    },
    {
        "start_node": "Meldrum's acid",
        "relationship": "contains",
        "end_node": "5-(2,4-dimethoxy benzylidene)-2,2-dimethyl-1,3-dioxane-4,6-dione (5)"
    },
    {
        "start_node": "Crystal structure",
        "relationship": "determined by",
        "end_node": "single crystal X-ray diffraction (2, 4, 5); X-ray powder diffraction (3)"
    },
    {
        "start_node": "Interactions",
        "relationship": "analyzed",
        "end_node": "Hirshfeld surfaces, 2D fingerprint plots"
    },
    {
        "start_node": "DFT optimized molecular geometries",
        "relationship": "consistent with",
        "end_node": "crystallographic studies"
    },
    {
        "start_node": "Crystal packing",
        "relationship": "features",
        "end_node": "O-H···O, C-H···O, C-H···Cl, C-H···π (arene) hydrogen bonds, π···π interactions"
    },
    {
        "start_node": "Hirshfeld surface analysis",
        "relationship": "indicates",
        "end_node": "85% of surface area due to H···H, O···H, C···H contacts (72% in 2 with H···Cl contribution)"
    },
    {
        "start_node": "Energy gap",
        "relationship": "measured",
        "end_node": "HOMO-LUMO > 2.2 eV"
    },
    {
        "start_node": "Copyright",
        "relationship": "applies to",
        "end_node": "(C) 2015 Elsevier B.V."
    }
]