[
    {
        "start_node": "HOF",
        "relationship": "contain",
        "end_node": "Two 2D multiresponsive luminescence coordination polymers"
    },
    {
        "start_node": "CPs",
        "relationship": "formed_by",
        "end_node": "solventothermal reaction"
    },
    {
        "start_node": "CPs 1",
        "relationship": "composition",
        "end_node": "[Zn(L)(H2O)(2)] center dot H2O"
    },
    {
        "start_node": "CPs 2",
        "relationship": "composition",
        "end_node": "[Cd(L)(H2O)(2)] center dot 4H(2)O"
    },
    {
        "start_node": "CPs 1",
        "relationship": "structure",
        "end_node": "2D honeycomb layer network"
    },
    {
        "start_node": "CPs 2",
        "relationship": "structure",
        "end_node": "2D honeycomb layer network"
    },
    {
        "start_node": "CPs 1",
        "relationship": "connectivity",
        "end_node": "hydrogen bonds (3D)"
    },
    {
        "start_node": "Coordination",
        "relationship": "present_in",
        "end_node": "CPs 1, 2"
    },
    {
        "start_node": "Water molecules",
        "relationship": "coordination",
        "end_node": "CPs 1, 2"
    },
    {
        "start_node": "Amide groups",
        "relationship": "feature",
        "end_node": "CPs 1, 2"
    },
    {
        "start_node": "Stability",
        "relationship": "property",
        "end_node": "aqueous systems, pH 3-12"
    },
    {
        "start_node": "Sensing",
        "relationship": "capability",
        "end_node": "Fe3+, Cr-VI anions, TNP"
    },
    {
        "start_node": "CPs 1, 2",
        "relationship": "sensitive_to",
        "end_node": "Fe3+ ions"
    },
    {
        "start_node": "CPs 1, 2",
        "relationship": "sensitive_to",
        "end_node": "CrO42-, Cr2O72-"
    },
    {
        "start_node": "CPs 1, 2",
        "relationship": "sensitive_to",
        "end_node": "TNP"
    },
    {
        "start_node": "Luminescence response",
        "relationship": "mechanism",
        "end_node": "investigated"
    },
    {
        "start_node": "Versatility",
        "relationship": "example_of",
        "end_node": "Zn/Cd-CP probes"
    }
]