[
    {
        "start_node": "HOF",
        "relationship": "contain",
        "end_node": "N and P codoped carbonized polymer dots"
    },
    {
        "start_node": "N and P codoped carbonized polymer dots",
        "relationship": "property",
        "end_node": "ultralong-lived RTP"
    },
    {
        "start_node": "ultralong-lived RTP",
        "relationship": "delay_time",
        "end_node": "23 s"
    },
    {
        "start_node": "N and P codoped carbonized polymer dots",
        "relationship": "feature",
        "end_node": "self-protective covalently crosslinked frameworks"
    },
    {
        "start_node": "N and P codoped carbonized polymer dots",
        "relationship": "feature",
        "end_node": "hydrogen-bonded skeletons"
    },
    {
        "start_node": "N and P codoped carbonized polymer dots",
        "relationship": "application",
        "end_node": "information encryption"
    },
    {
        "start_node": "N and P codoped carbonized polymer dots",
        "relationship": "application",
        "end_node": "anticounterfeiting"
    },
    {
        "start_node": "N and P codoped carbonized polymer dots",
        "relationship": "processing",
        "end_node": "fast and one-step synthesis"
    },
    {
        "start_node": "N and P codoped carbonized polymer dots",
        "relationship": "stability",
        "end_node": "water solubility"
    },
    {
        "start_node": "N and P codoped carbonized polymer dots",
        "relationship": "stability",
        "end_node": "color conservation"
    }
]