[
    {
        "start_node": "Syntheses",
        "relationship": "describe",
        "end_node": "hydrothermal synthesis"
    },
    {
        "start_node": "Crystal structures",
        "relationship": "reveal",
        "end_node": "single-crystal X-ray diffraction"
    },
    {
        "start_node": "Electrochemical properties",
        "relationship": "studied",
        "end_node": "cobalt(II) compounds"
    },
    {
        "start_node": "Cobalt complexes",
        "relationship": "constructed with",
        "end_node": "benzene tricarboxylates (1,2,4-H3BTC, 1,3,5-H3BTC)"
    },
    {
        "start_node": "Complex 1",
        "relationship": "contains",
        "end_node": "[Co(1,3,5-BTC)(4-bpo)(H2O)(3)][Co(H2O)(6)] dot 10H2O (1)"
    },
    {
        "start_node": "Complex 2",
        "relationship": "contains",
        "end_node": "[Co-3(1,2,4-BTC)(2)(3-bpo)(2)(H2O)(12)]"
    },
    {
        "start_node": "Complex 1",
        "relationship": "structure",
        "end_node": "3-D porous supramolecular network, 1-D polymer chain [Cod(1,3,5-BTC)(4-bpo)(H2O)(3)]^(2n)(2n-)"
    },
    {
        "start_node": "Complex 2",
        "relationship": "structure",
        "end_node": "trinuclear cobalt unit, 3-D supramolecular framework, pi-pi stacking, hydrogen-bonding"
    },
    {
        "start_node": "Complexes",
        "relationship": "electrochemistry",
        "end_node": "bulk-modified carbon paste electrodes (1-CPE, 2-CPE)"
    }
]