[
    {
        "start_node": "HOF",
        "relationship": "contain",
        "end_node": "microporous hydrogen-bonding framework"
    },
    {
        "start_node": "framework",
        "relationship": "constructed with",
        "end_node": "tetrathiafulvalene tetracarboxylate ligand"
    },
    {
        "start_node": "ligand",
        "relationship": "name",
        "end_node": "tetrathiafulvalene tetracarboxylate"
    },
    {
        "start_node": "complex",
        "relationship": "synthesized as",
        "end_node": "[Co-2(mu(2)-OH2)(2)(H2O)R][H-2(TC-TTF)](2) . 2H(2)O"
    },
    {
        "start_node": "complex",
        "relationship": "components",
        "end_node": "H-4(TC-TTF), COCl(2 . 6H(2)O)"
    },
    {
        "start_node": "network",
        "relationship": "formed by",
        "end_node": "hydrogen-bonding, S S interactions"
    },
    {
        "start_node": "network",
        "relationship": "dimension",
        "end_node": "1D, microporous, a axis (3.5x4.7 Å)"
    },
    {
        "start_node": "complex",
        "relationship": "property",
        "end_node": "variable-temperature magnetic susceptibility"
    },
    {
        "start_node": "susceptibility",
        "relationship": "measurement range",
        "end_node": "1.8-300 K"
    },
    {
        "start_node": "complex",
        "relationship": "magnetic behavior",
        "end_node": "weak ferromagnetic coupling, Co-II ions"
    },
    {
        "start_node": "complex",
        "relationship": "copyright",
        "end_node": "(C) 2008 Elsevier B.V., all rights reserved"
    }
]