[
    {
        "start_node": "HOF",
        "relationship": "contain",
        "end_node": "Transition Metal Titanophosphates"
    },
    {
        "start_node": "HOF",
        "relationship": "property",
        "end_node": "Intercalated Molecular Photoluminescence"
    },
    {
        "start_node": "HOF",
        "relationship": "property",
        "end_node": "Catalytic Properties"
    },
    {
        "start_node": "alpha-TiP",
        "relationship": "structure",
        "end_node": "layered structure"
    },
    {
        "start_node": "alpha-TiP",
        "relationship": "modification",
        "end_node": "TiZn(PO4)(2)(H2O)(PCA) (1)"
    },
    {
        "start_node": "zinc ions",
        "relationship": "coordination",
        "end_node": "4-pyridinecarboxylic acid (PCA)"
    },
    {
        "start_node": "zinc center",
        "relationship": "unprecedented",
        "end_node": "metalloenzyme systems"
    },
    {
        "start_node": "TiZn(PO4)(2)(H2O)(PCA) (1)",
        "relationship": "intercalation",
        "end_node": "4,4-trimethylenedipyridine (TMDP)"
    },
    {
        "start_node": "luminescence property",
        "relationship": "emission",
        "end_node": "blue-to-white light"
    },
    {
        "start_node": "TMDP",
        "relationship": "synthesis",
        "end_node": "Ti4Zn2(H2TPB)(PO4)(4)(HPO4)(4)(H2PO4)(2) (2)"
    },
    {
        "start_node": "in situ C-C cracking",
        "relationship": "process",
        "end_node": "ligand formation"
    },
    {
        "start_node": "photocatalysis",
        "relationship": "exploitation",
        "end_node": "polymerization"
    }
]