[
    {
        "start_node": "HOF",
        "relationship": "synthesized_by",
        "end_node": "[Cd(HBTC)-BPE](n) . nDMF"
    },
    {
        "start_node": "[Cd(HBTC)-BPE](n) . nDMF",
        "relationship": "desolvation",
        "end_node": "Compound 2"
    },
    {
        "start_node": "Compound 2",
        "relationship": "topology",
        "end_node": "3,5-connected network, Schlafli symbol [(6(3))(6(9).8), hms]"
    },
    {
        "start_node": "Compound 1",
        "relationship": "transformation",
        "end_node": "Compound 2 (SC SC)"
    },
    {
        "start_node": "Compound 2",
        "relationship": "immersed_in",
        "end_node": [
            "benzene",
            "chloroform",
            "1,4-dioxane",
            "tetrahydrofuran"
        ]
    },
    {
        "start_node": "Desolvated Compound 2",
        "relationship": "adsorption",
        "end_node": [
            "benzene",
            "chloroform",
            "1,4-dioxane",
            "THF"
        ]
    },
    {
        "start_node": "Desolvated Compound 2",
        "relationship": "gas_sorption",
        "end_node": {
            "N2": "2.5%",
            "CO2": "4.5%",
            "N2O": "3.4%"
        }
    },
    {
        "start_node": "Desolvated Compound 2",
        "relationship": "temperature_stability",
        "end_node": "up to 300°C"
    }
]