[
    {
        "start_node": "HOF",
        "relationship": "contain",
        "end_node": "Reversible anion exchanges"
    },
    {
        "start_node": "HOF",
        "relationship": "contain",
        "end_node": "Porous metal-organic frameworks"
    },
    {
        "start_node": "HOF",
        "relationship": "contain",
        "end_node": "Silver complexes"
    },
    {
        "start_node": "HOF",
        "relationship": "contain",
        "end_node": "L-1 (1,3,5-tris(pyrazol-1-yl)benzene)"
    },
    {
        "start_node": "HOF",
        "relationship": "contain",
        "end_node": "L-2 (1,3,5-tris-[p-(pyrazol-1-yl)phenyl]benzene)"
    },
    {
        "start_node": "L-1",
        "relationship": "form",
        "end_node": "{[(Ag3L2X2)-X-1]X}(n) (1, X = ClO4-)"
    },
    {
        "start_node": "L-1",
        "relationship": "form",
        "end_node": "{[(Ag3L2X2)-X-1]X}(n) (2, X = NO3-)"
    },
    {
        "start_node": "L-2",
        "relationship": "react",
        "end_node": "[Ag4L22-(NO3)(4)]center dot 2CH(3)OH}(n) (3)"
    },
    {
        "start_node": "Complexes 1 and 2",
        "relationship": "exhibit",
        "end_node": "reversible anion exchange"
    },
    {
        "start_node": "Complexes 1 and 2",
        "relationship": "characterized by",
        "end_node": "IR spectroscopy"
    },
    {
        "start_node": "Complexes 1 and 2",
        "relationship": "characterized by",
        "end_node": "X-ray powder diffraction"
    },
    {
        "start_node": "Complex 3",
        "relationship": "constructed from",
        "end_node": "L-2"
    },
    {
        "start_node": "Complex 3",
        "relationship": "display",
        "end_node": "photoluminescent properties"
    },
    {
        "start_node": "Ligand structure",
        "relationship": "influence",
        "end_node": "supramolecular construction"
    }
]