[
    {
        "start_node": "Synthesis",
        "relationship": "describes",
        "end_node": "Lanthanide-based coordination polymers"
    },
    {
        "start_node": "Crystal structure",
        "relationship": "property_of",
        "end_node": "Lanthanide-based coordination polymers"
    },
    {
        "start_node": "Properties",
        "relationship": "includes",
        "end_node": "Tb compound (1)"
    },
    {
        "start_node": "Formula",
        "relationship": "has",
        "end_node": "Ln(2)(F4BDC)(3)(DEF)(2)(EtOH)(2)-2(DEF)"
    },
    {
        "start_node": "Composition",
        "relationship": "contains",
        "end_node": "Tb(NO3)(3), F4BDC, DEF, EtOH"
    },
    {
        "start_node": "Characterization",
        "relationship": "method",
        "end_node": "X-ray diffraction"
    },
    {
        "start_node": "Coordination geometry",
        "relationship": "features",
        "end_node": "tri-capped trigonal prism"
    },
    {
        "start_node": "Lanthanide dimer",
        "relationship": "formed_by",
        "end_node": "Ln(1) ions"
    },
    {
        "start_node": "2D sheets",
        "relationship": "constructed_from",
        "end_node": "Ln(2)O(18) polyhedra"
    },
    {
        "start_node": "Hydrogen bonding",
        "relationship": "connects",
        "end_node": "3D framework"
    },
    {
        "start_node": "Thermogravimetric analysis",
        "relationship": "used_to_characterize",
        "end_node": "Compounds 1-5"
    },
    {
        "start_node": "Infrared spectroscopy",
        "relationship": "used_to_characterize",
        "end_node": "Compounds 1-5"
    },
    {
        "start_node": "Photoluminescence properties",
        "relationship": "studied",
        "end_node": "Compound 1"
    },
    {
        "start_node": "Catalytic activity",
        "relationship": "tested",
        "end_node": "Compounds 3-5 (Biginelli reaction)"
    }
]