[
    {
        "start_node": "HOF",
        "relationship": "derive",
        "end_node": "Ni-MOF"
    },
    {
        "start_node": "Ni-MOF",
        "relationship": "process",
        "end_node": "graphene oxide (GO)"
    },
    {
        "start_node": "hexadentate ligand",
        "relationship": "used",
        "end_node": "CTP-COOH"
    },
    {
        "start_node": "CTP-COOH",
        "relationship": "assist",
        "end_node": "growth"
    },
    {
        "start_node": "Ni-MOF",
        "relationship": "decomposition",
        "end_node": "porous metal/C composites"
    },
    {
        "start_node": "porous metal/C",
        "relationship": "embedded_on",
        "end_node": "rGO matrix"
    },
    {
        "start_node": "rGO",
        "relationship": "template",
        "end_node": "Ni-MOF/GO-n"
    },
    {
        "start_node": "Ni-MOF/GO-n",
        "relationship": "controlled_by",
        "end_node": "ratio (GO:Ni-MOF)"
    },
    {
        "start_node": "Ni-MOF/GO-n",
        "relationship": "thermolysis_treatment",
        "end_node": "Ni/C composites"
    },
    {
        "start_node": "Ni/C",
        "relationship": "electron_transport",
        "end_node": "rGO matrix"
    },
    {
        "start_node": "Ni/C",
        "relationship": "ion_diffusion",
        "end_node": "shortened_paths"
    },
    {
        "start_node": "CTP-COOH",
        "relationship": "doping",
        "end_node": "N, O, P"
    },
    {
        "start_node": "Ni/C/rGO-n",
        "relationship": "enhanced",
        "end_node": "electrochemical performance"
    },
    {
        "start_node": "Ni/C/rGO-n",
        "relationship": "superior",
        "end_node": "rate_capability"
    },
    {
        "start_node": "MOF derivatives",
        "relationship": "potential_application",
        "end_node": "energy storage devices"
    }
]