[
    {
        "start_node": "Syntheses",
        "relationship": "describe",
        "end_node": "Coordination polymers"
    },
    {
        "start_node": "Coordination polymers",
        "relationship": "contain",
        "end_node": "Ni-2(HL1)(2)(L-1)(3)(BTC)(2) . 6H(2)O"
    },
    {
        "start_node": "Coordination polymers",
        "relationship": "contain",
        "end_node": "Ni-2(L-1)(3)(HBTC)(2) . 4H(2)O"
    },
    {
        "start_node": "Coordination polymers",
        "relationship": "contain",
        "end_node": "Cd-2(L-2)(BTC)(H2O)(3) . 2H(2)O"
    },
    {
        "start_node": "Coordination polymers",
        "relationship": "contain",
        "end_node": "Cd-2(HL2)(BTCA)"
    },
    {
        "start_node": "Complex 1",
        "relationship": "structure",
        "end_node": "1D chain"
    },
    {
        "start_node": "Complex 2",
        "relationship": "structure",
        "end_node": "(4, 4)-connected 2D layered"
    },
    {
        "start_node": "Complex 2",
        "relationship": "interpenetration",
        "end_node": "2D -> 2D parallel"
    },
    {
        "start_node": "Complex 3",
        "relationship": "structure",
        "end_node": "tetranodal (3,4)-connected 3D CrVTiSc"
    },
    {
        "start_node": "Complex 3",
        "relationship": "Schlafli symbol",
        "end_node": "(4.8(2))(4.8(4.10)(42.82.102))(8(3))"
    },
    {
        "start_node": "Compound 4",
        "relationship": "structure",
        "end_node": "2D network (4,4) topology"
    },
    {
        "start_node": "Interactions",
        "relationship": "stabilize",
        "end_node": "weak hydrogen bonds, pi center dot center dot center dot pi stacking"
    },
    {
        "start_node": "Properties",
        "relationship": "investigate",
        "end_node": "UV-vis absorption"
    },
    {
        "start_node": "Properties",
        "relationship": "investigate",
        "end_node": "photo luminescence (3, 4)"
    },
    {
        "start_node": "Properties",
        "relationship": "investigate",
        "end_node": "gas sorption (2)"
    }
]