[
    {
        "start_node": "HOF",
        "relationship": "contain",
        "end_node": "Effect of three aromatic polycarboxylates"
    },
    {
        "start_node": "HOF",
        "relationship": "contain",
        "end_node": "structural diversities"
    },
    {
        "start_node": "HOF",
        "relationship": "contain",
        "end_node": "properties"
    },
    {
        "start_node": "compound",
        "relationship": "formed_by",
        "end_node": "hydrothermal reaction"
    },
    {
        "start_node": "compounds",
        "relationship": "contains",
        "end_node": "[Cd-2(L)(2)(btec)(H2O)(2)]·3H2O"
    },
    {
        "start_node": "compounds",
        "relationship": "contains",
        "end_node": "[Cd(HL)(btb)]"
    },
    {
        "start_node": "compounds",
        "relationship": "contains",
        "end_node": "[Cd(L)(pda)]·2H2O"
    },
    {
        "start_node": "X-ray single crystal diffraction",
        "relationship": "used_for",
        "end_node": "structure determination"
    },
    {
        "start_node": "IR spectroscopy",
        "relationship": "used_for",
        "end_node": "characterization"
    },
    {
        "start_node": "PXRD",
        "relationship": "used_for",
        "end_node": "characterization"
    },
    {
        "start_node": "TG analysis",
        "relationship": "used_for",
        "end_node": "characterization"
    },
    {
        "start_node": "Compound 1",
        "relationship": "topology",
        "end_node": "(4,4,4)-connected {6(2).8(4)}{6(3).8(3)}{6(4).8(2)}"
    },
    {
        "start_node": "Compound 2",
        "relationship": "topology",
        "end_node": "(3,3)-connected {10(3)}"
    },
    {
        "start_node": "Compound 3",
        "relationship": "topology",
        "end_node": "2D layer with (3,5)-connected (4(2) . 6(7) . 8)(4(2) . 6)"
    },
    {
        "start_node": "fluorescent properties",
        "relationship": "investigated",
        "end_node": "cadmium(II) compounds"
    },
    {
        "start_node": "fluorescent sensing properties",
        "relationship": "studied",
        "end_node": "solvent molecules, metal cations"
    }
]