[
    {
        "start_node": "CuII-PDC-bpe frameworks",
        "relationship": "study",
        "end_node": "solid coordination frameworks (SCFs)"
    },
    {
        "start_node": "CuII-PDC-bpe frameworks",
        "relationship": "consist of",
        "end_node": "Cu-2[(PDC)(2)(bpe)(H2O)(2)]·3H2O·DMF (1)"
    },
    {
        "start_node": "CuII-PDC-bpe frameworks",
        "relationship": "consist of",
        "end_node": "Cu[(PDC)(bpe)(0.5)(H2O)]2H2O(2)"
    },
    {
        "start_node": "X-ray diffraction",
        "relationship": "used for",
        "end_node": "crystal structure determination"
    },
    {
        "start_node": "IR analysis",
        "relationship": "used for",
        "end_node": "structural characterization"
    },
    {
        "start_node": "TG/DTG analysis",
        "relationship": "used for",
        "end_node": "thermal characterization"
    },
    {
        "start_node": "DTA analysis",
        "relationship": "used for",
        "end_node": "thermodynamic characterization"
    },
    {
        "start_node": "EPR",
        "relationship": "used for",
        "end_node": "magnetic characterization"
    },
    {
        "start_node": "magnetic susceptibility measurements",
        "relationship": "used for",
        "end_node": "magnetic properties"
    },
    {
        "start_node": "herringbone-type structures",
        "relationship": "identified in",
        "end_node": "compounds 1 and 2"
    },
    {
        "start_node": "helicoidal Cu-PDC-Cu chains",
        "relationship": "part of",
        "end_node": "herringbone-type layers"
    },
    {
        "start_node": "bpe ligands",
        "relationship": "connects",
        "end_node": "herringbone-type layers"
    },
    {
        "start_node": "solvent molecules",
        "relationship": "inter-layer connection via",
        "end_node": "hydrogen bonds"
    },
    {
        "start_node": "difference between compounds",
        "relationship": "attributable to",
        "end_node": "solvent molecules"
    },
    {
        "start_node": "herringbone arrays",
        "relationship": "discussed in",
        "end_node": "literature study"
    },
    {
        "start_node": "herringbone arrays",
        "relationship": "classified into",
        "end_node": "types based on metal node connections (3- and 4-connected)"
    }
]