[
    {
        "start_node": "ZIOC-2",
        "relationship": "synthesized_from",
        "end_node": "EDPABA"
    },
    {
        "start_node": "EDPABA",
        "relationship": "building_block",
        "end_node": "L-prolineamide"
    },
    {
        "start_node": "L-prolineamide",
        "relationship": "substitution",
        "end_node": "diarylacetylenedicarboxylic acid"
    },
    {
        "start_node": "ZIOC-2",
        "relationship": "crystallization_form",
        "end_node": "sesquihydrate 1.5H(2)O"
    },
    {
        "start_node": "ZIOC-2",
        "relationship": "crystallization_form",
        "end_node": "tetrahydrate 4H(2)O"
    },
    {
        "start_node": "tetrahydrate 4H(2)O",
        "relationship": "decomposition_temperature",
        "end_node": "35°C"
    },
    {
        "start_node": "sesquihydrate 1.5H(2)O",
        "relationship": "dehydration_temperature",
        "end_node": "150°C"
    },
    {
        "start_node": "sesquihydrate 1.5H(2)O",
        "relationship": "dehydration_temperature",
        "end_node": "220°C"
    },
    {
        "start_node": "ZIOC-2",
        "relationship": "dehydration_temperature",
        "end_node": "225°C"
    },
    {
        "start_node": "ZIOC-2",
        "relationship": "structural_feature",
        "end_node": "hydrogen-bonded organic framework"
    },
    {
        "start_node": "ZIOC-2",
        "relationship": "absorption_property",
        "end_node": "water molecules"
    },
    {
        "start_node": "ZIOC-2",
        "relationship": "application_field",
        "end_node": "absorption from liquid and gas phases"
    }
]