[
    {
        "start_node": "Synthesis",
        "relationship": "describes",
        "end_node": "magnetic Cu/CuFe2O4@MIL-88A(Fe) nanocomposite"
    },
    {
        "start_node": "magnetic Cu/CuFe2O4@MIL-88A(Fe)",
        "relationship": "used_for",
        "end_node": "dispersive solid-phase extraction"
    },
    {
        "start_node": "dispersive solid-phase extraction",
        "relationship": "applied_to",
        "end_node": "chlorpyrifos, phosalone"
    },
    {
        "start_node": "samples",
        "relationship": "contains",
        "end_node": "water, fruit juice, vegetable"
    },
    {
        "start_node": "nanocomposite",
        "relationship": "characteristics",
        "end_node": "good adsorption capacity, high surface area, superparamagnetic"
    },
    {
        "start_node": "nanocomposite",
        "relationship": "interaction_types",
        "end_node": "hydrogen bonding, hydrophobic contacts, 7C-7C stacking"
    },
    {
        "start_node": "method",
        "relationship": "validated_by",
        "end_node": "parameters (amount, pH, salt content, time, elution, desorption)"
    },
    {
        "start_node": "method",
        "relationship": "has_linear_range",
        "end_node": "0.6-300.0 ng mL^-1 (chlorpyrifos), 1.5-500.0 ng mL^-1 (phosalone)"
    },
    {
        "start_node": "method",
        "relationship": "has_LOD",
        "end_node": "0.2 ng mL^-1 (chlorpyrifos), 0.5 ng mL^-1 (phosalone)"
    },
    {
        "start_node": "method",
        "relationship": "has_accuracy",
        "end_node": "RSDs %: 4.4%-6.1% (intra-day), 6.3%-8.0% (inter-day)"
    },
    {
        "start_node": "method",
        "relationship": "applied_to",
        "end_node": "spiked samples, recovery: 88.3-100.4%"
    }
]