[
    {
        "start_node": "Synthesis",
        "relationship": "describes",
        "end_node": "Lanthanide_complexes"
    },
    {
        "start_node": "Complexes",
        "relationship": "consist_of",
        "end_node": "H6chhc"
    },
    {
        "start_node": "Complexes",
        "relationship": "consist_of",
        "end_node": "mellitic_acid"
    },
    {
        "start_node": "Complex_1",
        "relationship": "contains",
        "end_node": "Pr(H3chhc)"
    },
    {
        "start_node": "Complex_1",
        "relationship": "contains",
        "end_node": "DMF"
    },
    {
        "start_node": "Complex_1",
        "relationship": "contains",
        "end_node": "H2O"
    },
    {
        "start_node": "Complex_2",
        "relationship": "contains",
        "end_node": "Nd(H3chhc)"
    },
    {
        "start_node": "Complex_2",
        "relationship": "contains",
        "end_node": "DMF"
    },
    {
        "start_node": "Complex_3",
        "relationship": "contains",
        "end_node": "Er(H2O)"
    },
    {
        "start_node": "Complex_3",
        "relationship": "contains",
        "end_node": "H3Mel"
    },
    {
        "start_node": "Complex_4",
        "relationship": "contains",
        "end_node": "Yb(H2O)"
    },
    {
        "start_node": "Complex_4",
        "relationship": "contains",
        "end_node": "H3Mel"
    },
    {
        "start_node": "Crystal_structures",
        "relationship": "belong_to",
        "end_node": "Complex_1,2"
    },
    {
        "start_node": "Network_structure",
        "relationship": "formed_by",
        "end_node": "2D_network"
    },
    {
        "start_node": "Coordination_mode",
        "relationship": "applied_to",
        "end_node": "H6chhc, mellitic_acid"
    },
    {
        "start_node": "Supramolecular_layers",
        "relationship": "formed_by",
        "end_node": "Complex_3,4"
    },
    {
        "start_node": "Luminescence_study",
        "relationship": "performed_on",
        "end_node": "1-4"
    }
]