[
    {
        "start_node": "HOF",
        "relationship": "contains",
        "end_node": "3D COFs"
    },
    {
        "start_node": "3D COFs",
        "relationship": "strategy",
        "end_node": "exclude dye contaminants"
    },
    {
        "start_node": "adsorbents",
        "relationship": "requirement",
        "end_node": "remove pollutants"
    },
    {
        "start_node": "study",
        "relationship": "investigates",
        "end_node": "TFPPy for self-assembly"
    },
    {
        "start_node": "TFPPy",
        "relationship": "used_for",
        "end_node": "3D COF self-assembly"
    },
    {
        "start_node": "MO",
        "relationship": "dye_pollutant",
        "end_node": "methyl orange"
    },
    {
        "start_node": "GV",
        "relationship": "dye_pollutant",
        "end_node": "gentian violet"
    },
    {
        "start_node": "BG",
        "relationship": "dye_pollutant",
        "end_node": "brilliant green"
    },
    {
        "start_node": "TC",
        "relationship": "dye_pollutant",
        "end_node": "tolonium chloride"
    },
    {
        "start_node": "MB",
        "relationship": "dye_pollutant",
        "end_node": "methylene blue"
    },
    {
        "start_node": "CR",
        "relationship": "dye_pollutant",
        "end_node": "anionic congo red"
    },
    {
        "start_node": "Rh B",
        "relationship": "dye_pollutant",
        "end_node": "rhodamine B"
    },
    {
        "start_node": "MO/COFs",
        "relationship": "stability",
        "end_node": "-448.54 KJ/mol"
    },
    {
        "start_node": "MO-COFs",
        "relationship": "density_profile",
        "end_node": "325.79 kg/m³"
    },
    {
        "start_node": "Rh B-COFs",
        "relationship": "density_profile",
        "end_node": "26.75 kg/m³"
    },
    {
        "start_node": "DPs/COFs complexes",
        "relationship": "free_energy",
        "end_node": "-512.127 kJ/mol (MO)"
    },
    {
        "start_node": "DPs/COFs complexes",
        "relationship": "free_energy",
        "end_node": "-435.603 kJ/mol (GV)"
    },
    {
        "start_node": "DPs/COFs complexes",
        "relationship": "free_energy",
        "end_node": "-381.244 kJ/mol (BG)"
    },
    {
        "start_node": "DPs/COFs complexes",
        "relationship": "free_energy",
        "end_node": "-300.313 kJ/mol (TC)"
    },
    {
        "start_node": "DPs/COFs complexes",
        "relationship": "free_energy",
        "end_node": "-283.230 kJ/mol (Rh B)"
    },
    {
        "start_node": "TFFPy-COFs",
        "relationship": "properties",
        "end_node": "ultrafast kinetics, high adsorption capacity, reusability"
    }
]