[
    {
        "start_node": "Synthesis",
        "relationship": "describes",
        "end_node": "coordination polymers"
    },
    {
        "start_node": "crystal structure",
        "relationship": "belongs_to",
        "end_node": "Ag(I) compounds"
    },
    {
        "start_node": "luminescence",
        "relationship": "property_of",
        "end_node": "Ag(I) coordination compounds"
    },
    {
        "start_node": "Ag(HTBDS)(H2O)",
        "relationship": "is",
        "end_node": "compound_1"
    },
    {
        "start_node": "pH value 5.0",
        "relationship": "synthesis_condition",
        "end_node": "compound_1"
    },
    {
        "start_node": "3D layer structure",
        "relationship": "topology",
        "end_node": "compound_1"
    },
    {
        "start_node": "2D layer",
        "relationship": "component",
        "end_node": "compound_1"
    },
    {
        "start_node": "hydrogen bonds",
        "relationship": "forms",
        "end_node": "supramolecular framework"
    },
    {
        "start_node": "[Ag-2(TBDS)(2,2'-bipy)(H2O)](n)",
        "relationship": "compound",
        "end_node": "compound_2"
    },
    {
        "start_node": "pH value 6.0",
        "relationship": "synthesis_condition",
        "end_node": "compound_2"
    },
    {
        "start_node": "3D network",
        "relationship": "topology",
        "end_node": "compound_2"
    },
    {
        "start_node": "six-membered ring",
        "relationship": "structural_feature",
        "end_node": "compound_2"
    },
    {
        "start_node": "Ag center dot center dot center dot Ag interactions",
        "relationship": "connects",
        "end_node": "compound_2"
    },
    {
        "start_node": "thermal stability",
        "relationship": "investigated",
        "end_node": "1-2"
    },
    {
        "start_node": "photoluminescence",
        "relationship": "property",
        "end_node": "1-2"
    }
]