[
    {
        "start_node": "Synthesis",
        "relationship": "describes",
        "end_node": "Crystal Structures"
    },
    {
        "start_node": "Crystal Structures",
        "relationship": "includes",
        "end_node": "[Co(en)(3)][Co(pydc)(2)(H2O)(2)] dot 2H2O (1)"
    },
    {
        "start_node": "Crystal Structures",
        "relationship": "includes",
        "end_node": "[Ni(Hpydc)(2)(H2O)2] (2)"
    },
    {
        "start_node": "Crystal Structures",
        "relationship": "includes",
        "end_node": "[Cu(en)(2)(H2O)][Cu-3(Pydc)(4)(en)(2)(H2O)(2)] dot 3H2O (3)"
    },
    {
        "start_node": "Crystal Structures",
        "relationship": "includes",
        "end_node": "[Cu(bipy)(3)][Cu(pydc)(bipy)(2)] dot 2Cl dot 12H2O (4)"
    },
    {
        "start_node": "Spectroscopic Studies",
        "relationship": "characterizes",
        "end_node": "Complexes"
    },
    {
        "start_node": "Thermal Characterization",
        "relationship": "characterizes",
        "end_node": "Complexes"
    },
    {
        "start_node": "Molecular Structures",
        "relationship": "determined by",
        "end_node": "Single Crystal X-ray Diffraction"
    },
    {
        "start_node": "Co(II) (1)",
        "relationship": "geometry",
        "end_node": "Distorted Octahedral"
    },
    {
        "start_node": "Ni(II) (2)",
        "relationship": "geometry",
        "end_node": "Distorted Octahedral"
    },
    {
        "start_node": "Cu(II) ions (3)",
        "relationship": "geometry",
        "end_node": "Square Pyramidal"
    },
    {
        "start_node": "Cu(II) ions (3)",
        "relationship": "geometry",
        "end_node": "Distorted Octahedral"
    },
    {
        "start_node": "Cu(II) ions (4)",
        "relationship": "geometry",
        "end_node": "Distorted Octahedral"
    },
    {
        "start_node": "Hydrogen Bonds",
        "relationship": "connects",
        "end_node": "3D Framework Structure"
    }
]