[
    {
        "start_node": "Synthesis",
        "relationship": "describes",
        "end_node": "Coordination Polymers"
    },
    {
        "start_node": "Crystal Structures",
        "relationship": "part_of",
        "end_node": "Coordination Polymers"
    },
    {
        "start_node": "Luminescence Properties",
        "relationship": "property_of",
        "end_node": "Coordination Polymers"
    },
    {
        "start_node": "Catalytic Properties",
        "relationship": "property_of",
        "end_node": "Coordination Polymers"
    },
    {
        "start_node": "Compound 1",
        "relationship": "contains",
        "end_node": "[Ag-2(L1)(2)·ntp·H2O(3.25)](n)"
    },
    {
        "start_node": "Compound 2",
        "relationship": "contains",
        "end_node": "[Ag-1.5(L1)(1.5)·H(0.5)bdc·H2O(4)](n)"
    },
    {
        "start_node": "Compound 3",
        "relationship": "contains",
        "end_node": "[Ag(L2)(Hmip)](n)"
    },
    {
        "start_node": "L1",
        "relationship": "ligand_in",
        "end_node": "Compound 1, 2"
    },
    {
        "start_node": "L2",
        "relationship": "ligand_in",
        "end_node": "Compound 3"
    },
    {
        "start_node": "Linear Geometry",
        "relationship": "geometry_in",
        "end_node": "Compound 1, 2"
    },
    {
        "start_node": "Distorted T-shaped Geometry",
        "relationship": "geometry_in",
        "end_node": "Compound 3"
    },
    {
        "start_node": "1D Chain Structure",
        "relationship": "structure_of",
        "end_node": "Compound 1, 2"
    },
    {
        "start_node": "2D Layers",
        "relationship": "structure_of",
        "end_node": "Compound 2, 3"
    },
    {
        "start_node": "3D Supermolecular Network",
        "relationship": "structure_of",
        "end_node": "Compound 1"
    },
    {
        "start_node": "pi-pi Interactions",
        "relationship": "connectivity_in",
        "end_node": "Compound 3"
    },
    {
        "start_node": "O-H···O Hydrogen Bonds",
        "relationship": "interaction_in",
        "end_node": "Compound 1"
    },
    {
        "start_node": "Luminescence Study",
        "relationship": "method_used",
        "end_node": "Coordination Polymers"
    },
    {
        "start_node": "Methyl Orange Degradation",
        "relationship": "catalytic_activity",
        "end_node": "Coordination Polymers"
    }
]