[
    {
        "start_node": "HOF",
        "relationship": "contain",
        "end_node": "Small-Pore Gallates MOFs"
    },
    {
        "start_node": "Small-Pore Gallates MOFs",
        "relationship": "property",
        "end_node": "gas sorption measurements"
    },
    {
        "start_node": "Small-Pore Gallates MOFs",
        "relationship": "property",
        "end_node": "X-ray powder diffraction (XRPD)"
    },
    {
        "start_node": "Small-Pore Gallates MOFs",
        "relationship": "property",
        "end_node": "microcalorimetry experiments"
    },
    {
        "start_node": "Small-Pore Gallates MOFs",
        "relationship": "property",
        "end_node": "ideal adsorbed solution theory (LAST) calculations"
    },
    {
        "start_node": "Mg(H(2)gal)",
        "relationship": "component",
        "end_node": "Small-Pore Gallates MOFs"
    },
    {
        "start_node": "Fe(Hgal)",
        "relationship": "component",
        "end_node": "Small-Pore Gallates MOFs"
    },
    {
        "start_node": "Mg(H(2)gal)",
        "relationship": "structure",
        "end_node": "identical channels, 3.5 Å"
    },
    {
        "start_node": "Fe(Hgal)",
        "relationship": "structure",
        "end_node": "similar to Mg(H(2)gal), 3.5 Å"
    },
    {
        "start_node": "Mg(H(2)gal)",
        "relationship": "property",
        "end_node": "hydrophilic"
    },
    {
        "start_node": "Fe(Hgal)",
        "relationship": "property",
        "end_node": "hydrophilic"
    },
    {
        "start_node": "Mg(H(2)gal)",
        "relationship": "stability",
        "end_node": "moderate towards water"
    },
    {
        "start_node": "CO2",
        "relationship": "adsorption",
        "end_node": "Mg(H(2)gal), 3 mmol/g at 303 K"
    },
    {
        "start_node": "CO2",
        "relationship": "adsorption",
        "end_node": "Fe(Hgal), 5 mmol/g at 303 K"
    },
    {
        "start_node": "Mg(H(2)gal)",
        "relationship": "selectivity",
        "end_node": "CO2/N2, 380-910"
    },
    {
        "start_node": "Mg(H(2)gal)",
        "relationship": "selectivity",
        "end_node": "CO2/CH4, 190-460"
    },
    {
        "start_node": "Mg(H(2)gal)",
        "relationship": "application",
        "end_node": "flue gas capture, landfill gas upgrading"
    },
    {
        "start_node": "Mg(H(2)gal)",
        "relationship": "adsorption mechanism",
        "end_node": "double hydrogen bonds with acidic protons"
    }
]