[
    {
        "start_node": "Syntheses",
        "relationship": "describe",
        "end_node": "Crystal_Structures"
    },
    {
        "start_node": "Organically_Templated_Gallium_Phosphates",
        "relationship": "include",
        "end_node": "Three"
    },
    {
        "start_node": "Compound_1",
        "relationship": "is",
        "end_node": "[C6H16N2][Ga(HPO4)(PO4)]"
    },
    {
        "start_node": "Structure_1",
        "relationship": "has",
        "end_node": "1D_chain"
    },
    {
        "start_node": "Hydrogen_bond_interactions",
        "relationship": "connect",
        "end_node": "3D_supramolecular_framework"
    },
    {
        "start_node": "Compound_2",
        "relationship": "is",
        "end_node": "{H[C6H16N2](2)[Ga-7(OH)(2)(PO4)(8)]}"
    },
    {
        "start_node": "Compound_3",
        "relationship": "is",
        "end_node": "{H[C4H12N2](2)[Ga-7(OH)(2)(PO4)(8)]2H(2)O}"
    },
    {
        "start_node": "Inorganic_framework",
        "relationship": "similar_to",
        "end_node": "Compounds_2_and_3"
    },
    {
        "start_node": "Secondary_Building_Unit",
        "relationship": "consists_of",
        "end_node": "Ga6P8"
    },
    {
        "start_node": "GaO4",
        "relationship": "in",
        "end_node": "Ga6P8"
    },
    {
        "start_node": "GaO5",
        "relationship": "in",
        "end_node": "Ga6P8"
    },
    {
        "start_node": "GaO6",
        "relationship": "in",
        "end_node": "Ga6P8"
    },
    {
        "start_node": "PO4_groups",
        "relationship": "in",
        "end_node": "Ga6P8"
    },
    {
        "start_node": "2D_sheets",
        "relationship": "formed_by",
        "end_node": "vertex-sharing_Oxygen"
    },
    {
        "start_node": "3D_open-framework",
        "relationship": "result_from",
        "end_node": "helical_chains"
    },
    {
        "start_node": "Organic_species",
        "relationship": "reside_in",
        "end_node": "voids"
    },
    {
        "start_node": "Organic_species",
        "relationship": "interact_with",
        "end_node": "framework",
        "relationship_detail": "hydrogen_bonds"
    }
]