[
    {
        "start_node": "HOF",
        "relationship": "contain",
        "end_node": "Luminescent uranium-thiophene dicarboxytate frameworks"
    },
    {
        "start_node": "Luminescent UOFs",
        "relationship": "synthesized_by",
        "end_node": "hydrothermal reaction"
    },
    {
        "start_node": "UOFs",
        "relationship": "dimensionality",
        "end_node": "1-D (1)"
    },
    {
        "start_node": "UOFs",
        "relationship": "dimensionality",
        "end_node": "2-D (2)"
    },
    {
        "start_node": "UOFs",
        "relationship": "dimensionality",
        "end_node": "twofold interpenetrated (3)"
    },
    {
        "start_node": "1",
        "relationship": "contains",
        "end_node": "neutral Cu/U heterometallic chain"
    },
    {
        "start_node": "2",
        "relationship": "template",
        "end_node": "[Zn(phen)(3)](2+)"
    },
    {
        "start_node": "3",
        "relationship": "template",
        "end_node": "[Cd(phen)(3)](2+)"
    },
    {
        "start_node": "2",
        "relationship": "structure",
        "end_node": "planar non-interpenetrated honeycomb layer"
    },
    {
        "start_node": "3",
        "relationship": "structure",
        "end_node": "(6,3) sheet structure"
    },
    {
        "start_node": "UOFs",
        "relationship": "stabilization",
        "end_node": "intra-layer hydrogen bonds, pi-pi stacking"
    },
    {
        "start_node": "1",
        "relationship": "luminescence",
        "end_node": "complete quenching"
    },
    {
        "start_node": "2, 3",
        "relationship": "luminescence",
        "end_node": "yellow fluorescence, vibronic fine structures"
    },
    {
        "start_node": "2, 3",
        "relationship": "diminished luminescence",
        "end_node": "interpenetrated arrangements"
    }
]