[
    {
        "start_node": "HOF",
        "relationship": "contain",
        "end_node": "entangled 3D composite supramolecular architecture"
    },
    {
        "start_node": "Compound",
        "relationship": "be",
        "end_node": "[Ni₄(dpe)₄(btc)₂(Hbtc)(H₂O)₉]·3H₂O (1)"
    },
    {
        "start_node": "Structural characterization",
        "relationship": "analyze",
        "end_node": "compound 1"
    },
    {
        "start_node": "Single-crystal structure",
        "relationship": "reveal",
        "end_node": "4 coordination polymers (CPs)"
    },
    {
        "start_node": "CPs",
        "relationship": "include",
        "end_node": "2D (4,4) layered MOFs"
    },
    {
        "start_node": "MOFs",
        "relationship": "be",
        "end_node": "[Ni(dpe)(Hbtc)(H₂O)] and [Ni(dpe)(btc)(H₂O)]- anion"
    },
    {
        "start_node": "MOFs",
        "relationship": "include",
        "end_node": "1D polymeric chains"
    },
    {
        "start_node": "chains",
        "relationship": "be",
        "end_node": "[Ni(dpe)(btc)(H₂O)₃]- anion and [Ni(dpe)(H₂O)₄]²⁺ cation"
    },
    {
        "start_node": "Architecture",
        "relationship": "consist_of",
        "end_node": "inter-penetration, double-layered, rectangle-grid MOFs and 1D chains"
    },
    {
        "start_node": "Property",
        "relationship": "display",
        "end_node": "hysteresis profile, sponge-like water de-/ad-sorption"
    },
    {
        "start_node": "Water adsorption",
        "relationship": "measure",
        "end_node": "maximum adsorption (17.66 water molecules/unit)"
    }
]