[
    {
        "start_node": "Preparation",
        "relationship": "describes",
        "end_node": "synthesis"
    },
    {
        "start_node": "Structure",
        "relationship": "characterizes",
        "end_node": "complex_1"
    },
    {
        "start_node": "Complex 1",
        "relationship": "has",
        "end_node": "P2(1)/c"
    },
    {
        "start_node": "Monoclinic system",
        "relationship": "crystallized_in",
        "end_node": "Complex 1"
    },
    {
        "start_node": "2D structure",
        "relationship": "consists_of",
        "end_node": "Praseodymium atom"
    },
    {
        "start_node": "Coordination geometry",
        "relationship": "tricapped trigonal prism",
        "end_node": "Praseodymium atom"
    },
    {
        "start_node": "[Pr-2(C2O4)(3)(H2O)(6)](n)",
        "relationship": "forms",
        "end_node": "layers"
    },
    {
        "start_node": "Hydrogen-bonding",
        "relationship": "interconnects",
        "end_node": "layers and solvent"
    },
    {
        "start_node": "Supramolecular framework",
        "relationship": "results_from",
        "end_node": "hydrogen-bonding"
    },
    {
        "start_node": "Photoluminescence",
        "relationship": "observed",
        "end_node": "green emission"
    },
    {
        "start_node": "Emission bands",
        "relationship": "attributable_to",
        "end_node": "P-3(0)-H-3(J) transitions"
    },
    {
        "start_node": "Optical band gap",
        "relationship": "detected",
        "end_node": "1.46 eV"
    },
    {
        "start_node": "Magnetic properties",
        "relationship": "investigated",
        "end_node": "variable-temperature"
    },
    {
        "start_node": "Curie-Weiss law",
        "relationship": "followed",
        "end_node": "magnetic susceptibility"
    },
    {
        "start_node": "Magnetic parameters",
        "relationship": "values",
        "end_node": "C: 2.45 K, theta: -21.67 K"
    }
]