[
    {
        "start_node": "HOF",
        "relationship": "contain",
        "end_node": "coordination polymers"
    },
    {
        "start_node": "coordination polymers",
        "relationship": "based_on",
        "end_node": "ligand"
    },
    {
        "start_node": "ligand",
        "relationship": "name",
        "end_node": "H3L"
    },
    {
        "start_node": "H3L",
        "relationship": "property",
        "end_node": "C3-symmetric"
    },
    {
        "start_node": "H3L",
        "relationship": "structure",
        "end_node": "core-rosette"
    },
    {
        "start_node": "H3L",
        "relationship": "interactions",
        "end_node": "hydrogen-bonding"
    },
    {
        "start_node": "complexes",
        "relationship": "formed_from",
        "end_node": "ligand(Zn2+, Co2+, Cd2+)"
    },
    {
        "start_node": "complexes",
        "relationship": "example_of",
        "end_node": "2D CdI2-type structure (1)"
    },
    {
        "start_node": "complex_1",
        "relationship": "type",
        "end_node": "2D CdI2-type"
    },
    {
        "start_node": "complex_1",
        "relationship": "SBU",
        "end_node": "tetranuclear Zn-4(mu(3)-OH)(2)(COO)(6)(H2O)(DMF)"
    },
    {
        "start_node": "complex_2",
        "relationship": "type",
        "end_node": "3D (3,6)-net framework"
    },
    {
        "start_node": "complex_2",
        "relationship": "SBU",
        "end_node": "mu(3)-oxo-tricobalt basic carboxylate"
    },
    {
        "start_node": "complexes(3,4)",
        "relationship": "architecture",
        "end_node": "(4,4)-grid layered"
    },
    {
        "start_node": "complexes(3,4)",
        "relationship": "SBU",
        "end_node": "linear Co-3/Cd-3 cluster"
    },
    {
        "start_node": "characterizations",
        "relationship": "methods",
        "end_node": "IR, thermogravimetry, PXRD"
    }
]