[
    {
        "start_node": "Functional",
        "relationship": "related_to",
        "end_node": "Polyoxometalate"
    },
    {
        "start_node": "Polyoxometalate",
        "relationship": "forms",
        "end_node": "Assemblies"
    },
    {
        "start_node": "Assemblies",
        "relationship": "consist_of",
        "end_node": "Host-guest complexes"
    },
    {
        "start_node": "Host-guest complexes",
        "relationship": "part_of",
        "end_node": "Assemblies"
    },
    {
        "start_node": "Porous frameworks",
        "relationship": "type_of",
        "end_node": "Assemblies"
    },
    {
        "start_node": "Polyoxometalates",
        "relationship": "include",
        "end_node": "HOF (Highly Ordered Framework)"
    },
    {
        "start_node": "HOF",
        "relationship": "type",
        "end_node": "Porous framework"
    }
]