[
    {
        "start_node": "HOF",
        "relationship": "contain",
        "end_node": "Structural Variations of the First Family"
    },
    {
        "start_node": "HOF",
        "relationship": "contain",
        "end_node": "Hydrothermal Reactions"
    },
    {
        "start_node": "HOF",
        "relationship": "contain",
        "end_node": "Co(im)(2)(UO2)(3)(L)(4) (1)"
    },
    {
        "start_node": "HOF",
        "relationship": "contain",
        "end_node": "Zn(bpi)(UO2)(L)(2) (2)"
    },
    {
        "start_node": "HOF",
        "relationship": "contain",
        "end_node": "Cd(dib)(UO2)(L)(2) (3)"
    },
    {
        "start_node": "HOF",
        "relationship": "contain",
        "end_node": "M(dib)(UO2)(2)(L)(3) (M = Cd (4), Mn (5))"
    },
    {
        "start_node": "HOF",
        "relationship": "contain",
        "end_node": "[M(dib)(2)(H2O)(2)][(UO2)(3)(L)(4)] . nH2O (M = Co (6, n = 2), Ni (7, n = 2), Cu (8, n = 0))"
    },
    {
        "start_node": "HOF",
        "relationship": "contain",
        "end_node": "Single-crystal X-ray diffraction (XRD) analysis"
    },
    {
        "start_node": "HOF",
        "relationship": "contain",
        "end_node": "layered structure of UO6, UO7, and CoO4N2 units"
    },
    {
        "start_node": "HOF",
        "relationship": "contain",
        "end_node": "imidazole molecules"
    },
    {
        "start_node": "HOF",
        "relationship": "contain",
        "end_node": "mixed zinc-uranyl carboxyphosphinate"
    },
    {
        "start_node": "HOF",
        "relationship": "contain",
        "end_node": "pillared framework structure"
    },
    {
        "start_node": "HOF",
        "relationship": "contain",
        "end_node": "isostructures"
    },
    {
        "start_node": "HOF",
        "relationship": "contain",
        "end_node": "[M(dib)(2)(H2O)(2)](n)(2n+) cationic subnet"
    },
    {
        "start_node": "HOF",
        "relationship": "contain",
        "end_node": "[(UO2)(3)(L)(n)(2n-) anionic subnet"
    },
    {
        "start_node": "HOF",
        "relationship": "contain",
        "end_node": "three-dimensional supramolecular structures"
    }
]