[
    {
        "start_node": "HOF",
        "relationship": "contain",
        "end_node": "Mixed-Ligand Metal-Organic Frameworks (MOFs)"
    },
    {
        "start_node": "HOF",
        "relationship": "contain",
        "end_node": "Triazole-Based Complexes"
    },
    {
        "start_node": "Complex 1",
        "relationship": "composition",
        "end_node": "[Zn-4(trz)(4)(gt)(2)(H2O)(2)](H2O)(2)"
    },
    {
        "start_node": "Complex 2",
        "relationship": "composition",
        "end_node": "[Cd-2(trz)(2)(gt)(H2O)(2)](H2O)(4)"
    },
    {
        "start_node": "Complex 1",
        "relationship": "structure",
        "end_node": "Two-Dimensional Pillared-Bilayer Network"
    },
    {
        "start_node": "Complex 2",
        "relationship": "structure",
        "end_node": "Three-Dimensional Framework"
    },
    {
        "start_node": "Co-ligand",
        "relationship": "role",
        "end_node": "Flexible Dicarboxylate"
    },
    {
        "start_node": "Co-ligand",
        "relationship": "interaction",
        "end_node": "Hydrogen-Bond Acceptor"
    },
    {
        "start_node": "Thermal Stability",
        "relationship": "influence",
        "end_node": "Trz and gt Anions"
    },
    {
        "start_node": "Luminescence Properties",
        "relationship": "dominance",
        "end_node": "Core Trz Ligand"
    }
]