[
    {
        "start_node": "HOF",
        "relationship": "contain",
        "end_node": "2D-linked rare earth 1,2,4-triazolate network"
    },
    {
        "start_node": "HOF",
        "relationship": "synthesis",
        "end_node": "pink single crystals"
    },
    {
        "start_node": "compound",
        "relationship": "structure",
        "end_node": "2D network"
    },
    {
        "start_node": "lanthanides",
        "relationship": "yield",
        "end_node": "different MOF structures"
    },
    {
        "start_node": "Ho(Tz)_3(TzH)_2",
        "relationship": "coordination",
        "end_node": "mu-eta(1):eta(2) linkers"
    },
    {
        "start_node": "Ho(Tz)_3(TzH)_2",
        "relationship": "coordination",
        "end_node": "ill end-on ligands"
    },
    {
        "start_node": "holmium(III)",
        "relationship": "coordination number",
        "end_node": "nine"
    },
    {
        "start_node": "layers",
        "relationship": "interlayer",
        "end_node": "hydrogen bonding"
    },
    {
        "start_node": "product",
        "relationship": "methods",
        "end_node": "X-ray single crystal analysis"
    },
    {
        "start_node": "product",
        "relationship": "methods",
        "end_node": "Mid IR spectroscopy"
    },
    {
        "start_node": "product",
        "relationship": "methods",
        "end_node": "Far IR spectroscopy"
    },
    {
        "start_node": "product",
        "relationship": "methods",
        "end_node": "Raman spectroscopy"
    },
    {
        "start_node": "product",
        "relationship": "thermal behavior",
        "end_node": "DTA/TG"
    }
]