[
    {
        "start_node": "HOF",
        "relationship": "contain",
        "end_node": "Metal-Organic Framework (MOF)"
    },
    {
        "start_node": "MOF",
        "relationship": "type_of",
        "end_node": "Zn-MOF-1"
    },
    {
        "start_node": "MOF",
        "relationship": "type_of",
        "end_node": "Cd-MOF-2"
    },
    {
        "start_node": "Zn-MOF-1",
        "relationship": "composition",
        "end_node": "ligand L"
    },
    {
        "start_node": "Zn-MOF-1",
        "relationship": "composition",
        "end_node": "4,4'-H(2)oba"
    },
    {
        "start_node": "Cd-MOF-2",
        "relationship": "composition",
        "end_node": "ligand L"
    },
    {
        "start_node": "Cd-MOF-2",
        "relationship": "composition",
        "end_node": "5-H(2)nipa"
    },
    {
        "start_node": "Zn-MOF-1",
        "relationship": "synthesis",
        "end_node": "Zn(OAc)(2)"
    },
    {
        "start_node": "Cd-MOF-2",
        "relationship": "synthesis",
        "end_node": "Cd(OAc)(2)"
    },
    {
        "start_node": "Zn-MOF-1",
        "relationship": "property",
        "end_node": "2D -> 3D interpenetrated framework"
    },
    {
        "start_node": "Cd-MOF-2",
        "relationship": "property",
        "end_node": "porous framework"
    },
    {
        "start_node": "Zn-MOF-1",
        "relationship": "topology",
        "end_node": "(4)-connected uninodal sql topology"
    },
    {
        "start_node": "Cd-MOF-2",
        "relationship": "topology",
        "end_node": "(3,4)-connected binodal 2D net"
    },
    {
        "start_node": "Zn-MOF-1",
        "relationship": "application",
        "end_node": "organic amine recognition"
    },
    {
        "start_node": "Cd-MOF-2",
        "relationship": "application",
        "end_node": "organic amine recognition"
    },
    {
        "start_node": "Zn-MOF-1",
        "relationship": "application",
        "end_node": "CO2 fixation"
    },
    {
        "start_node": "Cd-MOF-2",
        "relationship": "application",
        "end_node": "CO2 fixation"
    },
    {
        "start_node": "Zn-MOF-1",
        "relationship": "fluorescence stability",
        "end_node": "98% quenching efficiency"
    },
    {
        "start_node": "Cd-MOF-2",
        "relationship": "fluorescence stability",
        "end_node": "97% quenching efficiency"
    }
]