[
    {
        "start_node": "Development",
        "relationship": "study_of",
        "end_node": "pH_sensitive_functionalized_MOF"
    },
    {
        "start_node": "pH_sensitive_functionalized_MOF",
        "relationship": "contains",
        "end_node": "nanocarrier"
    },
    {
        "start_node": "nanocarrier",
        "relationship": "designed_for",
        "end_node": "breast_cancer_treatment"
    },
    {
        "start_node": "nanocarrier",
        "relationship": "features",
        "end_node": "high_drug_loading"
    },
    {
        "start_node": "nanocarrier",
        "relationship": "functionalization",
        "end_node": "folic_acid_GO_ZIF-8"
    },
    {
        "start_node": "folic_acid_GO_ZIF-8",
        "relationship": "components",
        "end_node": "ZIF-8"
    },
    {
        "start_node": "folic_acid_GO_ZIF-8",
        "relationship": "components",
        "end_node": "GO"
    },
    {
        "start_node": "ZIF-8",
        "relationship": "encapsulates",
        "end_node": "doxorubicin"
    },
    {
        "start_node": "GO",
        "relationship": "binds",
        "end_node": "cyclophosphamide"
    },
    {
        "start_node": "DOX@ZIF-8/GO-FA/CP",
        "relationship": "release_characteristics",
        "end_node": "sustained_release"
    },
    {
        "start_node": "DOX@ZIF-8/GO-FA/CP",
        "relationship": "responsive_to",
        "end_node": "acidic_condition"
    },
    {
        "start_node": "DOX@ZIF-8/GO-FA/CP",
        "relationship": "effect_on",
        "end_node": "MCF-7_cells"
    },
    {
        "start_node": "DOX@ZIF-8/GO-FA/CP",
        "relationship": "effect_on",
        "end_node": "MDA-MB-231_cells"
    },
    {
        "start_node": "DOX@ZIF-8/GO-FA/CP",
        "relationship": "combination_index",
        "end_node": "synergistic_cytotoxicity"
    }
]