[
    {
        "start_node": "Efficient Removal",
        "relationship": "discusses",
        "end_node": "Tetracycline"
    },
    {
        "start_node": "Hierarchical Porous ZIF-8",
        "relationship": "material",
        "end_node": "Efficient Removal"
    },
    {
        "start_node": "Metal Organic Framework",
        "relationship": "type",
        "end_node": "Hierarchical Porous ZIF-8"
    },
    {
        "start_node": "ZIF-8",
        "relationship": "contains",
        "end_node": "Hierarchical Porous"
    },
    {
        "start_node": "Microporous MOFs",
        "relationship": "comparison",
        "end_node": "Hierarchical Porous ZIF-8"
    },
    {
        "start_node": "Porous Structure",
        "relationship": "feature",
        "end_node": "Hierarchical Porous ZIF-8"
    },
    {
        "start_node": "PDDA",
        "relationship": "structure-directing agent",
        "end_node": "Hierarchical Porous ZIF-8"
    },
    {
        "start_node": "PDDA Molecular Weight",
        "relationship": "controls",
        "end_node": "Structure"
    },
    {
        "start_node": "PDDA Dosage",
        "relationship": "controls",
        "end_node": "Structure"
    },
    {
        "start_node": "Tetracycline Hydrochloride (TCH)",
        "relationship": "adsorbate",
        "end_node": "Efficient Removal"
    },
    {
        "start_node": "Adsorption Capacity",
        "relationship": "evaluated",
        "end_node": "Tetracycline on ZIF-8P3(4)"
    },
    {
        "start_node": "ZIF-8P3(4)",
        "relationship": "variant",
        "end_node": "Hierarchical Porous ZIF-8"
    },
    {
        "start_node": "976.8 mg/g",
        "relationship": "adsorption capacity",
        "end_node": "ZIF-8P3(4)"
    },
    {
        "start_node": "Adsorption Kinetics",
        "relationship": "tested",
        "end_node": "Tetracycline on ZIF-8, ZIF-8P3(4)"
    },
    {
        "start_node": "Pseudo-second-order",
        "relationship": "kinetic model",
        "end_node": "Adsorption Kinetics"
    },
    {
        "start_node": "Freundlich Model",
        "relationship": "better fits",
        "end_node": "Adsorption Kinetics"
    },
    {
        "start_node": "Multilayer Adsorption",
        "relationship": "mechanism",
        "end_node": "Tetracycline on ZIF-8, ZIF-8P3(4)"
    },
    {
        "start_node": "Coordination Bonds",
        "relationship": "interaction",
        "end_node": "Tetracycline Adsorption"
    },
    {
        "start_node": "Electrostatic Interactions",
        "relationship": "interaction",
        "end_node": "Tetracycline Adsorption"
    },
    {
        "start_node": "π-π Interactions",
        "relationship": "interaction",
        "end_node": "Tetracycline Adsorption"
    },
    {
        "start_node": "Hydrogen Bonds",
        "relationship": "interaction",
        "end_node": "Tetracycline Adsorption"
    },
    {
        "start_node": "Pore-Filling Effects",
        "relationship": "interaction",
        "end_node": "Tetracycline Adsorption"
    },
    {
        "start_node": "Template Preparation",
        "relationship": "strategy",
        "end_node": "MOFs"
    },
    {
        "start_node": "High Adsorption Performance",
        "relationship": "goal",
        "end_node": "Template Preparation"
    },
    {
        "start_node": "Economical Adsorbents",
        "relationship": "application",
        "end_node": "MOFs"
    },
    {
        "start_node": "Removal of Organic Matter",
        "relationship": "application",
        "end_node": "Contaminated Water"
    },
    {
        "start_node": "Water Treatment",
        "relationship": "context",
        "end_node": "Organic Matter Removal"
    }
]