[
    {
        "start_node": "Machine Learning",
        "relationship": "applied_to",
        "end_node": "Structure-Energy-Property Landscapes"
    },
    {
        "start_node": "Molecular Crystals",
        "relationship": "importance_in",
        "end_node": "Science and Technology"
    },
    {
        "start_node": "Polymorphs",
        "relationship": "difference_in",
        "end_node": "Physical Properties"
    },
    {
        "start_node": "Atomic-Scale Modelling",
        "relationship": "used_for",
        "end_node": "Stable Polymorph Enumeration"
    },
    {
        "start_node": "Atomic-Scale Modelling",
        "relationship": "predicts",
        "end_node": "Properties"
    },
    {
        "start_node": "Machine Learning Framework",
        "relationship": "provides",
        "end_node": "Accurate Predictions"
    },
    {
        "start_node": "Lattice Energy",
        "relationship": "predicted_with",
        "end_node": "Sub-kJ mol^(-1) Accuracy"
    },
    {
        "start_node": "Computational Effort",
        "relationship": "reduced_by",
        "end_node": "Factor Ten"
    },
    {
        "start_node": "Charge Mobility",
        "relationship": "predicted_for",
        "end_node": "Crystal Structures"
    },
    {
        "start_node": "Structural Classification",
        "relationship": "reveals",
        "end_node": "Detailed Molecular Packing"
    },
    {
        "start_node": "ML",
        "relationship": "unveils",
        "end_node": "Intuitive Insights"
    },
    {
        "start_node": "Hydrogen Bonded Interactions",
        "relationship": "role_in",
        "end_node": "Molecular Self-Assembly"
    },
    {
        "start_node": "p-Stacking Interactions",
        "relationship": "role_in",
        "end_node": "Molecular Self-Assembly"
    },
    {
        "start_node": "Pentacene",
        "relationship": "example_of",
        "end_node": "Organic Semiconductor Material"
    },
    {
        "start_node": "Azapentacene Isomers",
        "relationship": "example_of",
        "end_node": "Organic Semiconductor Material"
    },
    {
        "start_node": "Machine Learning",
        "relationship": "classification_less_biased",
        "end_node": "Heuristic Rules"
    }
]