[
    {
        "start_node": "HOF",
        "relationship": "contain",
        "end_node": "Comparison of Crystal Structures"
    },
    {
        "start_node": "HOF",
        "relationship": "contain",
        "end_node": "Magnetic Properties"
    },
    {
        "start_node": "Complex 1",
        "relationship": "have",
        "end_node": "One-Dimensional Chain"
    },
    {
        "start_node": "Complex 1",
        "relationship": "linkage",
        "end_node": "Succinate Ligands"
    },
    {
        "start_node": "Complex 2",
        "relationship": "polymeric chain",
        "end_node": "Dinuclear Co(II) Moieties"
    },
    {
        "start_node": "Complex 2",
        "relationship": "coordination",
        "end_node": "Glutarate Ligands"
    },
    {
        "start_node": "Complex 2",
        "relationship": "coordination mode",
        "end_node": "Inter- and Intrabinuclear Bridging"
    },
    {
        "start_node": "Complex 2",
        "relationship": "bond angles",
        "end_node": "Gauche Conformation"
    },
    {
        "start_node": "Complex 2",
        "relationship": "features",
        "end_node": "Free Pyridine Molecules"
    },
    {
        "start_node": "Complex 2",
        "relationship": "stabilization",
        "end_node": "Pi-Pi Stacking"
    },
    {
        "start_node": "Complex 1",
        "relationship": "magnetic property",
        "end_node": "Paramagnetism"
    },
    {
        "start_node": "Complex 1",
        "relationship": "magnetic susceptibility",
        "end_node": "C = 3.50(1) cm^3 K mol"
    },
    {
        "start_node": "Complex 1",
        "relationship": "magnetic susceptibility temperature",
        "end_node": "-5.0(5) K"
    },
    {
        "start_node": "Complex 2",
        "relationship": "magnetic property",
        "end_node": "Broad Maximum at 4 K"
    },
    {
        "start_node": "Complex 2",
        "relationship": "coupling",
        "end_node": "Weak Coupling within Dimeric Unit"
    },
    {
        "start_node": "Publication",
        "relationship": "copyright",
        "end_node": "Elsevier Ltd., 2009"
    }
]