[
    {
        "start_node": "HOF",
        "relationship": "contain",
        "end_node": "heterometallic 3d-4f compounds"
    },
    {
        "start_node": "heterometallic 3d-4f compounds",
        "relationship": "dimension",
        "end_node": "0D cluster (1, 2)"
    },
    {
        "start_node": "0D cluster (1, 2)",
        "relationship": "compound",
        "end_node": "LaNi(dcta) (1)"
    },
    {
        "start_node": "0D cluster (1, 2)",
        "relationship": "compound",
        "end_node": "DyNi(dcta) (2)"
    },
    {
        "start_node": "heterometallic 3d-4f compounds",
        "relationship": "dimension",
        "end_node": "1D chain (3)"
    },
    {
        "start_node": "1D chain (3)",
        "relationship": "compound",
        "end_node": "[DyNi(dcta)(H2O)(6)] dot Cl dot(H2O)(2)"
    },
    {
        "start_node": "heterometallic 3d-4f compounds",
        "relationship": "dimension",
        "end_node": "2D layer (4, 5)"
    },
    {
        "start_node": "2D layer (4, 5)",
        "relationship": "compound",
        "end_node": "LaNi(dcta)(H2O)(6) dot ClO4 dot(H2O)(3) (4)"
    },
    {
        "start_node": "2D layer (4, 5)",
        "relationship": "compound",
        "end_node": "NdNi(dcta)(H2O)(6) dot ClO4 dot(H2O)(3) (5)"
    },
    {
        "start_node": "heterometallic 3d-4f compounds",
        "relationship": "dimension",
        "end_node": "3D framework (6, 7)"
    },
    {
        "start_node": "3D framework (6, 7)",
        "relationship": "compound",
        "end_node": "Gd12Ni12(dcta)(12)(H2O)(24) dot [Ni(H2O)(6)](3) dot ClO4 dot(H2O)(80)"
    },
    {
        "start_node": "3D framework (6, 7)",
        "relationship": "compound",
        "end_node": "La12Ni12(dcta)(12)(H2O)(60) dot [Ni(H2O)(6)](3) dot ClO4 dot(H2O)(30)"
    },
    {
        "start_node": "heterometallic 3d-4f compounds",
        "relationship": "property",
        "end_node": "magnetic properties"
    },
    {
        "start_node": "heterometallic 3d-4f compounds",
        "relationship": "property",
        "end_node": "thermal stability"
    }
]