[
    {
        "start_node": "Supramolecular",
        "relationship": "assembly_of",
        "end_node": "Organotin_complexes"
    },
    {
        "start_node": "Syntheses",
        "relationship": "involve",
        "end_node": "Complexes_1_to_9"
    },
    {
        "start_node": "Complexes",
        "relationship": "type",
        "end_node": "Ph3Sn(4)-dmsa"
    },
    {
        "start_node": "Complexes",
        "relationship": "type",
        "end_node": "PhCH2Sn(2)dmsa_H2O"
    },
    {
        "start_node": "Complexes",
        "relationship": "type",
        "end_node": "CH3Sn(2)dmsa_Et2O"
    },
    {
        "start_node": "Complexes",
        "relationship": "type",
        "end_node": "nBuSn(2)dmsa_0.5MeOH"
    },
    {
        "start_node": "Complexes_1_3",
        "relationship": "structure",
        "end_node": "Tetranuclear_triorganotin"
    },
    {
        "start_node": "Complex_5",
        "relationship": "structure",
        "end_node": "Dinuclear_diphenyltin"
    },
    {
        "start_node": "Complex_9",
        "relationship": "structure",
        "end_node": "3D_di-n-butyltin_polymer"
    },
    {
        "start_node": "Characterization",
        "relationship": "methods",
        "end_node": "Elemental_analysis,FT-IR,NMR"
    },
    {
        "start_node": "X-ray_crystallography",
        "relationship": "used_for",
        "end_node": "Structures_1_3_5_9"
    },
    {
        "start_node": "Substituents",
        "relationship": "impact",
        "end_node": "Supramolecular_assembly"
    },
    {
        "start_node": "Aromatic_groups",
        "relationship": "dominate",
        "end_node": "pi-pi_interactions"
    },
    {
        "start_node": "Alkyl_groups",
        "relationship": "dominate",
        "end_node": "Sn-X_interactions"
    },
    {
        "start_node": "Wiley-VCH_Verlag",
        "relationship": "publisher",
        "end_node": "Article"
    }
]