[
    {
        "start_node": "HOF",
        "relationship": "study",
        "end_node": "phosphorylcholine chloride calcium salt tetrahydrate"
    },
    {
        "start_node": "HOF",
        "relationship": "study",
        "end_node": "phosphorylcholine chloride calcium salt monohydrate"
    },
    {
        "start_node": "tetrahydrate",
        "relationship": "hydrate_type",
        "end_node": "monohydrate"
    },
    {
        "start_node": "tetrahydrate",
        "relationship": "delta_H0",
        "end_node": "16.08 kcal mol^-1"
    },
    {
        "start_node": "monohydrate",
        "relationship": "delta_H0",
        "end_node": "12.49 kcal mol^-1"
    },
    {
        "start_node": "tetrahydrate",
        "relationship": "stability",
        "end_node": "lower"
    },
    {
        "start_node": "entropy",
        "relationship": "cause",
        "end_node": "lower stability"
    },
    {
        "start_node": "tetrahydrate",
        "relationship": "IR_spectrum",
        "end_node": "framework clathrate hydrate"
    },
    {
        "start_node": "tetrahydrate",
        "relationship": "hydrogen_bonding",
        "end_node": "weak acceptor"
    },
    {
        "start_node": "monohydrate",
        "relationship": "hydrogen_bonding",
        "end_node": "not involved"
    },
    {
        "start_node": "monohydrate",
        "relationship": "P-OH_bonds",
        "end_node": "absent"
    }
]