[
    {
        "start_node": "HOF",
        "relationship": "contain",
        "end_node": "Zn2+ MOF gel"
    },
    {
        "start_node": "HOF",
        "relationship": "contain",
        "end_node": "Polyethylene glycol (PEG)"
    },
    {
        "start_node": "Zn2+ MOF gel",
        "relationship": "support",
        "end_node": "Composite PCM"
    },
    {
        "start_node": "Composite PCM",
        "relationship": "feature",
        "end_node": "High transition enthalpy"
    },
    {
        "start_node": "Composite PCM",
        "relationship": "feature",
        "end_node": "93.4% encapsulation efficiency"
    },
    {
        "start_node": "Composite PCM",
        "relationship": "feature",
        "end_node": "92.2% impregnation ratio"
    },
    {
        "start_node": "MOF",
        "relationship": "property",
        "end_node": "Large interior surface accessibility"
    },
    {
        "start_node": "Composite PCM",
        "relationship": "property",
        "end_node": "Excellent thermal stability"
    },
    {
        "start_node": "Composite PCM",
        "relationship": "property",
        "end_node": "100 thermal cycles reliability"
    },
    {
        "start_node": "Composite PCM",
        "relationship": "application",
        "end_node": "Thermal-energy management systems"
    }
]