[
    {
        "start_node": "HOF",
        "relationship": "contain",
        "end_node": "Ln(III)-Ni(II) MOF"
    },
    {
        "start_node": "Ln(III)-Ni(II) MOF",
        "relationship": "property",
        "end_node": "proton-conductive"
    },
    {
        "start_node": "MOF",
        "relationship": "type",
        "end_node": "heteropolynuclear"
    },
    {
        "start_node": "MOF",
        "relationship": "formula",
        "end_node": "[Ln(2)Ni(3)(oda)(6)(H2O)(6)]·xH2O"
    },
    {
        "start_node": "oda",
        "relationship": "component",
        "end_node": "oxydiacetate"
    },
    {
        "start_node": "structure",
        "relationship": "feature",
        "end_node": "honeycomb"
    },
    {
        "start_node": "channels",
        "relationship": "dimension",
        "end_node": "1D"
    },
    {
        "start_node": "channel size",
        "relationship": "decrease",
        "end_node": "smaller Ln ions"
    },
    {
        "start_node": "water content",
        "relationship": "variable",
        "end_node": "temperature, relative humidity"
    },
    {
        "start_node": "[Tm2Ni3(oda)(6)(H2O)(6)]·11H2O",
        "relationship": "state",
        "end_node": "as-synthesized"
    },
    {
        "start_node": "[Tm2Ni3(oda)(6)(H2O)(6)]·14H2O",
        "relationship": "transition",
        "end_node": "humidity"
    },
    {
        "start_node": "proton conductivity",
        "relationship": "value",
        "end_node": "2.43 x 10^(-3) S cm^(-1)"
    },
    {
        "start_node": "conductivity",
        "relationship": "comparison",
        "end_node": "standard MOF-based materials"
    },
    {
        "start_node": "mechanism",
        "relationship": "involved",
        "end_node": "vehicular carrier, H3O+ diffusion"
    },
    {
        "start_node": "activation energy",
        "relationship": "value",
        "end_node": "1.46 eV"
    }
]