[
    {
        "start_node": "Molecular",
        "relationship": "describe",
        "end_node": "structure"
    },
    {
        "start_node": "indole derivatives",
        "relationship": "contain",
        "end_node": "bicyclo[3.3.1]nonane"
    },
    {
        "start_node": "6-oxo-indolo[2,3-b]-bicyclo[3.3.1]non-2-en 1",
        "relationship": "is",
        "end_node": "compound"
    },
    {
        "start_node": "anti-configuration",
        "relationship": "in",
        "end_node": "1"
    },
    {
        "start_node": "half-chair-chair-conformation",
        "relationship": "adopted by",
        "end_node": "1, 2"
    },
    {
        "start_node": "6-oxo-(5-methoxy-indolo[2,3-b])-bicyclo[3.3.1]non-2-en 2",
        "relationship": "is",
        "end_node": "compound"
    },
    {
        "start_node": "methoxy-group",
        "relationship": "in",
        "end_node": "2"
    },
    {
        "start_node": "changes in molecular packing",
        "relationship": "caused by",
        "end_node": "2"
    },
    {
        "start_node": "ZP-puckering parameters",
        "relationship": "used to evaluate",
        "end_node": "ring distortion"
    },
    {
        "start_node": "CP-puckering parameters",
        "relationship": "used to evaluate",
        "end_node": "ring distortion"
    }
]