[
    {
        "start_node": "HOF",
        "relationship": "contains",
        "end_node": "PCN-602"
    },
    {
        "start_node": "PCN-602",
        "relationship": "type",
        "end_node": "Metal-Organic Framework"
    },
    {
        "start_node": "PCN-602",
        "relationship": "constructed_with",
        "end_node": "Ni-8(OH)(4)(H2O)(2)Pz(12) cluster"
    },
    {
        "start_node": "PCN-602",
        "relationship": "constructed_with",
        "end_node": "5,10,15,20-tetralds (4- (pyrazolate-4-yl)phenyl)porphyrin"
    },
    {
        "start_node": "PCN-602",
        "relationship": "stability_tested",
        "end_node": "hydroxide solution"
    },
    {
        "start_node": "PCN-602",
        "relationship": "stability_tested",
        "end_node": "aqueous F- solution"
    },
    {
        "start_node": "PCN-602",
        "relationship": "stability_tested",
        "end_node": "aqueous CO32- solution"
    },
    {
        "start_node": "PCN-602",
        "relationship": "stability_tested",
        "end_node": "aqueous PO43- solution"
    },
    {
        "start_node": "Mn3+-porphyrinic PCN-602",
        "relationship": "catalyst_type",
        "end_node": "MOF"
    },
    {
        "start_node": "Mn3+-porphyrinic PCN-602",
        "relationship": "used_for",
        "end_node": "C-H bond halogenation"
    },
    {
        "start_node": "Mn3+-porphyrinic PCN-602",
        "relationship": "environment",
        "end_node": "basic system"
    },
    {
        "start_node": "Mn3+-porphyrinic PCN-602",
        "relationship": "comparison",
        "end_node": "homogeneous catalyst"
    }
]