[
    {
        "start_node": "HOF",
        "relationship": "contains",
        "end_node": "Polyoxometalate-Based Metal-Organic Frameworks"
    },
    {
        "start_node": "POMOF1",
        "relationship": "is",
        "end_node": "POMOF-PW12"
    },
    {
        "start_node": "POMOF2",
        "relationship": "is",
        "end_node": "POMOF-PMo12"
    },
    {
        "start_node": "POMOF1/PAN",
        "relationship": "is",
        "end_node": "NFM"
    },
    {
        "start_node": "POMOF1/PAN",
        "relationship": "has_property",
        "end_node": "water stability"
    },
    {
        "start_node": "POMOF1/PAN (5 wt%)",
        "relationship": "has_property",
        "end_node": "highest removal efficiency"
    },
    {
        "start_node": "POMOF1/PAN NFM",
        "relationship": "removes",
        "end_node": "cationic dyes (RhB, MB, CV)"
    },
    {
        "start_node": "adsorption mechanism",
        "relationship": "explained_by",
        "end_node": "FT-IR, SEM, Zeta potential, adsorption kinetics model"
    },
    {
        "start_node": "POMOF1/PAN membrane",
        "relationship": "has",
        "end_node": "recovery stability"
    }
]