[
    {
        "start_node": "HOF",
        "relationship": "contains",
        "end_node": "Unusual self-threading"
    },
    {
        "start_node": "HOF",
        "relationship": "contains",
        "end_node": "interdigitated architectures"
    },
    {
        "start_node": "HOF",
        "relationship": "contains",
        "end_node": "hydrothermal synthesis"
    },
    {
        "start_node": "Compound 1",
        "relationship": "is",
        "end_node": "self-threading framework"
    },
    {
        "start_node": "Compound 1",
        "relationship": "has",
        "end_node": "CdSO4 topology"
    },
    {
        "start_node": "Compound 1",
        "relationship": "features",
        "end_node": "twofold interpenetration"
    },
    {
        "start_node": "Compound 2",
        "relationship": "has",
        "end_node": "novel (1D -> 3D) interdigitated"
    },
    {
        "start_node": "Compound 2",
        "relationship": "consists_of",
        "end_node": "1D tubelike structures"
    },
    {
        "start_node": "Compounds 3 and 4",
        "relationship": "have",
        "end_node": "novel (2D -> 3D) interdigitated"
    },
    {
        "start_node": "Compounds 3 and 4",
        "relationship": "formed_by",
        "end_node": "hydrogen-bonded bilayer motifs"
    },
    {
        "start_node": "Compounds 1-3",
        "relationship": "investigated",
        "end_node": "photoluminescent properties"
    }
]