[
    {
        "start_node": "HOF",
        "relationship": "contain",
        "end_node": "Computational comparison"
    },
    {
        "start_node": "Computational comparison",
        "relationship": "focus_on",
        "end_node": "Efficiency"
    },
    {
        "start_node": "Efficiency",
        "relationship": "study",
        "end_node": "Nanoporous zeolite frameworks"
    },
    {
        "start_node": "Nanoporous zeolite frameworks",
        "relationship": "comparison",
        "end_node": [
            "BEA",
            "FAU",
            "MFI",
            "MOR"
        ]
    },
    {
        "start_node": "zeolites",
        "relationship": "adsorbates",
        "end_node": "phenol"
    },
    {
        "start_node": "phenol",
        "relationship": "removal_from",
        "end_node": "water"
    },
    {
        "start_node": "adsorption",
        "relationship": "performance",
        "end_node": "GCMC simulation"
    },
    {
        "start_node": "GCMC simulation",
        "relationship": "predicts",
        "end_node": "adsorption capacity"
    },
    {
        "start_node": "dimensions",
        "relationship": "impact_on",
        "end_node": "adsorption"
    },
    {
        "start_node": "pressure",
        "relationship": "effect_on",
        "end_node": [
            "low",
            "high"
        ]
    },
    {
        "start_node": "Framework Density",
        "relationship": "influence_at",
        "end_node": "low pressure"
    },
    {
        "start_node": "interactions",
        "relationship": "dominant_at",
        "end_node": "low pressure"
    },
    {
        "start_node": "hydrogen bonding",
        "relationship": "improves",
        "end_node": "cluster formation"
    },
    {
        "start_node": "quantum mechanics",
        "relationship": "approach",
        "end_node": "preferential siting"
    },
    {
        "start_node": "FAU",
        "relationship": "unique_feature",
        "end_node": "supercages"
    },
    {
        "start_node": "energy curve",
        "relationship": "peak_at",
        "end_node": "-20 kcal mol^(-1)"
    },
    {
        "start_node": "results",
        "relationship": "show",
        "end_node": "differences in structures and interactions"
    }
]