[
    {
        "start_node": "HOF",
        "relationship": "develop",
        "end_node": "deep eutectic solvent (DES)-functionalized magnetic metal-organic framework (MOF) adsorbent"
    },
    {
        "start_node": "DES",
        "relationship": "composed of",
        "end_node": "levulinic acid and trifluoromethoxylbenzene"
    },
    {
        "start_node": "DES",
        "relationship": "modified onto",
        "end_node": "magnetic UiO-66NH2"
    },
    {
        "start_node": "adsorbent",
        "relationship": "used for",
        "end_node": "detection of fluorotelomer alcohols (FTOHs)"
    },
    {
        "start_node": "method",
        "relationship": "limit of detection (LOD)",
        "end_node": "31.51 - 185.76 pg g^-1"
    },
    {
        "start_node": "method",
        "relationship": "recovery",
        "end_node": "73.83% - 128.55%"
    },
    {
        "start_node": "study",
        "relationship": "applied in",
        "end_node": "edible oils samples"
    },
    {
        "start_node": "adsorbent",
        "relationship": "improved for",
        "end_node": "PFASs enrichment"
    },
    {
        "start_node": "performance",
        "relationship": "enhanced by",
        "end_node": "double hydrogen-bonding interactions and fluorine affinity"
    },
    {
        "start_node": "insights",
        "relationship": "provided for",
        "end_node": "design and fabrication of selective materials"
    },
    {
        "start_node": "study",
        "relationship": "applied in",
        "end_node": "complex matrices (ultra-trace emerging contaminants)"
    }
]