[
    {
        "start_node": "HOF",
        "relationship": "contains",
        "end_node": "Adsorption of arsenite by core-shell K-OMS-2@UiO-66"
    },
    {
        "start_node": "HOF",
        "relationship": "contains",
        "end_node": "nano core-shell-structured K-OMS-2@UiO-66"
    },
    {
        "start_node": "K-OMS-2@UiO-66",
        "relationship": "has_property",
        "end_node": "adsorption capacity"
    },
    {
        "start_node": "K-OMS-2@UiO-66",
        "relationship": "removes",
        "end_node": "arsenite (As(iii))"
    },
    {
        "start_node": "adsorption",
        "relationship": "occurs_in",
        "end_node": "water"
    },
    {
        "start_node": "pH_range",
        "relationship": "applies_to",
        "end_node": "1.5 to 10.0"
    },
    {
        "start_node": "As(iii)",
        "relationship": "transformed_to",
        "end_node": "As(v)"
    },
    {
        "start_node": "K-OMS-2@UiO-66",
        "relationship": "removal_mechanism",
        "end_node": "surface complexation"
    },
    {
        "start_node": "K-OMS-2@UiO-66",
        "relationship": "removal_mechanism",
        "end_node": "hydrogen bonding"
    },
    {
        "start_node": "As(iii)",
        "relationship": "adsorption_mechanism",
        "end_node": "Zr-O bonds"
    },
    {
        "start_node": "As(iii)",
        "relationship": "adsorption_mechanism",
        "end_node": "Mn-O bonds"
    },
    {
        "start_node": "Mn(iv) and Mn(iii)",
        "relationship": "involved_in",
        "end_node": "As(iii) oxidation"
    },
    {
        "start_node": "As(v)",
        "relationship": "adsorption_mechanism",
        "end_node": "electrostatic attraction"
    },
    {
        "start_node": "As(v)",
        "relationship": "forms_complex",
        "end_node": "Zr-O bonds"
    },
    {
        "start_node": "HOF",
        "relationship": "benefits",
        "end_node": "low-cost synthesis"
    },
    {
        "start_node": "HOF",
        "relationship": "benefits",
        "end_node": "good As(iii) sorption performance"
    },
    {
        "start_node": "K-OMS-2@UiO-66",
        "relationship": "property",
        "end_node": "reusability"
    }
]