[
    {
        "start_node": "Syntheses",
        "relationship": "describes",
        "end_node": "Coordination Polymers"
    },
    {
        "start_node": "Coordination Polymers",
        "relationship": "based_on",
        "end_node": "5-methoxyisophthalate"
    },
    {
        "start_node": "Coordination Polymers",
        "relationship": "based_on",
        "end_node": "flexible dipyridines"
    },
    {
        "start_node": "5-methoxyisophthalic acid",
        "relationship": "reacted_with",
        "end_node": "Cd(NO3)(2)4H(2)O"
    },
    {
        "start_node": "5-methoxyisophthalic acid",
        "relationship": "reacted_with",
        "end_node": "Ni(NO3)(2)6H(2)O"
    },
    {
        "start_node": "[Cd-2(MeO-ip)(2)(bpp)(2)](n)nH(2)O",
        "relationship": "product_of",
        "end_node": "hydrothermal_reaction"
    },
    {
        "start_node": "[Ni(MeO-ip)(bpp)(H2O)](n)nH(2)O",
        "relationship": "product_of",
        "end_node": "hydrothermal_reaction"
    },
    {
        "start_node": "Complex 1",
        "relationship": "is",
        "end_node": "[Cd-2(MeO-ip)(2)(bpp)(2)](n)nH(2)O"
    },
    {
        "start_node": "Complex 1",
        "relationship": "structure",
        "end_node": "2-D layer"
    },
    {
        "start_node": "Complex 1",
        "relationship": "consists_of",
        "end_node": "dinuclear Cd(II)-carboxylate units"
    },
    {
        "start_node": "MeO-ip",
        "relationship": "mode_of_attachment",
        "end_node": "(2),(2)-bridging"
    },
    {
        "start_node": "MeO-ip",
        "relationship": "mode_of_attachment",
        "end_node": "chelating"
    },
    {
        "start_node": "Complex 2",
        "relationship": "is",
        "end_node": "[Ni(MeO-ip)(bpp)(H2O)](n)nH(2)O"
    },
    {
        "start_node": "Complex 2",
        "relationship": "structure",
        "end_node": "1-D [Ni(MeO-ip)](n) chain"
    },
    {
        "start_node": "MeO-ip",
        "relationship": "mode_of_attachment",
        "end_node": "monodentate, chelating"
    },
    {
        "start_node": "Complex 2",
        "relationship": "connects",
        "end_node": "trans-gauche conformation"
    },
    {
        "start_node": "Hydrogen bonds",
        "relationship": "formed_by",
        "end_node": "coordinated water, carboxylate oxygen"
    },
    {
        "start_node": "Stability",
        "relationship": "applies_to",
        "end_node": "Complex 1",
        "end_node_detail": "below 250°C"
    },
    {
        "start_node": "Stability",
        "relationship": "applies_to",
        "end_node": "Complex 2",
        "end_node_detail": "below 300°C"
    },
    {
        "start_node": "Luminescence",
        "relationship": "property_of",
        "end_node": "Complex 1",
        "end_node_detail": "maximum emission at 375, 450nm"
    },
    {
        "start_node": "Luminescence",
        "relationship": "excitation_at",
        "end_node": "320nm"
    },
    {
        "start_node": "Magnetic properties",
        "relationship": "property_of",
        "end_node": "Complex 2",
        "end_node_detail": "ferromagnetic interactions"
    }
]