[
    {
        "start_node": "CuHTPO",
        "relationship": "contains",
        "end_node": "paddle-wheel-type Cu MOF"
    },
    {
        "start_node": "CuHTPO",
        "relationship": "forms",
        "end_node": "composite system"
    },
    {
        "start_node": "composite system",
        "relationship": "contains",
        "end_node": "Zn2+"
    },
    {
        "start_node": "composite system",
        "relationship": "contains",
        "end_node": "Tb3+"
    },
    {
        "start_node": "CuHTPO",
        "relationship": "impacts",
        "end_node": "framework stability"
    },
    {
        "start_node": "CuHTPO",
        "relationship": "impacts",
        "end_node": "crystal transformation"
    },
    {
        "start_node": "charges of foreign cations",
        "relationship": "influences",
        "end_node": "framework stability"
    },
    {
        "start_node": "charges of foreign cations",
        "relationship": "affects",
        "end_node": "crystal transformation"
    }
]