[
    {
        "start_node": "HOF",
        "relationship": "contain",
        "end_node": "Atomistic Modeling"
    },
    {
        "start_node": "Atomistic Modeling",
        "relationship": "applied_to",
        "end_node": "EUV Photoresist"
    },
    {
        "start_node": "EUV Photoresist",
        "relationship": "has_problem",
        "end_node": "Feature Roughness"
    },
    {
        "start_node": "Feature Roughness",
        "relationship": "caused_by",
        "end_node": "Poor PAG Dispersibility"
    },
    {
        "start_node": "Photoacid Generators (PAGs)",
        "relationship": "analyzed_in",
        "end_node": "Molecular Dynamics Simulations"
    },
    {
        "start_node": "Molecular Dynamics Simulations",
        "relationship": "used_to_examine",
        "end_node": "Ionic and Steric Interactions"
    },
    {
        "start_node": "TPS Cations",
        "relationship": "with",
        "end_node": "TFMeS, NFBuS, PFPS, ATFEtS Sulfonate Anions"
    },
    {
        "start_node": "Ionic Salts",
        "relationship": "contains",
        "end_node": "TPS-Cation-Anion Pairs"
    },
    {
        "start_node": "Nonionic Naphthalimide Sulfonate PAG",
        "relationship": "compared_to",
        "end_node": "Ionic PAGs"
    },
    {
        "start_node": "Poly(tert-butyl methacrylate) (PtBMA)",
        "relationship": "used_as",
        "end_node": "Model Polymer"
    },
    {
        "start_node": "Poly(4-hydroxy styrene) (PHS)",
        "relationship": "used_as",
        "end_node": "Model Polymer"
    },
    {
        "start_node": "Alternating Copolymer",
        "relationship": "includes",
        "end_node": "PtBMA and PHS"
    },
    {
        "start_node": "Dissociation Free-Energy",
        "relationship": "indicates",
        "end_node": "Solvation Environment"
    },
    {
        "start_node": "PHS Segments",
        "relationship": "better_for",
        "end_node": "Ionic PAGs"
    },
    {
        "start_node": "Nonionic Naphthalimide PAG",
        "relationship": "highest_dispersibility"
    },
    {
        "start_node": "TPS-TFMeS",
        "relationship": "best_solvent",
        "end_node": "Compared to TPS-NFBuS, TPS-ATFEtS"
    },
    {
        "start_node": "PAG Clustering",
        "relationship": "increases",
        "end_node": "Less Polar Media, High Concentrations"
    },
    {
        "start_node": "Dipole Moments",
        "relationship": "increase_with",
        "end_node": "Less Polar Solvation"
    },
    {
        "start_node": "Hydrogen Bonded Carbonyl Groups",
        "relationship": "observed_in",
        "end_node": "Copolymer"
    },
    {
        "start_node": "Infrared Spectroscopy",
        "relationship": "provides_evidence",
        "end_node": "Hydrogen Bonds"
    },
    {
        "start_node": "String-like Salt Clusters",
        "relationship": "found_in",
        "end_node": "PHS Homopolymer"
    },
    {
        "start_node": "Globular Clusters",
        "relationship": "found_in",
        "end_node": "PtBMA Homopolymer"
    },
    {
        "start_node": "Alternating Copolymer",
        "relationship": "heterogeneous_clusters",
        "end_node": "String-like and Globular"
    },
    {
        "start_node": "TPS-ATFEtS, TPS-NFBuS",
        "relationship": "highest_aggregation",
        "end_node": "All Loadings"
    },
    {
        "start_node": "Methodology",
        "relationship": "advocated_for",
        "end_node": "Ranking Polymer and PAG Compatibility"
    }
]