[
    {
        "start_node": "HOF",
        "relationship": "contain",
        "end_node": "Two 2-fold interpenetrated polythreading networks"
    },
    {
        "start_node": "networks",
        "relationship": "constructed_by",
        "end_node": "4,4'-sulfonyldibenzoic acid"
    },
    {
        "start_node": "networks",
        "relationship": "constructed_by",
        "end_node": "N-donor ligand"
    },
    {
        "start_node": "networks",
        "relationship": "isomorphous_with",
        "end_node": "1"
    },
    {
        "start_node": "networks",
        "relationship": "isostructural_with",
        "end_node": "2"
    },
    {
        "start_node": "network 1",
        "relationship": "type",
        "end_node": " [{Ni(pbtx)(E1)(H2O)}center dot H2O] n (1)"
    },
    {
        "start_node": "network 2",
        "relationship": "type",
        "end_node": " [{Co(pbtx)(E1)(H2O)}center dot H2O] n (2)"
    },
    {
        "start_node": "network 1",
        "relationship": "linkage",
        "end_node": "rotaxane-like links"
    },
    {
        "start_node": "grid_layer",
        "relationship": "present_in",
        "end_node": "networks 1 and 2"
    },
    {
        "start_node": "grid_layer",
        "relationship": "composition",
        "end_node": "metal ions, pbtx ligands, E1(2-) ligands"
    },
    {
        "start_node": "interpenetration",
        "relationship": "result_of",
        "end_node": "C-HO and O-HO hydrogen bonds"
    },
    {
        "start_node": "characterizations",
        "relationship": "studied",
        "end_node": "elemental analysis, FT-IR, XPRD, Thermogravimetric analysis"
    }
]