[
    {
        "start_node": "Catalytic",
        "relationship": "focus_on",
        "end_node": "functional_synergy"
    },
    {
        "start_node": "Functional_tagging",
        "relationship": "method",
        "end_node": "Lego Chemistry"
    },
    {
        "start_node": "Metal-organic frameworks (MOFs)",
        "relationship": "application",
        "end_node": "renewable_energy"
    },
    {
        "start_node": "MOFs",
        "relationship": "enhances",
        "end_node": "bimodal_catalysis"
    },
    {
        "start_node": "Ultra-robust MOF",
        "relationship": "contains",
        "end_node": "Co(ii) nodes"
    },
    {
        "start_node": "MOF",
        "relationship": "catalyzes",
        "end_node": "OERs (oxygen_evolution_reactions)"
    },
    {
        "start_node": "MOF",
        "relationship": "outperforms",
        "end_node": "benchmark_catalysts"
    },
    {
        "start_node": "Microporous vessel",
        "relationship": "facilitates",
        "end_node": "Friedel-Crafts_alkylation"
    },
    {
        "start_node": "HBD reactions",
        "relationship": "mediates",
        "end_node": "size_selectivity"
    },
    {
        "start_node": "Electrochemically_dynamic_linkers",
        "relationship": "synergy_with",
        "end_node": "two-point_H-bonding"
    },
    {
        "start_node": "Task-specific_sites",
        "relationship": "validated",
        "end_node": "isostructural_Co(ii)_MOFs"
    },
    {
        "start_node": "Sequential.Trimming",
        "relationship": "strategy",
        "end_node": "retrosynthetic_fragmentation"
    },
    {
        "start_node": "Catassembler",
        "relationship": "provides",
        "end_node": "blueprint_for_futuristic_molecular_machines"
    }
]