[
    {
        "start_node": "Supramolecular",
        "relationship": "derive",
        "end_node": "Networks"
    },
    {
        "start_node": "Networks",
        "relationship": "contain",
        "end_node": "1"
    },
    {
        "start_node": "1",
        "relationship": "synthesized_by",
        "end_node": "Reaction"
    },
    {
        "start_node": "Reaction",
        "relationship": "use",
        "end_node": "Nitrogen_heterocycle"
    },
    {
        "start_node": "Nitrogen_heterocycle",
        "relationship": "react_with",
        "end_node": "Ferrocyanide"
    },
    {
        "start_node": "Ferrocyanide",
        "relationship": "yield",
        "end_node": "2"
    },
    {
        "start_node": "2",
        "relationship": "Topology",
        "end_node": "Hydrogen_bonding"
    },
    {
        "start_node": "Hydrogen_bonding",
        "relationship": "increase_in",
        "end_node": "Compound"
    },
    {
        "start_node": "Compound",
        "relationship": "grouped_by",
        "end_node": "Features"
    },
    {
        "start_node": "Features",
        "relationship": "include",
        "end_node": "a"
    },
    {
        "start_node": "a",
        "relationship": "increase_of",
        "end_node": "H-bonding"
    },
    {
        "start_node": "H-bonding",
        "relationship": "type",
        "end_node": "Supramolecular_complexes"
    },
    {
        "start_node": "Supramolecular_complexes",
        "relationship": "form",
        "end_node": "3"
    },
    {
        "start_node": "3",
        "relationship": "group",
        "end_node": "b"
    },
    {
        "start_node": "b",
        "relationship": "Formation",
        "end_node": "Hexacyanoferrates"
    },
    {
        "start_node": "Hexacyanoferrates",
        "relationship": "type",
        "end_node": "Hydro-"
    },
    {
        "start_node": "Hydro-",
        "relationship": "and",
        "end_node": "Dihydro-"
    },
    {
        "start_node": "Dihydro-",
        "relationship": "form",
        "end_node": "4"
    },
    {
        "start_node": "4",
        "relationship": "group",
        "end_node": "c"
    },
    {
        "start_node": "c",
        "relationship": "Participation",
        "end_node": "Cationic_heterocycle"
    },
    {
        "start_node": "Cationic_heterocycle",
        "relationship": "structure_or_guest",
        "end_node": "5"
    },
    {
        "start_node": "5",
        "relationship": "Topology",
        "end_node": "6"
    },
    {
        "start_node": "6",
        "relationship": "Topology",
        "end_node": "7"
    },
    {
        "start_node": "7",
        "relationship": "group",
        "end_node": "8"
    },
    {
        "start_node": "8",
        "relationship": "Topology",
        "end_node": "9"
    },
    {
        "start_node": "9",
        "relationship": "Elsevier",
        "end_node": "Copyright"
    }
]