[
    {
        "start_node": "Catalysis",
        "relationship": "study",
        "end_node": "MIL-101(Fe) MOF"
    },
    {
        "start_node": "Fe(II)",
        "relationship": "part_of",
        "end_node": "MIL-101(Fe)"
    },
    {
        "start_node": "C-H bond activation",
        "relationship": "catalyzed_by",
        "end_node": "Fe(II) sites"
    },
    {
        "start_node": "N2O decomposition",
        "relationship": "step_in",
        "end_node": "C-H bond cleavage"
    },
    {
        "start_node": "Kohn-Sham density functional methods",
        "relationship": "used_for",
        "end_node": "barrier analysis"
    },
    {
        "start_node": "Substituents",
        "relationship": "impact_on",
        "end_node": "energy barriers"
    },
    {
        "start_node": "Hydrogen bond donors",
        "relationship": "effect_on",
        "end_node": "lower barrier, increased reactivity"
    },
    {
        "start_node": "Rules",
        "relationship": "for",
        "end_node": "reactivity improvement"
    },
    {
        "start_node": "(i)",
        "relationship": "rule",
        "end_node": "low pK(a) or positive electrostatic potential"
    },
    {
        "start_node": "(ii)",
        "relationship": "rule",
        "end_node": "1.5 Å distance from oxoferryl"
    },
    {
        "start_node": "(iii)",
        "relationship": "rule",
        "end_node": "low conformational flexibility"
    }
]