[
    {
        "start_node": "Synthesis",
        "relationship": "describes",
        "end_node": "compounds"
    },
    {
        "start_node": "Coordination Compounds",
        "relationship": "are",
        "end_node": "2"
    },
    {
        "start_node": "H(2)pimdc",
        "relationship": "forms",
        "end_node": "ligands"
    },
    {
        "start_node": "ligands",
        "relationship": "coordinate",
        "end_node": "metal ions"
    },
    {
        "start_node": "metal ions",
        "relationship": "have",
        "end_node": "cis-octahedral geometry"
    },
    {
        "start_node": "neutral coordination molecule",
        "relationship": "results from",
        "end_node": "stacking"
    },
    {
        "start_node": "stacking",
        "relationship": "involves",
        "end_node": "hydrophobic region"
    },
    {
        "start_node": "hydrophobic region",
        "relationship": "via",
        "end_node": "propyl groups"
    },
    {
        "start_node": "hydrophilic region",
        "relationship": "via",
        "end_node": "crystallization water, coordination water, and noncoordinated oxygen atoms"
    },
    {
        "start_node": "Supramolecular structure",
        "relationship": "formed by",
        "end_node": "hydrogen bonds, - interactions, and intermolecular forces"
    },
    {
        "start_node": "Compounds 1 and 2",
        "relationship": "exhibit",
        "end_node": "paramagnetic property"
    },
    {
        "start_node": "Characterization",
        "relationship": "includes",
        "end_node": "elemental analysis, IR, UV-vis spectroscopy, thermal analysis, and single-crystal X-ray diffraction"
    }
]