[
    {
        "start_node": "Compound",
        "relationship": "has_component",
        "end_node": "C8H7N3OS2.H2O"
    },
    {
        "start_node": "C8H7N3OS2.H2O",
        "relationship": "has_structure",
        "end_node": "Three-dimensional framework"
    },
    {
        "start_node": "C8H7N3OS2.H2O",
        "relationship": "contains",
        "end_node": "Organic component"
    },
    {
        "start_node": "Organic component",
        "relationship": "has_atoms",
        "end_node": "Non-H atoms"
    },
    {
        "start_node": "Non-H atoms",
        "relationship": "are_part_of",
        "end_node": "C8H7N3OS2.H2O"
    },
    {
        "start_node": "C8H7N3OS2.H2O",
        "relationship": "dihedral_angle",
        "end_node": "1.8(2) degrees"
    },
    {
        "start_node": "C8H7N3OS2.H2O",
        "relationship": "ring_plane_angle",
        "end_node": "127.8(3) degrees"
    },
    {
        "start_node": "C8H7N3OS2.H2O",
        "relationship": "hydrogen_bonds",
        "end_node": "Two-centre N-H...O, O-H...N"
    },
    {
        "start_node": "C8H7N3OS2.H2O",
        "relationship": "hydrogen_bonds",
        "end_node": "Three-centre O-H...(N, S)"
    }
]