[
    {
        "start_node": "Waste PET",
        "relationship": "used_to_synthesize",
        "end_node": "MOF-5"
    },
    {
        "start_node": "MOF-5",
        "relationship": "used_for",
        "end_node": "adsorption_of_tetracycline"
    },
    {
        "start_node": "Tetracycline",
        "relationship": "adsorbed_by",
        "end_node": "MOF-5"
    },
    {
        "start_node": "Waste PET",
        "relationship": "depolymerizes_to",
        "end_node": "TPA"
    },
    {
        "start_node": "TPA",
        "relationship": "organic_linker_in",
        "end_node": "MOF-5"
    },
    {
        "start_node": "MOF-5",
        "relationship": "adsorption_capacity",
        "end_node": "2325.55 mg/g"
    },
    {
        "start_node": "MOF-5",
        "relationship": "regeneration_rate",
        "end_node": "85.51% (5th cycle)"
    },
    {
        "start_node": "XPS",
        "relationship": "technique_used",
        "end_node": "adsorption_mechanism_analysis"
    },
    {
        "start_node": "FTIR",
        "relationship": "technique_used",
        "end_node": "adsorption_mechanism_analysis"
    },
    {
        "start_node": "MOF-5",
        "relationship": "adsorption_mechanism",
        "end_node": "hydrogen_bonding, ionic_interactions"
    },
    {
        "start_node": "Alginate hydrogel",
        "relationship": "loaded_with",
        "end_node": "MOF-5 (30-150 mg)"
    },
    {
        "start_node": "Alginate hydrogel",
        "relationship": "adsorption_performance",
        "end_node": "better_than_powder"
    },
    {
        "start_node": "Alginate hydrogel (90 mg MOF-5)",
        "relationship": "removal_rate",
        "end_node": "66.28%"
    },
    {
        "start_node": "Waste PET recycling",
        "relationship": "solution_for",
        "end_node": "improving_recycling_rate"
    },
    {
        "start_node": "Pollutant treatment",
        "relationship": "enlightened_by",
        "end_node": "novel_method_from_waste_plastics"
    }
]