[
    {
        "start_node": "HOF",
        "relationship": "contains",
        "end_node": "calix[4]arene"
    },
    {
        "start_node": "HOF",
        "relationship": "contains",
        "end_node": "1,3-alternate"
    },
    {
        "start_node": "HOF",
        "relationship": "contains",
        "end_node": "tetrabenzoic acids"
    },
    {
        "start_node": "HOF",
        "relationship": "forms",
        "end_node": "3A"
    },
    {
        "start_node": "HOF",
        "relationship": "forms",
        "end_node": "3B"
    },
    {
        "start_node": "3A",
        "relationship": "linker",
        "end_node": "Zn2+"
    },
    {
        "start_node": "3B",
        "relationship": "linker",
        "end_node": "Zn2+"
    },
    {
        "start_node": "3A",
        "relationship": "forms",
        "end_node": "CU-SCRU1"
    },
    {
        "start_node": "3B",
        "relationship": "forms",
        "end_node": "CU-SCRU2"
    },
    {
        "start_node": "3B",
        "relationship": "linker",
        "end_node": "Cd2+"
    },
    {
        "start_node": "3B",
        "relationship": "forms",
        "end_node": "CU-SCRU3"
    },
    {
        "start_node": "3B",
        "relationship": "forms",
        "end_node": "CU-SCRU4"
    },
    {
        "start_node": "CU-SCRU1",
        "relationship": "structure",
        "end_node": "1D polymeric chain"
    },
    {
        "start_node": "CU-SCRU2",
        "relationship": "structure",
        "end_node": "zig-zag 1D chain"
    },
    {
        "start_node": "CU-SCRU3",
        "relationship": "structure",
        "end_node": "3D framework"
    },
    {
        "start_node": "CU-SCRU4",
        "relationship": "structure",
        "end_node": "3D framework"
    },
    {
        "start_node": "CU-SCRU1",
        "relationship": "coordination",
        "end_node": "nonclassical hydrogen bonding"
    },
    {
        "start_node": "CU-SCRU2",
        "relationship": "coordination",
        "end_node": "intermolecular interactions"
    },
    {
        "start_node": "CU-SCRU3",
        "relationship": "coordination",
        "end_node": "different structure"
    },
    {
        "start_node": "CU-SCRU4",
        "relationship": "coordination",
        "end_node": "nonporous material"
    }
]