[
    {
        "start_node": "HOF",
        "relationship": "display",
        "end_node": "S-shaped gas isotherm pattern"
    },
    {
        "start_node": "S-shaped gas isotherm pattern",
        "relationship": "adsorption behavior",
        "end_node": "NH3"
    },
    {
        "start_node": "HOF",
        "relationship": "design",
        "end_node": "type IV NH3 adsorption behavior"
    },
    {
        "start_node": "HOF",
        "relationship": "characterize",
        "end_node": "type IV NH3 adsorption"
    },
    {
        "start_node": "conventional porous materials",
        "relationship": "adsorption behavior",
        "end_node": "type I NH3"
    },
    {
        "start_node": "HOF",
        "relationship": "comparison",
        "end_node": "conventional porous materials"
    },
    {
        "start_node": "HOF",
        "relationship": "regeneration",
        "end_node": "room temperature"
    },
    {
        "start_node": "HOF",
        "relationship": "recyclability",
        "end_node": "easily"
    }
]