[
    {
        "start_node": "HOF",
        "relationship": "contains",
        "end_node": "Three luminescent Cd(II) coordination polymers"
    },
    {
        "start_node": "Coordination polymer",
        "relationship": "is",
        "end_node": "[Cd(TCPA)(L)]·H2O (1)"
    },
    {
        "start_node": "Coordination polymer",
        "relationship": "is",
        "end_node": "[Cd(1,2-BDC)(L)]·H2O (2)"
    },
    {
        "start_node": "Coordination polymer",
        "relationship": "is",
        "end_node": "[Cd-2(1,3-BDC)(2)(L)(H2O)(2)](n) (3)"
    },
    {
        "start_node": "Structure",
        "relationship": "has",
        "end_node": "2D {4(4)} for 1"
    },
    {
        "start_node": "Structure",
        "relationship": "has",
        "end_node": "1D ladder-like chain for 2"
    },
    {
        "start_node": "Structure",
        "relationship": "has",
        "end_node": "2D (3,4)-connected 3,4L83 net for 3"
    },
    {
        "start_node": "Sensing property",
        "relationship": "detects",
        "end_node": "Cr2O7^2- anions"
    },
    {
        "start_node": "Efficiency",
        "relationship": "high",
        "end_node": "quenching efficiency for 1: 7820 M^-1"
    },
    {
        "start_node": "Efficiency",
        "relationship": "high",
        "end_node": "quenching efficiency for 2: 9460 M^-1"
    },
    {
        "start_node": "Efficiency",
        "relationship": "high",
        "end_node": "quenching efficiency for 3: 20018 M^-1"
    },
    {
        "start_node": "Detection limit",
        "relationship": "low",
        "end_node": "0.42 μM for 1"
    },
    {
        "start_node": "Detection limit",
        "relationship": "low",
        "end_node": "0.37 μM for 2"
    },
    {
        "start_node": "Detection limit",
        "relationship": "low",
        "end_node": "0.15 μM for 3"
    }
]