[
    {
        "start_node": "Lanthanide",
        "relationship": "form",
        "end_node": "Complex 1"
    },
    {
        "start_node": "Complex 1",
        "relationship": "contain",
        "end_node": "Eu-2(hqc)(6)(H2O)(4)"
    },
    {
        "start_node": "Complex 1",
        "relationship": "synthesized_by",
        "end_node": "evaporative crystallization"
    },
    {
        "start_node": "Single-crystal X-ray diffraction",
        "relationship": "characterize",
        "end_node": "Complex 1"
    },
    {
        "start_node": "Complexes 1-7",
        "relationship": "geometry",
        "end_node": "tricapped trigonal prism"
    },
    {
        "start_node": "Complexes 1-7",
        "relationship": "optical_property",
        "end_node": "luminescence"
    },
    {
        "start_node": "Eu3+",
        "relationship": "sensitized_by",
        "end_node": "hqc(-) ligands"
    },
    {
        "start_node": "Complex 1, 2",
        "relationship": "emission_color",
        "end_node": "intense red"
    },
    {
        "start_node": "Complexes 3, 5-7",
        "relationship": "emission_color",
        "end_node": "blue"
    },
    {
        "start_node": "X-ray diffraction",
        "relationship": "study",
        "end_node": "Complexes 1-7"
    },
    {
        "start_node": "Thermogravimetric analysis",
        "relationship": "study",
        "end_node": "Complexes 1-7"
    },
    {
        "start_node": "Complexes 1-7",
        "relationship": "stability",
        "end_node": "high purity, good thermal stability"
    }
]