[
    {
        "start_node": "HOF",
        "relationship": "contain",
        "end_node": "pyrimidine"
    },
    {
        "start_node": "pyrimidine",
        "relationship": "part_of",
        "end_node": "macrocycle"
    },
    {
        "start_node": "macrocycle",
        "relationship": "study",
        "end_node": "IR"
    },
    {
        "start_node": "macrocycle",
        "relationship": "study",
        "end_node": "UV"
    },
    {
        "start_node": "macrocycle",
        "relationship": "study",
        "end_node": "quantum chemical"
    },
    {
        "start_node": "2-thio-4-aminopyrimidine",
        "relationship": "component",
        "end_node": "macrocycle"
    },
    {
        "start_node": "6-methyluracil",
        "relationship": "component",
        "end_node": "macrocycle"
    },
    {
        "start_node": "amine-imine tautomerism",
        "relationship": "analyzed",
        "end_node": "macrocycle"
    },
    {
        "start_node": "amino form",
        "relationship": "preferred",
        "end_node": "macrocycle"
    },
    {
        "start_node": "hydrogen bonding",
        "relationship": "present_in",
        "end_node": "crystals"
    },
    {
        "start_node": "free NH groups",
        "relationship": "conformational_equilibria_with",
        "end_node": "solutions"
    },
    {
        "start_node": "NH...N",
        "relationship": "type_of_hydrogen_bond",
        "end_node": "crystals"
    }
]