[
    {
        "start_node": "Hydrothermal",
        "relationship": "synthesis",
        "end_node": "Cadmium-organic framework"
    },
    {
        "start_node": "Cadmium-organic framework",
        "relationship": "has_structure",
        "end_node": "[Cd(NDC)(H2O)] (I)"
    },
    {
        "start_node": "Cadmium-organic framework I",
        "relationship": "optimized_by",
        "end_node": "composition modification"
    },
    {
        "start_node": "Composition modification",
        "relationship": "in_synthesis",
        "end_node": "temperature programme"
    },
    {
        "start_node": "Highly crystalline",
        "relationship": "product_of",
        "end_node": "optimized synthesis"
    },
    {
        "start_node": "Pure homogeneous phase",
        "relationship": "result_of",
        "end_node": "hydrothermal process"
    },
    {
        "start_node": "Hydrothermal synthesis",
        "relationship": "produces",
        "end_node": "[Cd-2(NDC) (OH)(2)]"
    },
    {
        "start_node": "[Cd-2(NDC) (OH)(2)]",
        "relationship": "novel_layered_structure",
        "end_node": "molar ratio > 0.7"
    },
    {
        "start_node": "Molar ratio > 0.7",
        "relationship": "condition_for",
        "end_node": "[Cd-2(NDC) (OH)(2)] isolation"
    },
    {
        "start_node": "[Cd(NDC)(H2O)] (I)",
        "relationship": "methods",
        "end_node": "single-crystal X-ray diffraction"
    },
    {
        "start_node": "[Cd-2(NDC) (OH)(2)]",
        "relationship": "characterized_by",
        "end_node": "powder X-ray diffraction"
    },
    {
        "start_node": "[Cd-2(NDC) (OH)(2)]",
        "relationship": "analyzed_by",
        "end_node": "IR and Raman spectroscopies"
    },
    {
        "start_node": "[Cd-2(NDC) (OH)(2)]",
        "relationship": "analyzed_by",
        "end_node": "elemental analysis"
    },
    {
        "start_node": "[Cd-2(NDC) (OH)(2)]",
        "relationship": "analyzed_by",
        "end_node": "thermal analysis"
    },
    {
        "start_node": "Elsevier Inc.",
        "relationship": "copyright",
        "end_node": "(C) 2004"
    }
]