[
    {
        "start_node": "HOF",
        "relationship": "contain",
        "end_node": "Co-doped MIL-125(Ti)"
    },
    {
        "start_node": "Co-doped MIL-125(Ti)",
        "relationship": "used_for",
        "end_node": "adsorption of tetracycline hydrochloride"
    },
    {
        "start_node": "Co-MIL-300",
        "relationship": "preparation_from",
        "end_node": "Co-MIL precursor"
    },
    {
        "start_node": "Co-MIL-300",
        "relationship": "property",
        "end_node": "large specific surface area"
    },
    {
        "start_node": "Co-MIL-300",
        "relationship": "property",
        "end_node": "oxygen-containing groups"
    },
    {
        "start_node": "Co-MIL-300",
        "relationship": "property",
        "end_node": "benzene ring structure"
    },
    {
        "start_node": "Co-MIL-300",
        "relationship": "adsorption_mechanism",
        "end_node": "covalent bonding (pi- pi conjugation, hydrogen bonding, pi-cation, coordination)"
    },
    {
        "start_node": "Co-MIL-300",
        "relationship": "adsorption_capacity",
        "end_node": "q_max = 321.5 mg/g"
    },
    {
        "start_node": "Co-MIL-300",
        "relationship": "temperature",
        "end_node": "30°C"
    },
    {
        "start_node": "Co-MIL-300",
        "relationship": "pH_range",
        "end_node": "pH = 2-11"
    },
    {
        "start_node": "Co-MIL-300",
        "relationship": "regeneration",
        "end_node": "high recovery rate after five cycles"
    },
    {
        "start_node": "TCH",
        "relationship": "adsorbed_by",
        "end_node": "Co-MIL-300"
    },
    {
        "start_node": "TCH",
        "relationship": "inhibition",
        "end_node": "CO32-, PO43-, Al3+, Fe3+ ions"
    },
    {
        "start_node": "application",
        "relationship": "potential",
        "end_node": "antibiotics removal"
    }
]