[
    {
        "start_node": "HOF",
        "relationship": "contain",
        "end_node": "Blending functionalised ligands"
    },
    {
        "start_node": "Blending functionalised ligands",
        "relationship": "result_in",
        "end_node": "MTV-MONs"
    },
    {
        "start_node": "MTV-MONs",
        "relationship": "property_tuning",
        "end_node": "fine-tunable"
    },
    {
        "start_node": "MTV-MONs",
        "relationship": "enhanced_performance",
        "end_node": "compared_to_single-ligand"
    },
    {
        "start_node": "fu-BDC ligands",
        "relationship": "used_in_synthesis",
        "end_node": "copper paddle-wheel MOFs"
    },
    {
        "start_node": "synthesis",
        "relationship": "yield",
        "end_node": "nanosheets"
    },
    {
        "start_node": "nanosheets",
        "relationship": "thinner_than",
        "end_node": "monolayer"
    },
    {
        "start_node": "MTV-MONs",
        "relationship": "dispersion",
        "end_node": "polar_and_apolar_solvents"
    },
    {
        "start_node": "ligands",
        "relationship": "blend_types",
        "end_node": "hydrophilic_methoxy-propoxy, hydrophobic_pentoxy"
    },
    {
        "start_node": "MTV-MONs",
        "relationship": "incorporates",
        "end_node": "multiple_ligands"
    },
    {
        "start_node": "ligands",
        "relationship": "length_variations",
        "end_node": "methoxy-pentoxy"
    },
    {
        "start_node": "study",
        "relationship": "demonstrates",
        "end_node": "potential_of_blending"
    },
    {
        "start_node": "blending",
        "relationship": "create",
        "end_node": "new_nanosheets"
    }
]