[
    {
        "start_node": "HOF",
        "relationship": "contain",
        "end_node": "Lanthanide-supported molybdenum-vanadium oxide clusters"
    },
    {
        "start_node": "clusters",
        "relationship": "synthesis",
        "end_node": "lanthanide cations"
    },
    {
        "start_node": "lanthanide cations",
        "relationship": "support",
        "end_node": "molybdovanadate unit"
    },
    {
        "start_node": "molybdovanadate unit",
        "relationship": "consist_of",
        "end_node": "Mo6V2O26"
    },
    {
        "start_node": "La 1",
        "relationship": "is",
        "end_node": "compound 1"
    },
    {
        "start_node": "Ce 2",
        "relationship": "is",
        "end_node": "compound 2"
    },
    {
        "start_node": "Nd 3",
        "relationship": "is",
        "end_node": "compound 3"
    },
    {
        "start_node": "compounds 1-3",
        "relationship": "structure",
        "end_node": "3D supramolecular framework"
    },
    {
        "start_node": "framework",
        "relationship": "constructed_from",
        "end_node": "molybdenum-vanadium polyoxometalates and lanthanides"
    },
    {
        "start_node": "1-3",
        "relationship": "semiconductor",
        "end_node": "wide gap"
    },
    {
        "start_node": "1-3",
        "relationship": "photocatalytic_activity",
        "end_node": "rhodamine B degradation"
    },
    {
        "start_node": "1-3",
        "relationship": "stability",
        "end_node": "easy separation for reuse"
    },
    {
        "start_node": "1-3",
        "relationship": "catalyst",
        "end_node": "cyanosilylation reactions"
    },
    {
        "start_node": "1-3",
        "relationship": "catalyst_role",
        "end_node": "Lewis acid-base catalyst"
    }
]