[
    {
        "start_node": "synthesis",
        "relationship": "yields",
        "end_node": "C6N2H10•Zn(HPO3)2"
    },
    {
        "start_node": "synthesis",
        "relationship": "yields",
        "end_node": "(C6N2H8)0.5•ZnHPO3"
    },
    {
        "start_node": "C6N2H10•Zn(HPO3)2",
        "relationship": "has_structure",
        "end_node": "monoclinic, C2/c (No. 15)"
    },
    {
        "start_node": "C6N2H10•Zn(HPO3)2",
        "relationship": "composition",
        "end_node": "ZnO4 chains, HPO3 groups"
    },
    {
        "start_node": "protonated organic moiety",
        "relationship": "templates",
        "end_node": "chains"
    },
    {
        "start_node": "interactions",
        "relationship": "formed_by",
        "end_node": "N-(HO)-O-... hydrogen bonds"
    },
    {
        "start_node": "C6N2H8)0.5•ZnHPO3",
        "relationship": "has_structure",
        "end_node": "orthorhombic, Pbca (No. 61)"
    },
    {
        "start_node": "C6N2H8)0.5•ZnHPO3",
        "relationship": "ligands",
        "end_node": "neutral 1,4-diamino benzene"
    },
    {
        "start_node": "organic species",
        "relationship": "bridges",
        "end_node": "6(3) polyhedral sheets"
    },
    {
        "start_node": "N-(HO)-O-... bonds",
        "relationship": "present_in",
        "end_node": "both I and II"
    },
    {
        "start_node": "similarity_and_difference",
        "relationship": "discussed",
        "end_node": "zinc phosphites and phosphates"
    }
]