[
    {
        "start_node": "HOF",
        "relationship": "facilitate",
        "end_node": "liquid-phase exfoliation"
    },
    {
        "start_node": "porphyrin-based COF",
        "relationship": "synthesis",
        "end_node": "CONs"
    },
    {
        "start_node": "toxic solvents",
        "relationship": "issue with",
        "end_node": "COF synthesis"
    },
    {
        "start_node": "bi-functional ionic liquids",
        "relationship": "strategy",
        "end_node": "green exfoliation"
    },
    {
        "start_node": "exfoliation yield",
        "relationship": "reached",
        "end_node": "66.6%"
    },
    {
        "start_node": "delamination of CONs",
        "relationship": "record value",
        "end_node": "water-based"
    },
    {
        "start_node": "aqueous IL solutions",
        "relationship": "recyclable",
        "end_node": "exfoliation"
    },
    {
        "start_node": "CONs",
        "relationship": "catalyst for",
        "end_node": "CO2 reduction"
    },
    {
        "start_node": "CO2 reduction",
        "relationship": "efficiency",
        "end_node": "132.2 μmol g⁻¹ h⁻¹"
    },
    {
        "start_node": "bulk COF powder",
        "relationship": "comparison",
        "end_node": "lower CO production rate"
    }
]