[
    {
        "start_node": "Synthesis",
        "relationship": "describes",
        "end_node": "uranyl zinc mellitate"
    },
    {
        "start_node": "Structural Characterization",
        "relationship": "analyzes",
        "end_node": "uranyl zinc mellitate"
    },
    {
        "start_node": "Dehydration Analysis",
        "relationship": "investigates",
        "end_node": "uranyl zinc mellitate"
    },
    {
        "start_node": "Hydrothermal Preparation",
        "relationship": "method",
        "end_node": "(UO2)Zn(H2O)4(H2mel)•2H2O"
    },
    {
        "start_node": "Mellitic Acid",
        "relationship": "linker",
        "end_node": "framework"
    },
    {
        "start_node": "UO8",
        "relationship": "coordination",
        "end_node": "uranyl cation"
    },
    {
        "start_node": "ZnO2(H2O)(4)",
        "relationship": "coordination",
        "end_node": "zinc cation"
    },
    {
        "start_node": "Hydrogen Bonds",
        "relationship": "interaction",
        "end_node": "water molecules"
    },
    {
        "start_node": "Thermogravimetric Analysis",
        "relationship": "indicates",
        "end_node": "dehydration process"
    },
    {
        "start_node": "X-ray Thermodiffraction",
        "relationship": "provides",
        "end_node": "phase transformation data"
    },
    {
        "start_node": "Infrared Spectroscopy",
        "relationship": "tracks",
        "end_node": "water removal"
    },
    {
        "start_node": "Free Water",
        "relationship": "evacuated",
        "end_node": "80-170°C"
    },
    {
        "start_node": "Bound Water",
        "relationship": "evacuated",
        "end_node": "80-170°C"
    },
    {
        "start_node": "[UO2Zn(mel)]",
        "relationship": "forms",
        "end_node": "anhydrous phase"
    },
    {
        "start_node": "Amorphous Phase",
        "relationship": "observed",
        "end_node": "460°C"
    },
    {
        "start_node": "α-ZnU3O10",
        "relationship": "re-crystallizes",
        "end_node": "460°C"
    },
    {
        "start_node": "ZnO",
        "relationship": "re-crystallizes",
        "end_node": "460°C"
    },
    {
        "start_node": "Fluorescence Spectrum",
        "relationship": "shows",
        "end_node": "vibronic couplings of [O=U=O](2+)"
    }
]