[
    {
        "start_node": "Regulation",
        "relationship": "aim",
        "end_node": "Polar DJ HPs"
    },
    {
        "start_node": "Centrosymmetric structure",
        "relationship": "issue",
        "end_node": "External bias"
    },
    {
        "start_node": "Diammonium cations",
        "relationship": "interaction",
        "end_node": "Noncovalent"
    },
    {
        "start_node": "Configuration of diammonium cations",
        "relationship": "effect",
        "end_node": "Structure symmetry"
    },
    {
        "start_node": "1,3-BMACH cations",
        "relationship": "hydrogen bonding",
        "end_node": "Bilateral inorganic framework"
    },
    {
        "start_node": "Twist",
        "relationship": "caused by",
        "end_node": "Inorganic layer"
    },
    {
        "start_node": "Charge center deviation",
        "relationship": "result",
        "end_node": "Induced polarity"
    },
    {
        "start_node": "Polarity",
        "relationship": "mechanism",
        "end_node": "Bulk photovoltaic effect"
    },
    {
        "start_node": "(1,3-BMACH)PbBr4",
        "relationship": "application",
        "end_node": "Self-powered X-ray detection"
    },
    {
        "start_node": "Sensitivity",
        "relationship": "property",
        "end_node": "157.3 μC Gy⁻¹ cm⁻²"
    },
    {
        "start_node": "Stability",
        "relationship": "property",
        "end_node": "Under X-ray radiation"
    },
    {
        "start_node": "Diammonium cation configuration study",
        "relationship": "impact",
        "end_node": "Efficient self-powered optoelectronics"
    }
]