[
    {
        "start_node": "HOF",
        "relationship": "contain",
        "end_node": "Metalorganic framework"
    },
    {
        "start_node": "Metalorganic framework",
        "relationship": "property",
        "end_node": "Luminescent"
    },
    {
        "start_node": "Luminescent metalorganic framework",
        "relationship": "assemble",
        "end_node": "3,3'-((6-hydroxy-1,3,5-triazine-2,4-diyl)bis(azanediyl))dibenzoic acid"
    },
    {
        "start_node": "3,3'-((6-hydroxy-1,3,5-triazine-2,4-diyl)bis(azanediyl))dibenzoic acid",
        "relationship": "component",
        "end_node": "Zn(II) ions"
    },
    {
        "start_node": "Zn(II) ions",
        "relationship": "assembly",
        "end_node": "2D layer"
    },
    {
        "start_node": "2D layer",
        "relationship": "form",
        "end_node": "3D supramolecular framework"
    },
    {
        "start_node": "3D supramolecular framework",
        "relationship": "interactions",
        "end_node": "hydrogen-bonding"
    },
    {
        "start_node": "3D supramolecular framework",
        "relationship": "interactions",
        "end_node": "N···N van der Waals"
    },
    {
        "start_node": "3D supramolecular framework",
        "relationship": "application",
        "end_node": "K+ ion sensing"
    }
]