[
    {
        "start_node": "HOF",
        "relationship": "contain",
        "end_node": "mercury(II) coordination polymers"
    },
    {
        "start_node": "HOF",
        "relationship": "contain",
        "end_node": "2,5-bis(4-pyridyl)-1,3,4-oxadiazole (bpo) ligand"
    },
    {
        "start_node": "bpo ligand",
        "relationship": "coordinate_with",
        "end_node": "mercury(II)"
    },
    {
        "start_node": "HOF",
        "relationship": "contain",
        "end_node": "[Hg(bpo)_nX_2]"
    },
    {
        "start_node": "counter-ion",
        "relationship": "influence_on",
        "end_node": "coordination mode"
    },
    {
        "start_node": "Hg(bpo)_nX_2}",
        "relationship": "formed_from",
        "end_node": "ligand bpo"
    },
    {
        "start_node": "Hg(bpo)_nX_2}",
        "relationship": "formed_from",
        "end_node": "mercury(II) salt"
    },
    {
        "start_node": "characterization",
        "relationship": "methods",
        "end_node": "elemental analysis"
    },
    {
        "start_node": "characterization",
        "relationship": "methods",
        "end_node": "IR spectroscopy"
    },
    {
        "start_node": "characterization",
        "relationship": "methods",
        "end_node": "H-1 NMR spectroscopy"
    },
    {
        "start_node": "characterization",
        "relationship": "methods",
        "end_node": "C-13 NMR spectroscopy"
    },
    {
        "start_node": "HOF",
        "relationship": "contain",
        "end_node": "X-ray single-crystal diffraction data"
    },
    {
        "start_node": "HOF",
        "relationship": "study",
        "end_node": "thermal stability"
    },
    {
        "start_node": "study",
        "relationship": "method",
        "end_node": "thermal gravimetric (TG)"
    },
    {
        "start_node": "study",
        "relationship": "method",
        "end_node": "differential thermal analysis (DTA)"
    },
    {
        "start_node": "HOF",
        "relationship": "study",
        "end_node": "solid-state luminescence"
    },
    {
        "start_node": "emission",
        "relationship": "observed_at",
        "end_node": "ca. 470 nm"
    },
    {
        "start_node": "Hg(bpo)_nX_2}",
        "relationship": "coordination_numbers",
        "end_node": "four- to six-coordinate"
    },
    {
        "start_node": "Hg(bpo)_nX_2}",
        "relationship": "coordination_framework",
        "end_node": "1-D to 2-D"
    }
]