[
    {
        "start_node": "Preparation",
        "relationship": "describes",
        "end_node": "electrospun PAN/Ni-MOF-74 nanofibers"
    },
    {
        "start_node": "PAN/Ni-MOF-74 nanofibers",
        "relationship": "used_for",
        "end_node": "SC-mu SPE extraction"
    },
    {
        "start_node": "SC-mu SPE extraction",
        "relationship": "targets",
        "end_node": "atenolol (ATN), captopril (CAP)"
    },
    {
        "start_node": "Characterization",
        "relationship": "includes",
        "end_node": [
            "FESEM",
            "EDX",
            "FTIR",
            "XRD"
        ]
    },
    {
        "start_node": "Ni-MOF-74",
        "relationship": "enhances",
        "end_node": "extraction efficiency"
    },
    {
        "start_node": "Centrifugation",
        "relationship": "method",
        "end_node": "sample handling"
    },
    {
        "start_node": "HPLC-DAD",
        "relationship": "analyzes",
        "end_node": "extracted analytes"
    },
    {
        "start_node": "Optimization",
        "relationship": "uses",
        "end_node": "one-variable-at-a-time method"
    },
    {
        "start_node": "Calibration",
        "relationship": "parameters",
        "end_node": "linearity, LOD, R^2"
    },
    {
        "start_node": "Method applicability",
        "relationship": "tested_in",
        "end_node": "biological fluids, wastewater"
    },
    {
        "start_node": "Accuracy",
        "relationship": "indicates",
        "end_node": "proper performance"
    }
]