[
    {
        "start_node": "HOF",
        "relationship": "transform",
        "end_node": "dense polymorph"
    },
    {
        "start_node": "dense polymorph",
        "relationship": "convert to",
        "end_node": "microporous framework"
    },
    {
        "start_node": "orthorhombic alpha-form",
        "relationship": "polymorphic modification of",
        "end_node": "bis(1,1,1-trifluoro-5,5-dimethyl-5-methoxy-acetylacetotato)copper(II)"
    },
    {
        "start_node": "alpha-form",
        "relationship": "density",
        "end_node": "packed"
    },
    {
        "start_node": "alpha-form",
        "relationship": "unit cell",
        "end_node": "four trans and four cis square bischelate building blocks"
    },
    {
        "start_node": "beta-form",
        "relationship": "polymorphic modification of",
        "end_node": "bis(1,1,1-trifluoro-5,5-dimethyl-5-methoxy-acetylacetotato)copper(II)"
    },
    {
        "start_node": "beta-form",
        "relationship": "pore volume",
        "end_node": "open, about 17%"
    },
    {
        "start_node": "beta-form",
        "relationship": "stability",
        "end_node": "metastable"
    },
    {
        "start_node": "alpha-to-beta conversion",
        "relationship": "efficiency",
        "end_node": "contact with liquid guests or organic vapors"
    },
    {
        "start_node": "organic vapors",
        "relationship": "pressure",
        "end_node": "below saturation pressure"
    },
    {
        "start_node": "beta-form",
        "relationship": "affinity",
        "end_node": "strong"
    },
    {
        "start_node": "beta-form",
        "relationship": "classification",
        "end_node": "novel organic zeolite mimic"
    }
]