[
    {
        "start_node": "Coordination Polymer",
        "relationship": "constructed_from",
        "end_node": "molecular building blocks"
    },
    {
        "start_node": "Mn-Mo/W Bimetallic",
        "relationship": "composition",
        "end_node": "compounds 1, 2, and 3"
    },
    {
        "start_node": "Compounds 1 and 2",
        "relationship": "crystalline_system",
        "end_node": "monoclinic"
    },
    {
        "start_node": "Compound 1 and 2",
        "relationship": "space_group",
        "end_node": "P2(1)/c"
    },
    {
        "start_node": "Compounds 1 and 2",
        "relationship": "network_topology",
        "end_node": "(3,4)-connected 2-nodal, {4(2)6(3)8}{4(2)6}"
    },
    {
        "start_node": "Compound 3",
        "relationship": "crystalline_system",
        "end_node": "tetragonal"
    },
    {
        "start_node": "Compound 3",
        "relationship": "space_group",
        "end_node": "P4(2)/m"
    },
    {
        "start_node": "Compounds 1, 2, and 3",
        "relationship": "assembly",
        "end_node": "3D supramolecular"
    },
    {
        "start_node": "Hydrogen Bonds",
        "relationship": "intermolecular",
        "end_node": "C-HN or C-HO"
    },
    {
        "start_node": "Compounds 1 and 3",
        "relationship": "magnetic_properties",
        "end_node": "ferrimagnetic"
    },
    {
        "start_node": "Magnetic Susceptibility",
        "relationship": "investigated",
        "end_node": "2-300 K"
    }
]