[
    {
        "start_node": "Synthesis",
        "relationship": "involve",
        "end_node": "Characterization"
    },
    {
        "start_node": "Novel",
        "relationship": "attribute",
        "end_node": "Frameworks"
    },
    {
        "start_node": "Two-dimensional",
        "relationship": "type",
        "end_node": "Structures"
    },
    {
        "start_node": "Three-dimensional",
        "relationship": "type",
        "end_node": "Structures"
    },
    {
        "start_node": "Materials",
        "relationship": "contain",
        "end_node": "novel frameworks"
    }
]