[
    {
        "start_node": "HOF",
        "relationship": "contain",
        "end_node": "MIL-101"
    },
    {
        "start_node": "MIL-101",
        "relationship": "prepared_by",
        "end_node": "3D printing"
    },
    {
        "start_node": "3D printing",
        "relationship": "product",
        "end_node": "MIL-101@CAGE"
    },
    {
        "start_node": "MIL-101@CAGE",
        "relationship": "used_for",
        "end_node": "adsorption of phenylarsenic acid"
    },
    {
        "start_node": "MIL-101@CAGE",
        "relationship": "characterized_by",
        "end_node": "XRD, SEM, FTIR, TG-DTG"
    },
    {
        "start_node": "adsorption kinetics",
        "relationship": "investigated_for",
        "end_node": "MIL-101@CAGE"
    },
    {
        "start_node": "adsorption isotherms",
        "relationship": "applied_to",
        "end_node": "MIL-101@CAGE"
    },
    {
        "start_node": "adsorption thermodynamics",
        "relationship": "analyzed_for",
        "end_node": "MIL-101@CAGE"
    },
    {
        "start_node": "condition experiments",
        "relationship": "tested_with",
        "end_node": "MIL-101@CAGE"
    },
    {
        "start_node": "cyclic regeneration experiments",
        "relationship": "performed_with",
        "end_node": "MIL-101@CAGE"
    },
    {
        "start_node": "adsorption mechanism",
        "relationship": "includes",
        "end_node": "pi-pi stacking, hydrogen bonding, ligand-bonding"
    }
]