[
    {
        "start_node": "HOF",
        "relationship": "contains",
        "end_node": "guanidinium"
    },
    {
        "start_node": "guanidinium",
        "relationship": "is_part_of",
        "end_node": "host"
    },
    {
        "start_node": "host",
        "relationship": "has_property",
        "end_node": "dynamic_behavior"
    },
    {
        "start_node": "host",
        "relationship": "has_property",
        "end_node": "inclusion_selectivity"
    },
    {
        "start_node": "organodisulfonate",
        "relationship": "is",
        "end_node": "component"
    },
    {
        "start_node": "organodisulfonate",
        "relationship": "part_of",
        "end_node": "host_lattice"
    },
    {
        "start_node": "host_lattice",
        "relationship": "contains",
        "end_node": "organodisulfonate"
    }
]