[
    {
        "start_node": "HOF",
        "relationship": "contain",
        "end_node": "Coordination Polymer"
    },
    {
        "start_node": "Coordination Polymer",
        "relationship": "synthesis",
        "end_node": "Facile"
    },
    {
        "start_node": "Coordination Polymer",
        "relationship": "topological_study",
        "end_node": "hcb_type"
    },
    {
        "start_node": "Coordination Polymer",
        "relationship": "name",
        "end_node": "[Co-2(mu-HCOO)(2)(NC)(2)(HIPA)].2H(2)O"
    },
    {
        "start_node": "[Co-2(mu-HCOO)(2)(NC)(2)(HIPA)].2H(2)O",
        "relationship": "type",
        "end_node": "2D"
    },
    {
        "start_node": "[Co-2(mu-HCOO)(2)(NC)(2)(HIPA)].2H(2)O",
        "relationship": "composition",
        "end_node": "Co(II)"
    },
    {
        "start_node": "[Co-2(mu-HCOO)(2)(NC)(2)(HIPA)].2H(2)O",
        "relationship": "adsorbate",
        "end_node": "methylene_blue"
    },
    {
        "start_node": "[Co-2(mu-HCOO)(2)(NC)(2)(HIPA)].2H(2)O",
        "relationship": "adsorbate",
        "end_node": "methyl_orange"
    },
    {
        "start_node": "CP1",
        "relationship": "adsorption_efficiency",
        "end_node": "MB_dye",
        "end_node_description": "neutral_pH"
    },
    {
        "start_node": "CP1",
        "relationship": "adsorption_efficiency",
        "end_node": "MO_dye"
    },
    {
        "start_node": "CP1",
        "relationship": "comparison",
        "end_node": "natural_adsorbents",
        "end_node_list": [
            "sawdust",
            "rice_husk"
        ]
    },
    {
        "start_node": "CP1",
        "relationship": "kinetic_study",
        "end_node": "pseudo_second_order_reaction"
    }
]