[
    {
        "start_node": "Temperature-induced",
        "relationship": "induces",
        "end_node": "structural transformations"
    },
    {
        "start_node": "Structural transformations",
        "relationship": "accompanied by",
        "end_node": "magnetic property changes"
    },
    {
        "start_node": "Copper coordination polymers",
        "relationship": "consist of",
        "end_node": "CPs"
    },
    {
        "start_node": "5-aminodiacetic isophthalic acid (H(4)adip)",
        "relationship": "ligand",
        "end_node": "CPs"
    },
    {
        "start_node": "Cu2+",
        "relationship": "ions",
        "end_node": "CPs"
    },
    {
        "start_node": "[Cu(H(2)adip)(H2O)] center dot 5H(2)O}(n) (1)",
        "relationship": "forms",
        "end_node": "CP1"
    },
    {
        "start_node": "Monoclinic C2/c space group",
        "relationship": "crystalline structure",
        "end_node": "CP1"
    },
    {
        "start_node": "Zigzag chain",
        "relationship": "1D structure",
        "end_node": "CP1"
    },
    {
        "start_node": "[Cu-2(adip)(H2O)(3)](n) (2)",
        "relationship": "forms",
        "end_node": "CP2"
    },
    {
        "start_node": "Triclinic P-(1) over bar space group",
        "relationship": "crystalline structure",
        "end_node": "CP2"
    },
    {
        "start_node": "Dinuclear units",
        "relationship": "in CP2",
        "end_node": "double chain"
    },
    {
        "start_node": "Structural transformation",
        "relationship": "from",
        "end_node": "block crystal 1 to sheet crystal 2"
    },
    {
        "start_node": "Temperature",
        "relationship": "trigger",
        "end_node": "structural transformation"
    },
    {
        "start_node": "80 degrees C",
        "relationship": "temperature condition",
        "end_node": "structural transformation"
    },
    {
        "start_node": "Ferromagnetic coupling interactions",
        "relationship": "observed in",
        "end_node": "CPs"
    },
    {
        "start_node": "Magnetic properties",
        "relationship": "affected by",
        "end_node": "structural transformations"
    }
]