[
    {
        "start_node": "Raman",
        "relationship": "study",
        "end_node": "ferroelectric_transition"
    },
    {
        "start_node": "Temperature-dependent_Raman",
        "relationship": "investigation",
        "end_node": "DMMn"
    },
    {
        "start_node": "DMMn",
        "relationship": "material",
        "end_node": "MOF"
    },
    {
        "start_node": "cobalt_doped_analogues",
        "relationship": "doping",
        "end_node": "DMMn"
    },
    {
        "start_node": "transition_temperature",
        "relationship": "decrease_with",
        "end_node": "Co_doping"
    },
    {
        "start_node": "specific_heat_measurements",
        "relationship": "correlation_with",
        "end_node": "transition_temperature_decrease"
    },
    {
        "start_node": "DMA_cation",
        "relationship": "lattice_mode_change",
        "end_node": "orientational_ordering"
    },
    {
        "start_node": "DMA_cation",
        "relationship": "librational_mode",
        "end_node": "softening_narrowing"
    },
    {
        "start_node": "DMA_cation",
        "relationship": "N-H_stretch_modes",
        "end_node": "temperature_evolution"
    },
    {
        "start_node": "hydrogen_bonding_interactions",
        "relationship": "involvement",
        "end_node": "ferroelectric_transition"
    },
    {
        "start_node": "framework.flexibility",
        "relationship": "interplay",
        "end_node": "transition_temperature"
    },
    {
        "start_node": "metal_cation_size_charge",
        "relationship": "impact",
        "end_node": "transition_temperature"
    },
    {
        "start_node": "hydrogen_bonding_tendency",
        "relationship": "deciding_factor",
        "end_node": "transition_temperature"
    }
]