[
    {
        "start_node": "Crystal",
        "relationship": "Structure Of",
        "end_node": "Lanthanide Coordination Polymer 1"
    },
    {
        "start_node": "Lanthanide Coordination Polymer 1",
        "relationship": "Based On",
        "end_node": "Quinoline Carboxylate Ligand"
    },
    {
        "start_node": "Polymers",
        "relationship": "Series Of",
        "end_node": "Lanthanide Coordination Polymer 1-10"
    },
    {
        "start_node": "1D Chain",
        "relationship": "Present In",
        "end_node": "Lanthanide Coordination Polymer 1-10"
    },
    {
        "start_node": "Ln(3+)",
        "relationship": "Composition",
        "end_node": "Lanthanide Coordination Polymer 1-10"
    },
    {
        "start_node": "Bridging Hpqc Ligands",
        "relationship": "Connects",
        "end_node": "Ln(3+) Polyhedra"
    },
    {
        "start_node": "Terminal Nitrates",
        "relationship": "Completes",
        "end_node": "Binuclear Units"
    },
    {
        "start_node": "Three-Dimensional Framework",
        "relationship": "Constructed By",
        "end_node": "pi-center dot dot dot pi-stacking, Hydrogen Bonding"
    },
    {
        "start_node": "Lanthanide Contraction Effect",
        "relationship": "Observed In",
        "end_node": "Lanthanide Coordination Polymer 1-10"
    },
    {
        "start_node": "Ln-O Distances",
        "relationship": "Dependent On",
        "end_node": "Number of n electrons"
    },
    {
        "start_node": "Photoluminescence",
        "relationship": "Study Of",
        "end_node": "Lanthanide Coordination Polymer 1-10"
    },
    {
        "start_node": "Hpqc Sensitization",
        "relationship": "Feature In",
        "end_node": "Complexes (Sm, Eu, Tb, Er, Yb)"
    },
    {
        "start_node": "Visible and NIR Regions",
        "relationship": "Luminescence Observed In",
        "end_node": "Complexes (Sm, Eu, Tb, Er, Yb)"
    },
    {
        "start_node": "Ligand Centered Luminescence",
        "relationship": "Observed In",
        "end_node": "Dy, Ho, Tm, Lu"
    },
    {
        "start_node": "Magnetic Properties",
        "relationship": "Investigated In",
        "end_node": "Lanthanide Coordination Polymers 4-7"
    }
]