[
    {
        "start_node": "Crystal-engineering",
        "relationship": "study",
        "end_node": "ligands"
    },
    {
        "start_node": "ligands",
        "relationship": "contain",
        "end_node": "L1"
    },
    {
        "start_node": "ligands",
        "relationship": "contain",
        "end_node": "L2"
    },
    {
        "start_node": "L1",
        "relationship": "react_with",
        "end_node": "CuI"
    },
    {
        "start_node": "L2",
        "relationship": "react_with",
        "end_node": "CuI"
    },
    {
        "start_node": "CuI",
        "relationship": "form",
        "end_node": "1"
    },
    {
        "start_node": "CuI",
        "relationship": "form",
        "end_node": "2"
    },
    {
        "start_node": "CuI",
        "relationship": "form",
        "end_node": "3"
    },
    {
        "start_node": "CuI",
        "relationship": "form",
        "end_node": "4"
    },
    {
        "start_node": "CuI",
        "relationship": "form",
        "end_node": "5"
    },
    {
        "start_node": "1",
        "relationship": "contains",
        "end_node": "rhombohedral Cu2I2"
    },
    {
        "start_node": "1",
        "relationship": "contains",
        "end_node": "step-cubane Cu4I4"
    },
    {
        "start_node": "2",
        "relationship": "contains",
        "end_node": "rhombohedral Cu2I2"
    },
    {
        "start_node": "1",
        "relationship": "forms",
        "end_node": "3-D supramolecular architecture"
    },
    {
        "start_node": "3",
        "relationship": "forms",
        "end_node": "1-D double-zigzag framework"
    },
    {
        "start_node": "3",
        "relationship": "forms",
        "end_node": "1-D polyrotaxane framework"
    },
    {
        "start_node": "4",
        "relationship": "forms",
        "end_node": "1-D double-zigzag framework"
    },
    {
        "start_node": "4",
        "relationship": "forms",
        "end_node": "2-D supramolecular structure"
    },
    {
        "start_node": "5",
        "relationship": "forms",
        "end_node": "3-D coordination framework"
    },
    {
        "start_node": "5",
        "relationship": "interpenetrates",
        "end_node": "2-fold interpenetrated framework"
    },
    {
        "start_node": "frameworks",
        "relationship": "show",
        "end_node": "structural motifs"
    },
    {
        "start_node": "emissions",
        "relationship": "occur_at",
        "end_node": "538-615 nm"
    },
    {
        "start_node": "emissions",
        "relationship": "origin",
        "end_node": "iodo-to-copper charge-transfer transition"
    },
    {
        "start_node": "emissions",
        "relationship": "modified_by",
        "end_node": "Cu(i)Cu(i) interactions"
    }
]