[
    {
        "start_node": "HOF",
        "relationship": "study",
        "end_node": "Cooperative Protonation"
    },
    {
        "start_node": "Cooperative Protonation",
        "relationship": "in",
        "end_node": "Metal-Organic Frameworks"
    },
    {
        "start_node": "MOFs",
        "relationship": "possess",
        "end_node": "binding sites"
    },
    {
        "start_node": "Zr-PTB",
        "relationship": "comparison",
        "end_node": "Zr-PPTB, Zr-BTB"
    },
    {
        "start_node": "sterically hindered sites",
        "relationship": "furnished in",
        "end_node": "Zr-PTB, Zr-PPTB"
    },
    {
        "start_node": "fluorescence transitions",
        "relationship": "response of",
        "end_node": "Zr-PTB, Zr-PPTB"
    },
    {
        "start_node": "cooperative",
        "relationship": "attributable to",
        "end_node": "pyridyl protonation"
    },
    {
        "start_node": "Zr-PPTB",
        "relationship": "stronger cooperativity",
        "end_node": "Hill coefficient h=1.6"
    },
    {
        "start_node": "Zr-PTB",
        "relationship": "weaker cooperativity",
        "end_node": "Hill coefficient h=1.2"
    },
    {
        "start_node": "pyridyl site arrangement",
        "relationship": "conducive to",
        "end_node": "Zr-PPTB"
    },
    {
        "start_node": "proton conduction",
        "relationship": "enhancement in",
        "end_node": "Zr-PTB"
    },
    {
        "start_node": "conductivity",
        "relationship": "maximum at",
        "end_node": "1.2e-2 S cm^-1, 347 K, 98% RH"
    },
    {
        "start_node": "Zr-PPTB",
        "relationship": "conductivity enhancement",
        "end_node": "upon cooperative protonation"
    },
    {
        "start_node": "difference",
        "relationship": "attributed to",
        "end_node": "pyridyl site allocation in Zr-PPTB channels"
    }
]