[
    {
        "start_node": "MAF-6",
        "relationship": "structural_tuning",
        "end_node": "hydrophobic_to_hydrophilic"
    },
    {
        "start_node": "MAF-6",
        "relationship": "molecular_simulation",
        "end_node": "water_adsorption"
    },
    {
        "start_node": "MAF-6",
        "relationship": "water_mixtures",
        "end_node": "benzene"
    },
    {
        "start_node": "MAF-6",
        "relationship": "water_mixtures",
        "end_node": "alcohols"
    },
    {
        "start_node": "alcohol_molecules",
        "relationship": "effect_on",
        "end_node": "water_adsorption"
    },
    {
        "start_node": "MAF-6",
        "relationship": "salt_effect",
        "end_node": "additional_adsorption_sites"
    },
    {
        "start_node": "salt",
        "relationship": "reduces",
        "end_node": "saturation_capacity"
    },
    {
        "start_node": "MAF-6",
        "relationship": "salt_effect",
        "end_node": "pore_volume"
    },
    {
        "start_node": "MAF-6",
        "relationship": "hydrogen_bonds",
        "end_node": "formation"
    },
    {
        "start_node": "MAF-6",
        "relationship": "water_distribution",
        "end_node": "material"
    }
]