[
    {
        "start_node": "HOF",
        "relationship": "contain",
        "end_node": "3D hydrogen-bonded organic framework"
    },
    {
        "start_node": "meso-tetrakis[4-(diethoxyphosphoryl)phenyl]porphyrins (M(TPPP))",
        "relationship": "is_a",
        "end_node": "phosphonate-substituted porphyrin"
    },
    {
        "start_node": "Pd(ii), Co(ii), and In(iii)",
        "relationship": "contains",
        "end_node": "metal complexes"
    },
    {
        "start_node": "free base porphyrin",
        "relationship": "is_a",
        "end_node": "photocatalyst"
    },
    {
        "start_node": "H2(TPPP), Pd(TPPP)",
        "relationship": "is_most_efficient",
        "end_node": "for sulfide oxidation"
    },
    {
        "start_node": "H2(TPPP-A), Pd(TPPP-A)",
        "relationship": "is_reusable",
        "end_node": "water-soluble derivatives"
    },
    {
        "start_node": "Pd(TPPP-A)",
        "relationship": "forms",
        "end_node": "HOF in solid state"
    }
]