[
    {
        "start_node": "HOF",
        "relationship": "contains",
        "end_node": "Modulation of Water Vapor Sorption"
    },
    {
        "start_node": "Material",
        "relationship": "is",
        "end_node": "CMOM-3S"
    },
    {
        "start_node": "Material Type",
        "relationship": "platform_of",
        "end_node": "fourth-generation Metal-Organic Materials (MOMs)"
    },
    {
        "start_node": "Property",
        "relationship": "has",
        "end_node": "hydrolytically stable"
    },
    {
        "start_node": "Topology",
        "relationship": "exhibits",
        "end_node": "bnn"
    },
    {
        "start_node": "Composition",
        "relationship": "contains",
        "end_node": "rod building blocks"
    },
    {
        "start_node": "Ligands",
        "relationship": "includes",
        "end_node": "S-mandelate, 4,4-bipyridine, triflate anions"
    },
    {
        "start_node": "Variants",
        "relationship": "prepared_from",
        "end_node": "substituted R-mandelate ligands"
    },
    {
        "start_node": "Water Uptake",
        "relationship": "varies_in",
        "end_node": "20-67 cm³/g"
    },
    {
        "start_node": "Pore Filling Pressure",
        "relationship": "ranges_from",
        "end_node": "0.55-0.75 (P/P-0)"
    },
    {
        "start_node": "Material",
        "relationship": "is_interesting",
        "end_node": "[Co-2(R-4-Cl-man)(2)(bpy)(3)](OTO (33R))"
    },
    {
        "start_node": "Isotherm",
        "relationship": "unusual",
        "end_node": "33R"
    },
    {
        "start_node": "Analysis",
        "relationship": "uses",
        "end_node": "in situ vibrational spectra"
    },
    {
        "start_node": "Mechanism",
        "relationship": "indicates",
        "end_node": "self-switching pores"
    },
    {
        "start_node": "Water Adsorption",
        "relationship": "studied_with",
        "end_node": "in situ differential spectra"
    },
    {
        "start_node": "Event",
        "relationship": "reveals",
        "end_node": "gradual singlet water occupancy, water cluster aggregation"
    },
    {
        "start_node": "Calculation",
        "relationship": "performs",
        "end_node": "first-principles"
    },
    {
        "start_node": "Insight",
        "relationship": "provides",
        "end_node": "water binding sites, structural impact"
    },
    {
        "start_node": "Water Binding",
        "relationship": "determined_by",
        "end_node": "triflate hydrogen bonding, charge redistribution"
    },
    {
        "start_node": "Application",
        "relationship": "impacts",
        "end_node": "water vapor sorption properties"
    }
]