[
    {
        "start_node": "HOF",
        "relationship": "describe",
        "end_node": "nickel-based metal-organic compound"
    },
    {
        "start_node": "compound",
        "relationship": "synthesized",
        "end_node": "[Ni(3-Clb)(2)·4H2O](n) (1)"
    },
    {
        "start_node": "HOF",
        "relationship": "contain",
        "end_node": "Ni(II) ion"
    },
    {
        "start_node": "Ni(II) ion",
        "relationship": "coordinate",
        "end_node": "oxygen atoms (3-Clb ligand, water)"
    },
    {
        "start_node": "HOF",
        "relationship": "form",
        "end_node": "supramolecular network"
    },
    {
        "start_node": "compound 1",
        "relationship": "converted_to",
        "end_node": "[Ni(3-Clb)(2)](n) (2)"
    },
    {
        "start_node": "water molecules",
        "relationship": "desorbed",
        "end_node": "upon thermal treatment"
    },
    {
        "start_node": "HOF",
        "relationship": "study",
        "end_node": "irreversible desorption"
    },
    {
        "start_node": "sonochemical reaction",
        "relationship": "cause",
        "end_node": "formation of 2"
    },
    {
        "start_node": "thermodynamic stability",
        "relationship": "achieved_by",
        "end_node": "ultrasonic irradiation"
    },
    {
        "start_node": "HOF",
        "relationship": "property",
        "end_node": "kinetically stable (1), thermodynamically stable (2)"
    },
    {
        "start_node": "publication",
        "relationship": "credit",
        "end_node": "(C) 2019 Elsevier B.V."
    }
]