[
    {
        "start_node": "Investigation",
        "relationship": "describes",
        "end_node": "crystal structure"
    },
    {
        "start_node": "crystal structure",
        "relationship": "belongs_to",
        "end_node": "bis(pyridine)-bis(trichloroacetato) copper(II)"
    },
    {
        "start_node": "synthesis",
        "relationship": "method",
        "end_node": "trichloroacetato copper(II) + pyridine"
    },
    {
        "start_node": "solvent",
        "relationship": "used_in",
        "end_node": "ethanol"
    },
    {
        "start_node": "characterization",
        "relationship": "includes",
        "end_node": "elemental analysis"
    },
    {
        "start_node": "characterization",
        "relationship": "includes",
        "end_node": "IR spectroscopy"
    },
    {
        "start_node": "X-ray single-crystal diffraction",
        "relationship": "determined",
        "end_node": "crystal structure"
    },
    {
        "start_node": "Cu(II) complex",
        "relationship": "has_structure",
        "end_node": "monoclinic"
    },
    {
        "start_node": "unit cell",
        "relationship": "properties",
        "end_node": "P21/c"
    },
    {
        "start_node": "cell parameters",
        "relationship": "contains",
        "end_node": "a = 14.389(3), b = 7.1911(14), c = 23.107(8), V = 2,257.5(10)"
    },
    {
        "start_node": "electrochemistry",
        "relationship": "investigated",
        "end_node": "Cu(II) complex"
    },
    {
        "start_node": "cyclic voltammetry",
        "relationship": "technique_used",
        "end_node": "electrochemical behavior"
    },
    {
        "start_node": "redox peak current",
        "relationship": "dependence",
        "end_node": "scan rate (0.02-0.2 V/s)"
    },
    {
        "start_node": "complex",
        "relationship": "activity_at",
        "end_node": "0.2 to -0.3 V (vs SCE)"
    },
    {
        "start_node": "buffer solution",
        "relationship": "conditions",
        "end_node": "NH3-NH4Cl (pH 9.2)"
    }
]