[
    {
        "start_node": "HOF",
        "relationship": "contain",
        "end_node": "Porous Organic Polymers"
    },
    {
        "start_node": "Porous Organic Polymers",
        "relationship": "feature",
        "end_node": "BODIPY moieties"
    },
    {
        "start_node": "BODIPY moieties",
        "relationship": "synthesis",
        "end_node": "Sonogashira reaction"
    },
    {
        "start_node": "Sonogashira reaction",
        "relationship": "involve",
        "end_node": "dibrominated BODIPY"
    },
    {
        "start_node": "Sonogashira reaction",
        "relationship": "involve",
        "end_node": "alkynyl-containing aromatics"
    },
    {
        "start_node": "BIPOP-1",
        "relationship": "property",
        "end_node": "high adsorption capacity"
    },
    {
        "start_node": "BIPOP-1",
        "relationship": "adsorb",
        "end_node": "rhodamine B"
    },
    {
        "start_node": "rhodamine B",
        "relationship": "adsorption capacity",
        "end_node": "2207 mg g^(-1)"
    },
    {
        "start_node": "BIPOP-1",
        "relationship": "compare",
        "end_node": "known dye adsorbents"
    },
    {
        "start_node": "isotherm model",
        "relationship": "fit",
        "end_node": "Sips"
    },
    {
        "start_node": "kinetic model",
        "relationship": "describe",
        "end_node": "pseudo-second-order"
    },
    {
        "start_node": "mechanism",
        "relationship": "involve",
        "end_node": "pi-pi interactions"
    },
    {
        "start_node": "mechanism",
        "relationship": "involve",
        "end_node": "hydrogen bonding interactions"
    },
    {
        "start_node": "mechanism",
        "relationship": "involve",
        "end_node": "electrostatic interactions"
    },
    {
        "start_node": "recycling",
        "relationship": "display",
        "end_node": "sustained high adsorption capacity"
    },
    {
        "start_node": "strategy",
        "relationship": "extend",
        "end_node": "BODIPY-based dye adsorbents"
    }
]