[
    {
        "start_node": "HOF",
        "relationship": "contain",
        "end_node": "Controllable self-assembly"
    },
    {
        "start_node": "Compounds",
        "relationship": "form",
        "end_node": "CoH(bix)(4)[(PMo8V4O40)-V-VI-O-V((VO)-O-IV)(2)] (1)"
    },
    {
        "start_node": "Compounds",
        "relationship": "form",
        "end_node": "(H(2)bix)(2)(NaHP2Mo5O23)·2H2O (2)"
    },
    {
        "start_node": "Compounds",
        "relationship": "form",
        "end_node": "H-2(bix)(4)[Cd(H2O)(4)][Cd(HPO4)(4)(H2PO4)(4)(MoO2)(12)(OH)(6)]·10H2O (3)"
    },
    {
        "start_node": "Compounds",
        "relationship": "form",
        "end_node": "(H(2)en)(3)(Co3P4Mo4O28) (4)"
    },
    {
        "start_node": "Clusters",
        "relationship": "transform",
        "end_node": "phosphomolybdate"
    },
    {
        "start_node": "Transformations",
        "relationship": "impact_by",
        "end_node": "molar ratio of H3PO4 and Na2MoO4"
    },
    {
        "start_node": "Properties",
        "relationship": "investigated",
        "end_node": "electrochemistry"
    },
    {
        "start_node": "Properties",
        "relationship": "investigated",
        "end_node": "photocatalysis"
    },
    {
        "start_node": "Frameworks",
        "relationship": "type",
        "end_node": "three-dimensional"
    },
    {
        "start_node": "Frameworks",
        "relationship": "type",
        "end_node": "one-dimensional"
    },
    {
        "start_node": "Frameworks",
        "relationship": "type",
        "end_node": "open-framework"
    }
]