[
    {
        "start_node": "Solvothermal synthesis",
        "relationship": "describes",
        "end_node": "new layered bimetallic sulfides"
    },
    {
        "start_node": "Haep_2_Ga_2_Sb_2_S_7",
        "relationship": "is",
        "end_node": "compound 1"
    },
    {
        "start_node": "Mn_2_(phen)_Sb_2_S_5",
        "relationship": "is",
        "end_node": "compound 2"
    },
    {
        "start_node": "compound 1",
        "relationship": "crystal structure",
        "end_node": "orthorhombic, P2(1)2(1)2(1), a=9.9274 angstrom, b=12.9201 angstrom, c=21.2254 angstrom"
    },
    {
        "start_node": "compound 2",
        "relationship": "crystal structure",
        "end_node": "monoclinic, P2(1)/c, a=12.6385 angstrom, b=12.3998 angstrom, c=12.3670 angstrom, beta=111.8240 degrees"
    },
    {
        "start_node": "compound 1",
        "relationship": "contains",
        "end_node": "GaS_4 tetrahedra, SbS_3 trigonal pyramids"
    },
    {
        "start_node": "compound 1",
        "relationship": "features",
        "end_node": "8-membered-ring windows, interlayer organic cations (helical) via hydrogen bonds"
    },
    {
        "start_node": "compound 2",
        "relationship": "contains",
        "end_node": "infinite Mn-S layers, organic species covalently bonded to Mn atoms"
    },
    {
        "start_node": "compound 2",
        "relationship": "magnetic property",
        "end_node": "antiferromagnetic interactions"
    },
    {
        "start_node": "both compounds",
        "relationship": "photoluminescence",
        "end_node": "intense upon photoexcitation at 360 nm"
    },
    {
        "start_node": "copyright",
        "relationship": "applies to",
        "end_node": "Elsevier Inc., 2010"
    }
]