[
    {
        "start_node": "HOF",
        "relationship": "contain",
        "end_node": "bis(2-ethyl-6-methylanilinium) tetrachlorocadmate(II)"
    },
    {
        "start_node": "compound",
        "relationship": "is",
        "end_node": "C9H14N2CdCl4"
    },
    {
        "start_node": "structure",
        "relationship": "belongTo",
        "end_node": "monoclinic",
        "properties": {
            "space_group": "P2(1)/c",
            "cell_parameters": {
                "a": "23.0418 (1)",
                "b": "26.3393 (9)",
                "c": "7.2196 (6) angstrom",
                "beta": "96.9900 (16) degrees",
                "Z": "4"
            }
        }
    },
    {
        "start_node": "inorganic_chains",
        "relationship": "composeOf",
        "end_node": "Cd(1)Cl-6 octahedra",
        "properties": {
            "alternating_with": "Cd(2)(2)Cl-8 dimers"
        }
    },
    {
        "start_node": "organic_cations",
        "relationship": "locateBetween",
        "end_node": "inorganic_species"
    },
    {
        "start_node": "interactions",
        "relationship": "typeOf",
        "end_node": "N-H hydrogen bond",
        "properties": {
            "additional_interaction": "pi-pi stacking"
        }
    },
    {
        "start_node": "analysis",
        "relationship": "used",
        "end_node": "Hirshfeld surface and 2D fingerprint plots"
    },
    {
        "start_node": "spectra",
        "relationship": "discussed",
        "end_node": "C-13 and N-15 CP-MAS NMR"
    },
    {
        "start_node": "spectroscopy",
        "relationship": "identified",
        "end_node": "vibrational absorption bands"
    },
    {
        "start_node": "fluorescence",
        "relationship": "emission",
        "end_node": "310 and 617 nm",
        "properties": {
            "state": "solid",
            "temperature": "room temperature"
        }
    },
    {
        "start_node": "computation",
        "relationship": "performed",
        "end_node": "DFT method"
    },
    {
        "start_node": "thermal_behavior",
        "relationship": "stableUntil",
        "end_node": "456 K"
    }
]