[
    {
        "start_node": "Design",
        "relationship": "for",
        "end_node": "copper selenide/zinc selenide/Nitrogen-doped carbon"
    },
    {
        "start_node": "copper selenide/zinc selenide/Nitrogen-doped carbon",
        "relationship": "constructed from",
        "end_node": "ZIF-8"
    },
    {
        "start_node": "ZIF-8",
        "relationship": "precursor for",
        "end_node": "sulfadiazine (SDZ)"
    },
    {
        "start_node": "Cu-ZnSe/NC2",
        "relationship": "improves",
        "end_node": "adsorption performance"
    },
    {
        "start_node": "Cu-ZnSe/NC2",
        "relationship": "adsorption capacity",
        "end_node": "129.32 mg/g"
    },
    {
        "start_node": "adsorption",
        "relationship": "process type",
        "end_node": "physical-chemical"
    },
    {
        "start_node": "Cu-ZnSe/NC2",
        "relationship": "equilibrium time",
        "end_node": "20 min"
    },
    {
        "start_node": "Cu-ZnSe/NC2",
        "relationship": "anti-interference ability",
        "end_node": "inorganic ions"
    },
    {
        "start_node": "Cu-ZnSe/NC2",
        "relationship": "stability",
        "end_node": "excellent"
    },
    {
        "start_node": "Cu-ZnSe/NC2",
        "relationship": "reusability",
        "end_node": "applicable for dye removal"
    },
    {
        "start_node": "Cu2Se/ZnSe interface",
        "relationship": "contributes to",
        "end_node": "superior adsorption performance"
    },
    {
        "start_node": "charge redistribution",
        "relationship": "factor in",
        "end_node": "adsorption performance"
    },
    {
        "start_node": "electrostatic attraction",
        "relationship": "crucial status in",
        "end_node": "adsorption"
    },
    {
        "start_node": "pi-pi electron-donor-acceptor interaction",
        "relationship": "compared with",
        "end_node": "hydrogen bonding"
    },
    {
        "start_node": "DFT calculations",
        "relationship": "method used",
        "end_node": "study"
    },
    {
        "start_node": "study",
        "relationship": "guideline for",
        "end_node": "high-efficient adsorbent design"
    }
]