[
    {
        "start_node": "Preparation",
        "relationship": "describes",
        "end_node": "ZnBDC/CSC Composite"
    },
    {
        "start_node": "Zn-MOF",
        "relationship": "is_a",
        "end_node": "ZnBDC"
    },
    {
        "start_node": "Citrate-crosslinked Chitosan",
        "relationship": "contains",
        "end_node": "CSC"
    },
    {
        "start_node": "Characterization",
        "relationship": "includes",
        "end_node": [
            "XRD",
            "FT-IR",
            "C-13 NMR",
            "BET",
            "SEM"
        ]
    },
    {
        "start_node": "Adsorption Study",
        "relationship": "investigates",
        "end_node": [
            "Cr(VI)",
            "MO"
        ]
    },
    {
        "start_node": "ZnBDC/CSC",
        "relationship": "adsorption_capacity",
        "end_node": "Cr(VI): 225 +/- 4 mg/g",
        "end_node_2": "MO: 202 +/- 3 mg/g"
    },
    {
        "start_node": "Adsorption Models",
        "relationship": "applies_to",
        "end_node": "Cr(VI): Langmuir",
        "end_node_2": "MO: Freundlich"
    },
    {
        "start_node": "Adsorption Kinetics",
        "relationship": "follows",
        "end_node": "Pseudo-second order"
    },
    {
        "start_node": "Thermodynamics",
        "relationship": "describes",
        "end_node": [
            "exothermic",
            "disordered",
            "spontaneous"
        ],
        "end_node_2": "Temperature range: 298-318 K"
    },
    {
        "start_node": "Mechanism",
        "relationship": "explained_by",
        "end_node": "Cr(VI): electrostatic, cation-pi",
        "end_node_2": "MO: n-pi, pi-pi, electrostatic, hydrogen bonding"
    },
    {
        "start_node": "Reusability",
        "relationship": "feature",
        "end_node": "recyclable, reusable"
    }
]