[
    {
        "start_node": "HOF",
        "relationship": "study",
        "end_node": "MIL-101(Cr)"
    },
    {
        "start_node": "MIL-101(Cr)",
        "relationship": "modification",
        "end_node": "NH2-MIL-101"
    },
    {
        "start_node": "NH2-MIL-101",
        "relationship": "reaction",
        "end_node": "OC-ED-A-M101"
    },
    {
        "start_node": "OC-ED-A-M101",
        "relationship": "performance",
        "end_node": "fuel purification"
    },
    {
        "start_node": "OC-ED-A-M101",
        "relationship": "adsorption_capacity",
        "end_node": "indole (11.7x AC)"
    },
    {
        "start_node": "OC-ED-A-M101",
        "relationship": "adsorption_capacity",
        "end_node": "quinoline (9.3x AC)"
    },
    {
        "start_node": "OC-ED-A-M101",
        "relationship": "comparison",
        "end_node": "highest indole adsorption"
    },
    {
        "start_node": "OC-ED-A-M101",
        "relationship": "comparison",
        "end_node": "second highest quinoline adsorption"
    },
    {
        "start_node": "OC-ED-A-M101",
        "relationship": "interaction",
        "end_node": "H-bonding (NH2)"
    },
    {
        "start_node": "OC-ED-A-M101",
        "relationship": "interaction",
        "end_node": "acid-base (other M101s)"
    },
    {
        "start_node": "OC-ED-A-M101",
        "relationship": "reusability",
        "end_node": "reactivation (ethanol wash)"
    },
    {
        "start_node": "OC-ED-A-M101",
        "relationship": "potential_application",
        "end_node": "fuel purification (NCs)"
    }
]