[
    {
        "start_node": "HOF",
        "relationship": "contain",
        "end_node": "Facile assembly"
    },
    {
        "start_node": "HOF",
        "relationship": "contain",
        "end_node": "1D multinuclear Ag<n>"
    },
    {
        "start_node": "HOF",
        "relationship": "contain",
        "end_node": "Ag11(C (CBu)-Bu-t)(6)(CF3COO)(5)(CH3OH)](n)"
    },
    {
        "start_node": "HOF",
        "relationship": "contain",
        "end_node": "Ag-11(C (CBu)-Bu-t)(7)(CH3COO)(4)](n)"
    },
    {
        "start_node": "HOF",
        "relationship": "contain",
        "end_node": "Ag-12(C (CBu)-Bu-t)(7)(CF3COO)(5)center dot H2O]"
    },
    {
        "start_node": "HOF",
        "relationship": "contain",
        "end_node": "synthesis"
    },
    {
        "start_node": "HOF",
        "relationship": "contain",
        "end_node": "one-pot process"
    },
    {
        "start_node": "HOF",
        "relationship": "contain",
        "end_node": "1D chains"
    },
    {
        "start_node": "HOF",
        "relationship": "contain",
        "end_node": "hydrogen bonds"
    },
    {
        "start_node": "HOF",
        "relationship": "contain",
        "end_node": "2D supramolecular network"
    },
    {
        "start_node": "HOF",
        "relationship": "contain",
        "end_node": "chiral space group P2(1)"
    },
    {
        "start_node": "HOF",
        "relationship": "contain",
        "end_node": "solid state optical diffuse reflection spectra"
    },
    {
        "start_node": "HOF",
        "relationship": "contain",
        "end_node": "luminescence spectra"
    },
    {
        "start_node": "HOF",
        "relationship": "contain",
        "end_node": "electrocatalytic behavior"
    },
    {
        "start_node": "HOF",
        "relationship": "contain",
        "end_node": "nitrite reduction"
    },
    {
        "start_node": "compound 2",
        "relationship": "exhibits",
        "end_node": "good electrocatalytic activity"
    }
]