[
    {
        "start_node": "Quinoxaline",
        "relationship": "contains",
        "end_node": "Hexadehydro[12]annulene"
    },
    {
        "start_node": "Hexatopic",
        "relationship": "is",
        "end_node": "Carboxylic acid"
    },
    {
        "start_node": "TQ12",
        "relationship": "derivative_of",
        "end_node": "Quinoxaline-annelated hexadehydro[12]annulene"
    },
    {
        "start_node": "TQ12",
        "relationship": "synthesized_from",
        "end_node": "Tribenzohexadehydro[12]annulene"
    },
    {
        "start_node": "Spectroscopy",
        "relationship": "used_for",
        "end_node": "Comparison"
    },
    {
        "start_node": "TQ12",
        "relationship": "formed_network",
        "end_node": "Hydrogen-bonded hexagonal molecular network"
    },
    {
        "start_node": "Network",
        "relationship": "displayed",
        "end_node": "Rich HCl responsivity"
    }
]