[
    {
        "start_node": "Hydrogen-bond",
        "relationship": "form",
        "end_node": "supramolecular hydrogel"
    },
    {
        "start_node": "supramolecular gel",
        "relationship": "pyrolysis",
        "end_node": "3D BCNO structures"
    },
    {
        "start_node": "BCNOs",
        "relationship": "property",
        "end_node": "phosphors"
    },
    {
        "start_node": "BCNOs",
        "relationship": "property",
        "end_node": "H-2-adsorbents"
    },
    {
        "start_node": "Melamine",
        "relationship": "H-bond",
        "end_node": "supramolecular gel"
    },
    {
        "start_node": "Boric acid",
        "relationship": "H-bond",
        "end_node": "supramolecular gel"
    },
    {
        "start_node": "Glucose",
        "relationship": "H-bond",
        "end_node": "supramolecular gel"
    },
    {
        "start_node": "Supramolecular gel",
        "relationship": "pyrolysis product",
        "end_node": "seaweed-like 3D structure"
    },
    {
        "start_node": "3D porous materials",
        "relationship": "contain",
        "end_node": "BCNO nanocrystals"
    },
    {
        "start_node": "3D porous materials",
        "relationship": "contain",
        "end_node": "carbonaceous matrix"
    },
    {
        "start_node": "3D porous materials",
        "relationship": "porosity",
        "end_node": "CO2 adsorption"
    },
    {
        "start_node": "Glucose concentration",
        "relationship": "impact",
        "end_node": "molecular sieve property"
    },
    {
        "start_node": "3D porous materials",
        "relationship": "CO2-CH4 separation",
        "end_node": "kH values"
    }
]