[
    {
        "start_node": "Synthesis",
        "relationship": "describes",
        "end_node": "Crystal structures"
    },
    {
        "start_node": "Lamellar solids",
        "relationship": "constructed from",
        "end_node": "3,5-pyrazole dicarboxylic acid and amines"
    },
    {
        "start_node": "Past",
        "relationship": "yielded",
        "end_node": "Recurring layer motif"
    },
    {
        "start_node": "Sterically demanding groups",
        "relationship": "impose",
        "end_node": "Alternative hydrogen-bonding connectivity"
    }
]