[
    {
        "start_node": "HOF",
        "relationship": "contain",
        "end_node": "Transition Metal Coordination Energetic Materials"
    },
    {
        "start_node": "Synthesis",
        "relationship": "method",
        "end_node": "Facile Strategy"
    },
    {
        "start_node": "Ligand",
        "relationship": "type",
        "end_node": "1-Aminotetrazol-5-one"
    },
    {
        "start_node": "Compounds",
        "relationship": "based_on",
        "end_node": "Versatile and Multifunctional Ligand"
    },
    {
        "start_node": "Transition Metals",
        "relationship": "include",
        "end_node": [
            "Co",
            "Cu",
            "Zn",
            "Cd"
        ]
    },
    {
        "start_node": "Characterization",
        "relationship": "technique",
        "end_node": "Single-Crystal X-ray Diffraction"
    },
    {
        "start_node": "Crystal Structure",
        "relationship": "property",
        "end_node": "Space Groups"
    },
    {
        "start_node": "Density",
        "relationship": "range",
        "end_node": "2.246 to 2.598 g.cm^(-3)"
    },
    {
        "start_node": "Decomposition Temperature",
        "relationship": "range",
        "end_node": "292°C to 327°C"
    },
    {
        "start_node": "Interactions",
        "relationship": "present",
        "end_node": "Strong Hydrogen Bonds"
    },
    {
        "start_node": "Mechanical Sensitivity",
        "relationship": "evaluation",
        "end_node": "Insensitive"
    },
    {
        "start_node": "Flame Test",
        "relationship": "result",
        "end_node": "Light Blue to Blue-Green (except Cd compound: Colorless)"
    },
    {
        "start_node": "Potential Use",
        "relationship": "as",
        "end_node": "Insensitive Energetic Materials / Pyrotechnics"
    }
]