[
    {
        "start_node": "HOF",
        "relationship": "contains",
        "end_node": "Enhanced NH3 permeation"
    },
    {
        "start_node": "Bis[3-(trimethoxysilyl)propyl] amine (BTPA) membranes",
        "relationship": "improves",
        "end_node": "NH3 permeation"
    },
    {
        "start_node": "Fe, Ni, and Ag",
        "relationship": "dopant metals",
        "end_node": "BTPA membranes"
    },
    {
        "start_node": "NH3 temperature-programmed desorption (NH3-TPD)",
        "relationship": "evaluated",
        "end_node": "adsorption/desorption capacity"
    },
    {
        "start_node": "Ni-BTPA",
        "relationship": "outperforms",
        "end_node": "Fe-BTPA, Ag-BTPA, BTPA"
    },
    {
        "start_node": "NH3 separation performance",
        "relationship": "ranked",
        "end_node": "Ni-BTPA > Fe-BTPA > Ag-BTPA"
    },
    {
        "start_node": "Ni-BTPA membrane",
        "relationship": "NH3 permeance",
        "end_node": "2.8e-6, 1.5e-6 mol m^-2 s^-1 Pa^-1"
    },
    {
        "start_node": "NH3/H-2 selectivity",
        "relationship": "at",
        "end_node": "11, 27 (200°C), 102, 277 (50°C)"
    },
    {
        "start_node": "Density functional theory (DFT)",
        "relationship": "used to calculate",
        "end_node": "interaction energies"
    },
    {
        "start_node": "Independent gradient model based on Hirshfeld partition",
        "relationship": "employed to analyze",
        "end_node": "affinity mechanism"
    },
    {
        "start_node": "Ni-BTPA with NH3",
        "relationship": "interaction mechanism",
        "end_node": "coordination, hydrogen bonds, van der Waals"
    }
]