[
    {
        "start_node": "HOF",
        "relationship": "synthesized_by",
        "end_node": "MIL-100(Cr)"
    },
    {
        "start_node": "MIL-100(Cr)",
        "relationship": "adsorbent_for",
        "end_node": "methyl orange (MO)"
    },
    {
        "start_node": "MIL-100(Cr)",
        "relationship": "adsorbent_for",
        "end_node": "methyl violet (MV)"
    },
    {
        "start_node": "MIL-100(Cr)",
        "relationship": "characterized_by",
        "end_node": "X-ray diffraction"
    },
    {
        "start_node": "MIL-100(Cr)",
        "relationship": "characterized_by",
        "end_node": "FTIR spectroscopy"
    },
    {
        "start_node": "MIL-100(Cr)",
        "relationship": "morphology",
        "end_node": "irregular polyhedron"
    },
    {
        "start_node": "MIL-100(Cr)",
        "relationship": "thermal_stability",
        "end_node": "375 degrees C"
    },
    {
        "start_node": "MIL-100(Cr)",
        "relationship": "adsorption_capacity",
        "end_node": "MO: 430.21 mg/g"
    },
    {
        "start_node": "MIL-100(Cr)",
        "relationship": "adsorption_capacity",
        "end_node": "MV: 120.48 mg/g"
    },
    {
        "start_node": "adsorption mechanism",
        "relationship": "dominated_by",
        "end_node": "physisorption"
    },
    {
        "start_node": "adsorption mechanism",
        "relationship": "includes",
        "end_node": "pi-pi stacking"
    },
    {
        "start_node": "adsorption mechanism",
        "relationship": "includes",
        "end_node": "ion-dipole interactions"
    },
    {
        "start_node": "adsorption mechanism",
        "relationship": "includes",
        "end_node": "hydrogen bonds"
    }
]