[
    {
        "start_node": "HOF",
        "relationship": "contain",
        "end_node": "Microwave-assisted synthesis"
    },
    {
        "start_node": "HOF",
        "relationship": "contain",
        "end_node": "porphyrin conjugated microporous polymers (CMPs)"
    },
    {
        "start_node": "CMPs",
        "relationship": "property",
        "end_node": "microporous structure"
    },
    {
        "start_node": "CMPs",
        "relationship": "property",
        "end_node": "nitrogen-rich pyrrole building blocks"
    },
    {
        "start_node": "CMPs",
        "relationship": "application",
        "end_node": "separation and enrichment"
    },
    {
        "start_node": "CMPs",
        "relationship": "synthesized by",
        "end_node": "microwave-assisted method"
    },
    {
        "start_node": "CMPs",
        "relationship": "coating",
        "end_node": "silica fiber"
    },
    {
        "start_node": "coating",
        "relationship": "material",
        "end_node": "porphyrin CMP"
    },
    {
        "start_node": "coating",
        "relationship": "interaction with",
        "end_node": "volatile organic acids"
    },
    {
        "start_node": "method",
        "relationship": "used for",
        "end_node": "determination of volatile organic acids"
    },
    {
        "start_node": "method",
        "relationship": "technique",
        "end_node": "headspace solid-phase microextraction (HS-SPME)"
    },
    {
        "start_node": "method",
        "relationship": "analysis by",
        "end_node": "gas chromatography-mass spectrometry"
    },
    {
        "start_node": "results",
        "relationship": "showed",
        "end_node": "enrichment factors (66,657 - 133,970), LOD (4.6 - 22 ng/L)"
    },
    {
        "start_node": "results",
        "relationship": "showed",
        "end_node": "linearity (propionic acid, crotonic acid, 2-methylheptanoic acid, others)"
    },
    {
        "start_node": "accuracy",
        "relationship": "evaluated for",
        "end_node": "tobacco leaves"
    },
    {
        "start_node": "reliability",
        "relationship": "evaluated for",
        "end_node": "determination of volatile organic acids"
    },
    {
        "start_node": "copyright",
        "relationship": "owned by",
        "end_node": "Elsevier B.V."
    }
]