[
    {
        "start_node": "Coordination Polymer",
        "relationship": "contains",
        "end_node": "A Chiral Decorated Metal-Isonicotinate"
    },
    {
        "start_node": "A Chiral Decorated Metal-Isonicotinate",
        "relationship": "is_synthesized_by",
        "end_node": "Microwave-Assisted Hydrothermal Method"
    },
    {
        "start_node": "Structure",
        "relationship": "belongs_to",
        "end_node": "Coordination Polymer"
    },
    {
        "start_node": "Cobalt Analogue",
        "relationship": "isomorphic_to",
        "end_node": "Nickel Compound"
    },
    {
        "start_node": "Cobalt Compound",
        "relationship": "has_crystal_structure",
        "end_node": "P2(1) Space Group"
    },
    {
        "start_node": "Cobalt Compound",
        "relationship": "unit_cell_parameters",
        "end_node": "a=6.0658(6), b=15.540(2), c=9.1328(9), β=107.052(7)A°, V=823.05(16) cubic Å"
    },
    {
        "start_node": "Nickel Compound",
        "relationship": "has_crystal_structure",
        "end_node": "P2(1) Space Group"
    },
    {
        "start_node": "Nickel Compound",
        "relationship": "unit_cell_parameters",
        "end_node": "a=6.0946(8), b=15.443(2), c=9.1202(11), β=107.803(10)A°, V=817.28(19) cubic Å"
    },
    {
        "start_node": "Structure",
        "relationship": "contains",
        "end_node": "[M(isonicotinate)](a) Chains"
    },
    {
        "start_node": "[M(isonicotinate)](a) Chains",
        "relationship": "composed_of",
        "end_node": "Linear Chains"
    },
    {
        "start_node": "Chains",
        "relationship": "orientation",
        "end_node": "[101] Direction"
    },
    {
        "start_node": "Metal Centre",
        "relationship": "coordination",
        "end_node": "Octahedral Cations"
    },
    {
        "start_node": "Metal Centre",
        "relationship": "coordination",
        "end_node": "Water Molecules"
    },
    {
        "start_node": "Metal Centre",
        "relationship": "coordination",
        "end_node": "Tyrosinate"
    },
    {
        "start_node": "Tyrosinate",
        "relationship": "binds_to",
        "end_node": "Metal Centre"
    },
    {
        "start_node": "Water",
        "relationship": "hydrogen_bonding",
        "end_node": "Carboxylate Groups"
    },
    {
        "start_node": "Cobalt Compound",
        "relationship": "mass_loss",
        "end_node": "Heating above room temp, ill-defined steps"
    },
    {
        "start_node": "Nickel Compound",
        "relationship": "mass_loss",
        "end_node": "Well-defined steps"
    }
]