[
    {
        "start_node": "HOF",
        "relationship": "contain",
        "end_node": "Fe3O4@TabTfa-F4"
    },
    {
        "start_node": "Fe3O4@TabTfa-F4",
        "relationship": "property",
        "end_node": "high specific surface area"
    },
    {
        "start_node": "Fe3O4@TabTfa-F4",
        "relationship": "property",
        "end_node": "high fluorine content"
    },
    {
        "start_node": "Fe3O4@TabTfa-F4",
        "relationship": "property",
        "end_node": "large pore volume"
    },
    {
        "start_node": "Fe3O4@TabTfa-F4",
        "relationship": "property",
        "end_node": "strong magnetic response"
    },
    {
        "start_node": "Fe3O4@TabTfa-F4",
        "relationship": "application",
        "end_node": "adsorption of MC-LR"
    },
    {
        "start_node": "Fe3O4@TabTfa-F4",
        "relationship": "adsorption_model",
        "end_node": "pseudo-second-order kinetics"
    },
    {
        "start_node": "Fe3O4@TabTfa-F4",
        "relationship": "adsorption_model",
        "end_node": "Langmuir adsorption model"
    },
    {
        "start_node": "Fe3O4@TabTfa-F4",
        "relationship": "adsorption_capacity",
        "end_node": "Qmax = 495.1 mg g^-1"
    },
    {
        "start_node": "Fe3O4@TabTfa-F4",
        "relationship": "interaction",
        "end_node": "hydrogen bonds, hydrophobic, pi-pi stacking"
    },
    {
        "start_node": "Fe3O4@TabTfa-F4",
        "relationship": "application",
        "end_node": "extraction of MC-LR"
    },
    {
        "start_node": "Fe3O4@TabTfa-F4",
        "relationship": "detection_method",
        "end_node": "HPLC with UV spectroscopy"
    },
    {
        "start_node": "Fe3O4@TabTfa-F4",
        "relationship": "performance",
        "end_node": "good linearity (0.25-20 ng L^-1)"
    },
    {
        "start_node": "Fe3O4@TabTfa-F4",
        "relationship": "performance",
        "end_node": "LOD (0.041 ng mL^-1)"
    },
    {
        "start_node": "Fe3O4@TabTfa-F4",
        "relationship": "performance",
        "end_node": "LOQ (0.13 ng mL^-1)"
    },
    {
        "start_node": "Fe3O4@TabTfa-F4",
        "relationship": "performance",
        "end_node": "enrichment factor"
    },
    {
        "start_node": "Fe3O4@TabTfa-F4",
        "relationship": "performance",
        "end_node": "relative standard deviation (9.6%)"
    }
]