[
    {
        "start_node": "Lanthanide Coordination Polymers",
        "relationship": "synthesized",
        "end_node": "Hydrothermal Synthesis"
    },
    {
        "start_node": "Gd(1)",
        "relationship": "contain",
        "end_node": "Gd(2)(1,3-pda)(3)(H2O)"
    },
    {
        "start_node": "Dy(2)",
        "relationship": "contain",
        "end_node": "Dy(2)(1,3-pda)(3)(H2O)"
    },
    {
        "start_node": "Er(3)",
        "relationship": "contain",
        "end_node": "Er(3)(1,3-pda)(3)(H2O)"
    },
    {
        "start_node": "Lu(4)",
        "relationship": "contain",
        "end_node": "Lu(4)(1,3-pda)(3)(H2O)"
    },
    {
        "start_node": "1,3-phenylenediacetate",
        "relationship": "acts_as",
        "end_node": "mu(4)-linker"
    },
    {
        "start_node": "Lanthanide ions",
        "relationship": "connects",
        "end_node": "1,3-phenylenediacetate"
    },
    {
        "start_node": "Carboxylate groups",
        "relationship": "conformation",
        "end_node": "trans or trans and cis"
    },
    {
        "start_node": "Ln-O bond lengths",
        "relationship": "change",
        "end_node": "lanthanide contraction"
    },
    {
        "start_node": "Infrared spectroscopy",
        "relationship": "confirmed",
        "end_node": "deprotonated carboxylic groups"
    },
    {
        "start_node": "Raman spectra",
        "relationship": "confirmed",
        "end_node": "deprotonated carboxylic groups"
    },
    {
        "start_node": "Non-hydrogen bonded hydroxyl group",
        "relationship": "presence_in",
        "end_node": "infrared spectra"
    },
    {
        "start_node": "TG-DSC method",
        "relationship": "investigated",
        "end_node": "thermal behavior"
    },
    {
        "start_node": "TG-FTIR method",
        "relationship": "investigated",
        "end_node": "thermal behavior"
    },
    {
        "start_node": "Complexes",
        "relationship": "stable_to",
        "end_node": "106-135°C"
    },
    {
        "start_node": "Complexes",
        "relationship": "decomposition",
        "end_node": "dehydration, decomposition"
    },
    {
        "start_node": "Products",
        "relationship": "from_decomposition",
        "end_node": "water, CO2, m-xylene, methane"
    }
]