[
    {
        "start_node": "Coordination polymer",
        "relationship": "synthesis",
        "end_node": "Co(NCS)(2)(pyz)(2) (1)"
    },
    {
        "start_node": "Co(NCS)(2)(pyz)(2) (1)",
        "relationship": "structure",
        "end_node": "2D sheet, monoclinic, C2/m"
    },
    {
        "start_node": "C2/m",
        "relationship": "parameters",
        "end_node": "a=10.039(2) Angstrom, b=10.382(2) Angstrom, c=7.190(1) Angstrom, β=118.64(1) degrees, Z=2"
    },
    {
        "start_node": "Co(NCS)(2)(H2O)(2).(4,4'-bipy) 4,4'-bipy (2)",
        "relationship": "synthesis",
        "end_node": "linear Co-bipy-Co chains"
    },
    {
        "start_node": "Co(NCS)(2)(H2O)(2).(4,4'-bipy) 4,4'-bipy (2)",
        "relationship": "structure",
        "end_node": "stair type sheets, triclinic, <P(1)/bar>, α=7.450(1) Angstrom, β=9.020(1) Angstrom, c=10.122(1) Angstrom, α=107.74(1) degrees, P=104.02(1) degrees, γ=97.16(1) degrees, Z=1"
    },
    {
        "start_node": "Co(NCS)(2)(4,4'-bipy)(2).(2)(CH3CH2)(2)O (3)",
        "relationship": "synthesis",
        "end_node": "ether molecules intercalated"
    },
    {
        "start_node": "Co(NCS)(2)(4,4'-bipy)(2).(2)(CH3CH2)(2)O (3)",
        "relationship": "structure",
        "end_node": "monoclinic, P2/c"
    },
    {
        "start_node": "P2/c",
        "relationship": "parameters",
        "end_node": "a=11.483(2) Angstrom, b=11.397(3) Angstrom, c=13.609(1) Angstrom, β=107.55(1) degrees, Z=2"
    },
    {
        "start_node": "Compounds 2 and 3",
        "relationship": "decomposition",
        "end_node": "same products"
    },
    {
        "start_node": "Decomposition",
        "relationship": "discussed",
        "end_node": "identities"
    }
]