[
    {
        "start_node": "HOF",
        "relationship": "contain",
        "end_node": "Cd-1.5(BTC)(BPE)(H2O)(2)"
    },
    {
        "start_node": "Cd-1.5(BTC)(BPE)(H2O)(2)",
        "relationship": "synthesized_by",
        "end_node": "hydrothermal reaction"
    },
    {
        "start_node": "hydrothermal reaction",
        "relationship": "uses",
        "end_node": "Cd(NO3)(2)"
    },
    {
        "start_node": "hydrothermal reaction",
        "relationship": "uses",
        "end_node": "trimesic acid (H3BTC)"
    },
    {
        "start_node": "hydrothermal reaction",
        "relationship": "uses",
        "end_node": "1,2-bis(4-pyridyl)ethane (BPE)"
    },
    {
        "start_node": "hydrothermal reaction",
        "relationship": "uses",
        "end_node": "triethylamine"
    },
    {
        "start_node": "Cd-1.5(BTC)(BPE)(H2O)(2)",
        "relationship": "characterized_by",
        "end_node": "X-ray diffraction"
    },
    {
        "start_node": "Cd-1.5(BTC)(BPE)(H2O)(2)",
        "relationship": "characterized_by",
        "end_node": "powder X-ray diffraction"
    },
    {
        "start_node": "Cd-1.5(BTC)(BPE)(H2O)(2)",
        "relationship": "characterized_by",
        "end_node": "elemental analysis"
    },
    {
        "start_node": "Cd-1.5(BTC)(BPE)(H2O)(2)",
        "relationship": "characterized_by",
        "end_node": "infrared spectroscopy"
    },
    {
        "start_node": "Cd-1.5(BTC)(BPE)(H2O)(2)",
        "relationship": "characterized_by",
        "end_node": "Raman spectroscopy"
    },
    {
        "start_node": "Cd-1.5(BTC)(BPE)(H2O)(2)",
        "relationship": "characterized_by",
        "end_node": "thermogravimetry"
    },
    {
        "start_node": "Cd-1.5(BTC)(BPE)(H2O)(2)",
        "relationship": "characterized_by",
        "end_node": "differential scanning calorimetry"
    },
    {
        "start_node": "Cd-1.5(BTC)(BPE)(H2O)(2)",
        "relationship": "crystal_data",
        "end_node": "monoclinic"
    },
    {
        "start_node": "Cd-1.5(BTC)(BPE)(H2O)(2)",
        "relationship": "crystal_data",
        "end_node": "space group C2/c"
    },
    {
        "start_node": "Cd-1.5(BTC)(BPE)(H2O)(2)",
        "relationship": "crystal_data",
        "end_node": "a = 10.8264(5) Angstrom"
    },
    {
        "start_node": "Cd-1.5(BTC)(BPE)(H2O)(2)",
        "relationship": "crystal_data",
        "end_node": "b = 17.4563(5) Angstrom"
    },
    {
        "start_node": "Cd-1.5(BTC)(BPE)(H2O)(2)",
        "relationship": "crystal_data",
        "end_node": "c = 24.2605(11) Angstrom"
    },
    {
        "start_node": "Cd-1.5(BTC)(BPE)(H2O)(2)",
        "relationship": "crystal_data",
        "end_node": "beta = 91.978(2) degrees"
    },
    {
        "start_node": "Cd-1.5(BTC)(BPE)(H2O)(2)",
        "relationship": "crystal_data",
        "end_node": "V = 4582.2(3) Angstrom^3"
    },
    {
        "start_node": "Cd-1.5(BTC)(BPE)(H2O)(2)",
        "relationship": "crystal_data",
        "end_node": "Z = 8"
    }
]