[
    {
        "start_node": "Lanthanide-based",
        "relationship": "form",
        "end_node": "0D_assembly"
    },
    {
        "start_node": "Lanthanide-based",
        "relationship": "form",
        "end_node": "2D_assembly"
    },
    {
        "start_node": "pyridazine-3,6-dicarboxylate",
        "relationship": "link",
        "end_node": "0D_2D_networks"
    },
    {
        "start_node": "Pr(1)",
        "relationship": "part_of",
        "end_node": "Ln(2)(H2O)(4)(pzdc)(3).3/3.5H2O"
    },
    {
        "start_node": "Nd(2)",
        "relationship": "part_of",
        "end_node": "Ln(2)(H2O)(4)(pzdc)(3).3/3.5H2O"
    },
    {
        "start_node": "Sm(3)",
        "relationship": "part_of",
        "end_node": "Ln(2)(H2O)(4)(pzdc)(3).3/3.5H2O"
    },
    {
        "start_node": "Eu(4)",
        "relationship": "part_of",
        "end_node": "Ln(2)(H2O)(4)(pzdc)(3).3/3.5H2O"
    },
    {
        "start_node": "Gd(5)",
        "relationship": "part_of",
        "end_node": "Ln(2)(H2O)(6)(pzdc)(3).3H2O"
    },
    {
        "start_node": "Tb(6)",
        "relationship": "part_of",
        "end_node": "Ln(2)(H2O)(6)(pzdc)(3).3H2O"
    },
    {
        "start_node": "Dy(7)",
        "relationship": "part_of",
        "end_node": "Ln(2)(H2O)(6)(pzdc)(3).3H2O"
    },
    {
        "start_node": "Er(8)",
        "relationship": "part_of",
        "end_node": "Ln(2)(H2O)(6)(pzdc)(3).3H2O"
    },
    {
        "start_node": "Lu(9)",
        "relationship": "part_of",
        "end_node": "Ln(2)(H2O)(6)(pzdc)(3).3H2O"
    },
    {
        "start_node": "pzdc",
        "relationship": "acts_as",
        "end_node": "tetratendate_linker"
    },
    {
        "start_node": "pzdc",
        "relationship": "acts_as",
        "end_node": "tridentate_linker"
    },
    {
        "start_node": "pzdc",
        "relationship": "acts_as",
        "end_node": "monodentate_linker"
    },
    {
        "start_node": "free_water_molecules",
        "relationship": "intercalate",
        "end_node": "mixed_networks"
    },
    {
        "start_node": " Ln(2)O(6)N(5)(H2O)(6)",
        "relationship": "dimer_of",
        "end_node": "molecular_assemblies"
    },
    {
        "start_node": "fluorescence_emission",
        "relationship": "observed_in",
        "end_node": "Eu(4)"
    },
    {
        "start_node": "fluorescence_emission",
        "relationship": "observed_in",
        "end_node": "Tb(6)"
    }
]