[
    {
        "start_node": "Structure",
        "relationship": "describe",
        "end_node": "zeolite-like nanoporous architecture"
    },
    {
        "start_node": "Compound",
        "relationship": "is",
        "end_node": "[Eu2(btc)(H2btc)(H2O)]•4H2O (1)"
    },
    {
        "start_node": "Polymer layers",
        "relationship": "constitute",
        "end_node": "two types"
    },
    {
        "start_node": "Layers",
        "relationship": "feature",
        "end_node": "[EuO6-(H2O)](n) units"
    },
    {
        "start_node": "Channels",
        "relationship": "host",
        "end_node": "water molecules"
    },
    {
        "start_node": "Crystal system",
        "relationship": "have",
        "end_node": "monoclinic, P2(1)/n"
    },
    {
        "start_node": "Unit cell dimensions",
        "relationship": "include",
        "end_node": "a = 10.7562(2) Å, b = 7.2075(2) Å, c = 17.2180(5) Å"
    },
    {
        "start_node": "Beta angle",
        "relationship": "measure",
        "end_node": "97.072(2)°"
    },
    {
        "start_node": "Space group",
        "relationship": "corresponds to",
        "end_node": "Z = 2"
    },
    {
        "start_node": "Magnetic behavior",
        "relationship": "manifested as",
        "end_node": "paramagnetic, weak magnetic interaction"
    },
    {
        "start_node": "Spin-orbital coupling",
        "relationship": "cause",
        "end_node": "effective in compound 1"
    },
    {
        "start_node": "Electronic properties",
        "relationship": "indicate",
        "end_node": "semiconductor"
    },
    {
        "start_node": "Temperature range",
        "relationship": "study",
        "end_node": "30-600°C"
    },
    {
        "start_node": "Stability",
        "relationship": "observed up to",
        "end_node": "150°C"
    },
    {
        "start_node": "TGA analysis",
        "relationship": "confirm",
        "end_node": "lattice water removal stability"
    },
    {
        "start_node": "XRPD",
        "relationship": "further confirm",
        "end_node": "network skeleton stability"
    },
    {
        "start_node": "Publication",
        "relationship": "credit",
        "end_node": "Wiley-VCH Verlag GmbH, Weinheim, Germany, 2002"
    }
]