[
    {
        "start_node": "Coordination Polymer",
        "relationship": "synthesized",
        "end_node": "Complex 1"
    },
    {
        "start_node": "Complex 1",
        "relationship": "characterized_by",
        "end_node": "X-ray single-crystal diffraction"
    },
    {
        "start_node": "Complex 1",
        "relationship": "contains",
        "end_node": "Cd(II)"
    },
    {
        "start_node": "Complex 1",
        "relationship": "contains",
        "end_node": "3-(2-pyridyl)pyrazole (HL)"
    },
    {
        "start_node": "Complex 1",
        "relationship": "contains",
        "end_node": "5-nitroisophthalic acid (H2NIPH)"
    },
    {
        "start_node": "Complex 1",
        "relationship": "belongs_to",
        "end_node": "triclinic system"
    },
    {
        "start_node": "Complex 1",
        "relationship": "space_group",
        "end_node": "P (1) over bar"
    },
    {
        "start_node": "Complex 1",
        "relationship": "structural_details",
        "end_node": "a = 8.9539(6) angstrom, b = 11.6252(8) angstrom, c = 12.2472(8) angstrom"
    },
    {
        "start_node": "Complex 1",
        "relationship": "unit_cell_volume",
        "end_node": "1237.37(14) angstrom^3"
    },
    {
        "start_node": "Complex 1",
        "relationship": "molecular_weight",
        "end_node": "740.25 g/mol"
    },
    {
        "start_node": "Complex 1",
        "relationship": "formed_by",
        "end_node": "two H2NIPH as monodentate and bidentate ligands"
    },
    {
        "start_node": "Complex 1",
        "relationship": "formed_by",
        "end_node": "two L ligands"
    },
    {
        "start_node": "Complex 1",
        "relationship": "connects",
        "end_node": "tetranuclear subunit"
    },
    {
        "start_node": "Complex 1",
        "relationship": "connects",
        "end_node": "NIPH ligands"
    },
    {
        "start_node": "Complex 1",
        "relationship": "dimensionality",
        "end_node": "one-dimensional"
    },
    {
        "start_node": "Complex 1",
        "relationship": "forms",
        "end_node": "double-chain structure"
    },
    {
        "start_node": "Complex 1",
        "relationship": "linked_by",
        "end_node": "hydrogen bonds and p-p interactions"
    },
    {
        "start_node": "Complex 1",
        "relationship": "analyzed_with",
        "end_node": "Natural Bond Orbital (NBO) calculations"
    },
    {
        "start_node": "NBO calculations",
        "relationship": "performed_by",
        "end_node": "PBE0/LANL2DZ method"
    },
    {
        "start_node": "NBO calculations",
        "relationship": "indicating",
        "end_node": "covalent interaction between coordinated atoms and Cd(II) ion"
    }
]