[
    {
        "start_node": "HOF",
        "relationship": "contains",
        "end_node": "Enantiomeric Polyoxometalates"
    },
    {
        "start_node": "Enantiomeric Polyoxometalates",
        "relationship": "based_on",
        "end_node": "Malate Chirality-Inducing"
    },
    {
        "start_node": "Malate Chirality-Inducing",
        "relationship": "strategy",
        "end_node": "lacunary structure-directing"
    },
    {
        "start_node": "lacunary structure-directing",
        "relationship": "function",
        "end_node": "chiral ligand induction"
    },
    {
        "start_node": "Chiral Ligand Induction",
        "relationship": "produces",
        "end_node": "homochiral compounds"
    },
    {
        "start_node": "homochiral compounds",
        "relationship": "example_of",
        "end_node": "Zr-IV-substituted Keggin POMs"
    },
    {
        "start_node": "Zr-IV-substituted Keggin POMs",
        "relationship": "clusters",
        "end_node": "{Zr-4(mu(3)-O)(2)(L-/D-mal)(2)}"
    },
    {
        "start_node": "{Zr-4(mu(3)-O)(2)(L-/D-mal)(2)}",
        "relationship": "transfers_chirality",
        "end_node": "Keggin dimeric clusters"
    },
    {
        "start_node": "Keggin dimeric clusters",
        "relationship": "forms",
        "end_node": "1-D helical chains (1a, 2a) and 3-D framework (3)"
    },
    {
        "start_node": "Structural Comparison",
        "relationship": "demonstrates",
        "end_node": "chirality_transfer"
    },
    {
        "start_node": "Circular Dichroism Spectra",
        "relationship": "confirms",
        "end_node": "enantiomerically pure"
    },
    {
        "start_node": "UV-vis Diffuse Reflectance Spectra",
        "relationship": "indicates",
        "end_node": "semiconductor materials (1-3)"
    },
    {
        "start_node": "1-3",
        "relationship": "SHG_response",
        "end_node": "0.8 times KDP"
    },
    {
        "start_node": "1, 2",
        "relationship": "SHG_response",
        "end_node": "second harmonic generation"
    }
]