[
    {
        "start_node": "HOF",
        "relationship": "study",
        "end_node": "extraction equilibrium"
    },
    {
        "start_node": "extraction equilibrium",
        "relationship": "investigated",
        "end_node": "TTCalixB6"
    },
    {
        "start_node": "TTCalixB6",
        "relationship": "contains",
        "end_node": "Cs(I)"
    },
    {
        "start_node": "TTCalixB6",
        "relationship": "contains",
        "end_node": "Na(I)"
    },
    {
        "start_node": "TTCalixB6",
        "relationship": "contains",
        "end_node": "K(I)"
    },
    {
        "start_node": "TTCalixB6",
        "relationship": "contains",
        "end_node": "Rb(I)"
    },
    {
        "start_node": "TTCalixB6",
        "relationship": "contains",
        "end_node": "Sr(II)"
    },
    {
        "start_node": "TTCalixB6",
        "relationship": "contains",
        "end_node": "Ba(II)"
    },
    {
        "start_node": "TTCalixB6",
        "relationship": "contains",
        "end_node": "Fe(III)"
    },
    {
        "start_node": "TTCalixB6",
        "relationship": "contains",
        "end_node": "Ru(III)"
    },
    {
        "start_node": "TTCalixB6",
        "relationship": "tested in",
        "end_node": "HNO3/o-nitroanisole"
    },
    {
        "start_node": "TTCalixB6",
        "relationship": "tested in",
        "end_node": "HNO3/chloroform"
    },
    {
        "start_node": "Cs(I)",
        "relationship": "extracted in",
        "end_node": "HNO3/o-nitroanisole"
    },
    {
        "start_node": "Cs(I)",
        "relationship": "compared with",
        "end_node": "Rb(I)"
    },
    {
        "start_node": "Cs(I)",
        "relationship": "complex formed as",
        "end_node": "CsNO3.TTCalixB6"
    },
    {
        "start_node": "Cs(I)",
        "relationship": "extraction efficiency",
        "end_node": "98%"
    },
    {
        "start_node": "Rb(I)",
        "relationship": "co-extracted with",
        "end_node": "Cs(I)"
    },
    {
        "start_node": "thermodynamic parameters",
        "relationship": "obtained for",
        "end_node": "TTCalixB6 extraction"
    }
]