[
    {
        "start_node": "HOF",
        "relationship": "contain",
        "end_node": "ZIF-L"
    },
    {
        "start_node": "ZIF-L",
        "relationship": "amine-functionalized",
        "end_node": "MOFs"
    },
    {
        "start_node": "MOFs",
        "relationship": "promising materials",
        "end_node": "membrane separation"
    },
    {
        "start_node": "MMMs",
        "relationship": "fabricated from",
        "end_node": "Pebax 2533"
    },
    {
        "start_node": "Pebax 2533",
        "relationship": "with",
        "end_node": "PEI-ZIF-L"
    },
    {
        "start_node": "Pebax 2533",
        "relationship": "with",
        "end_node": "PAMAM-ZIF-L"
    },
    {
        "start_node": "PEI-ZIF-L",
        "relationship": "hydrogen bonding",
        "end_node": "Pebax"
    },
    {
        "start_node": "PAMAM-ZIF-L",
        "relationship": "hydrogen bonding",
        "end_node": "Pebax"
    },
    {
        "start_node": "amine groups",
        "relationship": "reversible reaction with",
        "end_node": "CO2 molecules"
    },
    {
        "start_node": "MMMs",
        "relationship": "enhanced performance in",
        "end_node": "CO2 separation"
    },
    {
        "start_node": "Pebax-PEI-ZIF-L",
        "relationship": "CO2 permeability",
        "end_node": "639.4 Barrer"
    },
    {
        "start_node": "Pebax-PAMAM-ZIF-L",
        "relationship": "CO2 permeability",
        "end_node": "702.7 Barrer"
    },
    {
        "start_node": "CO2/N2 selectivity",
        "relationship": "increased by",
        "end_node": "200%"
    },
    {
        "start_node": "long-term stability",
        "relationship": "demonstrated by",
        "end_node": "MMMs"
    },
    {
        "start_node": "MMMs",
        "relationship": "application potential",
        "end_node": "humid flue gas carbon capture"
    }
]