[
    {
        "start_node": "HOF",
        "relationship": "study",
        "end_node": "QM/MM"
    },
    {
        "start_node": "QM/MM",
        "relationship": "investigate",
        "end_node": "neutral (H2O)(21) cluster"
    },
    {
        "start_node": "QM/MM",
        "relationship": "investigate",
        "end_node": "protonated H+(H2O)(21) cluster"
    },
    {
        "start_node": "neutral (H2O)(21)",
        "relationship": "confined",
        "end_node": "tetrahedral host"
    },
    {
        "start_node": "tetrahedral host",
        "relationship": "influence",
        "end_node": "neutral (H2O)(21) structure"
    },
    {
        "start_node": "tetrahedral host",
        "relationship": "X-ray data comparison",
        "end_node": "dodecahedral cage"
    },
    {
        "start_node": "protonated H+(H2O)(21)",
        "relationship": "confined",
        "end_node": "cubic cavity"
    },
    {
        "start_node": "cubic cavity",
        "relationship": "structure",
        "end_node": "hexahedral (H2O)(20) shell"
    },
    {
        "start_node": "cubic cavity",
        "relationship": "comparison",
        "end_node": "experimental X-ray structure"
    },
    {
        "start_node": "H+(H2O)(21) cluster",
        "relationship": "free vs confined",
        "end_node": "difference in shape"
    },
    {
        "start_node": "H+(H2O)(21) cluster",
        "relationship": "hydrogen bonds",
        "end_node": "less intrinsic"
    },
    {
        "start_node": "H+(H2O)(21) cluster",
        "relationship": "influence",
        "end_node": "electrostatic environment of host"
    },
    {
        "start_node": "electrostatic environment",
        "relationship": "impact",
        "end_node": "protonated cluster structure"
    },
    {
        "start_node": "protonated water cluster",
        "relationship": "polarization",
        "end_node": "crystal host field"
    },
    {
        "start_node": "neutral water cluster",
        "relationship": "comparison",
        "end_node": "less susceptible to polarization"
    }
]