[
    {
        "start_node": "HOF",
        "relationship": "contain",
        "end_node": "layered hydrogen-bonded organic framework"
    },
    {
        "start_node": "HOF-NBDA",
        "relationship": "type_of",
        "end_node": "HOF"
    },
    {
        "start_node": "C3H6",
        "relationship": "preferred_pore",
        "end_node": "HOF-NBDA"
    },
    {
        "start_node": "HOF-NBDA",
        "relationship": "property",
        "end_node": "ultrastable"
    },
    {
        "start_node": "HOF-NBDA",
        "relationship": "C3H6_uptake",
        "end_node": "3.6 mmol g^(-1)"
    },
    {
        "start_node": "HOF-NBDA",
        "relationship": "C2H4_uptake",
        "end_node": "0.3 mmol g^(-1)"
    },
    {
        "start_node": "HOF-NBDA",
        "relationship": "selectivity",
        "end_node": "C2H4/C3H6: 11.1"
    },
    {
        "start_node": "HOF-NBDA",
        "relationship": "separation",
        "end_node": "C3H6/C2H4 (50/50, v/v)"
    },
    {
        "start_node": "C2H4_productivity",
        "relationship": "achieved_by",
        "end_node": "HOF-NBDA"
    },
    {
        "start_node": "C2H4_productivity",
        "value": "5.7 mol kg^(-1)",
        "end_node": "purity >= 99.95%"
    },
    {
        "start_node": "C3H6_productivity",
        "relationship": "achieved_by",
        "end_node": "HOF-NBDA"
    },
    {
        "start_node": "C3H6_productivity",
        "value": "4.5 mol kg^(-1)",
        "end_node": "purity >= 99.5%"
    },
    {
        "start_node": "HOF-NBDA",
        "relationship": "advantage",
        "end_node": "ultrahigh stability"
    },
    {
        "start_node": "HOF-NBDA",
        "relationship": "advantage",
        "end_node": "good scalability"
    },
    {
        "start_node": "HOF-NBDA",
        "relationship": "advantage",
        "end_node": "easy regeneration"
    },
    {
        "start_node": "HOF-NBDA",
        "relationship": "application",
        "end_node": "one-step MTO product separation"
    }
]