[
    {
        "start_node": "Synthesis",
        "relationship": "describes",
        "end_node": "cerium(III) complex"
    },
    {
        "start_node": "Crystal structure",
        "relationship": "discovered",
        "end_node": "octanuclear compound [Ce-8(Pydc)(10)(HPydc)(4)·22H(2)O]·11H(2)O"
    },
    {
        "start_node": "Mild solvothermal conditions",
        "relationship": "method",
        "end_node": "preparation"
    },
    {
        "start_node": "Coordination environments",
        "relationship": "includes",
        "end_node": "[Ce(Pydc)(3)]"
    },
    {
        "start_node": "Coordination environments",
        "relationship": "includes",
        "end_node": "[Ce(Pydc)(H2O)(4)(O,O)]"
    },
    {
        "start_node": "Coordination environments",
        "relationship": "includes",
        "end_node": "[Ce(H2O)(7)(O,O)]"
    },
    {
        "start_node": "Cerium atoms",
        "relationship": "coordination",
        "end_node": "nine-coordinated"
    },
    {
        "start_node": "Geometries",
        "relationship": "found",
        "end_node": "tricapped trigonal prismatic CeN3O8"
    },
    {
        "start_node": "Geometries",
        "relationship": "found",
        "end_node": "slightly distorted mono-capped square antiprism"
    },
    {
        "start_node": "Pydc ligands",
        "relationship": "coordination modes",
        "end_node": "tri-coordinate"
    },
    {
        "start_node": "Pydc ligands",
        "relationship": "coordination modes",
        "end_node": "tetra-coordinate"
    },
    {
        "start_node": "Pydc ligands",
        "relationship": "coordination modes",
        "end_node": "penta-coordinate"
    },
    {
        "start_node": "Supramolecular network",
        "relationship": "formed by",
        "end_node": "hydrogen bonds"
    },
    {
        "start_node": "Magnetic properties",
        "relationship": "indicate",
        "end_node": "Curie-Weiss law"
    },
    {
        "start_node": "Magnetic behavior",
        "relationship": "typical of",
        "end_node": "antiferromagnetic exchange coupling"
    }
]