[
    {
        "start_node": "Robust",
        "relationship": "assemble",
        "end_node": "Coordination Networks"
    },
    {
        "start_node": "Two-Step Assembly",
        "relationship": "method",
        "end_node": "Process"
    },
    {
        "start_node": "Egg-Crate Structure",
        "relationship": "have",
        "end_node": "Polymers"
    },
    {
        "start_node": "Trigonal Symmetry",
        "relationship": "characteristic",
        "end_node": "Structure"
    },
    {
        "start_node": "Space Group R(3)barm",
        "relationship": "belong to",
        "end_node": "Polymers"
    },
    {
        "start_node": "Ag-3(L-1)(3)(hmt)",
        "relationship": "molecular formula",
        "end_node": "Polymers"
    },
    {
        "start_node": "L-1",
        "relationship": "ligand",
        "end_node": "Polymers"
    },
    {
        "start_node": "Pyrazol-1-yl",
        "relationship": "component",
        "end_node": "L-1"
    },
    {
        "start_node": "Pyridin-4-yl",
        "relationship": "component",
        "end_node": "L-1"
    },
    {
        "start_node": "[Ag L-1](2)X-2",
        "relationship": "first_step_product",
        "end_node": "Dimers"
    },
    {
        "start_node": "Head-to-tail disposition",
        "relationship": "arrangement",
        "end_node": "Dimers"
    },
    {
        "start_node": "Hexamethylenetetramine (hmt)",
        "relationship": "react_with",
        "end_node": "Dimers"
    },
    {
        "start_node": "AgN(hmt) bonds",
        "relationship": "form",
        "end_node": "Dimers-Polymers"
    },
    {
        "start_node": "Linear Connectors",
        "relationship": "function",
        "end_node": "Dimers"
    },
    {
        "start_node": "Triconnected Nodes",
        "relationship": "function",
        "end_node": "Hexamethylenetetramine"
    },
    {
        "start_node": "Undulating Hexagons",
        "relationship": "form",
        "end_node": "Sheets"
    },
    {
        "start_node": "Honeycomb Sheets",
        "relationship": "result",
        "end_node": "Assembly"
    },
    {
        "start_node": "ABCABC Stacking",
        "relationship": "arrangement",
        "end_node": "Sheets"
    },
    {
        "start_node": "[001]",
        "relationship": "direction",
        "end_node": "Stacking"
    },
    {
        "start_node": "Cavities",
        "relationship": "arise",
        "end_node": "Sheets"
    },
    {
        "start_node": "Solvent (e.g., DMF)",
        "relationship": "occupy",
        "end_node": "Cavities"
    },
    {
        "start_node": "Anions",
        "relationship": "participate",
        "end_node": "Cavity_interaction"
    },
    {
        "start_node": "Hydrogen Bonds",
        "relationship": "interaction_type",
        "end_node": "Anions-Sheets"
    },
    {
        "start_node": "Material Activation",
        "relationship": "enable",
        "end_node": "Evaluation"
    },
    {
        "start_node": "Gas Adsorption",
        "relationship": "application",
        "end_node": "Materials"
    },
    {
        "start_node": "Anion Exchange",
        "relationship": "application",
        "end_node": "Materials"
    },
    {
        "start_node": "Proton Capture",
        "relationship": "application",
        "end_node": "Materials"
    }
]