[
    {
        "start_node": "Coordination Polymer",
        "relationship": "synthesized_from",
        "end_node": "TI Mn2Cl4 Cluster"
    },
    {
        "start_node": "Single Crystal X-ray Diffraction",
        "relationship": "characterized_by",
        "end_node": "Coordination Polymer"
    },
    {
        "start_node": "L1",
        "relationship": "ligand_in",
        "end_node": "Coordination Polymer"
    },
    {
        "start_node": "Mn2Cl4 Dimer Cluster",
        "relationship": "component_of",
        "end_node": "Coordination Polymer"
    },
    {
        "start_node": "3D Framework",
        "relationship": "composed_of",
        "end_node": "2D Layer Structure"
    },
    {
        "start_node": "Mn2-Organic Cycles",
        "relationship": "linked_by",
        "end_node": "Mn2Cl4"
    },
    {
        "start_node": "Weak Interactions",
        "relationship": "forms_through",
        "end_node": "2D Nets"
    },
    {
        "start_node": "Room Temperature",
        "relationship": "assembly_reaction_condition",
        "end_node": "1"
    },
    {
        "start_node": "90°C",
        "relationship": "assembly_reaction_condition",
        "end_node": "1'"
    },
    {
        "start_node": "Open Solvothermal Condition",
        "relationship": "product_obtained_from",
        "end_node": "1''"
    },
    {
        "start_node": "Photo-luminescence",
        "relationship": "application",
        "end_node": "Coordination Polymer"
    },
    {
        "start_node": "Dichromate Anion",
        "relationship": "sensed_by",
        "end_node": "Coordination Polymer"
    },
    {
        "start_node": "Cr2O72-",
        "relationship": "sensitive_to",
        "end_node": "Coordination Polymer"
    },
    {
        "start_node": "1",
        "relationship": "CCDC_number",
        "end_node": "1977023"
    },
    {
        "start_node": "1'",
        "relationship": "CCDC_number",
        "end_node": "1977024"
    }
]