[
    {
        "start_node": "HOF",
        "relationship": "construct",
        "end_node": "Structural versatility"
    },
    {
        "start_node": "Structural versatility",
        "relationship": "contains",
        "end_node": "1D linear chain"
    },
    {
        "start_node": "1D linear chain",
        "relationship": "is",
        "end_node": "[Cu(btb)(HCOO)(2)(H2O)(2)](n)"
    },
    {
        "start_node": "Structural versatility",
        "relationship": "contains",
        "end_node": "2D (4, 4) network"
    },
    {
        "start_node": "2D (4, 4) network",
        "relationship": "is",
        "end_node": "[Cu(btb)(2)Cl-2](n)"
    },
    {
        "start_node": "Structural versatility",
        "relationship": "contains",
        "end_node": "3D cubic network"
    },
    {
        "start_node": "3D cubic network",
        "relationship": "is",
        "end_node": "[Cu(btb)(NCS)(2)](n)"
    },
    {
        "start_node": "Structural versatility",
        "relationship": "contains",
        "end_node": "threefold interpenetrating 3D diamondoid network"
    },
    {
        "start_node": "threefold interpenetrating 3D diamondoid network",
        "relationship": "is",
        "end_node": "[Cu(btb)(2)(H2O)(2)](ClO4)(2) and [Cu(btb)(2)(H2O)(2)](NO3)(2)"
    },
    {
        "start_node": "Structural versatility",
        "relationship": "contains",
        "end_node": "3D hydrogen bonding network"
    },
    {
        "start_node": "3D hydrogen bonding network",
        "relationship": "is",
        "end_node": "1 (additional)"
    },
    {
        "start_node": "Structural versatility",
        "relationship": "contains",
        "end_node": "4-connected 6(5).8-CdS 3D coordination network"
    },
    {
        "start_node": "4-connected 6(5).8-CdS 3D coordination network",
        "relationship": "is",
        "end_node": "[Cu(btb)(1,2-bdc)](n)"
    },
    {
        "start_node": "Structural versatility",
        "relationship": "contains",
        "end_node": "(3,4,5)-connected pillared-layer 3D porous network"
    },
    {
        "start_node": "(3,4,5)-connected pillared-layer 3D porous network",
        "relationship": "is",
        "end_node": "[Cu-2(btb)(btec)(H2O)(3)]0.5H(2)O center dot CH3OH](n)"
    },
    {
        "start_node": "Structural versatility",
        "relationship": "investigates",
        "end_node": "thermal stability"
    },
    {
        "start_node": "3",
        "relationship": "property",
        "end_node": "paramagnet"
    },
    {
        "start_node": "6",
        "relationship": "property",
        "end_node": "paramagnet"
    },
    {
        "start_node": "7",
        "relationship": "property",
        "end_node": "antiferromagnet"
    }
]