[
    {
        "start_node": "Coordination Polymer",
        "relationship": "synthesized_as",
        "end_node": "3"
    },
    {
        "start_node": "Zn(HL)",
        "relationship": "contains",
        "end_node": "1"
    },
    {
        "start_node": "Co(HL)(bimb)",
        "relationship": "contains",
        "end_node": "2"
    },
    {
        "start_node": "Cd(HL)(bimb)",
        "relationship": "contains",
        "end_node": "3"
    },
    {
        "start_node": "Crystal Structure",
        "relationship": "determined_by",
        "end_node": "X-ray Diffraction"
    },
    {
        "start_node": "Elemental Analysis",
        "relationship": "performed",
        "end_node": "Structures"
    },
    {
        "start_node": "IR Spectra",
        "relationship": "used_for",
        "end_node": "Characterization"
    },
    {
        "start_node": "PXRD",
        "relationship": "used_for",
        "end_node": "Characterization"
    },
    {
        "start_node": "TG Analysis",
        "relationship": "used_for",
        "end_node": "Characterization"
    },
    {
        "start_node": "Complex 1",
        "relationship": "has_property",
        "end_node": "3D 3,5-connected {4.6(2)}(2){4(2).6(9).8(4)} net"
    },
    {
        "start_node": "Complex 2",
        "relationship": "has_structure",
        "end_node": "1D polymer chain"
    },
    {
        "start_node": "Complex 3",
        "relationship": "has_structure",
        "end_node": "1D polymer chain"
    },
    {
        "start_node": "Complex 1",
        "relationship": "acts_as",
        "end_node": "luminescence sensor"
    },
    {
        "start_node": "Acetone",
        "relationship": "sensed_by",
        "end_node": "Complex 1"
    },
    {
        "start_node": "Nitrobenzene Derivatives",
        "relationship": "sensed_by",
        "end_node": "Complex 1"
    },
    {
        "start_node": "Fe<sup>3+</sup> Ion",
        "relationship": "sensed_by",
        "end_node": "Complex 1"
    }
]