[
    {
        "start_node": "HOF",
        "relationship": "contain",
        "end_node": "Removal of organic phosphonate HEDP"
    },
    {
        "start_node": "HOF",
        "relationship": "contain",
        "end_node": "Eu-MOF"
    },
    {
        "start_node": "Eu-MOF",
        "relationship": "adsorption capacity",
        "end_node": "37.31 mg-P/g"
    },
    {
        "start_node": "Eu-MOF",
        "relationship": "material",
        "end_node": "composite membrane"
    },
    {
        "start_node": "composite membrane",
        "relationship": "property",
        "end_node": "high selectivity"
    },
    {
        "start_node": "composite membrane",
        "relationship": "property",
        "end_node": "high flux"
    },
    {
        "start_node": "composite membrane",
        "relationship": "rejection rate",
        "end_node": "100%"
    },
    {
        "start_node": "HEDP",
        "relationship": "rejected_by",
        "end_node": "composite membrane"
    },
    {
        "start_node": "Eu-MOF/GO",
        "relationship": "component",
        "end_node": "GO"
    },
    {
        "start_node": "pH range",
        "relationship": "applies_to",
        "end_node": "5-8"
    },
    {
        "start_node": "permeation flux",
        "relationship": "improved_by",
        "end_node": "increase in interlayer spacing"
    },
    {
        "start_node": "Eu-MOF",
        "relationship": "pore size",
        "end_node": "3.371 nm"
    },
    {
        "start_node": "separation mechanism",
        "relationship": "includes",
        "end_node": "ligand exchange"
    },
    {
        "start_node": "separation mechanism",
        "relationship": "includes",
        "end_node": "hydrogen bonding"
    },
    {
        "start_node": "HOF",
        "relationship": "strategy",
        "end_node": "composite membranes with adsorption function"
    }
]