[
    {
        "start_node": "HOF",
        "relationship": "synthesized_by",
        "end_node": "1D MOF"
    },
    {
        "start_node": "1D MOF",
        "relationship": "transformed_to",
        "end_node": "2D MOF"
    },
    {
        "start_node": "1D MOF",
        "relationship": "synthesis_conditions",
        "end_node": "high temperature, acidic"
    },
    {
        "start_node": "1D MOF",
        "relationship": "synthesis_ligand",
        "end_node": "1,3,5-tri(1H-benzo[d]imidazol-1-yl)benzene (TBIB)"
    },
    {
        "start_node": "2D MOF",
        "relationship": "formed_from",
        "end_node": "single crystal of 1D MOF"
    },
    {
        "start_node": "2D MOF",
        "relationship": "phase_transition",
        "end_node": "water-assisted"
    },
    {
        "start_node": "2D MOF",
        "relationship": "structural_feature",
        "end_node": "2D framework"
    },
    {
        "start_node": "1D MOF",
        "relationship": "structural_feature",
        "end_node": "1D framework"
    },
    {
        "start_node": "2D MOF",
        "relationship": "hydrogen_bonds",
        "end_node": "chloride ions, lattice water"
    },
    {
        "start_node": "2D MOF",
        "relationship": "proton_conductivity",
        "end_node": "1.1 x 10^(-4) S cm^(-1)"
    },
    {
        "start_node": "1D MOF",
        "relationship": "proton_conductivity",
        "end_node": "1.2 x 10^(-5) S cm^(-1)"
    },
    {
        "start_node": "2D MOF",
        "relationship": "enhanced_property",
        "end_node": "three-dimensional proton conduction"
    }
]