[
    {
        "start_node": "HOF",
        "relationship": "contain",
        "end_node": "Cationic Coordinatively-Bonded (4,4) Square-Grid Nets"
    },
    {
        "start_node": "Cationic Coordinatively-Bonded Nets",
        "relationship": "contain",
        "end_node": "Cu(II) Coordination Polymers"
    },
    {
        "start_node": "Cu(II) Coordination Polymers",
        "relationship": "consist_of",
        "end_node": "parallel grids"
    },
    {
        "start_node": "parallel grids",
        "relationship": "threaded_by",
        "end_node": "pi-pi bonded supramolecular chains"
    },
    {
        "start_node": "pi-pi bonded chains",
        "relationship": "composed_of",
        "end_node": "[Cu(II)(2-pySO3)(3)](-)"
    },
    {
        "start_node": "HOF",
        "relationship": "contain",
        "end_node": "Hydrogen-Bonded Chains"
    },
    {
        "start_node": "Hydrogen-Bonded Chains",
        "relationship": "formed_by",
        "end_node": "[Cu(II)(2-pySO3)(3)](-)"
    },
    {
        "start_node": "Cationic Nets",
        "relationship": "transform_to",
        "end_node": "dehydrated form"
    },
    {
        "start_node": "dehydrated form",
        "relationship": "characterized_by",
        "end_node": "Cu-H2O bond elongation"
    },
    {
        "start_node": "dehydrated form",
        "relationship": "characterized_by",
        "end_node": "Cu-NO3 bond shortening"
    },
    {
        "start_node": "dehydrated form",
        "relationship": "reversible",
        "end_node": "upon rehydration"
    },
    {
        "start_node": "rehydrated form",
        "relationship": "restores",
        "end_node": "original bond distances"
    },
    {
        "start_node": "HOF",
        "relationship": "contain",
        "end_node": "Jahn-Teller Distortion"
    },
    {
        "start_node": "Jahn-Teller Distortion",
        "relationship": "linked_to",
        "end_node": "shuttle action of H-bonded water and nitrate"
    }
]