[
    {
        "start_node": "HOF",
        "relationship": "contains",
        "end_node": "1D Coordination Polymer"
    },
    {
        "start_node": "HOF",
        "relationship": "contains",
        "end_node": "Tetraaza Macrocyclic Nickel(II) Complex"
    },
    {
        "start_node": "Tetraaza Macrocyclic Nickel(II) Complex",
        "relationship": "formed_by",
        "end_node": "3,14-dimethyl-2,6,13,17-tetraazatricyclo[14,4,0(1.18),0(7.12)]docosane"
    },
    {
        "start_node": "HOF",
        "relationship": "contains",
        "end_node": "1,2,3,4-cyclobutanetetracarboxylic Acid"
    },
    {
        "start_node": "1,2,3,4-cyclobutanetetracarboxylic Acid",
        "relationship": "forms",
        "end_node": "H(2)cbtc(2-) ligand"
    },
    {
        "start_node": "HOF",
        "relationship": "results_in",
        "end_node": "[Ni(L)(H(2)cbtc)(2) center dot 3H(2)O] (n) (1)"
    },
    {
        "start_node": "Nickel(II) ion",
        "relationship": "has_coordination",
        "end_node": "distorted octahedral"
    },
    {
        "start_node": "Nickel(II) ion",
        "relationship": "ligands",
        "end_node": "secondary amines, carboxylate anions"
    },
    {
        "start_node": "Compound",
        "relationship": "crystallizes_as",
        "end_node": "triclinic system P-1"
    },
    {
        "start_node": "Compound",
        "relationship": "has_crystal_data",
        "end_node": "a = 9.715(3), b = 12.891(5), c = 13.903(6), alpha = 72.64(2)A degrees, beta A = 75.70(3)A degrees, gamma A = 73.27(3)A degrees, V = 1566.6(10) (3), Z = 2"
    },
    {
        "start_node": "Electronic Spectrum",
        "relationship": "indicates",
        "end_node": "high-spin octahedral environment"
    },
    {
        "start_node": "Magnetic Behavior",
        "relationship": "reveals",
        "end_node": "weak intramolecular antiferromagnetic interaction, J = -1.23(1) cm(-1)"
    }
]