[
    {
        "start_node": "H/D Isotope Effects",
        "relationship": "discuss",
        "end_node": "geometric H/D isotope effects (GIE)"
    },
    {
        "start_node": "GIE",
        "relationship": "impact",
        "end_node": "hydrogen bond geometries"
    },
    {
        "start_node": "hydrogen bonds",
        "relationship": "found in",
        "end_node": "organic salts"
    },
    {
        "start_node": "salts",
        "relationship": "based on",
        "end_node": "2,3,5,6-tetrafluoroterephthalic acid monoanions"
    },
    {
        "start_node": "deuteration",
        "relationship": "results in",
        "end_node": "elongation of O center dot center dot center dot O distances (0.024 angstroms)"
    },
    {
        "start_node": "O center dot center dot center dot O distances",
        "relationship": "change in",
        "end_node": "short bond lengths"
    },
    {
        "start_node": "room temperature",
        "relationship": "exhibits",
        "end_node": "isotopic polymorphism"
    },
    {
        "start_node": "isotopic polymorphism",
        "relationship": "temperature-dependent",
        "end_node": "dynamic behavior of cations"
    },
    {
        "start_node": "dielectric response temperature",
        "relationship": "shifts",
        "end_node": "due to deuteration"
    },
    {
        "start_node": "temperature dependence",
        "relationship": "narrowed range for",
        "end_node": "isotopic polymorphism in deuterated compounds"
    },
    {
        "start_node": "H/D isotopic polymorphism",
        "relationship": "implications for",
        "end_node": "comprehensive understanding"
    },
    {
        "start_node": "common sense",
        "relationship": "refreshing",
        "end_node": "isotopic polymorphism in polymorphism"
    }
]