[
    {
        "start_node": "Design",
        "relationship": "result",
        "end_node": "synthesis"
    },
    {
        "start_node": "synthesis",
        "relationship": "yielded",
        "end_node": "{[(bcbpy)(2)]center dot 10H(2)O} n (1)"
    },
    {
        "start_node": "synthesis",
        "relationship": "yielded",
        "end_node": "{[(H(2)bcbpy)(H(2)btec)(NaOH)(H2O)]center dot H2O}(n) (2)"
    },
    {
        "start_node": "synthesis",
        "relationship": "yielded",
        "end_node": "{Cd (bcbpy)(0.5)(btec)(0.5)(H2O)} n (3)"
    },
    {
        "start_node": "compounds",
        "relationship": "property",
        "end_node": "photochromic"
    },
    {
        "start_node": "compound_1",
        "relationship": "response",
        "end_node": "yellow_to_dark_green"
    },
    {
        "start_node": "compound_2",
        "relationship": "response",
        "end_node": "light_yellow_to_blue"
    },
    {
        "start_node": "compound_3",
        "relationship": "response",
        "end_node": "light_gray_to_blue"
    },
    {
        "start_node": "differences",
        "relationship": "caused_by",
        "end_node": [
            "D-A distance",
            "pi-pi interaction",
            "intermolecular hydrogen bond",
            "metal ions"
        ]
    },
    {
        "start_node": "rate_comparison",
        "relationship": "ordering",
        "end_node": "1 > 2 > 3"
    },
    {
        "start_node": "ammonia_response",
        "relationship": "sensing",
        "end_node": "all_three_compounds"
    },
    {
        "start_node": "compound_1",
        "relationship": "fluorescence_quenching",
        "end_node": "Cr2O72- anion"
    }
]